t,i,v_spm,v_ecm,soc
0.0,0.0000,4.11523,4.11523,0.95000
1.0,0.0000,4.11523,4.11523,0.95000
2.0,0.0000,4.11523,4.11523,0.95000
3.0,0.0000,4.11523,4.11523,0.95000
4.0,0.0000,4.11523,4.11523,0.95000
5.0,0.0000,4.11523,4.11523,0.95000
6.0,0.0000,4.11523,4.11523,0.95000
7.0,0.0000,4.11523,4.11523,0.95000
8.0,0.0000,4.11523,4.11523,0.95000
9.0,0.0000,4.11523,4.11523,0.95000
10.0,0.0000,4.11523,4.11523,0.95000
11.0,0.0000,4.11523,4.11523,0.95000
12.0,0.0000,4.11523,4.11523,0.95000
13.0,0.0000,4.11523,4.11523,0.95000
14.0,0.0000,4.11523,4.11523,0.95000
15.0,0.0000,4.11523,4.11523,0.95000
16.0,0.0000,4.11523,4.11523,0.95000
17.0,0.0000,4.11523,4.11523,0.95000
18.0,0.0000,4.11523,4.11523,0.95000
19.0,0.0000,4.11523,4.11523,0.95000
20.0,0.0000,4.11523,4.11523,0.95000
21.0,0.0000,4.11523,4.11523,0.95000
22.0,0.0000,4.11523,4.11523,0.95000
23.0,0.0000,4.11523,4.11523,0.95000
24.0,0.0000,4.11523,4.11523,0.95000
25.0,0.0000,4.11523,4.11523,0.95000
26.0,0.0000,4.11523,4.11523,0.95000
27.0,0.0000,4.11523,4.11523,0.95000
28.0,0.0000,4.11523,4.11523,0.95000
29.0,0.0000,4.11523,4.11523,0.95000
30.0,0.0000,4.11523,4.11523,0.95000
31.0,0.0000,4.11523,4.11523,0.95000
32.0,0.0000,4.11523,4.11523,0.95000
33.0,0.0000,4.11523,4.11523,0.95000
34.0,0.0000,4.11523,4.11523,0.95000
35.0,0.0000,4.11523,4.11523,0.95000
36.0,0.0000,4.11523,4.11523,0.95000
37.0,0.0000,4.11523,4.11523,0.95000
38.0,0.0000,4.11523,4.11523,0.95000
39.0,0.0000,4.11523,4.11523,0.95000
40.0,0.0000,4.11523,4.11523,0.95000
41.0,0.0000,4.11523,4.11523,0.95000
42.0,0.0000,4.11523,4.11523,0.95000
43.0,0.0000,4.11523,4.11523,0.95000
44.0,0.0000,4.11523,4.11523,0.95000
45.0,0.0000,4.11523,4.11523,0.95000
46.0,0.0000,4.11523,4.11523,0.95000
47.0,0.0000,4.11523,4.11523,0.95000
48.0,0.0000,4.11523,4.11523,0.95000
49.0,0.0000,4.11523,4.11523,0.95000
50.0,0.0000,4.11523,4.11523,0.95000
51.0,0.0000,4.11523,4.11523,0.95000
52.0,0.0000,4.11523,4.11523,0.95000
53.0,0.0000,4.11523,4.11523,0.95000
54.0,0.0000,4.11523,4.11523,0.95000
55.0,0.0000,4.11523,4.11523,0.95000
56.0,0.0000,4.11523,4.11523,0.95000
57.0,0.0000,4.11523,4.11523,0.95000
58.0,0.0000,4.11523,4.11523,0.95000
59.0,0.0000,4.11523,4.11523,0.95000
60.0,10.0000,4.00807,4.02002,0.95000
61.0,10.0000,4.00619,4.01821,0.94944
62.0,10.0000,4.00474,4.01648,0.94889
63.0,10.0000,4.00360,4.01484,0.94833
64.0,10.0000,4.00266,4.01329,0.94778
65.0,10.0000,4.00187,4.01180,0.94722
66.0,10.0000,4.00120,4.01040,0.94667
67.0,10.0000,4.00062,4.00905,0.94611
68.0,10.0000,4.00011,4.00778,0.94556
69.0,10.0000,3.99966,4.00656,0.94500
70.0,0.0000,4.10236,4.10061,0.94444
71.0,0.0000,4.10317,4.10125,0.94444
72.0,0.0000,4.10382,4.10185,0.94444
73.0,0.0000,4.10435,4.10242,0.94444
74.0,0.0000,4.10479,4.10294,0.94444
75.0,0.0000,4.10517,4.10344,0.94444
76.0,0.0000,4.10549,4.10390,0.94444
77.0,0.0000,4.10578,4.10433,0.94444
78.0,0.0000,4.10604,4.10474,0.94444
79.0,0.0000,4.10627,4.10512,0.94444
80.0,0.0000,4.10647,4.10547,0.94444
81.0,0.0000,4.10666,4.10581,0.94444
82.0,0.0000,4.10684,4.10612,0.94444
83.0,0.0000,4.10699,4.10641,0.94444
84.0,0.0000,4.10714,4.10668,0.94444
85.0,0.0000,4.10728,4.10694,0.94444
86.0,0.0000,4.10741,4.10718,0.94444
87.0,0.0000,4.10752,4.10740,0.94444
88.0,0.0000,4.10764,4.10761,0.94444
89.0,0.0000,4.10774,4.10781,0.94444
90.0,0.0000,4.10784,4.10799,0.94444
91.0,0.0000,4.10793,4.10816,0.94444
92.0,0.0000,4.10802,4.10832,0.94444
93.0,0.0000,4.10811,4.10847,0.94444
94.0,0.0000,4.10818,4.10862,0.94444
95.0,0.0000,4.10826,4.10875,0.94444
96.0,0.0000,4.10833,4.10887,0.94444
97.0,0.0000,4.10840,4.10899,0.94444
98.0,0.0000,4.10847,4.10910,0.94444
99.0,0.0000,4.10853,4.10920,0.94444
100.0,0.0000,4.10859,4.10929,0.94444
101.0,0.0000,4.10865,4.10938,0.94444
102.0,0.0000,4.10871,4.10947,0.94444
103.0,0.0000,4.10876,4.10954,0.94444
104.0,0.0000,4.10881,4.10962,0.94444
105.0,0.0000,4.10886,4.10969,0.94444
106.0,0.0000,4.10891,4.10975,0.94444
107.0,0.0000,4.10895,4.10981,0.94444
108.0,0.0000,4.10900,4.10987,0.94444
109.0,0.0000,4.10904,4.10992,0.94444
110.0,-5.0000,4.16453,4.15757,0.94444
111.0,-5.0000,4.16591,4.15850,0.94472
112.0,-5.0000,4.16711,4.15938,0.94500
113.0,-5.0000,4.16821,4.16022,0.94528
114.0,-5.0000,4.16923,4.16102,0.94556
115.0,-5.0000,4.17019,4.16178,0.94583
116.0,-5.0000,4.17110,4.16251,0.94611
117.0,-5.0000,4.17198,4.16321,0.94639
118.0,-5.0000,4.17283,4.16389,0.94667
119.0,-5.0000,4.17366,4.16453,0.94694
120.0,0.0000,4.11768,4.11754,0.94722
121.0,0.0000,4.11687,4.11725,0.94722
122.0,0.0000,4.11628,4.11697,0.94722
123.0,0.0000,4.11584,4.11671,0.94722
124.0,0.0000,4.11549,4.11646,0.94722
125.0,0.0000,4.11521,4.11624,0.94722
126.0,0.0000,4.11498,4.11602,0.94722
127.0,0.0000,4.11479,4.11582,0.94722
128.0,0.0000,4.11463,4.11564,0.94722
129.0,0.0000,4.11449,4.11546,0.94722
130.0,0.0000,4.11436,4.11530,0.94722
131.0,0.0000,4.11426,4.11514,0.94722
132.0,0.0000,4.11416,4.11500,0.94722
133.0,0.0000,4.11408,4.11486,0.94722
134.0,0.0000,4.11400,4.11474,0.94722
135.0,0.0000,4.11393,4.11462,0.94722
136.0,0.0000,4.11387,4.11451,0.94722
137.0,0.0000,4.11381,4.11441,0.94722
138.0,0.0000,4.11376,4.11431,0.94722
139.0,0.0000,4.11372,4.11422,0.94722
140.0,0.0000,4.11367,4.11414,0.94722
141.0,0.0000,4.11363,4.11406,0.94722
142.0,0.0000,4.11360,4.11398,0.94722
143.0,0.0000,4.11357,4.11391,0.94722
144.0,0.0000,4.11353,4.11385,0.94722
145.0,0.0000,4.11351,4.11379,0.94722
146.0,0.0000,4.11348,4.11373,0.94722
147.0,0.0000,4.11345,4.11368,0.94722
148.0,0.0000,4.11343,4.11363,0.94722
149.0,0.0000,4.11341,4.11358,0.94722
150.0,0.0000,4.11339,4.11354,0.94722
151.0,0.0000,4.11337,4.11350,0.94722
152.0,0.0000,4.11335,4.11346,0.94722
153.0,0.0000,4.11334,4.11343,0.94722
154.0,0.0000,4.11332,4.11339,0.94722
155.0,0.0000,4.11331,4.11336,0.94722
156.0,0.0000,4.11330,4.11333,0.94722
157.0,0.0000,4.11328,4.11330,0.94722
158.0,0.0000,4.11327,4.11328,0.94722
159.0,0.0000,4.11326,4.11326,0.94722
160.0,20.0000,3.91906,3.92281,0.94722
161.0,20.0000,3.91687,3.91923,0.94611
162.0,20.0000,3.91538,3.91585,0.94500
163.0,20.0000,3.91434,3.91265,0.94389
164.0,20.0000,3.91355,3.90963,0.94278
165.0,0.0000,4.09984,4.09719,0.94167
166.0,0.0000,4.10082,4.09792,0.94167
167.0,0.0000,4.10160,4.09861,0.94167
168.0,0.0000,4.10223,4.09925,0.94167
169.0,0.0000,4.10275,4.09986,0.94167
170.0,0.0000,4.10319,4.10042,0.94167
171.0,0.0000,4.10357,4.10095,0.94167
172.0,0.0000,4.10389,4.10144,0.94167
173.0,0.0000,4.10418,4.10190,0.94167
174.0,0.0000,4.10443,4.10234,0.94167
175.0,0.0000,4.10466,4.10274,0.94167
176.0,0.0000,4.10486,4.10312,0.94167
177.0,0.0000,4.10505,4.10348,0.94167
178.0,0.0000,4.10522,4.10381,0.94167
179.0,0.0000,4.10537,4.10412,0.94167
180.0,0.0000,4.10552,4.10441,0.94167
181.0,0.0000,4.10565,4.10468,0.94167
182.0,0.0000,4.10577,4.10494,0.94167
183.0,0.0000,4.10589,4.10518,0.94167
184.0,0.0000,4.10599,4.10540,0.94167
185.0,0.0000,4.10609,4.10561,0.94167
186.0,0.0000,4.10619,4.10581,0.94167
187.0,0.0000,4.10628,4.10599,0.94167
188.0,0.0000,4.10636,4.10617,0.94167
189.0,0.0000,4.10644,4.10633,0.94167
190.0,0.0000,4.10652,4.10648,0.94167
191.0,0.0000,4.10659,4.10662,0.94167
192.0,0.0000,4.10666,4.10675,0.94167
193.0,0.0000,4.10672,4.10688,0.94167
194.0,0.0000,4.10679,4.10699,0.94167
195.0,0.0000,4.10685,4.10710,0.94167
196.0,0.0000,4.10690,4.10720,0.94167
197.0,0.0000,4.10696,4.10730,0.94167
198.0,0.0000,4.10701,4.10739,0.94167
199.0,0.0000,4.10706,4.10747,0.94167
200.0,0.0000,4.10711,4.10755,0.94167
201.0,0.0000,4.10716,4.10762,0.94167
202.0,0.0000,4.10720,4.10769,0.94167
203.0,0.0000,4.10725,4.10776,0.94167
204.0,0.0000,4.10729,4.10782,0.94167
205.0,5.0000,4.05264,4.06027,0.94167
206.0,5.0000,4.05191,4.05946,0.94139
207.0,5.0000,4.05131,4.05869,0.94111
208.0,5.0000,4.05082,4.05797,0.94083
209.0,5.0000,4.05040,4.05727,0.94056
210.0,5.0000,4.05003,4.05661,0.94028
211.0,5.0000,4.04970,4.05598,0.94000
212.0,5.0000,4.04940,4.05539,0.93972
213.0,5.0000,4.04914,4.05482,0.93944
214.0,5.0000,4.04889,4.05427,0.93917
215.0,5.0000,4.04866,4.05375,0.93889
216.0,5.0000,4.04844,4.05326,0.93861
217.0,5.0000,4.04824,4.05278,0.93833
218.0,5.0000,4.04805,4.05233,0.93806
219.0,5.0000,4.04788,4.05189,0.93778
220.0,5.0000,4.04771,4.05147,0.93750
221.0,5.0000,4.04755,4.05107,0.93722
222.0,5.0000,4.04739,4.05069,0.93694
223.0,5.0000,4.04725,4.05032,0.93667
224.0,5.0000,4.04711,4.04997,0.93639
225.0,5.0000,4.04697,4.04962,0.93611
226.0,5.0000,4.04684,4.04929,0.93583
227.0,5.0000,4.04672,4.04898,0.93556
228.0,5.0000,4.04660,4.04867,0.93528
229.0,5.0000,4.04648,4.04838,0.93500
230.0,5.0000,4.04637,4.04809,0.93472
231.0,5.0000,4.04627,4.04781,0.93444
232.0,5.0000,4.04616,4.04755,0.93417
233.0,5.0000,4.04606,4.04729,0.93389
234.0,5.0000,4.04596,4.04704,0.93361
235.0,5.0000,4.04587,4.04679,0.93333
236.0,5.0000,4.04577,4.04656,0.93306
237.0,5.0000,4.04568,4.04633,0.93278
238.0,5.0000,4.04559,4.04610,0.93250
239.0,5.0000,4.04551,4.04589,0.93222
240.0,5.0000,4.04542,4.04567,0.93194
241.0,5.0000,4.04534,4.04547,0.93167
242.0,5.0000,4.04526,4.04527,0.93139
243.0,5.0000,4.04518,4.04507,0.93111
244.0,5.0000,4.04510,4.04488,0.93083
245.0,5.0000,4.04503,4.04469,0.93056
246.0,5.0000,4.04495,4.04451,0.93028
247.0,5.0000,4.04488,4.04433,0.93000
248.0,5.0000,4.04481,4.04416,0.92972
249.0,5.0000,4.04473,4.04398,0.92944
250.0,5.0000,4.04466,4.04382,0.92917
251.0,5.0000,4.04460,4.04365,0.92889
252.0,5.0000,4.04453,4.04349,0.92861
253.0,5.0000,4.04446,4.04333,0.92833
254.0,5.0000,4.04439,4.04318,0.92806
255.0,5.0000,4.04433,4.04302,0.92778
256.0,5.0000,4.04426,4.04287,0.92750
257.0,5.0000,4.04420,4.04273,0.92722
258.0,5.0000,4.04414,4.04258,0.92694
259.0,5.0000,4.04407,4.04244,0.92667
260.0,5.0000,4.04401,4.04230,0.92639
261.0,5.0000,4.04395,4.04216,0.92611
262.0,5.0000,4.04389,4.04202,0.92583
263.0,5.0000,4.04382,4.04189,0.92556
264.0,5.0000,4.04376,4.04176,0.92528
265.0,5.0000,4.04370,4.04163,0.92500
266.0,5.0000,4.04364,4.04150,0.92472
267.0,5.0000,4.04358,4.04137,0.92444
268.0,5.0000,4.04352,4.04125,0.92417
269.0,5.0000,4.04346,4.04112,0.92389
270.0,5.0000,4.04340,4.04100,0.92361
271.0,5.0000,4.04334,4.04088,0.92333
272.0,5.0000,4.04328,4.04076,0.92306
273.0,5.0000,4.04323,4.04065,0.92278
274.0,5.0000,4.04317,4.04053,0.92250
275.0,5.0000,4.04311,4.04042,0.92222
276.0,5.0000,4.04305,4.04030,0.92194
277.0,5.0000,4.04299,4.04019,0.92167
278.0,5.0000,4.04293,4.04008,0.92139
279.0,5.0000,4.04287,4.03997,0.92111
280.0,5.0000,4.04281,4.03986,0.92083
281.0,5.0000,4.04275,4.03976,0.92056
282.0,5.0000,4.04269,4.03965,0.92028
283.0,5.0000,4.04263,4.03955,0.92000
284.0,5.0000,4.04257,4.03944,0.91972
285.0,5.0000,4.04251,4.03934,0.91944
286.0,5.0000,4.04245,4.03924,0.91917
287.0,5.0000,4.04239,4.03914,0.91889
288.0,5.0000,4.04233,4.03904,0.91861
289.0,5.0000,4.04227,4.03894,0.91833
290.0,5.0000,4.04221,4.03884,0.91806
291.0,5.0000,4.04214,4.03875,0.91778
292.0,5.0000,4.04208,4.03865,0.91750
293.0,5.0000,4.04202,4.03855,0.91722
294.0,5.0000,4.04196,4.03846,0.91694
295.0,5.0000,4.04189,4.03837,0.91667
296.0,5.0000,4.04183,4.03827,0.91639
297.0,5.0000,4.04176,4.03818,0.91611
298.0,5.0000,4.04170,4.03809,0.91583
299.0,5.0000,4.04163,4.03800,0.91556
300.0,5.0000,4.04157,4.03791,0.91528
301.0,5.0000,4.04150,4.03782,0.91500
302.0,5.0000,4.04144,4.03773,0.91472
303.0,5.0000,4.04137,4.03765,0.91444
304.0,5.0000,4.04130,4.03756,0.91417
305.0,5.0000,4.04123,4.03747,0.91389
306.0,5.0000,4.04117,4.03739,0.91361
307.0,5.0000,4.04110,4.03730,0.91333
308.0,5.0000,4.04103,4.03722,0.91306
309.0,5.0000,4.04096,4.03713,0.91278
310.0,5.0000,4.04089,4.03705,0.91250
311.0,5.0000,4.04081,4.03697,0.91222
312.0,5.0000,4.04074,4.03688,0.91194
313.0,5.0000,4.04067,4.03680,0.91167
314.0,5.0000,4.04060,4.03672,0.91139
315.0,5.0000,4.04052,4.03664,0.91111
316.0,5.0000,4.04045,4.03656,0.91083
317.0,5.0000,4.04037,4.03648,0.91056
318.0,5.0000,4.04030,4.03640,0.91028
319.0,5.0000,4.04022,4.03632,0.91000
320.0,5.0000,4.04015,4.03624,0.90972
321.0,5.0000,4.04007,4.03617,0.90944
322.0,5.0000,4.03999,4.03609,0.90917
323.0,5.0000,4.03991,4.03601,0.90889
324.0,5.0000,4.03983,4.03593,0.90861
325.0,5.0000,4.03975,4.03586,0.90833
326.0,5.0000,4.03967,4.03578,0.90806
327.0,5.0000,4.03959,4.03571,0.90778
328.0,5.0000,4.03951,4.03563,0.90750
329.0,5.0000,4.03942,4.03556,0.90722
330.0,5.0000,4.03934,4.03548,0.90694
331.0,5.0000,4.03926,4.03541,0.90667
332.0,5.0000,4.03917,4.03533,0.90639
333.0,5.0000,4.03908,4.03526,0.90611
334.0,5.0000,4.03900,4.03518,0.90583
335.0,5.0000,4.03891,4.03511,0.90556
336.0,5.0000,4.03882,4.03504,0.90528
337.0,5.0000,4.03873,4.03496,0.90500
338.0,5.0000,4.03864,4.03489,0.90472
339.0,5.0000,4.03855,4.03482,0.90444
340.0,5.0000,4.03846,4.03475,0.90417
341.0,5.0000,4.03837,4.03467,0.90389
342.0,5.0000,4.03828,4.03460,0.90361
343.0,5.0000,4.03818,4.03453,0.90333
344.0,5.0000,4.03809,4.03446,0.90306
345.0,5.0000,4.03799,4.03439,0.90278
346.0,5.0000,4.03790,4.03431,0.90250
347.0,5.0000,4.03780,4.03424,0.90222
348.0,5.0000,4.03770,4.03417,0.90194
349.0,5.0000,4.03761,4.03410,0.90167
350.0,5.0000,4.03751,4.03403,0.90139
351.0,5.0000,4.03741,4.03396,0.90111
352.0,5.0000,4.03731,4.03389,0.90083
353.0,5.0000,4.03720,4.03381,0.90056
354.0,5.0000,4.03710,4.03374,0.90028
355.0,5.0000,4.03700,4.03367,0.90000
356.0,5.0000,4.03689,4.03360,0.89972
357.0,5.0000,4.03679,4.03353,0.89944
358.0,5.0000,4.03668,4.03346,0.89917
359.0,5.0000,4.03658,4.03339,0.89889
360.0,5.0000,4.03647,4.03332,0.89861
361.0,5.0000,4.03636,4.03324,0.89833
362.0,5.0000,4.03625,4.03317,0.89806
363.0,5.0000,4.03614,4.03310,0.89778
364.0,5.0000,4.03603,4.03303,0.89750
365.0,5.0000,4.03592,4.03296,0.89722
366.0,5.0000,4.03581,4.03289,0.89694
367.0,5.0000,4.03569,4.03281,0.89667
368.0,5.0000,4.03558,4.03274,0.89639
369.0,5.0000,4.03547,4.03267,0.89611
370.0,5.0000,4.03535,4.03260,0.89583
371.0,5.0000,4.03523,4.03253,0.89556
372.0,5.0000,4.03512,4.03245,0.89528
373.0,5.0000,4.03500,4.03238,0.89500
374.0,5.0000,4.03488,4.03231,0.89472
375.0,5.0000,4.03476,4.03223,0.89444
376.0,5.0000,4.03464,4.03216,0.89417
377.0,5.0000,4.03451,4.03209,0.89389
378.0,5.0000,4.03439,4.03201,0.89361
379.0,5.0000,4.03427,4.03194,0.89333
380.0,5.0000,4.03414,4.03187,0.89306
381.0,5.0000,4.03402,4.03179,0.89278
382.0,5.0000,4.03389,4.03172,0.89250
383.0,5.0000,4.03377,4.03164,0.89222
384.0,5.0000,4.03364,4.03157,0.89194
385.0,10.0000,3.98494,3.98389,0.89167
386.0,10.0000,3.98397,3.98306,0.89111
387.0,10.0000,3.98307,3.98228,0.89056
388.0,10.0000,3.98224,3.98154,0.89000
389.0,10.0000,3.98145,3.98083,0.88944
390.0,10.0000,3.98070,3.98015,0.88889
391.0,10.0000,3.97998,3.97951,0.88833
392.0,10.0000,3.97928,3.97889,0.88778
393.0,10.0000,3.97859,3.97831,0.88722
394.0,10.0000,3.97792,3.97774,0.88667
395.0,0.0000,4.07836,4.07241,0.88611
396.0,0.0000,4.07974,4.07341,0.88611
397.0,0.0000,4.08078,4.07434,0.88611
398.0,0.0000,4.08160,4.07521,0.88611
399.0,0.0000,4.08228,4.07602,0.88611
400.0,0.0000,4.08284,4.07679,0.88611
401.0,0.0000,4.08332,4.07750,0.88611
402.0,0.0000,4.08375,4.07818,0.88611
403.0,0.0000,4.08412,4.07880,0.88611
404.0,0.0000,4.08446,4.07939,0.88611
405.0,0.0000,4.08476,4.07994,0.88611
406.0,0.0000,4.08504,4.08046,0.88611
407.0,0.0000,4.08530,4.08094,0.88611
408.0,0.0000,4.08553,4.08140,0.88611
409.0,0.0000,4.08575,4.08182,0.88611
410.0,0.0000,4.08595,4.08222,0.88611
411.0,0.0000,4.08614,4.08259,0.88611
412.0,0.0000,4.08632,4.08294,0.88611
413.0,0.0000,4.08649,4.08327,0.88611
414.0,0.0000,4.08665,4.08358,0.88611
415.0,0.0000,4.08680,4.08387,0.88611
416.0,0.0000,4.08694,4.08414,0.88611
417.0,0.0000,4.08707,4.08439,0.88611
418.0,0.0000,4.08720,4.08463,0.88611
419.0,0.0000,4.08733,4.08485,0.88611
420.0,0.0000,4.08744,4.08506,0.88611
421.0,0.0000,4.08756,4.08526,0.88611
422.0,0.0000,4.08766,4.08544,0.88611
423.0,0.0000,4.08777,4.08561,0.88611
424.0,0.0000,4.08786,4.08578,0.88611
425.0,0.0000,4.08796,4.08593,0.88611
426.0,0.0000,4.08805,4.08607,0.88611
427.0,0.0000,4.08814,4.08621,0.88611
428.0,0.0000,4.08822,4.08633,0.88611
429.0,0.0000,4.08830,4.08645,0.88611
430.0,0.0000,4.08838,4.08656,0.88611
431.0,0.0000,4.08846,4.08667,0.88611
432.0,0.0000,4.08853,4.08677,0.88611
433.0,0.0000,4.08861,4.08686,0.88611
434.0,0.0000,4.08867,4.08695,0.88611
435.0,-5.0000,4.14012,4.13463,0.88611
436.0,-5.0000,4.14074,4.13546,0.88639
437.0,-5.0000,4.14124,4.13625,0.88667
438.0,-5.0000,4.14166,4.13699,0.88694
439.0,-5.0000,4.14202,4.13769,0.88722
440.0,-5.0000,4.14235,4.13835,0.88750
441.0,-5.0000,4.14265,4.13897,0.88778
442.0,-5.0000,4.14292,4.13956,0.88806
443.0,-5.0000,4.14317,4.14011,0.88833
444.0,-5.0000,4.14341,4.14064,0.88861
445.0,0.0000,4.09239,4.09353,0.88889
446.0,0.0000,4.09218,4.09325,0.88889
447.0,0.0000,4.09203,4.09299,0.88889
448.0,0.0000,4.09193,4.09275,0.88889
449.0,0.0000,4.09184,4.09252,0.88889
450.0,0.0000,4.09178,4.09231,0.88889
451.0,0.0000,4.09173,4.09211,0.88889
452.0,0.0000,4.09169,4.09193,0.88889
453.0,0.0000,4.09166,4.09176,0.88889
454.0,0.0000,4.09164,4.09159,0.88889
455.0,0.0000,4.09162,4.09144,0.88889
456.0,0.0000,4.09161,4.09130,0.88889
457.0,0.0000,4.09160,4.09117,0.88889
458.0,0.0000,4.09159,4.09105,0.88889
459.0,0.0000,4.09159,4.09093,0.88889
460.0,0.0000,4.09159,4.09083,0.88889
461.0,0.0000,4.09159,4.09073,0.88889
462.0,0.0000,4.09159,4.09064,0.88889
463.0,0.0000,4.09159,4.09055,0.88889
464.0,0.0000,4.09160,4.09047,0.88889
465.0,0.0000,4.09160,4.09040,0.88889
466.0,0.0000,4.09161,4.09033,0.88889
467.0,0.0000,4.09162,4.09026,0.88889
468.0,0.0000,4.09162,4.09020,0.88889
469.0,0.0000,4.09163,4.09015,0.88889
470.0,0.0000,4.09164,4.09009,0.88889
471.0,0.0000,4.09165,4.09005,0.88889
472.0,0.0000,4.09166,4.09000,0.88889
473.0,0.0000,4.09167,4.08996,0.88889
474.0,0.0000,4.09168,4.08992,0.88889
475.0,0.0000,4.09169,4.08988,0.88889
476.0,0.0000,4.09170,4.08985,0.88889
477.0,0.0000,4.09171,4.08982,0.88889
478.0,0.0000,4.09172,4.08979,0.88889
479.0,0.0000,4.09173,4.08977,0.88889
480.0,0.0000,4.09174,4.08974,0.88889
481.0,0.0000,4.09175,4.08972,0.88889
482.0,0.0000,4.09176,4.08970,0.88889
483.0,0.0000,4.09177,4.08968,0.88889
484.0,0.0000,4.09178,4.08967,0.88889
485.0,20.0000,3.90751,3.89923,0.88889
486.0,20.0000,3.90493,3.89621,0.88778
487.0,20.0000,3.90227,3.89336,0.88667
488.0,20.0000,3.89964,3.89065,0.88556
489.0,20.0000,3.89705,3.88809,0.88444
490.0,0.0000,4.08191,4.07608,0.88333
491.0,0.0000,4.08345,4.07682,0.88333
492.0,0.0000,4.08451,4.07752,0.88333
493.0,0.0000,4.08527,4.07816,0.88333
494.0,0.0000,4.08585,4.07877,0.88333
495.0,0.0000,4.08631,4.07934,0.88333
496.0,0.0000,4.08667,4.07988,0.88333
497.0,0.0000,4.08698,4.08038,0.88333
498.0,0.0000,4.08724,4.08085,0.88333
499.0,0.0000,4.08746,4.08128,0.88333
500.0,0.0000,4.08766,4.08170,0.88333
501.0,0.0000,4.08783,4.08208,0.88333
502.0,0.0000,4.08799,4.08244,0.88333
503.0,0.0000,4.08813,4.08278,0.88333
504.0,0.0000,4.08825,4.08310,0.88333
505.0,0.0000,4.08837,4.08340,0.88333
506.0,0.0000,4.08847,4.08368,0.88333
507.0,0.0000,4.08857,4.08394,0.88333
508.0,0.0000,4.08866,4.08418,0.88333
509.0,0.0000,4.08875,4.08441,0.88333
510.0,0.0000,4.08882,4.08463,0.88333
511.0,0.0000,4.08890,4.08483,0.88333
512.0,0.0000,4.08897,4.08502,0.88333
513.0,0.0000,4.08903,4.08520,0.88333
514.0,0.0000,4.08910,4.08536,0.88333
515.0,0.0000,4.08915,4.08552,0.88333
516.0,0.0000,4.08921,4.08567,0.88333
517.0,0.0000,4.08926,4.08581,0.88333
518.0,0.0000,4.08931,4.08594,0.88333
519.0,0.0000,4.08936,4.08606,0.88333
520.0,0.0000,4.08941,4.08617,0.88333
521.0,0.0000,4.08945,4.08628,0.88333
522.0,0.0000,4.08950,4.08638,0.88333
523.0,0.0000,4.08954,4.08648,0.88333
524.0,0.0000,4.08958,4.08657,0.88333
525.0,0.0000,4.08961,4.08665,0.88333
526.0,0.0000,4.08965,4.08673,0.88333
527.0,0.0000,4.08969,4.08680,0.88333
528.0,0.0000,4.08972,4.08687,0.88333
529.0,0.0000,4.08975,4.08694,0.88333
530.0,5.0000,4.03852,4.03940,0.88333
531.0,5.0000,4.03798,4.03869,0.88306
532.0,5.0000,4.03750,4.03803,0.88278
533.0,5.0000,4.03707,4.03740,0.88250
534.0,5.0000,4.03667,4.03681,0.88222
535.0,5.0000,4.03630,4.03625,0.88194
536.0,5.0000,4.03595,4.03572,0.88167
537.0,5.0000,4.03562,4.03521,0.88139
538.0,5.0000,4.03530,4.03473,0.88111
539.0,5.0000,4.03499,4.03428,0.88083
540.0,5.0000,4.03469,4.03384,0.88056
541.0,5.0000,4.03440,4.03343,0.88028
542.0,5.0000,4.03411,4.03304,0.88000
543.0,5.0000,4.03383,4.03267,0.87972
544.0,5.0000,4.03356,4.03231,0.87944
545.0,5.0000,4.03329,4.03197,0.87917
546.0,5.0000,4.03302,4.03164,0.87889
547.0,5.0000,4.03276,4.03133,0.87861
548.0,5.0000,4.03249,4.03103,0.87833
549.0,5.0000,4.03224,4.03075,0.87806
550.0,5.0000,4.03198,4.03047,0.87778
551.0,5.0000,4.03172,4.03021,0.87750
552.0,5.0000,4.03147,4.02995,0.87722
553.0,5.0000,4.03122,4.02971,0.87694
554.0,5.0000,4.03097,4.02947,0.87667
555.0,5.0000,4.03072,4.02924,0.87639
556.0,5.0000,4.03048,4.02902,0.87611
557.0,5.0000,4.03023,4.02880,0.87583
558.0,5.0000,4.02999,4.02859,0.87556
559.0,5.0000,4.02974,4.02839,0.87528
560.0,5.0000,4.02950,4.02819,0.87500
561.0,5.0000,4.02926,4.02800,0.87472
562.0,5.0000,4.02902,4.02781,0.87444
563.0,5.0000,4.02877,4.02763,0.87417
564.0,5.0000,4.02853,4.02745,0.87389
565.0,5.0000,4.02829,4.02727,0.87361
566.0,5.0000,4.02805,4.02710,0.87333
567.0,5.0000,4.02782,4.02693,0.87306
568.0,5.0000,4.02758,4.02676,0.87278
569.0,5.0000,4.02734,4.02660,0.87250
570.0,5.0000,4.02710,4.02644,0.87222
571.0,5.0000,4.02686,4.02628,0.87194
572.0,5.0000,4.02662,4.02612,0.87167
573.0,5.0000,4.02639,4.02597,0.87139
574.0,5.0000,4.02615,4.02581,0.87111
575.0,5.0000,4.02591,4.02566,0.87083
576.0,5.0000,4.02567,4.02551,0.87056
577.0,5.0000,4.02544,4.02536,0.87028
578.0,5.0000,4.02520,4.02522,0.87000
579.0,5.0000,4.02496,4.02507,0.86972
580.0,5.0000,4.02472,4.02492,0.86944
581.0,5.0000,4.02449,4.02478,0.86917
582.0,5.0000,4.02425,4.02463,0.86889
583.0,5.0000,4.02401,4.02449,0.86861
584.0,5.0000,4.02377,4.02434,0.86833
585.0,5.0000,4.02353,4.02420,0.86806
586.0,5.0000,4.02330,4.02406,0.86778
587.0,5.0000,4.02306,4.02392,0.86750
588.0,5.0000,4.02282,4.02377,0.86722
589.0,5.0000,4.02258,4.02363,0.86694
590.0,5.0000,4.02234,4.02349,0.86667
591.0,5.0000,4.02210,4.02335,0.86639
592.0,5.0000,4.02187,4.02320,0.86611
593.0,5.0000,4.02163,4.02306,0.86583
594.0,5.0000,4.02139,4.02292,0.86556
595.0,5.0000,4.02115,4.02278,0.86528
596.0,5.0000,4.02091,4.02263,0.86500
597.0,5.0000,4.02067,4.02249,0.86472
598.0,5.0000,4.02043,4.02235,0.86444
599.0,5.0000,4.02019,4.02220,0.86417
600.0,5.0000,4.01995,4.02206,0.86389
601.0,5.0000,4.01971,4.02192,0.86361
602.0,5.0000,4.01947,4.02177,0.86333
603.0,5.0000,4.01923,4.02163,0.86306
604.0,5.0000,4.01899,4.02148,0.86278
605.0,5.0000,4.01874,4.02133,0.86250
606.0,5.0000,4.01850,4.02119,0.86222
607.0,5.0000,4.01826,4.02104,0.86194
608.0,5.0000,4.01802,4.02089,0.86167
609.0,5.0000,4.01778,4.02074,0.86139
610.0,5.0000,4.01753,4.02059,0.86111
611.0,5.0000,4.01729,4.02045,0.86083
612.0,5.0000,4.01705,4.02029,0.86056
613.0,5.0000,4.01681,4.02014,0.86028
614.0,5.0000,4.01656,4.01999,0.86000
615.0,5.0000,4.01632,4.01984,0.85972
616.0,5.0000,4.01607,4.01969,0.85944
617.0,5.0000,4.01583,4.01953,0.85917
618.0,5.0000,4.01559,4.01938,0.85889
619.0,5.0000,4.01534,4.01923,0.85861
620.0,5.0000,4.01510,4.01907,0.85833
621.0,5.0000,4.01485,4.01891,0.85806
622.0,5.0000,4.01460,4.01876,0.85778
623.0,5.0000,4.01436,4.01860,0.85750
624.0,5.0000,4.01411,4.01844,0.85722
625.0,5.0000,4.01387,4.01828,0.85694
626.0,5.0000,4.01362,4.01812,0.85667
627.0,5.0000,4.01337,4.01796,0.85639
628.0,5.0000,4.01313,4.01780,0.85611
629.0,5.0000,4.01288,4.01764,0.85583
630.0,5.0000,4.01263,4.01748,0.85556
631.0,5.0000,4.01238,4.01731,0.85528
632.0,5.0000,4.01214,4.01715,0.85500
633.0,5.0000,4.01189,4.01699,0.85472
634.0,5.0000,4.01164,4.01682,0.85444
635.0,5.0000,4.01139,4.01665,0.85417
636.0,5.0000,4.01114,4.01649,0.85389
637.0,5.0000,4.01089,4.01632,0.85361
638.0,5.0000,4.01064,4.01615,0.85333
639.0,5.0000,4.01039,4.01598,0.85306
640.0,5.0000,4.01014,4.01581,0.85278
641.0,5.0000,4.00989,4.01564,0.85250
642.0,5.0000,4.00964,4.01547,0.85222
643.0,5.0000,4.00939,4.01530,0.85194
644.0,5.0000,4.00914,4.01512,0.85167
645.0,5.0000,4.00889,4.01495,0.85139
646.0,5.0000,4.00864,4.01477,0.85111
647.0,5.0000,4.00839,4.01460,0.85083
648.0,5.0000,4.00814,4.01442,0.85056
649.0,5.0000,4.00789,4.01424,0.85028
650.0,5.0000,4.00763,4.01407,0.85000
651.0,5.0000,4.00738,4.01389,0.84972
652.0,5.0000,4.00713,4.01371,0.84944
653.0,5.0000,4.00688,4.01353,0.84917
654.0,5.0000,4.00662,4.01335,0.84889
655.0,5.0000,4.00637,4.01317,0.84861
656.0,5.0000,4.00612,4.01298,0.84833
657.0,5.0000,4.00586,4.01280,0.84806
658.0,5.0000,4.00561,4.01262,0.84778
659.0,5.0000,4.00536,4.01243,0.84750
660.0,5.0000,4.00510,4.01225,0.84722
661.0,5.0000,4.00485,4.01206,0.84694
662.0,5.0000,4.00459,4.01187,0.84667
663.0,5.0000,4.00434,4.01169,0.84639
664.0,5.0000,4.00408,4.01150,0.84611
665.0,5.0000,4.00383,4.01131,0.84583
666.0,5.0000,4.00357,4.01112,0.84556
667.0,5.0000,4.00332,4.01093,0.84528
668.0,5.0000,4.00306,4.01074,0.84500
669.0,5.0000,4.00281,4.01055,0.84472
670.0,5.0000,4.00255,4.01035,0.84444
671.0,5.0000,4.00230,4.01016,0.84417
672.0,5.0000,4.00204,4.00997,0.84389
673.0,5.0000,4.00178,4.00977,0.84361
674.0,5.0000,4.00153,4.00958,0.84333
675.0,5.0000,4.00127,4.00938,0.84306
676.0,5.0000,4.00101,4.00918,0.84278
677.0,5.0000,4.00076,4.00898,0.84250
678.0,5.0000,4.00050,4.00879,0.84222
679.0,5.0000,4.00024,4.00859,0.84194
680.0,5.0000,3.99998,4.00839,0.84167
681.0,5.0000,3.99973,4.00819,0.84139
682.0,5.0000,3.99947,4.00798,0.84111
683.0,5.0000,3.99921,4.00778,0.84083
684.0,5.0000,3.99895,4.00758,0.84056
685.0,5.0000,3.99870,4.00738,0.84028
686.0,5.0000,3.99844,4.00717,0.84000
687.0,5.0000,3.99818,4.00697,0.83972
688.0,5.0000,3.99792,4.00676,0.83944
689.0,5.0000,3.99766,4.00656,0.83917
690.0,5.0000,3.99740,4.00635,0.83889
691.0,5.0000,3.99714,4.00614,0.83861
692.0,5.0000,3.99689,4.00593,0.83833
693.0,5.0000,3.99663,4.00572,0.83806
694.0,5.0000,3.99637,4.00551,0.83778
695.0,5.0000,3.99611,4.00530,0.83750
696.0,5.0000,3.99585,4.00509,0.83722
697.0,5.0000,3.99559,4.00488,0.83694
698.0,5.0000,3.99533,4.00467,0.83667
699.0,5.0000,3.99507,4.00446,0.83639
700.0,5.0000,3.99481,4.00424,0.83611
701.0,5.0000,3.99455,4.00403,0.83583
702.0,5.0000,3.99429,4.00382,0.83556
703.0,5.0000,3.99403,4.00360,0.83528
704.0,5.0000,3.99377,4.00338,0.83500
705.0,5.0000,3.99351,4.00317,0.83472
706.0,5.0000,3.99325,4.00295,0.83444
707.0,5.0000,3.99299,4.00273,0.83417
708.0,5.0000,3.99273,4.00251,0.83389
709.0,5.0000,3.99247,4.00229,0.83361
710.0,10.0000,3.94307,3.95447,0.83333
711.0,10.0000,3.94125,3.95335,0.83278
712.0,10.0000,3.93966,3.95228,0.83222
713.0,10.0000,3.93824,3.95124,0.83167
714.0,10.0000,3.93693,3.95023,0.83111
715.0,10.0000,3.93571,3.94926,0.83056
716.0,10.0000,3.93456,3.94832,0.83000
717.0,10.0000,3.93347,3.94741,0.82944
718.0,10.0000,3.93242,3.94652,0.82889
719.0,10.0000,3.93141,3.94566,0.82833
720.0,0.0000,4.03134,4.04003,0.82778
721.0,0.0000,4.03362,4.04103,0.82778
722.0,0.0000,4.03540,4.04196,0.82778
723.0,0.0000,4.03685,4.04284,0.82778
724.0,0.0000,4.03808,4.04366,0.82778
725.0,0.0000,4.03913,4.04442,0.82778
726.0,0.0000,4.04005,4.04514,0.82778
727.0,0.0000,4.04087,4.04582,0.82778
728.0,0.0000,4.04161,4.04645,0.82778
729.0,0.0000,4.04229,4.04704,0.82778
730.0,0.0000,4.04291,4.04760,0.82778
731.0,0.0000,4.04348,4.04812,0.82778
732.0,0.0000,4.04402,4.04861,0.82778
733.0,0.0000,4.04452,4.04906,0.82778
734.0,0.0000,4.04498,4.04949,0.82778
735.0,0.0000,4.04542,4.04989,0.82778
736.0,0.0000,4.04584,4.05027,0.82778
737.0,0.0000,4.04624,4.05062,0.82778
738.0,0.0000,4.04661,4.05096,0.82778
739.0,0.0000,4.04697,4.05127,0.82778
740.0,0.0000,4.04731,4.05156,0.82778
741.0,0.0000,4.04763,4.05183,0.82778
742.0,0.0000,4.04795,4.05209,0.82778
743.0,0.0000,4.04824,4.05233,0.82778
744.0,0.0000,4.04853,4.05256,0.82778
745.0,0.0000,4.04881,4.05277,0.82778
746.0,0.0000,4.04907,4.05297,0.82778
747.0,0.0000,4.04933,4.05316,0.82778
748.0,0.0000,4.04958,4.05334,0.82778
749.0,0.0000,4.04982,4.05350,0.82778
750.0,0.0000,4.05005,4.05366,0.82778
751.0,0.0000,4.05027,4.05380,0.82778
752.0,0.0000,4.05049,4.05394,0.82778
753.0,0.0000,4.05070,4.05407,0.82778
754.0,0.0000,4.05090,4.05419,0.82778
755.0,0.0000,4.05110,4.05431,0.82778
756.0,0.0000,4.05129,4.05442,0.82778
757.0,0.0000,4.05148,4.05452,0.82778
758.0,0.0000,4.05166,4.05462,0.82778
759.0,0.0000,4.05184,4.05471,0.82778
760.0,-5.0000,4.10375,4.10240,0.82778
761.0,-5.0000,4.10540,4.10338,0.82806
762.0,-5.0000,4.10680,4.10432,0.82833
763.0,-5.0000,4.10801,4.10522,0.82861
764.0,-5.0000,4.10910,4.10607,0.82889
765.0,-5.0000,4.11009,4.10688,0.82917
766.0,-5.0000,4.11101,4.10766,0.82944
767.0,-5.0000,4.11186,4.10840,0.82972
768.0,-5.0000,4.11266,4.10911,0.83000
769.0,-5.0000,4.11343,4.10979,0.83028
770.0,0.0000,4.06258,4.06284,0.83056
771.0,0.0000,4.06192,4.06257,0.83056
772.0,0.0000,4.06145,4.06231,0.83056
773.0,0.0000,4.06110,4.06207,0.83056
774.0,0.0000,4.06084,4.06185,0.83056
775.0,0.0000,4.06064,4.06164,0.83056
776.0,0.0000,4.06049,4.06144,0.83056
777.0,0.0000,4.06037,4.06126,0.83056
778.0,0.0000,4.06028,4.06109,0.83056
779.0,0.0000,4.06021,4.06093,0.83056
780.0,0.0000,4.06015,4.06079,0.83056
781.0,0.0000,4.06012,4.06065,0.83056
782.0,0.0000,4.06009,4.06052,0.83056
783.0,0.0000,4.06007,4.06040,0.83056
784.0,0.0000,4.06006,4.06029,0.83056
785.0,0.0000,4.06005,4.06019,0.83056
786.0,0.0000,4.06006,4.06009,0.83056
787.0,0.0000,4.06006,4.06000,0.83056
788.0,0.0000,4.06007,4.05992,0.83056
789.0,0.0000,4.06009,4.05984,0.83056
790.0,0.0000,4.06011,4.05977,0.83056
791.0,0.0000,4.06013,4.05971,0.83056
792.0,0.0000,4.06015,4.05965,0.83056
793.0,0.0000,4.06017,4.05959,0.83056
794.0,0.0000,4.06020,4.05954,0.83056
795.0,0.0000,4.06023,4.05949,0.83056
796.0,0.0000,4.06026,4.05944,0.83056
797.0,0.0000,4.06029,4.05940,0.83056
798.0,0.0000,4.06032,4.05936,0.83056
799.0,0.0000,4.06035,4.05933,0.83056
800.0,0.0000,4.06038,4.05930,0.83056
801.0,0.0000,4.06041,4.05927,0.83056
802.0,0.0000,4.06045,4.05924,0.83056
803.0,0.0000,4.06048,4.05921,0.83056
804.0,0.0000,4.06052,4.05919,0.83056
805.0,0.0000,4.06055,4.05917,0.83056
806.0,0.0000,4.06058,4.05915,0.83056
807.0,0.0000,4.06062,4.05914,0.83056
808.0,0.0000,4.06065,4.05912,0.83056
809.0,0.0000,4.06069,4.05911,0.83056
810.0,20.0000,3.87192,3.86868,0.83056
811.0,20.0000,3.86594,3.86506,0.82944
812.0,20.0000,3.86075,3.86160,0.82833
813.0,20.0000,3.85617,3.85829,0.82722
814.0,20.0000,3.85205,3.85512,0.82611
815.0,0.0000,4.03756,4.04251,0.82500
816.0,0.0000,4.04045,4.04325,0.82500
817.0,0.0000,4.04253,4.04395,0.82500
818.0,0.0000,4.04410,4.04460,0.82500
819.0,0.0000,4.04533,4.04521,0.82500
820.0,0.0000,4.04632,4.04579,0.82500
821.0,0.0000,4.04714,4.04632,0.82500
822.0,0.0000,4.04784,4.04683,0.82500
823.0,0.0000,4.04844,4.04730,0.82500
824.0,0.0000,4.04896,4.04774,0.82500
825.0,0.0000,4.04943,4.04816,0.82500
826.0,0.0000,4.04984,4.04854,0.82500
827.0,0.0000,4.05022,4.04891,0.82500
828.0,0.0000,4.05055,4.04925,0.82500
829.0,0.0000,4.05087,4.04957,0.82500
830.0,0.0000,4.05115,4.04987,0.82500
831.0,0.0000,4.05142,4.05015,0.82500
832.0,0.0000,4.05166,4.05042,0.82500
833.0,0.0000,4.05189,4.05067,0.82500
834.0,0.0000,4.05210,4.05090,0.82500
835.0,0.0000,4.05231,4.05112,0.82500
836.0,0.0000,4.05250,4.05132,0.82500
837.0,0.0000,4.05268,4.05152,0.82500
838.0,0.0000,4.05285,4.05170,0.82500
839.0,0.0000,4.05301,4.05187,0.82500
840.0,0.0000,4.05316,4.05203,0.82500
841.0,0.0000,4.05331,4.05218,0.82500
842.0,0.0000,4.05345,4.05232,0.82500
843.0,0.0000,4.05358,4.05245,0.82500
844.0,0.0000,4.05371,4.05258,0.82500
845.0,0.0000,4.05384,4.05269,0.82500
846.0,0.0000,4.05395,4.05281,0.82500
847.0,0.0000,4.05407,4.05291,0.82500
848.0,0.0000,4.05418,4.05301,0.82500
849.0,0.0000,4.05428,4.05310,0.82500
850.0,0.0000,4.05439,4.05319,0.82500
851.0,0.0000,4.05449,4.05327,0.82500
852.0,0.0000,4.05458,4.05335,0.82500
853.0,0.0000,4.05468,4.05342,0.82500
854.0,0.0000,4.05477,4.05349,0.82500
855.0,5.0000,4.00320,4.00595,0.82500
856.0,5.0000,4.00179,4.00510,0.82472
857.0,5.0000,4.00061,4.00429,0.82444
858.0,5.0000,3.99957,4.00351,0.82417
859.0,5.0000,3.99865,4.00277,0.82389
860.0,5.0000,3.99780,4.00206,0.82361
861.0,5.0000,3.99702,4.00138,0.82333
862.0,5.0000,3.99630,4.00072,0.82306
863.0,5.0000,3.99561,4.00009,0.82278
864.0,5.0000,3.99495,3.99949,0.82250
865.0,5.0000,3.99433,3.99891,0.82222
866.0,5.0000,3.99372,3.99835,0.82194
867.0,5.0000,3.99314,3.99781,0.82167
868.0,5.0000,3.99258,3.99729,0.82139
869.0,5.0000,3.99204,3.99679,0.82111
870.0,5.0000,3.99151,3.99630,0.82083
871.0,5.0000,3.99099,3.99583,0.82056
872.0,5.0000,3.99048,3.99537,0.82028
873.0,5.0000,3.98999,3.99492,0.82000
874.0,5.0000,3.98951,3.99449,0.81972
875.0,5.0000,3.98903,3.99407,0.81944
876.0,5.0000,3.98857,3.99365,0.81917
877.0,5.0000,3.98811,3.99325,0.81889
878.0,5.0000,3.98766,3.99286,0.81861
879.0,5.0000,3.98721,3.99248,0.81833
880.0,5.0000,3.98678,3.99210,0.81806
881.0,5.0000,3.98634,3.99174,0.81778
882.0,5.0000,3.98592,3.99138,0.81750
883.0,5.0000,3.98550,3.99102,0.81722
884.0,5.0000,3.98508,3.99068,0.81694
885.0,5.0000,3.98467,3.99034,0.81667
886.0,5.0000,3.98426,3.99000,0.81639
887.0,5.0000,3.98386,3.98967,0.81611
888.0,5.0000,3.98346,3.98934,0.81583
889.0,5.0000,3.98307,3.98902,0.81556
890.0,5.0000,3.98268,3.98870,0.81528
891.0,5.0000,3.98229,3.98839,0.81500
892.0,5.0000,3.98191,3.98808,0.81472
893.0,5.0000,3.98153,3.98777,0.81444
894.0,5.0000,3.98115,3.98747,0.81417
895.0,5.0000,3.98078,3.98717,0.81389
896.0,5.0000,3.98040,3.98687,0.81361
897.0,5.0000,3.98004,3.98657,0.81333
898.0,5.0000,3.97967,3.98628,0.81306
899.0,5.0000,3.97931,3.98598,0.81278
900.0,5.0000,3.97894,3.98569,0.81250
901.0,5.0000,3.97859,3.98541,0.81222
902.0,5.0000,3.97823,3.98512,0.81194
903.0,5.0000,3.97787,3.98484,0.81167
904.0,5.0000,3.97752,3.98455,0.81139
905.0,5.0000,3.97717,3.98427,0.81111
906.0,5.0000,3.97682,3.98399,0.81083
907.0,5.0000,3.97648,3.98371,0.81056
908.0,5.0000,3.97613,3.98343,0.81028
909.0,5.0000,3.97579,3.98315,0.81000
910.0,5.0000,3.97545,3.98288,0.80972
911.0,5.0000,3.97511,3.98260,0.80944
912.0,5.0000,3.97477,3.98233,0.80917
913.0,5.0000,3.97444,3.98205,0.80889
914.0,5.0000,3.97410,3.98178,0.80861
915.0,5.0000,3.97377,3.98151,0.80833
916.0,5.0000,3.97344,3.98123,0.80806
917.0,5.0000,3.97311,3.98096,0.80778
918.0,5.0000,3.97278,3.98069,0.80750
919.0,5.0000,3.97245,3.98042,0.80722
920.0,5.0000,3.97213,3.98015,0.80694
921.0,5.0000,3.97180,3.97988,0.80667
922.0,5.0000,3.97148,3.97961,0.80639
923.0,5.0000,3.97116,3.97934,0.80611
924.0,5.0000,3.97083,3.97907,0.80583
925.0,5.0000,3.97052,3.97880,0.80556
926.0,5.0000,3.97020,3.97853,0.80528
927.0,5.0000,3.96988,3.97826,0.80500
928.0,5.0000,3.96956,3.97799,0.80472
929.0,5.0000,3.96925,3.97772,0.80444
930.0,5.0000,3.96894,3.97745,0.80417
931.0,5.0000,3.96862,3.97718,0.80389
932.0,5.0000,3.96831,3.97691,0.80361
933.0,5.0000,3.96800,3.97665,0.80333
934.0,5.0000,3.96769,3.97638,0.80306
935.0,5.0000,3.96738,3.97611,0.80278
936.0,5.0000,3.96708,3.97584,0.80250
937.0,5.0000,3.96677,3.97557,0.80222
938.0,5.0000,3.96646,3.97530,0.80194
939.0,5.0000,3.96616,3.97503,0.80167
940.0,5.0000,3.96585,3.97477,0.80139
941.0,5.0000,3.96555,3.97450,0.80111
942.0,5.0000,3.96525,3.97423,0.80083
943.0,5.0000,3.96495,3.97396,0.80056
944.0,5.0000,3.96465,3.97369,0.80028
945.0,5.0000,3.96435,3.97342,0.80000
946.0,5.0000,3.96405,3.97315,0.79972
947.0,5.0000,3.96375,3.97289,0.79944
948.0,5.0000,3.96345,3.97262,0.79917
949.0,5.0000,3.96316,3.97235,0.79889
950.0,5.0000,3.96286,3.97208,0.79861
951.0,5.0000,3.96257,3.97181,0.79833
952.0,5.0000,3.96227,3.97154,0.79806
953.0,5.0000,3.96198,3.97127,0.79778
954.0,5.0000,3.96169,3.97100,0.79750
955.0,5.0000,3.96140,3.97073,0.79722
956.0,5.0000,3.96110,3.97047,0.79694
957.0,5.0000,3.96081,3.97020,0.79667
958.0,5.0000,3.96052,3.96993,0.79639
959.0,5.0000,3.96024,3.96966,0.79611
960.0,5.0000,3.95995,3.96939,0.79583
961.0,5.0000,3.95966,3.96912,0.79556
962.0,5.0000,3.95937,3.96885,0.79528
963.0,5.0000,3.95909,3.96858,0.79500
964.0,5.0000,3.95880,3.96831,0.79472
965.0,5.0000,3.95852,3.96804,0.79444
966.0,5.0000,3.95823,3.96777,0.79417
967.0,5.0000,3.95795,3.96750,0.79389
968.0,5.0000,3.95766,3.96723,0.79361
969.0,5.0000,3.95738,3.96696,0.79333
970.0,5.0000,3.95710,3.96669,0.79306
971.0,5.0000,3.95682,3.96642,0.79278
972.0,5.0000,3.95654,3.96615,0.79250
973.0,5.0000,3.95626,3.96588,0.79222
974.0,5.0000,3.95598,3.96561,0.79194
975.0,5.0000,3.95570,3.96534,0.79167
976.0,5.0000,3.95542,3.96507,0.79139
977.0,5.0000,3.95514,3.96480,0.79111
978.0,5.0000,3.95487,3.96453,0.79083
979.0,5.0000,3.95459,3.96426,0.79056
980.0,5.0000,3.95431,3.96399,0.79028
981.0,5.0000,3.95404,3.96372,0.79000
982.0,5.0000,3.95376,3.96345,0.78972
983.0,5.0000,3.95349,3.96318,0.78944
984.0,5.0000,3.95321,3.96291,0.78917
985.0,5.0000,3.95294,3.96264,0.78889
986.0,5.0000,3.95267,3.96236,0.78861
987.0,5.0000,3.95239,3.96209,0.78833
988.0,5.0000,3.95212,3.96182,0.78806
989.0,5.0000,3.95185,3.96155,0.78778
990.0,5.0000,3.95158,3.96128,0.78750
991.0,5.0000,3.95131,3.96101,0.78722
992.0,5.0000,3.95104,3.96074,0.78694
993.0,5.0000,3.95077,3.96047,0.78667
994.0,5.0000,3.95050,3.96020,0.78639
995.0,5.0000,3.95023,3.95993,0.78611
996.0,5.0000,3.94996,3.95966,0.78583
997.0,5.0000,3.94970,3.95939,0.78556
998.0,5.0000,3.94943,3.95912,0.78528
999.0,5.0000,3.94916,3.95885,0.78500
1000.0,5.0000,3.94890,3.95857,0.78472
1001.0,5.0000,3.94863,3.95830,0.78444
1002.0,5.0000,3.94837,3.95803,0.78417
1003.0,5.0000,3.94810,3.95776,0.78389
1004.0,5.0000,3.94784,3.95749,0.78361
1005.0,5.0000,3.94757,3.95722,0.78333
1006.0,5.0000,3.94731,3.95695,0.78306
1007.0,5.0000,3.94705,3.95668,0.78278
1008.0,5.0000,3.94678,3.95641,0.78250
1009.0,5.0000,3.94652,3.95614,0.78222
1010.0,5.0000,3.94626,3.95587,0.78194
1011.0,5.0000,3.94600,3.95560,0.78167
1012.0,5.0000,3.94574,3.95533,0.78139
1013.0,5.0000,3.94548,3.95506,0.78111
1014.0,5.0000,3.94522,3.95479,0.78083
1015.0,5.0000,3.94496,3.95452,0.78056
1016.0,5.0000,3.94470,3.95424,0.78028
1017.0,5.0000,3.94444,3.95397,0.78000
1018.0,5.0000,3.94418,3.95370,0.77972
1019.0,5.0000,3.94392,3.95343,0.77944
1020.0,5.0000,3.94366,3.95316,0.77917
1021.0,5.0000,3.94340,3.95289,0.77889
1022.0,5.0000,3.94315,3.95262,0.77861
1023.0,5.0000,3.94289,3.95235,0.77833
1024.0,5.0000,3.94263,3.95208,0.77806
1025.0,5.0000,3.94238,3.95181,0.77778
1026.0,5.0000,3.94212,3.95154,0.77750
1027.0,5.0000,3.94187,3.95127,0.77722
1028.0,5.0000,3.94161,3.95100,0.77694
1029.0,5.0000,3.94136,3.95073,0.77667
1030.0,5.0000,3.94111,3.95046,0.77639
1031.0,5.0000,3.94085,3.95019,0.77611
1032.0,5.0000,3.94060,3.94992,0.77583
1033.0,5.0000,3.94035,3.94966,0.77556
1034.0,5.0000,3.94009,3.94939,0.77528
1035.0,10.0000,3.89170,3.90151,0.77500
1036.0,10.0000,3.88998,3.90030,0.77444
1037.0,10.0000,3.88850,3.89912,0.77389
1038.0,10.0000,3.88719,3.89799,0.77333
1039.0,10.0000,3.88599,3.89689,0.77278
1040.0,10.0000,3.88488,3.89583,0.77222
1041.0,10.0000,3.88384,3.89481,0.77167
1042.0,10.0000,3.88285,3.89381,0.77111
1043.0,10.0000,3.88191,3.89284,0.77056
1044.0,10.0000,3.88101,3.89190,0.77000
1045.0,0.0000,3.97840,3.98620,0.76944
1046.0,0.0000,3.98049,3.98720,0.76944
1047.0,0.0000,3.98214,3.98813,0.76944
1048.0,0.0000,3.98349,3.98901,0.76944
1049.0,0.0000,3.98464,3.98983,0.76944
1050.0,0.0000,3.98563,3.99060,0.76944
1051.0,0.0000,3.98651,3.99132,0.76944
1052.0,0.0000,3.98730,3.99200,0.76944
1053.0,0.0000,3.98801,3.99263,0.76944
1054.0,0.0000,3.98866,3.99323,0.76944
1055.0,0.0000,3.98926,3.99379,0.76944
1056.0,0.0000,3.98982,3.99431,0.76944
1057.0,0.0000,3.99034,3.99480,0.76944
1058.0,0.0000,3.99083,3.99526,0.76944
1059.0,0.0000,3.99129,3.99569,0.76944
1060.0,0.0000,3.99172,3.99609,0.76944
1061.0,0.0000,3.99214,3.99647,0.76944
1062.0,0.0000,3.99253,3.99683,0.76944
1063.0,0.0000,3.99290,3.99716,0.76944
1064.0,0.0000,3.99326,3.99747,0.76944
1065.0,0.0000,3.99360,3.99777,0.76944
1066.0,0.0000,3.99392,3.99804,0.76944
1067.0,0.0000,3.99424,3.99830,0.76944
1068.0,0.0000,3.99454,3.99855,0.76944
1069.0,0.0000,3.99483,3.99878,0.76944
1070.0,0.0000,3.99511,3.99899,0.76944
1071.0,0.0000,3.99538,3.99919,0.76944
1072.0,0.0000,3.99564,3.99938,0.76944
1073.0,0.0000,3.99589,3.99956,0.76944
1074.0,0.0000,3.99614,3.99973,0.76944
1075.0,0.0000,3.99638,3.99989,0.76944
1076.0,0.0000,3.99661,4.00004,0.76944
1077.0,0.0000,3.99683,4.00018,0.76944
1078.0,0.0000,3.99705,4.00031,0.76944
1079.0,0.0000,3.99726,4.00043,0.76944
1080.0,0.0000,3.99746,4.00055,0.76944
1081.0,0.0000,3.99766,4.00066,0.76944
1082.0,0.0000,3.99785,4.00076,0.76944
1083.0,0.0000,3.99804,4.00086,0.76944
1084.0,0.0000,3.99823,4.00096,0.76944
1085.0,-5.0000,4.04918,4.04865,0.76944
1086.0,-5.0000,4.05097,4.04967,0.76972
1087.0,-5.0000,4.05251,4.05066,0.77000
1088.0,-5.0000,4.05387,4.05159,0.77028
1089.0,-5.0000,4.05510,4.05249,0.77056
1090.0,-5.0000,4.05624,4.05334,0.77083
1091.0,-5.0000,4.05731,4.05416,0.77111
1092.0,-5.0000,4.05832,4.05495,0.77139
1093.0,-5.0000,4.05927,4.05571,0.77167
1094.0,-5.0000,4.06019,4.05643,0.77194
1095.0,0.0000,4.01011,4.00952,0.77222
1096.0,0.0000,4.00933,4.00925,0.77222
1097.0,0.0000,4.00878,4.00900,0.77222
1098.0,0.0000,4.00837,4.00876,0.77222
1099.0,0.0000,4.00807,4.00854,0.77222
1100.0,0.0000,4.00784,4.00833,0.77222
1101.0,0.0000,4.00767,4.00814,0.77222
1102.0,0.0000,4.00753,4.00796,0.77222
1103.0,0.0000,4.00743,4.00779,0.77222
1104.0,0.0000,4.00735,4.00763,0.77222
1105.0,0.0000,4.00729,4.00749,0.77222
1106.0,0.0000,4.00724,4.00735,0.77222
1107.0,0.0000,4.00721,4.00723,0.77222
1108.0,0.0000,4.00719,4.00711,0.77222
1109.0,0.0000,4.00718,4.00700,0.77222
1110.0,0.0000,4.00717,4.00690,0.77222
1111.0,0.0000,4.00717,4.00681,0.77222
1112.0,0.0000,4.00718,4.00672,0.77222
1113.0,0.0000,4.00719,4.00664,0.77222
1114.0,0.0000,4.00721,4.00656,0.77222
1115.0,0.0000,4.00723,4.00649,0.77222
1116.0,0.0000,4.00725,4.00643,0.77222
1117.0,0.0000,4.00728,4.00637,0.77222
1118.0,0.0000,4.00731,4.00632,0.77222
1119.0,0.0000,4.00734,4.00627,0.77222
1120.0,0.0000,4.00737,4.00622,0.77222
1121.0,0.0000,4.00740,4.00618,0.77222
1122.0,0.0000,4.00743,4.00614,0.77222
1123.0,0.0000,4.00747,4.00610,0.77222
1124.0,0.0000,4.00751,4.00607,0.77222
1125.0,0.0000,4.00754,4.00604,0.77222
1126.0,0.0000,4.00758,4.00601,0.77222
1127.0,0.0000,4.00762,4.00598,0.77222
1128.0,0.0000,4.00766,4.00596,0.77222
1129.0,0.0000,4.00770,4.00594,0.77222
1130.0,0.0000,4.00774,4.00592,0.77222
1131.0,0.0000,4.00778,4.00591,0.77222
1132.0,0.0000,4.00782,4.00589,0.77222
1133.0,0.0000,4.00786,4.00588,0.77222
1134.0,0.0000,4.00790,4.00587,0.77222
1135.0,20.0000,3.82090,3.81544,0.77222
1136.0,20.0000,3.81494,3.81164,0.77111
1137.0,20.0000,3.80999,3.80802,0.77000
1138.0,20.0000,3.80574,3.80456,0.76889
1139.0,20.0000,3.80200,3.80126,0.76778
1140.0,0.0000,3.98407,3.98851,0.76667
1141.0,0.0000,3.98683,3.98926,0.76667
1142.0,0.0000,3.98884,3.98995,0.76667
1143.0,0.0000,3.99038,3.99061,0.76667
1144.0,0.0000,3.99159,3.99122,0.76667
1145.0,0.0000,3.99258,3.99180,0.76667
1146.0,0.0000,3.99340,3.99234,0.76667
1147.0,0.0000,3.99410,3.99284,0.76667
1148.0,0.0000,3.99471,3.99332,0.76667
1149.0,0.0000,3.99524,3.99376,0.76667
1150.0,0.0000,3.99571,3.99418,0.76667
1151.0,0.0000,3.99614,3.99457,0.76667
1152.0,0.0000,3.99652,3.99493,0.76667
1153.0,0.0000,3.99687,3.99528,0.76667
1154.0,0.0000,3.99719,3.99560,0.76667
1155.0,0.0000,3.99749,3.99590,0.76667
1156.0,0.0000,3.99776,3.99618,0.76667
1157.0,0.0000,3.99802,3.99645,0.76667
1158.0,0.0000,3.99826,3.99670,0.76667
1159.0,0.0000,3.99848,3.99694,0.76667
1160.0,0.0000,3.99869,3.99716,0.76667
1161.0,0.0000,3.99889,3.99736,0.76667
1162.0,0.0000,3.99908,3.99756,0.76667
1163.0,0.0000,3.99926,3.99774,0.76667
1164.0,0.0000,3.99943,3.99791,0.76667
1165.0,0.0000,3.99959,3.99808,0.76667
1166.0,0.0000,3.99975,3.99823,0.76667
1167.0,0.0000,3.99989,3.99837,0.76667
1168.0,0.0000,4.00004,3.99850,0.76667
1169.0,0.0000,4.00017,3.99863,0.76667
1170.0,0.0000,4.00030,3.99875,0.76667
1171.0,0.0000,4.00043,3.99886,0.76667
1172.0,0.0000,4.00055,3.99897,0.76667
1173.0,0.0000,4.00067,3.99907,0.76667
1174.0,0.0000,4.00078,3.99916,0.76667
1175.0,0.0000,4.00089,3.99925,0.76667
1176.0,0.0000,4.00100,3.99934,0.76667
1177.0,0.0000,4.00110,3.99942,0.76667
1178.0,0.0000,4.00120,3.99949,0.76667
1179.0,0.0000,4.00130,3.99956,0.76667
1180.0,5.0000,3.95069,3.95202,0.76667
1181.0,5.0000,3.94922,3.95114,0.76639
1182.0,5.0000,3.94800,3.95030,0.76611
1183.0,5.0000,3.94694,3.94949,0.76583
1184.0,5.0000,3.94601,3.94872,0.76556
1185.0,5.0000,3.94516,3.94799,0.76528
1186.0,5.0000,3.94439,3.94728,0.76500
1187.0,5.0000,3.94366,3.94660,0.76472
1188.0,5.0000,3.94298,3.94594,0.76444
1189.0,5.0000,3.94234,3.94532,0.76417
1190.0,5.0000,3.94173,3.94471,0.76389
1191.0,5.0000,3.94114,3.94413,0.76361
1192.0,5.0000,3.94058,3.94356,0.76333
1193.0,5.0000,3.94003,3.94302,0.76306
1194.0,5.0000,3.93951,3.94249,0.76278
1195.0,5.0000,3.93900,3.94198,0.76250
1196.0,5.0000,3.93850,3.94149,0.76222
1197.0,5.0000,3.93802,3.94101,0.76194
1198.0,5.0000,3.93755,3.94054,0.76167
1199.0,5.0000,3.93709,3.94009,0.76139
1200.0,5.0000,3.93664,3.93965,0.76111
1201.0,5.0000,3.93620,3.93922,0.76083
1202.0,5.0000,3.93577,3.93880,0.76056
1203.0,5.0000,3.93534,3.93839,0.76028
1204.0,5.0000,3.93493,3.93799,0.76000
1205.0,5.0000,3.93452,3.93760,0.75972
1206.0,5.0000,3.93411,3.93722,0.75944
1207.0,5.0000,3.93372,3.93684,0.75917
1208.0,5.0000,3.93333,3.93647,0.75889
1209.0,5.0000,3.93294,3.93611,0.75861
1210.0,5.0000,3.93256,3.93576,0.75833
1211.0,5.0000,3.93218,3.93541,0.75806
1212.0,5.0000,3.93181,3.93506,0.75778
1213.0,5.0000,3.93144,3.93472,0.75750
1214.0,5.0000,3.93108,3.93439,0.75722
1215.0,5.0000,3.93072,3.93406,0.75694
1216.0,5.0000,3.93037,3.93374,0.75667
1217.0,5.0000,3.93001,3.93341,0.75639
1218.0,5.0000,3.92967,3.93310,0.75611
1219.0,5.0000,3.92932,3.93278,0.75583
1220.0,5.0000,3.92898,3.93247,0.75556
1221.0,5.0000,3.92864,3.93217,0.75528
1222.0,5.0000,3.92830,3.93186,0.75500
1223.0,5.0000,3.92797,3.93156,0.75472
1224.0,5.0000,3.92764,3.93126,0.75444
1225.0,5.0000,3.92731,3.93096,0.75417
1226.0,5.0000,3.92699,3.93067,0.75389
1227.0,5.0000,3.92666,3.93038,0.75361
1228.0,5.0000,3.92634,3.93009,0.75333
1229.0,5.0000,3.92602,3.92980,0.75306
1230.0,5.0000,3.92571,3.92951,0.75278
1231.0,5.0000,3.92539,3.92923,0.75250
1232.0,5.0000,3.92508,3.92894,0.75222
1233.0,5.0000,3.92477,3.92866,0.75194
1234.0,5.0000,3.92446,3.92838,0.75167
1235.0,5.0000,3.92416,3.92810,0.75139
1236.0,5.0000,3.92385,3.92783,0.75111
1237.0,5.0000,3.92355,3.92755,0.75083
1238.0,5.0000,3.92325,3.92727,0.75056
1239.0,5.0000,3.92295,3.92700,0.75028
1240.0,5.0000,3.92265,3.92672,0.75000
1241.0,5.0000,3.92236,3.92645,0.74972
1242.0,5.0000,3.92206,3.92618,0.74944
1243.0,5.0000,3.92177,3.92591,0.74917
1244.0,5.0000,3.92148,3.92564,0.74889
1245.0,5.0000,3.92118,3.92537,0.74861
1246.0,5.0000,3.92090,3.92510,0.74833
1247.0,5.0000,3.92061,3.92483,0.74806
1248.0,5.0000,3.92032,3.92457,0.74778
1249.0,5.0000,3.92004,3.92430,0.74750
1250.0,5.0000,3.91975,3.92403,0.74722
1251.0,5.0000,3.91947,3.92377,0.74694
1252.0,5.0000,3.91919,3.92350,0.74667
1253.0,5.0000,3.91890,3.92324,0.74639
1254.0,5.0000,3.91863,3.92297,0.74611
1255.0,5.0000,3.91835,3.92271,0.74583
1256.0,5.0000,3.91807,3.92244,0.74556
1257.0,5.0000,3.91779,3.92218,0.74528
1258.0,5.0000,3.91752,3.92192,0.74500
1259.0,5.0000,3.91724,3.92166,0.74472
1260.0,5.0000,3.91697,3.92139,0.74444
1261.0,5.0000,3.91670,3.92113,0.74417
1262.0,5.0000,3.91642,3.92087,0.74389
1263.0,5.0000,3.91615,3.92061,0.74361
1264.0,5.0000,3.91588,3.92035,0.74333
1265.0,5.0000,3.91561,3.92009,0.74306
1266.0,5.0000,3.91534,3.91983,0.74278
1267.0,5.0000,3.91508,3.91957,0.74250
1268.0,5.0000,3.91481,3.91931,0.74222
1269.0,5.0000,3.91454,3.91905,0.74194
1270.0,5.0000,3.91428,3.91879,0.74167
1271.0,5.0000,3.91401,3.91853,0.74139
1272.0,5.0000,3.91375,3.91827,0.74111
1273.0,5.0000,3.91349,3.91801,0.74083
1274.0,5.0000,3.91322,3.91775,0.74056
1275.0,5.0000,3.91296,3.91750,0.74028
1276.0,5.0000,3.91270,3.91724,0.74000
1277.0,5.0000,3.91244,3.91698,0.73972
1278.0,5.0000,3.91218,3.91672,0.73944
1279.0,5.0000,3.91192,3.91646,0.73917
1280.0,5.0000,3.91166,3.91621,0.73889
1281.0,5.0000,3.91140,3.91595,0.73861
1282.0,5.0000,3.91115,3.91569,0.73833
1283.0,5.0000,3.91089,3.91544,0.73806
1284.0,5.0000,3.91063,3.91518,0.73778
1285.0,5.0000,3.91038,3.91492,0.73750
1286.0,5.0000,3.91012,3.91466,0.73722
1287.0,5.0000,3.90986,3.91441,0.73694
1288.0,5.0000,3.90961,3.91415,0.73667
1289.0,5.0000,3.90936,3.91390,0.73639
1290.0,5.0000,3.90910,3.91364,0.73611
1291.0,5.0000,3.90885,3.91338,0.73583
1292.0,5.0000,3.90860,3.91313,0.73556
1293.0,5.0000,3.90834,3.91287,0.73528
1294.0,5.0000,3.90809,3.91261,0.73500
1295.0,5.0000,3.90784,3.91236,0.73472
1296.0,5.0000,3.90759,3.91210,0.73444
1297.0,5.0000,3.90734,3.91185,0.73417
1298.0,5.0000,3.90709,3.91159,0.73389
1299.0,5.0000,3.90684,3.91134,0.73361
1300.0,5.0000,3.90659,3.91108,0.73333
1301.0,5.0000,3.90634,3.91083,0.73306
1302.0,5.0000,3.90609,3.91057,0.73278
1303.0,5.0000,3.90584,3.91032,0.73250
1304.0,5.0000,3.90559,3.91006,0.73222
1305.0,5.0000,3.90534,3.90981,0.73194
1306.0,5.0000,3.90510,3.90955,0.73167
1307.0,5.0000,3.90485,3.90930,0.73139
1308.0,5.0000,3.90460,3.90904,0.73111
1309.0,5.0000,3.90435,3.90879,0.73083
1310.0,5.0000,3.90411,3.90853,0.73056
1311.0,5.0000,3.90386,3.90828,0.73028
1312.0,5.0000,3.90362,3.90802,0.73000
1313.0,5.0000,3.90337,3.90777,0.72972
1314.0,5.0000,3.90312,3.90751,0.72944
1315.0,5.0000,3.90288,3.90726,0.72917
1316.0,5.0000,3.90263,3.90700,0.72889
1317.0,5.0000,3.90239,3.90675,0.72861
1318.0,5.0000,3.90214,3.90649,0.72833
1319.0,5.0000,3.90190,3.90624,0.72806
1320.0,5.0000,3.90165,3.90598,0.72778
1321.0,5.0000,3.90141,3.90573,0.72750
1322.0,5.0000,3.90116,3.90547,0.72722
1323.0,5.0000,3.90092,3.90522,0.72694
1324.0,5.0000,3.90067,3.90496,0.72667
1325.0,5.0000,3.90043,3.90471,0.72639
1326.0,5.0000,3.90019,3.90445,0.72611
1327.0,5.0000,3.89994,3.90420,0.72583
1328.0,5.0000,3.89970,3.90394,0.72556
1329.0,5.0000,3.89946,3.90369,0.72528
1330.0,5.0000,3.89921,3.90344,0.72500
1331.0,5.0000,3.89897,3.90318,0.72472
1332.0,5.0000,3.89873,3.90293,0.72444
1333.0,5.0000,3.89848,3.90267,0.72417
1334.0,5.0000,3.89824,3.90242,0.72389
1335.0,5.0000,3.89800,3.90216,0.72361
1336.0,5.0000,3.89775,3.90191,0.72333
1337.0,5.0000,3.89751,3.90165,0.72306
1338.0,5.0000,3.89727,3.90140,0.72278
1339.0,5.0000,3.89702,3.90114,0.72250
1340.0,5.0000,3.89678,3.90088,0.72222
1341.0,5.0000,3.89654,3.90063,0.72194
1342.0,5.0000,3.89629,3.90037,0.72167
1343.0,5.0000,3.89605,3.90012,0.72139
1344.0,5.0000,3.89581,3.89986,0.72111
1345.0,5.0000,3.89556,3.89961,0.72083
1346.0,5.0000,3.89532,3.89935,0.72056
1347.0,5.0000,3.89508,3.89909,0.72028
1348.0,5.0000,3.89483,3.89884,0.72000
1349.0,5.0000,3.89459,3.89858,0.71972
1350.0,5.0000,3.89435,3.89833,0.71944
1351.0,5.0000,3.89410,3.89807,0.71917
1352.0,5.0000,3.89386,3.89781,0.71889
1353.0,5.0000,3.89361,3.89756,0.71861
1354.0,5.0000,3.89337,3.89730,0.71833
1355.0,5.0000,3.89313,3.89704,0.71806
1356.0,5.0000,3.89288,3.89679,0.71778
1357.0,5.0000,3.89264,3.89653,0.71750
1358.0,5.0000,3.89239,3.89627,0.71722
1359.0,5.0000,3.89215,3.89601,0.71694
1360.0,10.0000,3.84480,3.84815,0.71667
1361.0,10.0000,3.84316,3.84696,0.71611
1362.0,10.0000,3.84177,3.84581,0.71556
1363.0,10.0000,3.84053,3.84469,0.71500
1364.0,10.0000,3.83940,3.84362,0.71444
1365.0,10.0000,3.83834,3.84257,0.71389
1366.0,10.0000,3.83734,3.84156,0.71333
1367.0,10.0000,3.83639,3.84058,0.71278
1368.0,10.0000,3.83547,3.83963,0.71222
1369.0,10.0000,3.83458,3.83870,0.71167
1370.0,0.0000,3.92990,3.93300,0.71111
1371.0,0.0000,3.93196,3.93400,0.71111
1372.0,0.0000,3.93349,3.93494,0.71111
1373.0,0.0000,3.93472,3.93582,0.71111
1374.0,0.0000,3.93574,3.93664,0.71111
1375.0,0.0000,3.93663,3.93742,0.71111
1376.0,0.0000,3.93741,3.93814,0.71111
1377.0,0.0000,3.93810,3.93882,0.71111
1378.0,0.0000,3.93872,3.93945,0.71111
1379.0,0.0000,3.93929,3.94005,0.71111
1380.0,0.0000,3.93982,3.94061,0.71111
1381.0,0.0000,3.94031,3.94113,0.71111
1382.0,0.0000,3.94076,3.94162,0.71111
1383.0,0.0000,3.94118,3.94208,0.71111
1384.0,0.0000,3.94158,3.94251,0.71111
1385.0,0.0000,3.94196,3.94292,0.71111
1386.0,0.0000,3.94231,3.94330,0.71111
1387.0,0.0000,3.94265,3.94366,0.71111
1388.0,0.0000,3.94297,3.94399,0.71111
1389.0,0.0000,3.94327,3.94430,0.71111
1390.0,0.0000,3.94357,3.94460,0.71111
1391.0,0.0000,3.94385,3.94488,0.71111
1392.0,0.0000,3.94411,3.94514,0.71111
1393.0,0.0000,3.94437,3.94538,0.71111
1394.0,0.0000,3.94462,3.94561,0.71111
1395.0,0.0000,3.94486,3.94583,0.71111
1396.0,0.0000,3.94509,3.94603,0.71111
1397.0,0.0000,3.94531,3.94622,0.71111
1398.0,0.0000,3.94553,3.94640,0.71111
1399.0,0.0000,3.94573,3.94657,0.71111
1400.0,0.0000,3.94593,3.94673,0.71111
1401.0,0.0000,3.94613,3.94688,0.71111
1402.0,0.0000,3.94632,3.94702,0.71111
1403.0,0.0000,3.94650,3.94715,0.71111
1404.0,0.0000,3.94668,3.94728,0.71111
1405.0,0.0000,3.94685,3.94740,0.71111
1406.0,0.0000,3.94702,3.94751,0.71111
1407.0,0.0000,3.94718,3.94762,0.71111
1408.0,0.0000,3.94734,3.94771,0.71111
1409.0,0.0000,3.94750,3.94781,0.71111
1410.0,-5.0000,3.99711,3.99550,0.71111
1411.0,-5.0000,3.99876,3.99653,0.71139
1412.0,-5.0000,4.00014,3.99750,0.71167
1413.0,-5.0000,4.00135,3.99843,0.71194
1414.0,-5.0000,4.00245,3.99932,0.71222
1415.0,-5.0000,4.00346,4.00018,0.71250
1416.0,-5.0000,4.00441,4.00099,0.71278
1417.0,-5.0000,4.00531,4.00177,0.71306
1418.0,-5.0000,4.00616,4.00252,0.71333
1419.0,-5.0000,4.00698,4.00324,0.71361
1420.0,0.0000,3.95813,3.95633,0.71389
1421.0,0.0000,3.95738,3.95606,0.71389
1422.0,0.0000,3.95687,3.95580,0.71389
1423.0,0.0000,3.95651,3.95556,0.71389
1424.0,0.0000,3.95623,3.95534,0.71389
1425.0,0.0000,3.95602,3.95514,0.71389
1426.0,0.0000,3.95586,3.95495,0.71389
1427.0,0.0000,3.95574,3.95477,0.71389
1428.0,0.0000,3.95564,3.95460,0.71389
1429.0,0.0000,3.95556,3.95445,0.71389
1430.0,0.0000,3.95550,3.95430,0.71389
1431.0,0.0000,3.95546,3.95417,0.71389
1432.0,0.0000,3.95543,3.95404,0.71389
1433.0,0.0000,3.95540,3.95393,0.71389
1434.0,0.0000,3.95539,3.95382,0.71389
1435.0,0.0000,3.95538,3.95372,0.71389
1436.0,0.0000,3.95538,3.95363,0.71389
1437.0,0.0000,3.95538,3.95354,0.71389
1438.0,0.0000,3.95539,3.95346,0.71389
1439.0,0.0000,3.95540,3.95339,0.71389
1440.0,0.0000,3.95542,3.95332,0.71389
1441.0,0.0000,3.95543,3.95326,0.71389
1442.0,0.0000,3.95545,3.95320,0.71389
1443.0,0.0000,3.95547,3.95314,0.71389
1444.0,0.0000,3.95550,3.95309,0.71389
1445.0,0.0000,3.95552,3.95305,0.71389
1446.0,0.0000,3.95555,3.95301,0.71389
1447.0,0.0000,3.95557,3.95297,0.71389
1448.0,0.0000,3.95560,3.95293,0.71389
1449.0,0.0000,3.95563,3.95290,0.71389
1450.0,0.0000,3.95566,3.95287,0.71389
1451.0,0.0000,3.95569,3.95285,0.71389
1452.0,0.0000,3.95572,3.95282,0.71389
1453.0,0.0000,3.95576,3.95280,0.71389
1454.0,0.0000,3.95579,3.95278,0.71389
1455.0,0.0000,3.95582,3.95276,0.71389
1456.0,0.0000,3.95585,3.95275,0.71389
1457.0,0.0000,3.95589,3.95273,0.71389
1458.0,0.0000,3.95592,3.95272,0.71389
1459.0,0.0000,3.95595,3.95271,0.71389
1460.0,20.0000,3.77289,3.76228,0.71389
1461.0,20.0000,3.76721,3.75852,0.71278
1462.0,20.0000,3.76254,3.75492,0.71167
1463.0,20.0000,3.75850,3.75148,0.71056
1464.0,20.0000,3.75487,3.74819,0.70944
1465.0,0.0000,3.93373,3.93545,0.70833
1466.0,0.0000,3.93664,3.93620,0.70833
1467.0,0.0000,3.93857,3.93690,0.70833
1468.0,0.0000,3.93999,3.93755,0.70833
1469.0,0.0000,3.94110,3.93817,0.70833
1470.0,0.0000,3.94199,3.93874,0.70833
1471.0,0.0000,3.94274,3.93928,0.70833
1472.0,0.0000,3.94337,3.93979,0.70833
1473.0,0.0000,3.94391,3.94026,0.70833
1474.0,0.0000,3.94438,3.94071,0.70833
1475.0,0.0000,3.94481,3.94113,0.70833
1476.0,0.0000,3.94518,3.94152,0.70833
1477.0,0.0000,3.94552,3.94189,0.70833
1478.0,0.0000,3.94583,3.94223,0.70833
1479.0,0.0000,3.94612,3.94255,0.70833
1480.0,0.0000,3.94638,3.94286,0.70833
1481.0,0.0000,3.94662,3.94314,0.70833
1482.0,0.0000,3.94684,3.94341,0.70833
1483.0,0.0000,3.94705,3.94366,0.70833
1484.0,0.0000,3.94725,3.94390,0.70833
1485.0,0.0000,3.94743,3.94412,0.70833
1486.0,0.0000,3.94761,3.94433,0.70833
1487.0,0.0000,3.94777,3.94452,0.70833
1488.0,0.0000,3.94793,3.94470,0.70833
1489.0,0.0000,3.94807,3.94488,0.70833
1490.0,0.0000,3.94821,3.94504,0.70833
1491.0,0.0000,3.94835,3.94519,0.70833
1492.0,0.0000,3.94848,3.94534,0.70833
1493.0,0.0000,3.94860,3.94547,0.70833
1494.0,0.0000,3.94872,3.94560,0.70833
1495.0,0.0000,3.94883,3.94572,0.70833
1496.0,0.0000,3.94894,3.94583,0.70833
1497.0,0.0000,3.94904,3.94594,0.70833
1498.0,0.0000,3.94914,3.94604,0.70833
1499.0,0.0000,3.94924,3.94614,0.70833
1500.0,0.0000,3.94934,3.94623,0.70833
1501.0,0.0000,3.94943,3.94631,0.70833
1502.0,0.0000,3.94951,3.94639,0.70833
1503.0,0.0000,3.94960,3.94647,0.70833
1504.0,0.0000,3.94968,3.94654,0.70833
1505.0,5.0000,3.90034,3.89900,0.70833
1506.0,5.0000,3.89893,3.89812,0.70806
1507.0,5.0000,3.89778,3.89728,0.70778
1508.0,5.0000,3.89680,3.89648,0.70750
1509.0,5.0000,3.89593,3.89571,0.70722
1510.0,5.0000,3.89514,3.89497,0.70694
1511.0,5.0000,3.89441,3.89426,0.70667
1512.0,5.0000,3.89373,3.89358,0.70639
1513.0,5.0000,3.89309,3.89292,0.70611
1514.0,5.0000,3.89248,3.89229,0.70583
1515.0,5.0000,3.89189,3.89168,0.70556
1516.0,5.0000,3.89133,3.89110,0.70528
1517.0,5.0000,3.89079,3.89053,0.70500
1518.0,5.0000,3.89027,3.88998,0.70472
1519.0,5.0000,3.88976,3.88945,0.70444
1520.0,5.0000,3.88927,3.88894,0.70417
1521.0,5.0000,3.88878,3.88844,0.70389
1522.0,5.0000,3.88831,3.88795,0.70361
1523.0,5.0000,3.88785,3.88748,0.70333
1524.0,5.0000,3.88740,3.88702,0.70306
1525.0,5.0000,3.88695,3.88657,0.70278
1526.0,5.0000,3.88652,3.88613,0.70250
1527.0,5.0000,3.88609,3.88570,0.70222
1528.0,5.0000,3.88566,3.88528,0.70194
1529.0,5.0000,3.88524,3.88487,0.70167
1530.0,5.0000,3.88483,3.88447,0.70139
1531.0,5.0000,3.88442,3.88408,0.70111
1532.0,5.0000,3.88402,3.88369,0.70083
1533.0,5.0000,3.88362,3.88331,0.70056
1534.0,5.0000,3.88322,3.88293,0.70028
1535.0,5.0000,3.88283,3.88257,0.70000
1536.0,5.0000,3.88244,3.88220,0.69972
1537.0,5.0000,3.88206,3.88184,0.69944
1538.0,5.0000,3.88167,3.88149,0.69917
1539.0,5.0000,3.88129,3.88114,0.69889
1540.0,5.0000,3.88092,3.88079,0.69861
1541.0,5.0000,3.88054,3.88045,0.69833
1542.0,5.0000,3.88017,3.88011,0.69806
1543.0,5.0000,3.87980,3.87978,0.69778
1544.0,5.0000,3.87943,3.87944,0.69750
1545.0,5.0000,3.87907,3.87911,0.69722
1546.0,5.0000,3.87871,3.87878,0.69694
1547.0,5.0000,3.87834,3.87846,0.69667
1548.0,5.0000,3.87798,3.87814,0.69639
1549.0,5.0000,3.87762,3.87781,0.69611
1550.0,5.0000,3.87727,3.87749,0.69583
1551.0,5.0000,3.87691,3.87718,0.69556
1552.0,5.0000,3.87655,3.87686,0.69528
1553.0,5.0000,3.87620,3.87654,0.69500
1554.0,5.0000,3.87585,3.87623,0.69472
1555.0,5.0000,3.87549,3.87591,0.69444
1556.0,5.0000,3.87514,3.87560,0.69417
1557.0,5.0000,3.87479,3.87529,0.69389
1558.0,5.0000,3.87444,3.87498,0.69361
1559.0,5.0000,3.87410,3.87467,0.69333
1560.0,5.0000,3.87375,3.87436,0.69306
1561.0,5.0000,3.87340,3.87405,0.69278
1562.0,5.0000,3.87305,3.87374,0.69250
1563.0,5.0000,3.87271,3.87343,0.69222
1564.0,5.0000,3.87236,3.87312,0.69194
1565.0,5.0000,3.87202,3.87282,0.69167
1566.0,5.0000,3.87167,3.87251,0.69139
1567.0,5.0000,3.87133,3.87220,0.69111
1568.0,5.0000,3.87098,3.87189,0.69083
1569.0,5.0000,3.87064,3.87159,0.69056
1570.0,5.0000,3.87030,3.87128,0.69028
1571.0,5.0000,3.86996,3.87097,0.69000
1572.0,5.0000,3.86961,3.87066,0.68972
1573.0,5.0000,3.86927,3.87036,0.68944
1574.0,5.0000,3.86893,3.87005,0.68917
1575.0,5.0000,3.86859,3.86974,0.68889
1576.0,5.0000,3.86824,3.86943,0.68861
1577.0,5.0000,3.86790,3.86912,0.68833
1578.0,5.0000,3.86756,3.86881,0.68806
1579.0,5.0000,3.86722,3.86850,0.68778
1580.0,5.0000,3.86688,3.86819,0.68750
1581.0,5.0000,3.86654,3.86788,0.68722
1582.0,5.0000,3.86619,3.86757,0.68694
1583.0,5.0000,3.86585,3.86726,0.68667
1584.0,5.0000,3.86551,3.86695,0.68639
1585.0,5.0000,3.86517,3.86664,0.68611
1586.0,5.0000,3.86483,3.86633,0.68583
1587.0,5.0000,3.86449,3.86601,0.68556
1588.0,5.0000,3.86414,3.86570,0.68528
1589.0,5.0000,3.86380,3.86539,0.68500
1590.0,5.0000,3.86346,3.86507,0.68472
1591.0,5.0000,3.86312,3.86476,0.68444
1592.0,5.0000,3.86277,3.86444,0.68417
1593.0,5.0000,3.86243,3.86413,0.68389
1594.0,5.0000,3.86209,3.86381,0.68361
1595.0,5.0000,3.86175,3.86349,0.68333
1596.0,5.0000,3.86140,3.86318,0.68306
1597.0,5.0000,3.86106,3.86286,0.68278
1598.0,5.0000,3.86072,3.86254,0.68250
1599.0,5.0000,3.86037,3.86222,0.68222
1600.0,5.0000,3.86003,3.86190,0.68194
1601.0,5.0000,3.85969,3.86158,0.68167
1602.0,5.0000,3.85934,3.86126,0.68139
1603.0,5.0000,3.85900,3.86094,0.68111
1604.0,5.0000,3.85865,3.86061,0.68083
1605.0,5.0000,3.85831,3.86029,0.68056
1606.0,5.0000,3.85796,3.85997,0.68028
1607.0,5.0000,3.85762,3.85964,0.68000
1608.0,5.0000,3.85727,3.85932,0.67972
1609.0,5.0000,3.85693,3.85899,0.67944
1610.0,5.0000,3.85658,3.85867,0.67917
1611.0,5.0000,3.85624,3.85834,0.67889
1612.0,5.0000,3.85589,3.85802,0.67861
1613.0,5.0000,3.85554,3.85769,0.67833
1614.0,5.0000,3.85520,3.85736,0.67806
1615.0,5.0000,3.85485,3.85703,0.67778
1616.0,5.0000,3.85450,3.85670,0.67750
1617.0,5.0000,3.85416,3.85637,0.67722
1618.0,5.0000,3.85381,3.85604,0.67694
1619.0,5.0000,3.85346,3.85571,0.67667
1620.0,5.0000,3.85311,3.85538,0.67639
1621.0,5.0000,3.85276,3.85505,0.67611
1622.0,5.0000,3.85242,3.85472,0.67583
1623.0,5.0000,3.85207,3.85438,0.67556
1624.0,5.0000,3.85172,3.85405,0.67528
1625.0,5.0000,3.85137,3.85371,0.67500
1626.0,5.0000,3.85102,3.85338,0.67472
1627.0,5.0000,3.85067,3.85304,0.67444
1628.0,5.0000,3.85032,3.85271,0.67417
1629.0,5.0000,3.84997,3.85237,0.67389
1630.0,5.0000,3.84962,3.85204,0.67361
1631.0,5.0000,3.84927,3.85170,0.67333
1632.0,5.0000,3.84892,3.85136,0.67306
1633.0,5.0000,3.84857,3.85102,0.67278
1634.0,5.0000,3.84822,3.85068,0.67250
1635.0,5.0000,3.84787,3.85034,0.67222
1636.0,5.0000,3.84752,3.85000,0.67194
1637.0,5.0000,3.84717,3.84966,0.67167
1638.0,5.0000,3.84682,3.84932,0.67139
1639.0,5.0000,3.84647,3.84898,0.67111
1640.0,5.0000,3.84612,3.84864,0.67083
1641.0,5.0000,3.84577,3.84830,0.67056
1642.0,5.0000,3.84542,3.84796,0.67028
1643.0,5.0000,3.84507,3.84762,0.67000
1644.0,5.0000,3.84472,3.84727,0.66972
1645.0,5.0000,3.84437,3.84693,0.66944
1646.0,5.0000,3.84402,3.84659,0.66917
1647.0,5.0000,3.84367,3.84624,0.66889
1648.0,5.0000,3.84331,3.84590,0.66861
1649.0,5.0000,3.84296,3.84555,0.66833
1650.0,5.0000,3.84261,3.84521,0.66806
1651.0,5.0000,3.84226,3.84486,0.66778
1652.0,5.0000,3.84191,3.84452,0.66750
1653.0,5.0000,3.84156,3.84417,0.66722
1654.0,5.0000,3.84121,3.84383,0.66694
1655.0,5.0000,3.84086,3.84348,0.66667
1656.0,5.0000,3.84051,3.84314,0.66639
1657.0,5.0000,3.84016,3.84279,0.66611
1658.0,5.0000,3.83981,3.84244,0.66583
1659.0,5.0000,3.83946,3.84210,0.66556
1660.0,5.0000,3.83911,3.84175,0.66528
1661.0,5.0000,3.83876,3.84140,0.66500
1662.0,5.0000,3.83841,3.84105,0.66472
1663.0,5.0000,3.83806,3.84071,0.66444
1664.0,5.0000,3.83771,3.84036,0.66417
1665.0,5.0000,3.83736,3.84001,0.66389
1666.0,5.0000,3.83702,3.83966,0.66361
1667.0,5.0000,3.83667,3.83932,0.66333
1668.0,5.0000,3.83632,3.83897,0.66306
1669.0,5.0000,3.83597,3.83862,0.66278
1670.0,5.0000,3.83562,3.83827,0.66250
1671.0,5.0000,3.83528,3.83792,0.66222
1672.0,5.0000,3.83493,3.83758,0.66194
1673.0,5.0000,3.83458,3.83723,0.66167
1674.0,5.0000,3.83424,3.83688,0.66139
1675.0,5.0000,3.83389,3.83653,0.66111
1676.0,5.0000,3.83354,3.83619,0.66083
1677.0,5.0000,3.83320,3.83584,0.66056
1678.0,5.0000,3.83285,3.83549,0.66028
1679.0,5.0000,3.83251,3.83514,0.66000
1680.0,5.0000,3.83216,3.83480,0.65972
1681.0,5.0000,3.83182,3.83445,0.65944
1682.0,5.0000,3.83148,3.83410,0.65917
1683.0,5.0000,3.83113,3.83375,0.65889
1684.0,5.0000,3.83079,3.83341,0.65861
1685.0,10.0000,3.78362,3.78546,0.65833
1686.0,10.0000,3.78146,3.78409,0.65778
1687.0,10.0000,3.77973,3.78276,0.65722
1688.0,10.0000,3.77820,3.78147,0.65667
1689.0,10.0000,3.77681,3.78022,0.65611
1690.0,10.0000,3.77551,3.77901,0.65556
1691.0,10.0000,3.77429,3.77783,0.65500
1692.0,10.0000,3.77312,3.77668,0.65444
1693.0,10.0000,3.77200,3.77557,0.65389
1694.0,10.0000,3.77092,3.77448,0.65333
1695.0,0.0000,3.86553,3.86863,0.65278
1696.0,0.0000,3.86807,3.86963,0.65278
1697.0,0.0000,3.86984,3.87057,0.65278
1698.0,0.0000,3.87122,3.87144,0.65278
1699.0,0.0000,3.87237,3.87227,0.65278
1700.0,0.0000,3.87334,3.87304,0.65278
1701.0,0.0000,3.87419,3.87376,0.65278
1702.0,0.0000,3.87494,3.87444,0.65278
1703.0,0.0000,3.87561,3.87508,0.65278
1704.0,0.0000,3.87622,3.87568,0.65278
1705.0,0.0000,3.87678,3.87623,0.65278
1706.0,0.0000,3.87730,3.87676,0.65278
1707.0,0.0000,3.87777,3.87725,0.65278
1708.0,0.0000,3.87821,3.87771,0.65278
1709.0,0.0000,3.87863,3.87814,0.65278
1710.0,0.0000,3.87901,3.87855,0.65278
1711.0,0.0000,3.87938,3.87893,0.65278
1712.0,0.0000,3.87972,3.87929,0.65278
1713.0,0.0000,3.88005,3.87962,0.65278
1714.0,0.0000,3.88036,3.87994,0.65278
1715.0,0.0000,3.88065,3.88024,0.65278
1716.0,0.0000,3.88093,3.88051,0.65278
1717.0,0.0000,3.88120,3.88077,0.65278
1718.0,0.0000,3.88146,3.88102,0.65278
1719.0,0.0000,3.88170,3.88125,0.65278
1720.0,0.0000,3.88194,3.88147,0.65278
1721.0,0.0000,3.88217,3.88167,0.65278
1722.0,0.0000,3.88238,3.88186,0.65278
1723.0,0.0000,3.88259,3.88204,0.65278
1724.0,0.0000,3.88279,3.88221,0.65278
1725.0,0.0000,3.88299,3.88237,0.65278
1726.0,0.0000,3.88318,3.88252,0.65278
1727.0,0.0000,3.88336,3.88266,0.65278
1728.0,0.0000,3.88353,3.88280,0.65278
1729.0,0.0000,3.88370,3.88292,0.65278
1730.0,0.0000,3.88387,3.88304,0.65278
1731.0,0.0000,3.88403,3.88316,0.65278
1732.0,0.0000,3.88418,3.88326,0.65278
1733.0,0.0000,3.88433,3.88336,0.65278
1734.0,0.0000,3.88448,3.88346,0.65278
1735.0,-5.0000,3.93350,3.93115,0.65278
1736.0,-5.0000,3.93547,3.93225,0.65306
1737.0,-5.0000,3.93702,3.93331,0.65333
1738.0,-5.0000,3.93836,3.93432,0.65361
1739.0,-5.0000,3.93957,3.93529,0.65389
1740.0,-5.0000,3.94068,3.93622,0.65417
1741.0,-5.0000,3.94171,3.93712,0.65444
1742.0,-5.0000,3.94269,3.93799,0.65472
1743.0,-5.0000,3.94362,3.93882,0.65500
1744.0,-5.0000,3.94451,3.93962,0.65528
1745.0,0.0000,3.89642,3.89279,0.65556
1746.0,0.0000,3.89539,3.89252,0.65556
1747.0,0.0000,3.89477,3.89227,0.65556
1748.0,0.0000,3.89433,3.89203,0.65556
1749.0,0.0000,3.89400,3.89181,0.65556
1750.0,0.0000,3.89375,3.89161,0.65556
1751.0,0.0000,3.89356,3.89142,0.65556
1752.0,0.0000,3.89340,3.89124,0.65556
1753.0,0.0000,3.89328,3.89107,0.65556
1754.0,0.0000,3.89318,3.89092,0.65556
1755.0,0.0000,3.89310,3.89078,0.65556
1756.0,0.0000,3.89304,3.89064,0.65556
1757.0,0.0000,3.89299,3.89052,0.65556
1758.0,0.0000,3.89295,3.89040,0.65556
1759.0,0.0000,3.89292,3.89030,0.65556
1760.0,0.0000,3.89289,3.89020,0.65556
1761.0,0.0000,3.89288,3.89010,0.65556
1762.0,0.0000,3.89287,3.89002,0.65556
1763.0,0.0000,3.89286,3.88994,0.65556
1764.0,0.0000,3.89286,3.88987,0.65556
1765.0,0.0000,3.89286,3.88980,0.65556
1766.0,0.0000,3.89287,3.88974,0.65556
1767.0,0.0000,3.89288,3.88968,0.65556
1768.0,0.0000,3.89289,3.88962,0.65556
1769.0,0.0000,3.89290,3.88958,0.65556
1770.0,0.0000,3.89292,3.88953,0.65556
1771.0,0.0000,3.89294,3.88949,0.65556
1772.0,0.0000,3.89296,3.88945,0.65556
1773.0,0.0000,3.89298,3.88942,0.65556
1774.0,0.0000,3.89300,3.88939,0.65556
1775.0,0.0000,3.89302,3.88936,0.65556
1776.0,0.0000,3.89304,3.88933,0.65556
1777.0,0.0000,3.89307,3.88931,0.65556
1778.0,0.0000,3.89309,3.88929,0.65556
1779.0,0.0000,3.89312,3.88927,0.65556
1780.0,0.0000,3.89314,3.88925,0.65556
1781.0,0.0000,3.89317,3.88923,0.65556
1782.0,0.0000,3.89320,3.88922,0.65556
1783.0,0.0000,3.89322,3.88921,0.65556
1784.0,0.0000,3.89325,3.88920,0.65556
1785.0,20.0000,3.71166,3.69877,0.65556
1786.0,20.0000,3.70455,3.69468,0.65444
1787.0,20.0000,3.69912,3.69076,0.65333
1788.0,20.0000,3.69453,3.68700,0.65222
1789.0,20.0000,3.69047,3.68341,0.65111
1790.0,0.0000,3.86810,3.87039,0.65000
1791.0,0.0000,3.87157,3.87113,0.65000
1792.0,0.0000,3.87374,3.87183,0.65000
1793.0,0.0000,3.87532,3.87249,0.65000
1794.0,0.0000,3.87653,3.87310,0.65000
1795.0,0.0000,3.87750,3.87368,0.65000
1796.0,0.0000,3.87830,3.87422,0.65000
1797.0,0.0000,3.87897,3.87473,0.65000
1798.0,0.0000,3.87955,3.87520,0.65000
1799.0,0.0000,3.88005,3.87565,0.65000
1800.0,0.0000,3.88050,3.87607,0.65000
1801.0,0.0000,3.88089,3.87646,0.65000
1802.0,0.0000,3.88125,3.87683,0.65000
1803.0,0.0000,3.88157,3.87717,0.65000
1804.0,0.0000,3.88186,3.87750,0.65000
1805.0,0.0000,3.88213,3.87780,0.65000
1806.0,0.0000,3.88238,3.87808,0.65000
1807.0,0.0000,3.88261,3.87835,0.65000
1808.0,0.0000,3.88283,3.87860,0.65000
1809.0,0.0000,3.88303,3.87884,0.65000
1810.0,0.0000,3.88321,3.87906,0.65000
1811.0,0.0000,3.88339,3.87927,0.65000
1812.0,0.0000,3.88355,3.87947,0.65000
1813.0,0.0000,3.88371,3.87965,0.65000
1814.0,0.0000,3.88386,3.87983,0.65000
1815.0,0.0000,3.88400,3.87999,0.65000
1816.0,0.0000,3.88413,3.88014,0.65000
1817.0,0.0000,3.88426,3.88029,0.65000
1818.0,0.0000,3.88438,3.88042,0.65000
1819.0,0.0000,3.88449,3.88055,0.65000
1820.0,0.0000,3.88460,3.88067,0.65000
1821.0,0.0000,3.88471,3.88079,0.65000
1822.0,0.0000,3.88481,3.88089,0.65000
1823.0,0.0000,3.88491,3.88099,0.65000
1824.0,0.0000,3.88500,3.88109,0.65000
1825.0,0.0000,3.88509,3.88118,0.65000
1826.0,0.0000,3.88518,3.88127,0.65000
1827.0,0.0000,3.88526,3.88135,0.65000
1828.0,0.0000,3.88534,3.88142,0.65000
1829.0,0.0000,3.88542,3.88150,0.65000
1830.0,5.0000,3.83666,3.83396,0.65000
1831.0,5.0000,3.83496,3.83301,0.64972
1832.0,5.0000,3.83366,3.83210,0.64944
1833.0,5.0000,3.83256,3.83123,0.64917
1834.0,5.0000,3.83159,3.83039,0.64889
1835.0,5.0000,3.83072,3.82959,0.64861
1836.0,5.0000,3.82991,3.82882,0.64833
1837.0,5.0000,3.82915,3.82807,0.64806
1838.0,5.0000,3.82844,3.82735,0.64778
1839.0,5.0000,3.82776,3.82666,0.64750
1840.0,5.0000,3.82712,3.82599,0.64722
1841.0,5.0000,3.82650,3.82535,0.64694
1842.0,5.0000,3.82590,3.82472,0.64667
1843.0,5.0000,3.82532,3.82412,0.64639
1844.0,5.0000,3.82476,3.82353,0.64611
1845.0,5.0000,3.82422,3.82296,0.64583
1846.0,5.0000,3.82369,3.82241,0.64556
1847.0,5.0000,3.82317,3.82187,0.64528
1848.0,5.0000,3.82266,3.82134,0.64500
1849.0,5.0000,3.82216,3.82083,0.64472
1850.0,5.0000,3.82168,3.82034,0.64444
1851.0,5.0000,3.82120,3.81985,0.64417
1852.0,5.0000,3.82073,3.81938,0.64389
1853.0,5.0000,3.82027,3.81891,0.64361
1854.0,5.0000,3.81981,3.81846,0.64333
1855.0,5.0000,3.81937,3.81801,0.64306
1856.0,5.0000,3.81893,3.81758,0.64278
1857.0,5.0000,3.81849,3.81715,0.64250
1858.0,5.0000,3.81806,3.81673,0.64222
1859.0,5.0000,3.81764,3.81632,0.64194
1860.0,5.0000,3.81722,3.81591,0.64167
1861.0,5.0000,3.81680,3.81551,0.64139
1862.0,5.0000,3.81639,3.81512,0.64111
1863.0,5.0000,3.81599,3.81473,0.64083
1864.0,5.0000,3.81558,3.81435,0.64056
1865.0,5.0000,3.81519,3.81397,0.64028
1866.0,5.0000,3.81479,3.81360,0.64000
1867.0,5.0000,3.81440,3.81324,0.63972
1868.0,5.0000,3.81401,3.81287,0.63944
1869.0,5.0000,3.81363,3.81252,0.63917
1870.0,5.0000,3.81325,3.81216,0.63889
1871.0,5.0000,3.81287,3.81181,0.63861
1872.0,5.0000,3.81250,3.81147,0.63833
1873.0,5.0000,3.81213,3.81112,0.63806
1874.0,5.0000,3.81176,3.81078,0.63778
1875.0,5.0000,3.81139,3.81045,0.63750
1876.0,5.0000,3.81103,3.81011,0.63722
1877.0,5.0000,3.81067,3.80978,0.63694
1878.0,5.0000,3.81031,3.80945,0.63667
1879.0,5.0000,3.80995,3.80913,0.63639
1880.0,5.0000,3.80960,3.80880,0.63611
1881.0,5.0000,3.80925,3.80848,0.63583
1882.0,5.0000,3.80890,3.80816,0.63556
1883.0,5.0000,3.80855,3.80785,0.63528
1884.0,5.0000,3.80821,3.80753,0.63500
1885.0,5.0000,3.80786,3.80722,0.63472
1886.0,5.0000,3.80752,3.80691,0.63444
1887.0,5.0000,3.80718,3.80660,0.63417
1888.0,5.0000,3.80685,3.80630,0.63389
1889.0,5.0000,3.80651,3.80599,0.63361
1890.0,5.0000,3.80618,3.80569,0.63333
1891.0,5.0000,3.80585,3.80539,0.63306
1892.0,5.0000,3.80552,3.80509,0.63278
1893.0,5.0000,3.80519,3.80479,0.63250
1894.0,5.0000,3.80486,3.80449,0.63222
1895.0,5.0000,3.80453,3.80419,0.63194
1896.0,5.0000,3.80421,3.80390,0.63167
1897.0,5.0000,3.80389,3.80361,0.63139
1898.0,5.0000,3.80357,3.80331,0.63111
1899.0,5.0000,3.80325,3.80302,0.63083
1900.0,5.0000,3.80293,3.80273,0.63056
1901.0,5.0000,3.80261,3.80245,0.63028
1902.0,5.0000,3.80230,3.80216,0.63000
1903.0,5.0000,3.80198,3.80187,0.62972
1904.0,5.0000,3.80167,3.80159,0.62944
1905.0,5.0000,3.80136,3.80130,0.62917
1906.0,5.0000,3.80105,3.80102,0.62889
1907.0,5.0000,3.80074,3.80074,0.62861
1908.0,5.0000,3.80043,3.80046,0.62833
1909.0,5.0000,3.80013,3.80018,0.62806
1910.0,5.0000,3.79982,3.79990,0.62778
1911.0,5.0000,3.79952,3.79962,0.62750
1912.0,5.0000,3.79921,3.79935,0.62722
1913.0,5.0000,3.79891,3.79907,0.62694
1914.0,5.0000,3.79861,3.79880,0.62667
1915.0,5.0000,3.79831,3.79852,0.62639
1916.0,5.0000,3.79801,3.79825,0.62611
1917.0,5.0000,3.79772,3.79798,0.62583
1918.0,5.0000,3.79742,3.79770,0.62556
1919.0,5.0000,3.79712,3.79743,0.62528
1920.0,5.0000,3.79683,3.79716,0.62500
1921.0,5.0000,3.79654,3.79690,0.62472
1922.0,5.0000,3.79624,3.79663,0.62444
1923.0,5.0000,3.79595,3.79636,0.62417
1924.0,5.0000,3.79566,3.79609,0.62389
1925.0,5.0000,3.79537,3.79583,0.62361
1926.0,5.0000,3.79508,3.79556,0.62333
1927.0,5.0000,3.79480,3.79530,0.62306
1928.0,5.0000,3.79451,3.79503,0.62278
1929.0,5.0000,3.79422,3.79477,0.62250
1930.0,5.0000,3.79394,3.79451,0.62222
1931.0,5.0000,3.79365,3.79425,0.62194
1932.0,5.0000,3.79337,3.79398,0.62167
1933.0,5.0000,3.79309,3.79372,0.62139
1934.0,5.0000,3.79280,3.79346,0.62111
1935.0,5.0000,3.79252,3.79321,0.62083
1936.0,5.0000,3.79224,3.79295,0.62056
1937.0,5.0000,3.79196,3.79269,0.62028
1938.0,5.0000,3.79168,3.79243,0.62000
1939.0,5.0000,3.79140,3.79217,0.61972
1940.0,5.0000,3.79113,3.79192,0.61944
1941.0,5.0000,3.79085,3.79166,0.61917
1942.0,5.0000,3.79057,3.79141,0.61889
1943.0,5.0000,3.79030,3.79115,0.61861
1944.0,5.0000,3.79002,3.79090,0.61833
1945.0,5.0000,3.78975,3.79065,0.61806
1946.0,5.0000,3.78947,3.79040,0.61778
1947.0,5.0000,3.78920,3.79014,0.61750
1948.0,5.0000,3.78893,3.78989,0.61722
1949.0,5.0000,3.78866,3.78964,0.61694
1950.0,5.0000,3.78838,3.78939,0.61667
1951.0,5.0000,3.78811,3.78914,0.61639
1952.0,5.0000,3.78784,3.78889,0.61611
1953.0,5.0000,3.78757,3.78864,0.61583
1954.0,5.0000,3.78731,3.78839,0.61556
1955.0,5.0000,3.78704,3.78815,0.61528
1956.0,5.0000,3.78677,3.78790,0.61500
1957.0,5.0000,3.78650,3.78765,0.61472
1958.0,5.0000,3.78623,3.78741,0.61444
1959.0,5.0000,3.78597,3.78716,0.61417
1960.0,5.0000,3.78570,3.78691,0.61389
1961.0,5.0000,3.78544,3.78667,0.61361
1962.0,5.0000,3.78517,3.78642,0.61333
1963.0,5.0000,3.78491,3.78618,0.61306
1964.0,5.0000,3.78464,3.78594,0.61278
1965.0,5.0000,3.78438,3.78569,0.61250
1966.0,5.0000,3.78412,3.78545,0.61222
1967.0,5.0000,3.78385,3.78521,0.61194
1968.0,5.0000,3.78359,3.78497,0.61167
1969.0,5.0000,3.78333,3.78472,0.61139
1970.0,5.0000,3.78307,3.78448,0.61111
1971.0,5.0000,3.78281,3.78424,0.61083
1972.0,5.0000,3.78255,3.78400,0.61056
1973.0,5.0000,3.78228,3.78376,0.61028
1974.0,5.0000,3.78202,3.78352,0.61000
1975.0,5.0000,3.78176,3.78328,0.60972
1976.0,5.0000,3.78151,3.78304,0.60944
1977.0,5.0000,3.78125,3.78280,0.60917
1978.0,5.0000,3.78099,3.78257,0.60889
1979.0,5.0000,3.78073,3.78233,0.60861
1980.0,5.0000,3.78047,3.78209,0.60833
1981.0,5.0000,3.78021,3.78185,0.60806
1982.0,5.0000,3.77996,3.78161,0.60778
1983.0,5.0000,3.77970,3.78138,0.60750
1984.0,5.0000,3.77944,3.78114,0.60722
1985.0,5.0000,3.77919,3.78091,0.60694
1986.0,5.0000,3.77893,3.78067,0.60667
1987.0,5.0000,3.77867,3.78043,0.60639
1988.0,5.0000,3.77842,3.78020,0.60611
1989.0,5.0000,3.77816,3.77996,0.60583
1990.0,5.0000,3.77791,3.77973,0.60556
1991.0,5.0000,3.77765,3.77949,0.60528
1992.0,5.0000,3.77740,3.77926,0.60500
1993.0,5.0000,3.77714,3.77903,0.60472
1994.0,5.0000,3.77689,3.77879,0.60444
1995.0,5.0000,3.77664,3.77856,0.60417
1996.0,5.0000,3.77638,3.77833,0.60389
1997.0,5.0000,3.77613,3.77809,0.60361
1998.0,5.0000,3.77587,3.77786,0.60333
1999.0,5.0000,3.77562,3.77763,0.60306
2000.0,5.0000,3.77537,3.77739,0.60278
2001.0,5.0000,3.77512,3.77716,0.60250
2002.0,5.0000,3.77486,3.77693,0.60222
2003.0,5.0000,3.77461,3.77670,0.60194
2004.0,5.0000,3.77436,3.77647,0.60167
2005.0,5.0000,3.77411,3.77624,0.60139
2006.0,5.0000,3.77385,3.77600,0.60111
2007.0,5.0000,3.77360,3.77577,0.60083
2008.0,5.0000,3.77335,3.77554,0.60056
2009.0,5.0000,3.77310,3.77531,0.60028
2010.0,10.0000,3.72602,3.72748,0.60000
2011.0,10.0000,3.72427,3.72634,0.59944
2012.0,10.0000,3.72277,3.72524,0.59889
2013.0,10.0000,3.72143,3.72418,0.59833
2014.0,10.0000,3.72019,3.72316,0.59778
2015.0,10.0000,3.71904,3.72218,0.59722
2016.0,10.0000,3.71795,3.72123,0.59667
2017.0,10.0000,3.71691,3.72031,0.59611
2018.0,10.0000,3.71591,3.71942,0.59556
2019.0,10.0000,3.71494,3.71856,0.59500
2020.0,0.0000,3.80986,3.81293,0.59444
2021.0,0.0000,3.81197,3.81393,0.59444
2022.0,0.0000,3.81359,3.81487,0.59444
2023.0,0.0000,3.81491,3.81575,0.59444
2024.0,0.0000,3.81601,3.81657,0.59444
2025.0,0.0000,3.81695,3.81734,0.59444
2026.0,0.0000,3.81778,3.81807,0.59444
2027.0,0.0000,3.81851,3.81875,0.59444
2028.0,0.0000,3.81917,3.81938,0.59444
2029.0,0.0000,3.81978,3.81998,0.59444
2030.0,0.0000,3.82033,3.82054,0.59444
2031.0,0.0000,3.82084,3.82107,0.59444
2032.0,0.0000,3.82131,3.82156,0.59444
2033.0,0.0000,3.82176,3.82202,0.59444
2034.0,0.0000,3.82217,3.82245,0.59444
2035.0,0.0000,3.82256,3.82286,0.59444
2036.0,0.0000,3.82293,3.82324,0.59444
2037.0,0.0000,3.82328,3.82360,0.59444
2038.0,0.0000,3.82362,3.82393,0.59444
2039.0,0.0000,3.82393,3.82425,0.59444
2040.0,0.0000,3.82423,3.82454,0.59444
2041.0,0.0000,3.82452,3.82482,0.59444
2042.0,0.0000,3.82480,3.82508,0.59444
2043.0,0.0000,3.82506,3.82533,0.59444
2044.0,0.0000,3.82532,3.82556,0.59444
2045.0,0.0000,3.82556,3.82578,0.59444
2046.0,0.0000,3.82580,3.82598,0.59444
2047.0,0.0000,3.82603,3.82617,0.59444
2048.0,0.0000,3.82625,3.82636,0.59444
2049.0,0.0000,3.82646,3.82653,0.59444
2050.0,0.0000,3.82666,3.82669,0.59444
2051.0,0.0000,3.82686,3.82684,0.59444
2052.0,0.0000,3.82705,3.82698,0.59444
2053.0,0.0000,3.82724,3.82711,0.59444
2054.0,0.0000,3.82742,3.82724,0.59444
2055.0,0.0000,3.82759,3.82736,0.59444
2056.0,0.0000,3.82776,3.82747,0.59444
2057.0,0.0000,3.82793,3.82758,0.59444
2058.0,0.0000,3.82809,3.82768,0.59444
2059.0,0.0000,3.82825,3.82777,0.59444
2060.0,-5.0000,3.87701,3.87547,0.59444
2061.0,-5.0000,3.87855,3.87646,0.59472
2062.0,-5.0000,3.87985,3.87740,0.59500
2063.0,-5.0000,3.88098,3.87831,0.59528
2064.0,-5.0000,3.88201,3.87917,0.59556
2065.0,-5.0000,3.88295,3.87999,0.59583
2066.0,-5.0000,3.88382,3.88077,0.59611
2067.0,-5.0000,3.88465,3.88152,0.59639
2068.0,-5.0000,3.88543,3.88224,0.59667
2069.0,-5.0000,3.88617,3.88293,0.59694
2070.0,0.0000,3.83836,3.83599,0.59722
2071.0,0.0000,3.83767,3.83572,0.59722
2072.0,0.0000,3.83720,3.83547,0.59722
2073.0,0.0000,3.83686,3.83523,0.59722
2074.0,0.0000,3.83661,3.83501,0.59722
2075.0,0.0000,3.83641,3.83481,0.59722
2076.0,0.0000,3.83626,3.83462,0.59722
2077.0,0.0000,3.83615,3.83444,0.59722
2078.0,0.0000,3.83606,3.83427,0.59722
2079.0,0.0000,3.83599,3.83412,0.59722
2080.0,0.0000,3.83593,3.83398,0.59722
2081.0,0.0000,3.83589,3.83384,0.59722
2082.0,0.0000,3.83586,3.83372,0.59722
2083.0,0.0000,3.83584,3.83361,0.59722
2084.0,0.0000,3.83583,3.83350,0.59722
2085.0,0.0000,3.83583,3.83340,0.59722
2086.0,0.0000,3.83582,3.83331,0.59722
2087.0,0.0000,3.83583,3.83322,0.59722
2088.0,0.0000,3.83584,3.83314,0.59722
2089.0,0.0000,3.83585,3.83307,0.59722
2090.0,0.0000,3.83586,3.83300,0.59722
2091.0,0.0000,3.83588,3.83294,0.59722
2092.0,0.0000,3.83590,3.83288,0.59722
2093.0,0.0000,3.83592,3.83283,0.59722
2094.0,0.0000,3.83594,3.83278,0.59722
2095.0,0.0000,3.83597,3.83274,0.59722
2096.0,0.0000,3.83599,3.83270,0.59722
2097.0,0.0000,3.83602,3.83266,0.59722
2098.0,0.0000,3.83605,3.83263,0.59722
2099.0,0.0000,3.83607,3.83259,0.59722
2100.0,0.0000,3.83610,3.83257,0.59722
2101.0,0.0000,3.83613,3.83254,0.59722
2102.0,0.0000,3.83616,3.83252,0.59722
2103.0,0.0000,3.83619,3.83250,0.59722
2104.0,0.0000,3.83622,3.83248,0.59722
2105.0,0.0000,3.83625,3.83246,0.59722
2106.0,0.0000,3.83629,3.83245,0.59722
2107.0,0.0000,3.83632,3.83243,0.59722
2108.0,0.0000,3.83635,3.83242,0.59722
2109.0,0.0000,3.83638,3.83241,0.59722
2110.0,20.0000,3.65540,3.64198,0.59722
2111.0,20.0000,3.64969,3.63834,0.59611
2112.0,20.0000,3.64486,3.63487,0.59500
2113.0,20.0000,3.64059,3.63157,0.59389
2114.0,20.0000,3.63671,3.62841,0.59278
2115.0,0.0000,3.81518,3.81581,0.59167
2116.0,0.0000,3.81783,3.81656,0.59167
2117.0,0.0000,3.81971,3.81726,0.59167
2118.0,0.0000,3.82112,3.81792,0.59167
2119.0,0.0000,3.82222,3.81853,0.59167
2120.0,0.0000,3.82311,3.81911,0.59167
2121.0,0.0000,3.82384,3.81965,0.59167
2122.0,0.0000,3.82447,3.82016,0.59167
2123.0,0.0000,3.82501,3.82063,0.59167
2124.0,0.0000,3.82548,3.82108,0.59167
2125.0,0.0000,3.82589,3.82150,0.59167
2126.0,0.0000,3.82626,3.82189,0.59167
2127.0,0.0000,3.82660,3.82226,0.59167
2128.0,0.0000,3.82690,3.82260,0.59167
2129.0,0.0000,3.82718,3.82293,0.59167
2130.0,0.0000,3.82744,3.82323,0.59167
2131.0,0.0000,3.82767,3.82352,0.59167
2132.0,0.0000,3.82789,3.82379,0.59167
2133.0,0.0000,3.82810,3.82404,0.59167
2134.0,0.0000,3.82829,3.82427,0.59167
2135.0,0.0000,3.82847,3.82450,0.59167
2136.0,0.0000,3.82864,3.82471,0.59167
2137.0,0.0000,3.82880,3.82490,0.59167
2138.0,0.0000,3.82896,3.82509,0.59167
2139.0,0.0000,3.82910,3.82526,0.59167
2140.0,0.0000,3.82924,3.82542,0.59167
2141.0,0.0000,3.82937,3.82558,0.59167
2142.0,0.0000,3.82950,3.82572,0.59167
2143.0,0.0000,3.82962,3.82586,0.59167
2144.0,0.0000,3.82973,3.82599,0.59167
2145.0,0.0000,3.82984,3.82611,0.59167
2146.0,0.0000,3.82995,3.82622,0.59167
2147.0,0.0000,3.83005,3.82633,0.59167
2148.0,0.0000,3.83015,3.82643,0.59167
2149.0,0.0000,3.83025,3.82653,0.59167
2150.0,0.0000,3.83034,3.82662,0.59167
2151.0,0.0000,3.83043,3.82670,0.59167
2152.0,0.0000,3.83051,3.82679,0.59167
2153.0,0.0000,3.83060,3.82686,0.59167
2154.0,0.0000,3.83068,3.82694,0.59167
2155.0,5.0000,3.78215,3.77940,0.59167
2156.0,5.0000,3.78083,3.77856,0.59139
2157.0,5.0000,3.77974,3.77775,0.59111
2158.0,5.0000,3.77880,3.77699,0.59083
2159.0,5.0000,3.77795,3.77625,0.59056
2160.0,5.0000,3.77718,3.77555,0.59028
2161.0,5.0000,3.77647,3.77488,0.59000
2162.0,5.0000,3.77581,3.77424,0.58972
2163.0,5.0000,3.77518,3.77363,0.58944
2164.0,5.0000,3.77459,3.77304,0.58917
2165.0,5.0000,3.77402,3.77247,0.58889
2166.0,5.0000,3.77347,3.77192,0.58861
2167.0,5.0000,3.77294,3.77140,0.58833
2168.0,5.0000,3.77243,3.77089,0.58806
2169.0,5.0000,3.77193,3.77040,0.58778
2170.0,5.0000,3.77145,3.76993,0.58750
2171.0,5.0000,3.77098,3.76947,0.58722
2172.0,5.0000,3.77052,3.76903,0.58694
2173.0,5.0000,3.77007,3.76860,0.58667
2174.0,5.0000,3.76963,3.76818,0.58639
2175.0,5.0000,3.76919,3.76778,0.58611
2176.0,5.0000,3.76877,3.76739,0.58583
2177.0,5.0000,3.76835,3.76700,0.58556
2178.0,5.0000,3.76794,3.76663,0.58528
2179.0,5.0000,3.76753,3.76627,0.58500
2180.0,5.0000,3.76713,3.76591,0.58472
2181.0,5.0000,3.76673,3.76556,0.58444
2182.0,5.0000,3.76634,3.76522,0.58417
2183.0,5.0000,3.76595,3.76489,0.58389
2184.0,5.0000,3.76557,3.76456,0.58361
2185.0,5.0000,3.76519,3.76424,0.58333
2186.0,5.0000,3.76482,3.76393,0.58306
2187.0,5.0000,3.76445,3.76362,0.58278
2188.0,5.0000,3.76408,3.76331,0.58250
2189.0,5.0000,3.76372,3.76301,0.58222
2190.0,5.0000,3.76335,3.76272,0.58194
2191.0,5.0000,3.76300,3.76243,0.58167
2192.0,5.0000,3.76264,3.76214,0.58139
2193.0,5.0000,3.76229,3.76186,0.58111
2194.0,5.0000,3.76194,3.76157,0.58083
2195.0,5.0000,3.76159,3.76130,0.58056
2196.0,5.0000,3.76124,3.76102,0.58028
2197.0,5.0000,3.76090,3.76075,0.58000
2198.0,5.0000,3.76056,3.76048,0.57972
2199.0,5.0000,3.76022,3.76021,0.57944
2200.0,5.0000,3.75988,3.75995,0.57917
2201.0,5.0000,3.75954,3.75969,0.57889
2202.0,5.0000,3.75921,3.75943,0.57861
2203.0,5.0000,3.75888,3.75917,0.57833
2204.0,5.0000,3.75855,3.75891,0.57806
2205.0,5.0000,3.75822,3.75865,0.57778
2206.0,5.0000,3.75789,3.75840,0.57750
2207.0,5.0000,3.75756,3.75815,0.57722
2208.0,5.0000,3.75724,3.75789,0.57694
2209.0,5.0000,3.75692,3.75764,0.57667
2210.0,5.0000,3.75659,3.75739,0.57639
2211.0,5.0000,3.75627,3.75715,0.57611
2212.0,5.0000,3.75595,3.75690,0.57583
2213.0,5.0000,3.75563,3.75665,0.57556
2214.0,5.0000,3.75532,3.75640,0.57528
2215.0,5.0000,3.75500,3.75616,0.57500
2216.0,5.0000,3.75468,3.75591,0.57472
2217.0,5.0000,3.75437,3.75567,0.57444
2218.0,5.0000,3.75406,3.75543,0.57417
2219.0,5.0000,3.75374,3.75518,0.57389
2220.0,5.0000,3.75343,3.75494,0.57361
2221.0,5.0000,3.75312,3.75470,0.57333
2222.0,5.0000,3.75281,3.75446,0.57306
2223.0,5.0000,3.75250,3.75422,0.57278
2224.0,5.0000,3.75220,3.75398,0.57250
2225.0,5.0000,3.75189,3.75374,0.57222
2226.0,5.0000,3.75158,3.75349,0.57194
2227.0,5.0000,3.75128,3.75325,0.57167
2228.0,5.0000,3.75097,3.75301,0.57139
2229.0,5.0000,3.75067,3.75278,0.57111
2230.0,5.0000,3.75036,3.75254,0.57083
2231.0,5.0000,3.75006,3.75230,0.57056
2232.0,5.0000,3.74976,3.75206,0.57028
2233.0,5.0000,3.74946,3.75182,0.57000
2234.0,5.0000,3.74916,3.75158,0.56972
2235.0,5.0000,3.74886,3.75134,0.56944
2236.0,5.0000,3.74856,3.75110,0.56917
2237.0,5.0000,3.74826,3.75086,0.56889
2238.0,5.0000,3.74796,3.75062,0.56861
2239.0,5.0000,3.74766,3.75039,0.56833
2240.0,5.0000,3.74736,3.75015,0.56806
2241.0,5.0000,3.74706,3.74991,0.56778
2242.0,5.0000,3.74677,3.74967,0.56750
2243.0,5.0000,3.74647,3.74943,0.56722
2244.0,5.0000,3.74618,3.74919,0.56694
2245.0,5.0000,3.74588,3.74895,0.56667
2246.0,5.0000,3.74559,3.74871,0.56639
2247.0,5.0000,3.74529,3.74847,0.56611
2248.0,5.0000,3.74500,3.74824,0.56583
2249.0,5.0000,3.74470,3.74800,0.56556
2250.0,5.0000,3.74441,3.74776,0.56528
2251.0,5.0000,3.74412,3.74752,0.56500
2252.0,5.0000,3.74383,3.74728,0.56472
2253.0,5.0000,3.74353,3.74704,0.56444
2254.0,5.0000,3.74324,3.74680,0.56417
2255.0,5.0000,3.74295,3.74656,0.56389
2256.0,5.0000,3.74266,3.74632,0.56361
2257.0,5.0000,3.74237,3.74608,0.56333
2258.0,5.0000,3.74208,3.74584,0.56306
2259.0,5.0000,3.74179,3.74560,0.56278
2260.0,5.0000,3.74150,3.74536,0.56250
2261.0,5.0000,3.74121,3.74512,0.56222
2262.0,5.0000,3.74092,3.74488,0.56194
2263.0,5.0000,3.74063,3.74464,0.56167
2264.0,5.0000,3.74034,3.74440,0.56139
2265.0,5.0000,3.74006,3.74416,0.56111
2266.0,5.0000,3.73977,3.74391,0.56083
2267.0,5.0000,3.73948,3.74367,0.56056
2268.0,5.0000,3.73919,3.74343,0.56028
2269.0,5.0000,3.73891,3.74319,0.56000
2270.0,5.0000,3.73862,3.74295,0.55972
2271.0,5.0000,3.73833,3.74271,0.55944
2272.0,5.0000,3.73805,3.74246,0.55917
2273.0,5.0000,3.73776,3.74222,0.55889
2274.0,5.0000,3.73748,3.74198,0.55861
2275.0,5.0000,3.73719,3.74174,0.55833
2276.0,5.0000,3.73691,3.74149,0.55806
2277.0,5.0000,3.73662,3.74125,0.55778
2278.0,5.0000,3.73634,3.74101,0.55750
2279.0,5.0000,3.73605,3.74076,0.55722
2280.0,5.0000,3.73577,3.74052,0.55694
2281.0,5.0000,3.73548,3.74028,0.55667
2282.0,5.0000,3.73520,3.74003,0.55639
2283.0,5.0000,3.73492,3.73979,0.55611
2284.0,5.0000,3.73463,3.73955,0.55583
2285.0,5.0000,3.73435,3.73930,0.55556
2286.0,5.0000,3.73407,3.73906,0.55528
2287.0,5.0000,3.73378,3.73881,0.55500
2288.0,5.0000,3.73350,3.73857,0.55472
2289.0,5.0000,3.73322,3.73832,0.55444
2290.0,5.0000,3.73294,3.73808,0.55417
2291.0,5.0000,3.73266,3.73783,0.55389
2292.0,5.0000,3.73237,3.73758,0.55361
2293.0,5.0000,3.73209,3.73734,0.55333
2294.0,5.0000,3.73181,3.73709,0.55306
2295.0,5.0000,3.73153,3.73685,0.55278
2296.0,5.0000,3.73125,3.73660,0.55250
2297.0,5.0000,3.73097,3.73635,0.55222
2298.0,5.0000,3.73069,3.73611,0.55194
2299.0,5.0000,3.73041,3.73586,0.55167
2300.0,5.0000,3.73013,3.73561,0.55139
2301.0,5.0000,3.72985,3.73537,0.55111
2302.0,5.0000,3.72957,3.73512,0.55083
2303.0,5.0000,3.72929,3.73487,0.55056
2304.0,5.0000,3.72901,3.73462,0.55028
2305.0,5.0000,3.72873,3.73437,0.55000
2306.0,5.0000,3.72845,3.73413,0.54972
2307.0,5.0000,3.72817,3.73388,0.54944
2308.0,5.0000,3.72789,3.73363,0.54917
2309.0,5.0000,3.72761,3.73338,0.54889
2310.0,5.0000,3.72733,3.73313,0.54861
2311.0,5.0000,3.72705,3.73288,0.54833
2312.0,5.0000,3.72677,3.73263,0.54806
2313.0,5.0000,3.72649,3.73238,0.54778
2314.0,5.0000,3.72622,3.73213,0.54750
2315.0,5.0000,3.72594,3.73188,0.54722
2316.0,5.0000,3.72566,3.73163,0.54694
2317.0,5.0000,3.72538,3.73138,0.54667
2318.0,5.0000,3.72510,3.73113,0.54639
2319.0,5.0000,3.72483,3.73088,0.54611
2320.0,5.0000,3.72455,3.73063,0.54583
2321.0,5.0000,3.72427,3.73038,0.54556
2322.0,5.0000,3.72400,3.73013,0.54528
2323.0,5.0000,3.72372,3.72988,0.54500
2324.0,5.0000,3.72344,3.72962,0.54472
2325.0,5.0000,3.72317,3.72937,0.54444
2326.0,5.0000,3.72289,3.72912,0.54417
2327.0,5.0000,3.72261,3.72887,0.54389
2328.0,5.0000,3.72234,3.72862,0.54361
2329.0,5.0000,3.72206,3.72836,0.54333
2330.0,5.0000,3.72178,3.72811,0.54306
2331.0,5.0000,3.72151,3.72786,0.54278
2332.0,5.0000,3.72123,3.72760,0.54250
2333.0,5.0000,3.72096,3.72735,0.54222
2334.0,5.0000,3.72068,3.72710,0.54194
2335.0,10.0000,3.67316,3.67924,0.54167
2336.0,10.0000,3.67124,3.67805,0.54111
2337.0,10.0000,3.66959,3.67690,0.54056
2338.0,10.0000,3.66811,3.67580,0.54000
2339.0,10.0000,3.66676,3.67473,0.53944
2340.0,10.0000,3.66550,3.67369,0.53889
2341.0,10.0000,3.66432,3.67268,0.53833
2342.0,10.0000,3.66320,3.67171,0.53778
2343.0,10.0000,3.66213,3.67076,0.53722
2344.0,10.0000,3.66109,3.66984,0.53667
2345.0,0.0000,3.75651,3.76415,0.53611
2346.0,0.0000,3.75881,3.76516,0.53611
2347.0,0.0000,3.76062,3.76610,0.53611
2348.0,0.0000,3.76209,3.76698,0.53611
2349.0,0.0000,3.76334,3.76780,0.53611
2350.0,0.0000,3.76441,3.76857,0.53611
2351.0,0.0000,3.76535,3.76930,0.53611
2352.0,0.0000,3.76620,3.76998,0.53611
2353.0,0.0000,3.76696,3.77061,0.53611
2354.0,0.0000,3.76765,3.77121,0.53611
2355.0,0.0000,3.76829,3.77177,0.53611
2356.0,0.0000,3.76889,3.77229,0.53611
2357.0,0.0000,3.76944,3.77279,0.53611
2358.0,0.0000,3.76995,3.77325,0.53611
2359.0,0.0000,3.77044,3.77368,0.53611
2360.0,0.0000,3.77090,3.77409,0.53611
2361.0,0.0000,3.77133,3.77447,0.53611
2362.0,0.0000,3.77174,3.77483,0.53611
2363.0,0.0000,3.77213,3.77516,0.53611
2364.0,0.0000,3.77251,3.77548,0.53611
2365.0,0.0000,3.77286,3.77578,0.53611
2366.0,0.0000,3.77320,3.77605,0.53611
2367.0,0.0000,3.77353,3.77632,0.53611
2368.0,0.0000,3.77384,3.77656,0.53611
2369.0,0.0000,3.77414,3.77679,0.53611
2370.0,0.0000,3.77444,3.77701,0.53611
2371.0,0.0000,3.77472,3.77721,0.53611
2372.0,0.0000,3.77499,3.77741,0.53611
2373.0,0.0000,3.77525,3.77759,0.53611
2374.0,0.0000,3.77550,3.77776,0.53611
2375.0,0.0000,3.77574,3.77792,0.53611
2376.0,0.0000,3.77598,3.77807,0.53611
2377.0,0.0000,3.77621,3.77821,0.53611
2378.0,0.0000,3.77643,3.77835,0.53611
2379.0,0.0000,3.77665,3.77847,0.53611
2380.0,0.0000,3.77686,3.77859,0.53611
2381.0,0.0000,3.77706,3.77871,0.53611
2382.0,0.0000,3.77726,3.77881,0.53611
2383.0,0.0000,3.77745,3.77891,0.53611
2384.0,0.0000,3.77764,3.77901,0.53611
2385.0,-5.0000,3.82694,3.82670,0.53611
2386.0,-5.0000,3.82872,3.82772,0.53639
2387.0,-5.0000,3.83023,3.82870,0.53667
2388.0,-5.0000,3.83156,3.82963,0.53694
2389.0,-5.0000,3.83276,3.83052,0.53722
2390.0,-5.0000,3.83386,3.83137,0.53750
2391.0,-5.0000,3.83489,3.83218,0.53778
2392.0,-5.0000,3.83585,3.83296,0.53806
2393.0,-5.0000,3.83677,3.83371,0.53833
2394.0,-5.0000,3.83764,3.83442,0.53861
2395.0,0.0000,3.78946,3.78751,0.53889
2396.0,0.0000,3.78871,3.78724,0.53889
2397.0,0.0000,3.78817,3.78699,0.53889
2398.0,0.0000,3.78778,3.78675,0.53889
2399.0,0.0000,3.78748,3.78653,0.53889
2400.0,0.0000,3.78726,3.78633,0.53889
2401.0,0.0000,3.78709,3.78614,0.53889
2402.0,0.0000,3.78695,3.78596,0.53889
2403.0,0.0000,3.78685,3.78579,0.53889
2404.0,0.0000,3.78677,3.78564,0.53889
2405.0,0.0000,3.78671,3.78550,0.53889
2406.0,0.0000,3.78667,3.78536,0.53889
2407.0,0.0000,3.78664,3.78524,0.53889
2408.0,0.0000,3.78662,3.78513,0.53889
2409.0,0.0000,3.78660,3.78502,0.53889
2410.0,0.0000,3.78660,3.78492,0.53889
2411.0,0.0000,3.78660,3.78483,0.53889
2412.0,0.0000,3.78661,3.78474,0.53889
2413.0,0.0000,3.78662,3.78467,0.53889
2414.0,0.0000,3.78664,3.78459,0.53889
2415.0,0.0000,3.78666,3.78453,0.53889
2416.0,0.0000,3.78668,3.78446,0.53889
2417.0,0.0000,3.78670,3.78441,0.53889
2418.0,0.0000,3.78673,3.78435,0.53889
2419.0,0.0000,3.78676,3.78430,0.53889
2420.0,0.0000,3.78679,3.78426,0.53889
2421.0,0.0000,3.78682,3.78422,0.53889
2422.0,0.0000,3.78686,3.78418,0.53889
2423.0,0.0000,3.78689,3.78415,0.53889
2424.0,0.0000,3.78693,3.78412,0.53889
2425.0,0.0000,3.78696,3.78409,0.53889
2426.0,0.0000,3.78700,3.78406,0.53889
2427.0,0.0000,3.78704,3.78404,0.53889
2428.0,0.0000,3.78708,3.78402,0.53889
2429.0,0.0000,3.78711,3.78400,0.53889
2430.0,0.0000,3.78715,3.78398,0.53889
2431.0,0.0000,3.78719,3.78397,0.53889
2432.0,0.0000,3.78723,3.78396,0.53889
2433.0,0.0000,3.78727,3.78395,0.53889
2434.0,0.0000,3.78731,3.78394,0.53889
2435.0,20.0000,3.60417,3.59351,0.53889
2436.0,20.0000,3.59768,3.58976,0.53778
2437.0,20.0000,3.59220,3.58618,0.53667
2438.0,20.0000,3.58743,3.58275,0.53556
2439.0,20.0000,3.58317,3.57947,0.53444
2440.0,0.0000,3.76278,3.76675,0.53333
2441.0,0.0000,3.76573,3.76750,0.53333
2442.0,0.0000,3.76787,3.76820,0.53333
2443.0,0.0000,3.76950,3.76886,0.53333
2444.0,0.0000,3.77077,3.76947,0.53333
2445.0,0.0000,3.77181,3.77005,0.53333
2446.0,0.0000,3.77267,3.77059,0.53333
2447.0,0.0000,3.77340,3.77110,0.53333
2448.0,0.0000,3.77403,3.77157,0.53333
2449.0,0.0000,3.77458,3.77202,0.53333
2450.0,0.0000,3.77507,3.77244,0.53333
2451.0,0.0000,3.77551,3.77283,0.53333
2452.0,0.0000,3.77590,3.77320,0.53333
2453.0,0.0000,3.77626,3.77354,0.53333
2454.0,0.0000,3.77659,3.77387,0.53333
2455.0,0.0000,3.77690,3.77417,0.53333
2456.0,0.0000,3.77718,3.77446,0.53333
2457.0,0.0000,3.77744,3.77473,0.53333
2458.0,0.0000,3.77768,3.77498,0.53333
2459.0,0.0000,3.77791,3.77521,0.53333
2460.0,0.0000,3.77813,3.77544,0.53333
2461.0,0.0000,3.77833,3.77565,0.53333
2462.0,0.0000,3.77852,3.77584,0.53333
2463.0,0.0000,3.77870,3.77603,0.53333
2464.0,0.0000,3.77888,3.77620,0.53333
2465.0,0.0000,3.77904,3.77637,0.53333
2466.0,0.0000,3.77920,3.77652,0.53333
2467.0,0.0000,3.77935,3.77666,0.53333
2468.0,0.0000,3.77949,3.77680,0.53333
2469.0,0.0000,3.77963,3.77693,0.53333
2470.0,0.0000,3.77977,3.77705,0.53333
2471.0,0.0000,3.77989,3.77717,0.53333
2472.0,0.0000,3.78002,3.77727,0.53333
2473.0,0.0000,3.78013,3.77738,0.53333
2474.0,0.0000,3.78025,3.77747,0.53333
2475.0,0.0000,3.78036,3.77756,0.53333
2476.0,0.0000,3.78047,3.77765,0.53333
2477.0,0.0000,3.78057,3.77773,0.53333
2478.0,0.0000,3.78067,3.77781,0.53333
2479.0,0.0000,3.78077,3.77788,0.53333
2480.0,5.0000,3.73174,3.73034,0.53333
2481.0,5.0000,3.73022,3.72947,0.53306
2482.0,5.0000,3.72894,3.72863,0.53278
2483.0,5.0000,3.72784,3.72783,0.53250
2484.0,5.0000,3.72686,3.72707,0.53222
2485.0,5.0000,3.72596,3.72634,0.53194
2486.0,5.0000,3.72514,3.72564,0.53167
2487.0,5.0000,3.72437,3.72496,0.53139
2488.0,5.0000,3.72365,3.72431,0.53111
2489.0,5.0000,3.72296,3.72369,0.53083
2490.0,5.0000,3.72230,3.72309,0.53056
2491.0,5.0000,3.72167,3.72251,0.53028
2492.0,5.0000,3.72107,3.72195,0.53000
2493.0,5.0000,3.72048,3.72141,0.52972
2494.0,5.0000,3.71991,3.72089,0.52944
2495.0,5.0000,3.71936,3.72038,0.52917
2496.0,5.0000,3.71882,3.71989,0.52889
2497.0,5.0000,3.71830,3.71941,0.52861
2498.0,5.0000,3.71779,3.71895,0.52833
2499.0,5.0000,3.71728,3.71850,0.52806
2500.0,5.0000,3.71679,3.71806,0.52778
2501.0,5.0000,3.71631,3.71763,0.52750
2502.0,5.0000,3.71584,3.71721,0.52722
2503.0,5.0000,3.71537,3.71680,0.52694
2504.0,5.0000,3.71492,3.71641,0.52667
2505.0,5.0000,3.71446,3.71602,0.52639
2506.0,5.0000,3.71402,3.71563,0.52611
2507.0,5.0000,3.71358,3.71526,0.52583
2508.0,5.0000,3.71315,3.71489,0.52556
2509.0,5.0000,3.71272,3.71453,0.52528
2510.0,5.0000,3.71230,3.71417,0.52500
2511.0,5.0000,3.71188,3.71382,0.52472
2512.0,5.0000,3.71147,3.71348,0.52444
2513.0,5.0000,3.71106,3.71314,0.52417
2514.0,5.0000,3.71066,3.71280,0.52389
2515.0,5.0000,3.71026,3.71247,0.52361
2516.0,5.0000,3.70987,3.71214,0.52333
2517.0,5.0000,3.70947,3.71182,0.52306
2518.0,5.0000,3.70908,3.71150,0.52278
2519.0,5.0000,3.70870,3.71118,0.52250
2520.0,5.0000,3.70832,3.71087,0.52222
2521.0,5.0000,3.70794,3.71056,0.52194
2522.0,5.0000,3.70756,3.71025,0.52167
2523.0,5.0000,3.70719,3.70995,0.52139
2524.0,5.0000,3.70682,3.70964,0.52111
2525.0,5.0000,3.70645,3.70934,0.52083
2526.0,5.0000,3.70609,3.70905,0.52056
2527.0,5.0000,3.70572,3.70875,0.52028
2528.0,5.0000,3.70536,3.70845,0.52000
2529.0,5.0000,3.70501,3.70816,0.51972
2530.0,5.0000,3.70465,3.70787,0.51944
2531.0,5.0000,3.70430,3.70758,0.51917
2532.0,5.0000,3.70395,3.70729,0.51889
2533.0,5.0000,3.70360,3.70700,0.51861
2534.0,5.0000,3.70325,3.70672,0.51833
2535.0,5.0000,3.70290,3.70643,0.51806
2536.0,5.0000,3.70256,3.70615,0.51778
2537.0,5.0000,3.70222,3.70586,0.51750
2538.0,5.0000,3.70188,3.70558,0.51722
2539.0,5.0000,3.70154,3.70530,0.51694
2540.0,5.0000,3.70120,3.70502,0.51667
2541.0,5.0000,3.70087,3.70474,0.51639
2542.0,5.0000,3.70054,3.70446,0.51611
2543.0,5.0000,3.70020,3.70418,0.51583
2544.0,5.0000,3.69987,3.70390,0.51556
2545.0,5.0000,3.69955,3.70362,0.51528
2546.0,5.0000,3.69922,3.70335,0.51500
2547.0,5.0000,3.69889,3.70307,0.51472
2548.0,5.0000,3.69857,3.70279,0.51444
2549.0,5.0000,3.69825,3.70252,0.51417
2550.0,5.0000,3.69792,3.70224,0.51389
2551.0,5.0000,3.69760,3.70197,0.51361
2552.0,5.0000,3.69729,3.70169,0.51333
2553.0,5.0000,3.69697,3.70142,0.51306
2554.0,5.0000,3.69665,3.70114,0.51278
2555.0,5.0000,3.69634,3.70087,0.51250
2556.0,5.0000,3.69602,3.70060,0.51222
2557.0,5.0000,3.69571,3.70032,0.51194
2558.0,5.0000,3.69540,3.70005,0.51167
2559.0,5.0000,3.69509,3.69978,0.51139
2560.0,5.0000,3.69478,3.69951,0.51111
2561.0,5.0000,3.69447,3.69923,0.51083
2562.0,5.0000,3.69416,3.69896,0.51056
2563.0,5.0000,3.69386,3.69869,0.51028
2564.0,5.0000,3.69355,3.69842,0.51000
2565.0,5.0000,3.69325,3.69814,0.50972
2566.0,5.0000,3.69294,3.69787,0.50944
2567.0,5.0000,3.69264,3.69760,0.50917
2568.0,5.0000,3.69234,3.69733,0.50889
2569.0,5.0000,3.69204,3.69706,0.50861
2570.0,5.0000,3.69174,3.69679,0.50833
2571.0,5.0000,3.69144,3.69652,0.50806
2572.0,5.0000,3.69115,3.69625,0.50778
2573.0,5.0000,3.69085,3.69597,0.50750
2574.0,5.0000,3.69055,3.69570,0.50722
2575.0,5.0000,3.69026,3.69543,0.50694
2576.0,5.0000,3.68997,3.69516,0.50667
2577.0,5.0000,3.68967,3.69489,0.50639
2578.0,5.0000,3.68938,3.69462,0.50611
2579.0,5.0000,3.68909,3.69435,0.50583
2580.0,5.0000,3.68880,3.69408,0.50556
2581.0,5.0000,3.68851,3.69381,0.50528
2582.0,5.0000,3.68822,3.69354,0.50500
2583.0,5.0000,3.68793,3.69327,0.50472
2584.0,5.0000,3.68765,3.69300,0.50444
2585.0,5.0000,3.68736,3.69273,0.50417
2586.0,5.0000,3.68707,3.69246,0.50389
2587.0,5.0000,3.68679,3.69219,0.50361
2588.0,5.0000,3.68650,3.69192,0.50333
2589.0,5.0000,3.68622,3.69165,0.50306
2590.0,5.0000,3.68594,3.69138,0.50278
2591.0,5.0000,3.68566,3.69111,0.50250
2592.0,5.0000,3.68538,3.69084,0.50222
2593.0,5.0000,3.68510,3.69057,0.50194
2594.0,5.0000,3.68482,3.69030,0.50167
2595.0,5.0000,3.68454,3.69003,0.50139
2596.0,5.0000,3.68426,3.68976,0.50111
2597.0,5.0000,3.68398,3.68949,0.50083
2598.0,5.0000,3.68370,3.68922,0.50056
2599.0,5.0000,3.68343,3.68896,0.50028
2600.0,5.0000,3.68315,3.68869,0.50000
2601.0,5.0000,3.68288,3.68842,0.49972
2602.0,5.0000,3.68260,3.68815,0.49944
2603.0,5.0000,3.68233,3.68788,0.49917
2604.0,5.0000,3.68206,3.68761,0.49889
2605.0,5.0000,3.68178,3.68734,0.49861
2606.0,5.0000,3.68151,3.68707,0.49833
2607.0,5.0000,3.68124,3.68680,0.49806
2608.0,5.0000,3.68097,3.68654,0.49778
2609.0,5.0000,3.68070,3.68627,0.49750
2610.0,5.0000,3.68043,3.68600,0.49722
2611.0,5.0000,3.68016,3.68573,0.49694
2612.0,5.0000,3.67989,3.68546,0.49667
2613.0,5.0000,3.67963,3.68519,0.49639
2614.0,5.0000,3.67936,3.68493,0.49611
2615.0,5.0000,3.67909,3.68466,0.49583
2616.0,5.0000,3.67883,3.68439,0.49556
2617.0,5.0000,3.67856,3.68412,0.49528
2618.0,5.0000,3.67830,3.68386,0.49500
2619.0,5.0000,3.67803,3.68359,0.49472
2620.0,5.0000,3.67777,3.68332,0.49444
2621.0,5.0000,3.67751,3.68305,0.49417
2622.0,5.0000,3.67725,3.68279,0.49389
2623.0,5.0000,3.67698,3.68252,0.49361
2624.0,5.0000,3.67672,3.68225,0.49333
2625.0,5.0000,3.67646,3.68198,0.49306
2626.0,5.0000,3.67620,3.68172,0.49278
2627.0,5.0000,3.67594,3.68145,0.49250
2628.0,5.0000,3.67568,3.68118,0.49222
2629.0,5.0000,3.67543,3.68092,0.49194
2630.0,5.0000,3.67517,3.68065,0.49167
2631.0,5.0000,3.67491,3.68038,0.49139
2632.0,5.0000,3.67465,3.68012,0.49111
2633.0,5.0000,3.67440,3.67985,0.49083
2634.0,5.0000,3.67414,3.67959,0.49056
2635.0,5.0000,3.67389,3.67932,0.49028
2636.0,5.0000,3.67363,3.67905,0.49000
2637.0,5.0000,3.67338,3.67879,0.48972
2638.0,5.0000,3.67312,3.67852,0.48944
2639.0,5.0000,3.67287,3.67826,0.48917
2640.0,5.0000,3.67262,3.67799,0.48889
2641.0,5.0000,3.67237,3.67773,0.48861
2642.0,5.0000,3.67211,3.67746,0.48833
2643.0,5.0000,3.67186,3.67720,0.48806
2644.0,5.0000,3.67161,3.67693,0.48778
2645.0,5.0000,3.67136,3.67667,0.48750
2646.0,5.0000,3.67111,3.67640,0.48722
2647.0,5.0000,3.67086,3.67614,0.48694
2648.0,5.0000,3.67061,3.67587,0.48667
2649.0,5.0000,3.67036,3.67561,0.48639
2650.0,5.0000,3.67012,3.67535,0.48611
2651.0,5.0000,3.66987,3.67508,0.48583
2652.0,5.0000,3.66962,3.67482,0.48556
2653.0,5.0000,3.66938,3.67455,0.48528
2654.0,5.0000,3.66913,3.67429,0.48500
2655.0,5.0000,3.66888,3.67403,0.48472
2656.0,5.0000,3.66864,3.67376,0.48444
2657.0,5.0000,3.66839,3.67350,0.48417
2658.0,5.0000,3.66815,3.67324,0.48389
2659.0,5.0000,3.66791,3.67298,0.48361
2660.0,0.0000,3.71651,3.72032,0.48333
2661.0,0.0000,3.71773,3.72100,0.48333
2662.0,0.0000,3.71872,3.72164,0.48333
2663.0,0.0000,3.71956,3.72223,0.48333
2664.0,0.0000,3.72029,3.72280,0.48333
2665.0,0.0000,3.72093,3.72332,0.48333
2666.0,0.0000,3.72151,3.72381,0.48333
2667.0,0.0000,3.72203,3.72428,0.48333
2668.0,0.0000,3.72252,3.72471,0.48333
2669.0,0.0000,3.72297,3.72512,0.48333
2670.0,0.0000,3.72339,3.72550,0.48333
2671.0,0.0000,3.72379,3.72586,0.48333
2672.0,0.0000,3.72416,3.72619,0.48333
2673.0,0.0000,3.72451,3.72651,0.48333
2674.0,0.0000,3.72485,3.72681,0.48333
2675.0,0.0000,3.72517,3.72709,0.48333
2676.0,0.0000,3.72547,3.72735,0.48333
2677.0,0.0000,3.72576,3.72759,0.48333
2678.0,0.0000,3.72604,3.72783,0.48333
2679.0,0.0000,3.72631,3.72804,0.48333
2680.0,0.0000,3.72657,3.72825,0.48333
2681.0,0.0000,3.72682,3.72844,0.48333
2682.0,0.0000,3.72706,3.72862,0.48333
2683.0,0.0000,3.72729,3.72879,0.48333
2684.0,0.0000,3.72752,3.72895,0.48333
2685.0,0.0000,3.72774,3.72910,0.48333
2686.0,0.0000,3.72795,3.72925,0.48333
2687.0,0.0000,3.72815,3.72938,0.48333
2688.0,0.0000,3.72835,3.72951,0.48333
2689.0,0.0000,3.72854,3.72963,0.48333
2690.0,0.0000,3.72873,3.72974,0.48333
2691.0,0.0000,3.72891,3.72984,0.48333
2692.0,0.0000,3.72909,3.72995,0.48333
2693.0,0.0000,3.72926,3.73004,0.48333
2694.0,0.0000,3.72943,3.73013,0.48333
2695.0,0.0000,3.72960,3.73022,0.48333
2696.0,0.0000,3.72976,3.73030,0.48333
2697.0,0.0000,3.72991,3.73037,0.48333
2698.0,0.0000,3.73006,3.73044,0.48333
2699.0,0.0000,3.73021,3.73051,0.48333
2700.0,0.0000,3.73036,3.73058,0.48333
2701.0,0.0000,3.73050,3.73064,0.48333
2702.0,0.0000,3.73064,3.73070,0.48333
2703.0,0.0000,3.73078,3.73076,0.48333
2704.0,0.0000,3.73091,3.73081,0.48333
2705.0,0.0000,3.73104,3.73086,0.48333
2706.0,0.0000,3.73117,3.73091,0.48333
2707.0,0.0000,3.73129,3.73096,0.48333
2708.0,0.0000,3.73141,3.73100,0.48333
2709.0,0.0000,3.73153,3.73104,0.48333
2710.0,0.0000,3.73165,3.73108,0.48333
2711.0,0.0000,3.73177,3.73112,0.48333
2712.0,0.0000,3.73188,3.73116,0.48333
2713.0,0.0000,3.73199,3.73119,0.48333
2714.0,0.0000,3.73210,3.73123,0.48333
2715.0,0.0000,3.73220,3.73126,0.48333
2716.0,0.0000,3.73231,3.73129,0.48333
2717.0,0.0000,3.73241,3.73132,0.48333
2718.0,0.0000,3.73251,3.73135,0.48333
2719.0,0.0000,3.73261,3.73138,0.48333
2720.0,0.0000,3.73271,3.73141,0.48333
2721.0,0.0000,3.73280,3.73144,0.48333
2722.0,0.0000,3.73290,3.73146,0.48333
2723.0,0.0000,3.73299,3.73149,0.48333
2724.0,0.0000,3.73308,3.73151,0.48333
2725.0,0.0000,3.73317,3.73154,0.48333
2726.0,0.0000,3.73326,3.73156,0.48333
2727.0,0.0000,3.73334,3.73158,0.48333
2728.0,0.0000,3.73343,3.73160,0.48333
2729.0,0.0000,3.73351,3.73163,0.48333
2730.0,0.0000,3.73359,3.73165,0.48333
2731.0,0.0000,3.73367,3.73167,0.48333
2732.0,0.0000,3.73375,3.73169,0.48333
2733.0,0.0000,3.73383,3.73171,0.48333
2734.0,0.0000,3.73391,3.73173,0.48333
2735.0,0.0000,3.73398,3.73175,0.48333
2736.0,0.0000,3.73406,3.73176,0.48333
2737.0,0.0000,3.73413,3.73178,0.48333
2738.0,0.0000,3.73420,3.73180,0.48333
2739.0,0.0000,3.73427,3.73182,0.48333
2740.0,0.0000,3.73434,3.73183,0.48333
2741.0,0.0000,3.73441,3.73185,0.48333
2742.0,0.0000,3.73448,3.73187,0.48333
2743.0,0.0000,3.73454,3.73189,0.48333
2744.0,0.0000,3.73461,3.73190,0.48333
2745.0,0.0000,3.73467,3.73192,0.48333
2746.0,0.0000,3.73474,3.73193,0.48333
2747.0,0.0000,3.73480,3.73195,0.48333
2748.0,0.0000,3.73486,3.73197,0.48333
2749.0,0.0000,3.73492,3.73198,0.48333
2750.0,0.0000,3.73498,3.73200,0.48333
2751.0,0.0000,3.73504,3.73201,0.48333
2752.0,0.0000,3.73510,3.73203,0.48333
2753.0,0.0000,3.73516,3.73204,0.48333
2754.0,0.0000,3.73521,3.73206,0.48333
2755.0,0.0000,3.73527,3.73207,0.48333
2756.0,0.0000,3.73532,3.73209,0.48333
2757.0,0.0000,3.73538,3.73210,0.48333
2758.0,0.0000,3.73543,3.73212,0.48333
2759.0,0.0000,3.73549,3.73213,0.48333
2760.0,0.0000,3.73554,3.73214,0.48333
2761.0,0.0000,3.73559,3.73216,0.48333
2762.0,0.0000,3.73564,3.73217,0.48333
2763.0,0.0000,3.73569,3.73219,0.48333
2764.0,0.0000,3.73574,3.73220,0.48333
2765.0,0.0000,3.73579,3.73221,0.48333
2766.0,0.0000,3.73583,3.73223,0.48333
2767.0,0.0000,3.73588,3.73224,0.48333
2768.0,0.0000,3.73593,3.73225,0.48333
2769.0,0.0000,3.73597,3.73227,0.48333
2770.0,0.0000,3.73602,3.73228,0.48333
2771.0,0.0000,3.73606,3.73230,0.48333
2772.0,0.0000,3.73611,3.73231,0.48333
2773.0,0.0000,3.73615,3.73232,0.48333
2774.0,0.0000,3.73619,3.73234,0.48333
2775.0,0.0000,3.73624,3.73235,0.48333
2776.0,0.0000,3.73628,3.73236,0.48333
2777.0,0.0000,3.73632,3.73238,0.48333
2778.0,0.0000,3.73636,3.73239,0.48333
2779.0,0.0000,3.73640,3.73240,0.48333
2780.0,0.9888,3.72665,3.72300,0.48333
2781.0,1.0511,3.72575,3.72223,0.48328
2782.0,1.0607,3.72541,3.72196,0.48322
2783.0,1.0638,3.72517,3.72176,0.48316
2784.0,1.1379,3.72424,3.72088,0.48310
2785.0,1.1054,3.72438,3.72103,0.48304
2786.0,1.1095,3.72419,3.72084,0.48298
2787.0,1.0371,3.72477,3.72139,0.48292
2788.0,0.9917,3.72511,3.72170,0.48286
2789.0,1.0225,3.72469,3.72128,0.48280
2790.0,1.0054,3.72476,3.72133,0.48275
2791.0,1.0384,3.72433,3.72090,0.48269
2792.0,1.0434,3.72418,3.72074,0.48263
2793.0,1.0209,3.72431,3.72086,0.48258
2794.0,0.9173,3.72526,3.72175,0.48252
2795.0,0.9576,3.72480,3.72129,0.48247
2796.0,1.0109,3.72420,3.72069,0.48242
2797.0,1.0195,3.72403,3.72052,0.48236
2798.0,1.0858,3.72328,3.71980,0.48230
2799.0,1.1047,3.72299,3.71952,0.48224
2800.0,1.0173,3.72376,3.72026,0.48218
2801.0,0.9932,3.72394,3.72041,0.48213
2802.0,0.9655,3.72415,3.72061,0.48207
2803.0,1.0902,3.72285,3.71935,0.48202
2804.0,1.0627,3.72303,3.71953,0.48196
2805.0,1.0803,3.72277,3.71928,0.48190
2806.0,1.0891,3.72260,3.71911,0.48184
2807.0,1.0457,3.72295,3.71945,0.48178
2808.0,1.0764,3.72258,3.71909,0.48172
2809.0,1.0237,3.72303,3.71952,0.48166
2810.0,1.0649,3.72256,3.71906,0.48160
2811.0,1.0744,3.72239,3.71890,0.48154
2812.0,1.0065,3.72299,3.71948,0.48148
2813.0,1.0480,3.72252,3.71902,0.48143
2814.0,1.0331,3.72261,3.71911,0.48137
2815.0,1.0312,3.72256,3.71907,0.48131
2816.0,1.0814,3.72200,3.71853,0.48125
2817.0,1.0359,3.72238,3.71890,0.48119
2818.0,1.0533,3.72215,3.71867,0.48114
2819.0,0.9811,3.72281,3.71931,0.48108
2820.0,1.0186,3.72240,3.71891,0.48102
2821.0,0.9763,3.72277,3.71926,0.48097
2822.0,0.9964,3.72252,3.71903,0.48091
2823.0,0.9976,3.72246,3.71897,0.48086
2824.0,0.9331,3.72306,3.71955,0.48081
2825.0,0.9543,3.72281,3.71931,0.48075
2826.0,0.9788,3.72253,3.71904,0.48070
2827.0,1.0269,3.72199,3.71853,0.48065
2828.0,1.0649,3.72154,3.71811,0.48059
2829.0,1.0362,3.72176,3.71833,0.48053
2830.0,1.0278,3.72178,3.71836,0.48047
2831.0,0.9751,3.72226,3.71881,0.48042
2832.0,1.0564,3.72140,3.71799,0.48036
2833.0,0.9792,3.72211,3.71868,0.48030
2834.0,0.9678,3.72217,3.71874,0.48025
2835.0,0.9850,3.72196,3.71854,0.48019
2836.0,1.0624,3.72114,3.71775,0.48014
2837.0,0.9827,3.72186,3.71846,0.48008
2838.0,1.0102,3.72154,3.71815,0.48002
2839.0,0.9887,3.72170,3.71831,0.47997
2840.0,0.9790,3.72176,3.71837,0.47991
2841.0,0.9535,3.72197,3.71857,0.47986
2842.0,0.8930,3.72255,3.71912,0.47981
2843.0,0.8977,3.72248,3.71905,0.47976
2844.0,0.9832,3.72159,3.71820,0.47971
2845.0,0.9968,3.72140,3.71803,0.47965
2846.0,0.9667,3.72165,3.71827,0.47960
2847.0,0.9834,3.72143,3.71807,0.47954
2848.0,0.9321,3.72189,3.71852,0.47949
2849.0,0.9759,3.72141,3.71806,0.47944
2850.0,0.9582,3.72153,3.71819,0.47938
2851.0,0.9911,3.72117,3.71784,0.47933
2852.0,0.9519,3.72150,3.71817,0.47928
2853.0,0.8633,3.72235,3.71898,0.47922
2854.0,0.9920,3.72105,3.71772,0.47917
2855.0,0.9171,3.72175,3.71840,0.47912
2856.0,0.9487,3.72139,3.71806,0.47907
2857.0,1.0013,3.72082,3.71752,0.47901
2858.0,1.0179,3.72059,3.71731,0.47896
2859.0,0.9910,3.72079,3.71751,0.47890
2860.0,0.9803,3.72084,3.71757,0.47885
2861.0,1.0559,3.72004,3.71680,0.47879
2862.0,1.0261,3.72026,3.71703,0.47873
2863.0,1.0016,3.72045,3.71721,0.47868
2864.0,1.0090,3.72034,3.71710,0.47862
2865.0,1.0424,3.71995,3.71673,0.47856
2866.0,0.9643,3.72067,3.71743,0.47851
2867.0,1.0154,3.72012,3.71690,0.47845
2868.0,1.0464,3.71976,3.71655,0.47840
2869.0,1.0095,3.72006,3.71685,0.47834
2870.0,1.0020,3.72008,3.71688,0.47828
2871.0,1.0039,3.72002,3.71682,0.47823
2872.0,1.0285,3.71972,3.71653,0.47817
2873.0,1.0482,3.71947,3.71630,0.47811
2874.0,0.9926,3.71996,3.71678,0.47806
2875.0,1.0090,3.71976,3.71658,0.47800
2876.0,1.0630,3.71917,3.71602,0.47795
2877.0,0.9923,3.71981,3.71664,0.47789
2878.0,1.0283,3.71941,3.71626,0.47783
2879.0,1.0297,3.71934,3.71619,0.47777
2880.0,1.0545,3.71904,3.71591,0.47772
2881.0,1.0065,3.71945,3.71631,0.47766
2882.0,1.0513,3.71896,3.71584,0.47760
2883.0,0.9986,3.71943,3.71629,0.47755
2884.0,1.0022,3.71934,3.71621,0.47749
2885.0,0.9877,3.71944,3.71631,0.47743
2886.0,0.9971,3.71930,3.71618,0.47738
2887.0,0.9701,3.71952,3.71639,0.47732
2888.0,1.0451,3.71873,3.71564,0.47727
2889.0,1.0339,3.71878,3.71569,0.47721
2890.0,0.9734,3.71933,3.71623,0.47715
2891.0,0.9541,3.71949,3.71638,0.47710
2892.0,1.0244,3.71875,3.71567,0.47705
2893.0,0.9999,3.71894,3.71585,0.47699
2894.0,1.0483,3.71841,3.71535,0.47693
2895.0,1.0055,3.71878,3.71571,0.47687
2896.0,1.0586,3.71820,3.71515,0.47682
2897.0,1.0399,3.71832,3.71528,0.47676
2898.0,1.0500,3.71817,3.71513,0.47670
2899.0,1.0714,3.71788,3.71487,0.47664
2900.0,3.0414,3.69844,3.69607,0.47658
2901.0,2.9514,3.69865,3.69649,0.47641
2902.0,3.3019,3.69465,3.69275,0.47624
2903.0,3.3184,3.69389,3.69214,0.47606
2904.0,3.2515,3.69404,3.69237,0.47588
2905.0,3.5005,3.69111,3.68958,0.47569
2906.0,3.0978,3.69462,3.69303,0.47551
2907.0,3.0369,3.69490,3.69329,0.47534
2908.0,2.9957,3.69497,3.69336,0.47517
2909.0,3.3008,3.69164,3.69013,0.47500
2910.0,3.7904,3.68641,3.68508,0.47480
2911.0,3.5731,3.68813,3.68679,0.47461
2912.0,3.8231,3.68525,3.68402,0.47440
2913.0,3.1266,3.69166,3.69029,0.47420
2914.0,3.1539,3.69120,3.68980,0.47404
2915.0,2.9492,3.69298,3.69151,0.47387
2916.0,3.1128,3.69109,3.68968,0.47369
2917.0,3.3595,3.68845,3.68710,0.47352
2918.0,3.7527,3.68427,3.68306,0.47333
2919.0,3.5546,3.68585,3.68464,0.47313
2920.0,3.7578,3.68347,3.68237,0.47293
2921.0,3.6915,3.68375,3.68268,0.47272
2922.0,3.2107,3.68817,3.68699,0.47253
2923.0,3.1753,3.68829,3.68711,0.47235
2924.0,3.2811,3.68703,3.68587,0.47217
2925.0,3.1254,3.68832,3.68714,0.47199
2926.0,2.9430,3.68995,3.68872,0.47182
2927.0,2.8287,3.69091,3.68965,0.47166
2928.0,2.9705,3.68939,3.68816,0.47150
2929.0,3.0789,3.68813,3.68696,0.47133
2930.0,3.0878,3.68777,3.68666,0.47115
2931.0,3.0799,3.68768,3.68658,0.47098
2932.0,2.6808,3.69138,3.69021,0.47081
2933.0,3.0782,3.68736,3.68629,0.47065
2934.0,2.9967,3.68794,3.68689,0.47048
2935.0,2.8103,3.68965,3.68856,0.47033
2936.0,2.8431,3.68916,3.68810,0.47017
2937.0,2.9739,3.68766,3.68668,0.47000
2938.0,2.8452,3.68877,3.68777,0.46984
2939.0,2.6368,3.69064,3.68962,0.46967
2940.0,2.7792,3.68912,3.68815,0.46952
2941.0,2.8870,3.68792,3.68700,0.46937
2942.0,3.2624,3.68404,3.68326,0.46920
2943.0,3.2008,3.68436,3.68363,0.46901
2944.0,3.0511,3.68560,3.68487,0.46884
2945.0,2.9036,3.68691,3.68615,0.46868
2946.0,3.1622,3.68422,3.68354,0.46852
2947.0,2.9454,3.68613,3.68544,0.46835
2948.0,3.1578,3.68388,3.68327,0.46818
2949.0,3.0269,3.68496,3.68435,0.46801
2950.0,2.8906,3.68611,3.68548,0.46784
2951.0,3.1561,3.68338,3.68283,0.46769
2952.0,3.0690,3.68403,3.68349,0.46752
2953.0,2.7931,3.68658,3.68598,0.46735
2954.0,2.8371,3.68604,3.68546,0.46720
2955.0,2.9720,3.68455,3.68403,0.46704
2956.0,3.0318,3.68380,3.68332,0.46688
2957.0,3.0913,3.68306,3.68262,0.46671
2958.0,3.0158,3.68355,3.68314,0.46653
2959.0,3.0802,3.68277,3.68238,0.46637
2960.0,3.8716,3.67488,3.67469,0.46620
2961.0,3.5636,3.67751,3.67734,0.46600
2962.0,3.5289,3.67753,3.67741,0.46580
2963.0,3.2614,3.67972,3.67962,0.46557
2964.0,3.4225,3.67797,3.67789,0.46539
2965.0,2.9926,3.68199,3.68181,0.46521
2966.0,3.1034,3.68077,3.68060,0.46503
2967.0,3.0210,3.68149,3.68128,0.46487
2968.0,3.1889,3.67966,3.67951,0.46470
2969.0,3.5641,3.67581,3.67576,0.46451
2970.0,3.3748,3.67738,3.67733,0.46432
2971.0,3.2969,3.67794,3.67789,0.46414
2972.0,2.9776,3.68091,3.68078,0.46396
2973.0,2.6274,3.68423,3.68401,0.46380
2974.0,2.9733,3.68074,3.68060,0.46364
2975.0,3.2991,3.67739,3.67735,0.46346
2976.0,3.0014,3.68013,3.68003,0.46329
2977.0,2.8060,3.68195,3.68180,0.46313
2978.0,3.0188,3.67974,3.67965,0.46297
2979.0,3.2204,3.67759,3.67757,0.46279
2980.0,3.2271,3.67735,3.67735,0.46262
2981.0,3.0758,3.67861,3.67861,0.46244
2982.0,3.1661,3.67758,3.67761,0.46227
2983.0,3.0404,3.67869,3.67869,0.46211
2984.0,3.0159,3.67876,3.67877,0.46194
2985.0,3.1396,3.67739,3.67744,0.46176
2986.0,3.6414,3.67228,3.67246,0.46158
2987.0,3.9075,3.66935,3.66966,0.46137
2988.0,3.4157,3.67382,3.67408,0.46116
2989.0,3.3421,3.67433,3.67457,0.46097
2990.0,16.7895,3.55219,3.54635,0.46078
2991.0,15.9639,3.55556,3.55163,0.45987
2992.0,14.0766,3.56899,3.56734,0.45903
2993.0,13.2722,3.57402,3.57312,0.45827
2994.0,13.4319,3.57099,3.56990,0.45754
2995.0,14.0627,3.56379,3.56209,0.45676
2996.0,13.7071,3.56529,3.56378,0.45600
2997.0,14.0678,3.56070,3.55871,0.45522
2998.0,13.5190,3.56407,3.56238,0.45446
2999.0,12.5264,3.57138,3.57031,0.45369
3000.0,13.3022,3.56372,3.56174,0.45300
3001.0,14.1703,3.55503,3.55210,0.45225
3002.0,15.5399,3.54200,3.53755,0.45144
3003.0,12.8790,3.56361,3.56150,0.45065
3004.0,12.9004,3.56273,3.56033,0.44997
3005.0,14.5821,3.54713,3.54306,0.44920
3006.0,16.0139,3.53366,3.52797,0.44836
3007.0,14.1079,3.54857,3.54473,0.44752
3008.0,14.2054,3.54660,3.54250,0.44670
3009.0,14.3478,3.54461,3.54014,0.44595
3010.0,16.6003,3.52441,3.51736,0.44510
3011.0,15.4721,3.53250,3.52664,0.44420
3012.0,16.0053,3.52698,3.52034,0.44335
3013.0,17.2683,3.51512,3.50683,0.44242
3014.0,16.6820,3.51873,3.51101,0.44150
3015.0,16.8303,3.51631,3.50822,0.44057
3016.0,16.1038,3.52129,3.51388,0.43966
3017.0,15.0869,3.52895,3.52248,0.43881
3018.0,15.4485,3.52509,3.51803,0.43796
3019.0,15.6942,3.52206,3.51459,0.43708
3020.0,16.8387,3.51152,3.50256,0.43618
3021.0,16.7265,3.51138,3.50245,0.43526
3022.0,16.5670,3.51165,3.50279,0.43434
3023.0,14.6888,3.52644,3.51958,0.43343
3024.0,12.0337,3.54892,3.54428,0.43267
3025.0,14.2324,3.52959,3.52285,0.43194
3026.0,15.8054,3.51548,3.50701,0.43109
3027.0,16.5067,3.50853,3.49922,0.43017
3028.0,15.9673,3.51206,3.50334,0.42927
3029.0,16.3660,3.50791,3.49863,0.42839
3030.0,15.5397,3.51397,3.50558,0.42751
3031.0,16.8451,3.50220,3.49219,0.42661
3032.0,14.2790,3.52293,3.51577,0.42573
3033.0,11.7690,3.54430,3.53924,0.42499
3034.0,11.0864,3.55031,3.54563,0.42435
3035.0,12.9611,3.53376,3.52759,0.42369
3036.0,15.3956,3.51245,3.50390,0.42294
3037.0,14.8072,3.51654,3.50873,0.42211
3038.0,15.2617,3.51188,3.50362,0.42127
3039.0,15.2127,3.51128,3.50312,0.42038
3040.0,15.5715,3.50744,3.49886,0.41951
3041.0,14.8419,3.51288,3.50506,0.41868
3042.0,14.1379,3.51818,3.51106,0.41785
3043.0,14.1884,3.51719,3.50997,0.41705
3044.0,15.0203,3.50950,3.50139,0.41624
3045.0,14.2511,3.51536,3.50804,0.41542
3046.0,16.1158,3.49901,3.48961,0.41460
3047.0,15.7260,3.50128,3.49237,0.41369
3048.0,15.1404,3.50544,3.49715,0.41283
3049.0,16.0533,3.49717,3.48778,0.41200
3050.0,19.7696,3.46598,3.45154,0.41111
3051.0,20.6001,3.45765,3.44202,0.40999
3052.0,19.3995,3.46579,3.45193,0.40888
3053.0,15.8675,3.49342,3.48416,0.40779
3054.0,15.6660,3.49451,3.48526,0.40687
3055.0,15.1706,3.49822,3.48935,0.40601
3056.0,15.3167,3.49630,3.48719,0.40511
3057.0,14.1565,3.50581,3.49780,0.40431
3058.0,13.0129,3.51533,3.50834,0.40354
3059.0,14.4276,3.50284,3.49448,0.40276
3060.0,14.2925,3.50353,3.49532,0.40197
3061.0,13.4249,3.51061,3.50326,0.40122
3062.0,13.4759,3.50975,3.50240,0.40045
3063.0,14.9131,3.49705,3.48830,0.39968
3064.0,15.7371,3.48948,3.47989,0.39887
3065.0,14.6076,3.49816,3.48990,0.39800
3066.0,14.9176,3.49476,3.48622,0.39714
3067.0,15.1992,3.49174,3.48289,0.39629
3068.0,16.4408,3.48052,3.47026,0.39540
3069.0,15.1629,3.49048,3.48171,0.39453
3070.0,14.2928,3.49738,3.48949,0.39373
3071.0,15.2225,3.48888,3.48001,0.39290
3072.0,15.7655,3.48358,3.47412,0.39203
3073.0,15.1723,3.48787,3.47908,0.39117
3074.0,15.4960,3.48448,3.47534,0.39032
3075.0,14.8009,3.48962,3.48125,0.38946
3076.0,15.3275,3.48451,3.47556,0.38860
3077.0,13.7108,3.49765,3.49037,0.38777
3078.0,15.9876,3.47782,3.46810,0.38694
3079.0,17.0384,3.46825,3.45729,0.38605
3080.0,12.1018,3.50910,3.50334,0.38511
3081.0,11.6736,3.51308,3.50744,0.38446
3082.0,10.6852,3.52193,3.51690,0.38384
3083.0,8.8730,3.53853,3.53443,0.38330
3084.0,9.4005,3.53394,3.52966,0.38276
3085.0,10.5731,3.52354,3.51873,0.38224
3086.0,10.4557,3.52446,3.51989,0.38166
3087.0,10.1225,3.52733,3.52310,0.38109
3088.0,11.4961,3.51491,3.50997,0.38051
3089.0,11.4802,3.51466,3.50990,0.37988
3090.0,10.3606,3.52438,3.52046,0.37929
3091.0,10.3879,3.52402,3.52017,0.37873
3092.0,9.6434,3.53062,3.52727,0.37819
3093.0,9.8066,3.52904,3.52571,0.37766
3094.0,9.4135,3.53242,3.52940,0.37712
3095.0,10.3518,3.52375,3.52035,0.37656
3096.0,8.5981,3.53938,3.53693,0.37601
3097.0,7.6997,3.54781,3.54568,0.37557
3098.0,8.9616,3.53621,3.53373,0.37509
3099.0,9.8694,3.52773,3.52496,0.37457
3100.0,9.7590,3.52846,3.52585,0.37404
3101.0,10.4990,3.52145,3.51855,0.37348
3102.0,10.0955,3.52465,3.52207,0.37291
3103.0,9.5541,3.52930,3.52703,0.37238
3104.0,9.2481,3.53184,3.52975,0.37185
3105.0,10.8002,3.51752,3.51466,0.37129
3106.0,9.6013,3.52787,3.52572,0.37072
3107.0,8.9821,3.53331,3.53144,0.37021
3108.0,8.8494,3.53433,3.53251,0.36970
3109.0,9.7287,3.52615,3.52395,0.36919
3110.0,11.1790,3.51270,3.50973,0.36862
3111.0,11.2377,3.51161,3.50866,0.36801
3112.0,10.5513,3.51736,3.51482,0.36745
3113.0,9.8647,3.52322,3.52104,0.36690
3114.0,9.7157,3.52426,3.52214,0.36636
3115.0,9.6902,3.52401,3.52192,0.36578
3116.0,9.8040,3.52281,3.52060,0.36527
3117.0,9.5704,3.52467,3.52256,0.36475
3118.0,10.5432,3.51542,3.51284,0.36417
3119.0,10.7721,3.51276,3.51007,0.36356
3120.0,10.0167,3.51907,3.51679,0.36297
3121.0,10.9307,3.51037,3.50755,0.36237
3122.0,10.9951,3.50927,3.50638,0.36176
3123.0,12.2002,3.49794,3.49422,0.36111
3124.0,10.9549,3.50837,3.50547,0.36048
3125.0,8.9639,3.52614,3.52412,0.35994
3126.0,8.4271,3.53107,3.52912,0.35946
3127.0,9.8793,3.51771,3.51511,0.35897
3128.0,10.0903,3.51535,3.51268,0.35841
3129.0,9.5654,3.51973,3.51732,0.35786
3130.0,9.1693,3.52312,3.52084,0.35736
3131.0,10.6695,3.50915,3.50615,0.35680
3132.0,10.4223,3.51073,3.50793,0.35620
3133.0,11.0296,3.50479,3.50162,0.35561
3134.0,11.3039,3.50177,3.49843,0.35500
3135.0,10.3545,3.50968,3.50689,0.35440
3136.0,10.8162,3.50506,3.50197,0.35380
3137.0,12.0818,3.49313,3.48921,0.35315
3138.0,11.1234,3.50089,3.49763,0.35250
3139.0,10.2091,3.50880,3.50593,0.35193
3140.0,12.8670,3.48505,3.48026,0.35139
3141.0,12.9577,3.48317,3.47847,0.35066
3142.0,11.7339,3.49307,3.48930,0.34997
3143.0,10.4206,3.50387,3.50094,0.34926
3144.0,10.1712,3.50599,3.50297,0.34870
3145.0,9.1875,3.51473,3.51203,0.34816
3146.0,9.1113,3.51535,3.51257,0.34765
3147.0,9.2187,3.51406,3.51123,0.34711
3148.0,10.0765,3.50602,3.50278,0.34659
3149.0,10.0032,3.50628,3.50309,0.34604
3150.0,10.0400,3.50556,3.50237,0.34549
3151.0,9.0238,3.51458,3.51179,0.34498
3152.0,9.0825,3.51380,3.51099,0.34447
3153.0,9.6178,3.50862,3.50560,0.34396
3154.0,10.0559,3.50416,3.50100,0.34341
3155.0,9.7689,3.50627,3.50328,0.34285
3156.0,10.1802,3.50207,3.49891,0.34229
3157.0,10.7352,3.49644,3.49305,0.34169
3158.0,12.0994,3.48350,3.47932,0.34105
3159.0,11.5207,3.48793,3.48416,0.34041
3160.0,11.0881,3.49124,3.48769,0.33981
3161.0,10.8521,3.49286,3.48941,0.33922
3162.0,9.8789,3.50123,3.49822,0.33866
3163.0,9.4430,3.50482,3.50196,0.33810
3164.0,10.2624,3.49703,3.49376,0.33756
3165.0,9.2491,3.50591,3.50305,0.33702
3166.0,9.3580,3.50447,3.50158,0.33647
3167.0,10.1122,3.49734,3.49408,0.33595
3168.0,10.6215,3.49210,3.48867,0.33537
3169.0,10.0593,3.49657,3.49346,0.33478
3170.0,9.3022,3.50310,3.50027,0.33424
3171.0,8.5512,3.50978,3.50713,0.33373
3172.0,8.2266,3.51271,3.51007,0.33327
3173.0,8.8304,3.50683,3.50404,0.33278
3174.0,8.2409,3.51200,3.50939,0.33229
3175.0,10.0207,3.49536,3.49214,0.33180
3176.0,10.2781,3.49248,3.48922,0.33126
3177.0,11.5223,3.48058,3.47674,0.33067
3178.0,11.4256,3.48064,3.47695,0.33005
3179.0,10.8884,3.48465,3.48134,0.32943
3180.0,9.0380,3.50111,3.49852,0.32889
3181.0,8.1955,3.50873,3.50627,0.32841
3182.0,8.3040,3.50765,3.50507,0.32795
3183.0,8.8004,3.50266,3.49998,0.32745
3184.0,8.3793,3.50627,3.50370,0.32696
3185.0,8.5890,3.50411,3.50145,0.32650
3186.0,7.7026,3.51208,3.50962,0.32603
3187.0,8.3286,3.50618,3.50354,0.32561
3188.0,9.3092,3.49674,3.49387,0.32513
3189.0,9.6749,3.49272,3.48985,0.32459
3190.0,9.3968,3.49468,3.49198,0.32405
3191.0,10.3914,3.48508,3.48199,0.32352
3192.0,9.9192,3.48877,3.48594,0.32298
3193.0,10.1748,3.48578,3.48288,0.32241
3194.0,11.0750,3.47692,3.47362,0.32182
3195.0,10.7404,3.47915,3.47606,0.32122
3196.0,10.5746,3.47987,3.47690,0.32061
3197.0,11.0381,3.47490,3.47170,0.31999
3198.0,10.3739,3.48027,3.47736,0.31940
3199.0,10.6044,3.47748,3.47445,0.31879
3200.0,10.1507,3.48104,3.47816,0.31822
3201.0,8.8838,3.49222,3.48971,0.31767
3202.0,9.9721,3.48183,3.47888,0.31713
3203.0,10.1266,3.47995,3.47690,0.31658
3204.0,9.2514,3.48746,3.48473,0.31604
3205.0,8.3773,3.49536,3.49275,0.31555
3206.0,10.2973,3.47723,3.47400,0.31502
3207.0,9.8828,3.48032,3.47735,0.31446
3208.0,9.4510,3.48380,3.48097,0.31392
3209.0,10.6452,3.47242,3.46909,0.31338
3210.0,11.3446,3.46514,3.46160,0.31275
3211.0,11.9054,3.45933,3.45548,0.31212
3212.0,11.4480,3.46264,3.45909,0.31151
3213.0,10.9019,3.46675,3.46352,0.31088
3214.0,10.1476,3.47303,3.47010,0.31031
3215.0,9.5918,3.47765,3.47486,0.30975
3216.0,10.3794,3.47012,3.46692,0.30922
3217.0,11.5964,3.45836,3.45461,0.30861
3218.0,11.8616,3.45492,3.45116,0.30794
3219.0,11.2344,3.45956,3.45624,0.30727
3220.0,11.6811,3.45484,3.45122,0.30664
3221.0,10.8621,3.46144,3.45825,0.30601
3222.0,11.2814,3.45702,3.45356,0.30539
3223.0,10.7983,3.46086,3.45756,0.30480
3224.0,10.1893,3.46583,3.46277,0.30421
3225.0,10.5802,3.46171,3.45847,0.30363
3226.0,11.3713,3.45403,3.45034,0.30305
3227.0,11.6843,3.45039,3.44661,0.30241
3228.0,10.4346,3.46083,3.45775,0.30178
3229.0,11.0722,3.45464,3.45115,0.30121
3230.0,10.8724,3.45579,3.45242,0.30061
3231.0,10.2717,3.46055,3.45748,0.30001
3232.0,9.8557,3.46375,3.46083,0.29941
3233.0,10.9794,3.45312,3.44964,0.29886
3234.0,12.3434,3.44000,3.43586,0.29822
3235.0,10.0116,3.46026,3.45736,0.29760
3236.0,10.4781,3.45557,3.45240,0.29703
3237.0,9.4249,3.46475,3.46193,0.29647
3238.0,9.3488,3.46508,3.46222,0.29594
3239.0,10.8317,3.45103,3.44761,0.29538
3240.0,10.1484,3.45647,3.45346,0.29479
3241.0,9.1142,3.46581,3.46299,0.29429
3242.0,10.0052,3.45714,3.45406,0.29375
3243.0,7.9041,3.47616,3.47360,0.29322
3244.0,8.4876,3.47054,3.46780,0.29275
3245.0,8.0545,3.47439,3.47167,0.29228
3246.0,9.7004,3.45888,3.45577,0.29182
3247.0,9.5962,3.45926,3.45631,0.29130
3248.0,10.7011,3.44824,3.44508,0.29072
3249.0,10.9977,3.44468,3.44151,0.29011
3250.0,10.8059,3.44562,3.44260,0.28952
3251.0,11.1677,3.44165,3.43848,0.28893
3252.0,11.3640,3.43893,3.43576,0.28830
3253.0,10.3259,3.44770,3.44497,0.28771
3254.0,10.0726,3.44952,3.44681,0.28716
3255.0,10.6460,3.44370,3.44075,0.28659
3256.0,10.1572,3.44756,3.44480,0.28602
3257.0,10.5556,3.44329,3.44037,0.28545
3258.0,10.4140,3.44379,3.44099,0.28485
3259.0,9.4309,3.45234,3.44980,0.28430
3260.0,13.5174,3.41521,3.41038,0.28376
3261.0,14.0988,3.40827,3.40347,0.28297
3262.0,14.6666,3.40168,3.39663,0.28216
3263.0,12.4528,3.41943,3.41627,0.28134
3264.0,10.9579,3.43250,3.42979,0.28072
3265.0,10.0637,3.44028,3.43770,0.28012
3266.0,10.8220,3.43292,3.42989,0.27953
3267.0,9.6660,3.44307,3.44035,0.27896
3268.0,10.1549,3.43836,3.43532,0.27843
3269.0,11.4010,3.42651,3.42292,0.27786
3270.0,10.3968,3.43480,3.43177,0.27725
3271.0,8.3835,3.45335,3.45063,0.27674
3272.0,9.9223,3.43887,3.43571,0.27626
3273.0,10.3323,3.43443,3.43124,0.27569
3274.0,9.7054,3.43970,3.43672,0.27515
3275.0,9.2326,3.44379,3.44087,0.27464
3276.0,10.3545,3.43294,3.42973,0.27411
3277.0,10.7581,3.42847,3.42522,0.27353
3278.0,11.1390,3.42417,3.42086,0.27292
3279.0,10.9819,3.42463,3.42151,0.27228
3280.0,11.4322,3.41980,3.41647,0.27166
3281.0,11.5543,3.41787,3.41450,0.27103
3282.0,10.3587,3.42787,3.42507,0.27039
3283.0,10.5779,3.42542,3.42240,0.26982
3284.0,10.7103,3.42364,3.42053,0.26924
3285.0,11.6032,3.41479,3.41129,0.26862
3286.0,11.4129,3.41584,3.41242,0.26802
3287.0,11.1603,3.41730,3.41404,0.26739
3288.0,10.4599,3.42316,3.42010,0.26681
3289.0,9.5656,3.43097,3.42810,0.26625
3290.0,10.3219,3.42350,3.42037,0.26569
3291.0,9.6354,3.42932,3.42637,0.26513
3292.0,10.8076,3.41797,3.41462,0.26455
3293.0,11.3403,3.41239,3.40886,0.26395
3294.0,12.5888,3.40014,3.39606,0.26329
3295.0,12.8728,3.39651,3.39234,0.26259
3296.0,12.4303,3.39942,3.39557,0.26189
3297.0,10.0355,3.42048,3.41761,0.26125
3298.0,9.8874,3.42162,3.41857,0.26070
3299.0,11.2371,3.40865,3.40509,0.26010
3300.0,11.4100,3.40635,3.40272,0.25948
3301.0,10.0594,3.41812,3.41496,0.25888
3302.0,10.2565,3.41586,3.41256,0.25831
3303.0,10.4074,3.41395,3.41056,0.25773
3304.0,10.8837,3.40893,3.40538,0.25713
3305.0,10.6665,3.41041,3.40691,0.25656
3306.0,10.8422,3.40801,3.40450,0.25593
3307.0,10.9055,3.40666,3.40315,0.25530
3308.0,11.2660,3.40278,3.39907,0.25469
3309.0,10.7907,3.40652,3.40297,0.25409
3310.0,10.7591,3.40625,3.40268,0.25350
3311.0,10.0171,3.41268,3.40926,0.25294
3312.0,11.1146,3.40197,3.39819,0.25235
3313.0,10.8917,3.40325,3.39960,0.25172
3314.0,9.9778,3.41106,3.40769,0.25113
3315.0,10.0468,3.41006,3.40658,0.25057
3316.0,9.1005,3.41836,3.41507,0.25001
3317.0,10.2550,3.40732,3.40367,0.24947
3318.0,10.4101,3.40525,3.40160,0.24889
3319.0,9.8409,3.41003,3.40653,0.24833
3320.0,9.1576,3.41614,3.41270,0.24782
3321.0,10.5666,3.40271,3.39888,0.24729
3322.0,11.3194,3.39502,3.39103,0.24669
3323.0,9.9084,3.40712,3.40372,0.24606
3324.0,10.4212,3.40193,3.39830,0.24549
3325.0,9.9007,3.40632,3.40278,0.24495
3326.0,8.5412,3.41892,3.41547,0.24446
3327.0,9.1077,3.41344,3.40985,0.24399
3328.0,8.6997,3.41687,3.41336,0.24348
3329.0,10.1822,3.40259,3.39883,0.24296
3330.0,9.7265,3.40634,3.40272,0.24243
3331.0,10.5675,3.39786,3.39410,0.24185
3332.0,9.7124,3.40522,3.40170,0.24130
3333.0,10.2148,3.40011,3.39644,0.24076
3334.0,9.6886,3.40449,3.40095,0.24022
3335.0,9.0114,3.41034,3.40690,0.23968
3336.0,8.8815,3.41124,3.40776,0.23917
3337.0,9.1255,3.40851,3.40499,0.23865
3338.0,9.3940,3.40549,3.40195,0.23811
3339.0,9.6058,3.40309,3.39949,0.23759
3340.0,10.2238,3.39673,3.39302,0.23703
3341.0,9.8485,3.39960,3.39601,0.23647
3342.0,8.8616,3.40857,3.40503,0.23596
3343.0,9.5833,3.40143,3.39776,0.23545
3344.0,9.8655,3.39822,3.39453,0.23490
3345.0,9.6097,3.40005,3.39642,0.23435
3346.0,9.9815,3.39618,3.39241,0.23383
3347.0,9.8561,3.39664,3.39296,0.23324
3348.0,9.7089,3.39757,3.39386,0.23270
3349.0,7.4968,3.41832,3.41461,0.23222
3350.0,8.5935,3.40776,3.40398,0.23177
3351.0,8.6227,3.40721,3.40341,0.23130
3352.0,10.5934,3.38825,3.38416,0.23077
3353.0,10.4042,3.38913,3.38523,0.23017
3354.0,11.8553,3.37516,3.37071,0.22958
3355.0,11.8871,3.37386,3.36949,0.22892
3356.0,11.2415,3.37884,3.37477,0.22826
3357.0,11.1219,3.37934,3.37521,0.22766
3358.0,10.8439,3.38128,3.37718,0.22705
3359.0,10.2842,3.38599,3.38196,0.22648
3360.0,10.5608,3.38280,3.37867,0.22588
3361.0,9.2024,3.39512,3.39115,0.22534
3362.0,9.9242,3.38809,3.38390,0.22481
3363.0,10.1214,3.38580,3.38155,0.22426
3364.0,9.5425,3.39086,3.38666,0.22374
3365.0,9.6535,3.38945,3.38521,0.22322
3366.0,9.0561,3.39466,3.39048,0.22269
3367.0,9.6192,3.38888,3.38465,0.22214
3368.0,10.1610,3.38331,3.37897,0.22158
3369.0,10.9916,3.37495,3.37042,0.22099
3370.0,9.9616,3.38392,3.37966,0.22041
3371.0,8.3774,3.39866,3.39443,0.21991
3372.0,8.7378,3.39516,3.39083,0.21945
3373.0,10.8504,3.37483,3.37019,0.21889
3374.0,9.8530,3.38349,3.37915,0.21833
3375.0,9.6406,3.38510,3.38076,0.21780
3376.0,9.5199,3.38576,3.38144,0.21726
3377.0,10.3487,3.37758,3.37309,0.21672
3378.0,10.1165,3.37907,3.37469,0.21613
3379.0,9.6564,3.38299,3.37864,0.21560
3380.0,12.3461,3.35795,3.35261,0.21506
3381.0,11.9156,3.36064,3.35573,0.21436
3382.0,11.5897,3.36274,3.35799,0.21370
3383.0,8.9775,3.38627,3.38212,0.21305
3384.0,9.1530,3.38449,3.38012,0.21254
3385.0,9.0008,3.38578,3.38129,0.21203
3386.0,8.5386,3.39007,3.38550,0.21156
3387.0,9.5928,3.37983,3.37519,0.21106
3388.0,10.6723,3.36922,3.36442,0.21050
3389.0,10.1401,3.37352,3.36892,0.20992
3390.0,11.5980,3.35948,3.35445,0.20933
3391.0,11.4142,3.36034,3.35546,0.20869
3392.0,10.9019,3.36444,3.35972,0.20808
3393.0,11.5950,3.35745,3.35248,0.20747
3394.0,10.7333,3.36463,3.35997,0.20683
3395.0,10.2296,3.36884,3.36424,0.20624
3396.0,11.0928,3.36048,3.35556,0.20567
3397.0,10.8639,3.36193,3.35711,0.20505
3398.0,10.2202,3.36747,3.36276,0.20447
3399.0,9.2267,3.37651,3.37186,0.20393
3400.0,9.2555,3.37600,3.37130,0.20342
3401.0,9.1481,3.37670,3.37199,0.20289
3402.0,8.8917,3.37893,3.37419,0.20239
3403.0,9.1814,3.37589,3.37116,0.20188
3404.0,9.2621,3.37472,3.37004,0.20136
3405.0,9.3797,3.37332,3.36864,0.20085
3406.0,10.1839,3.36526,3.36054,0.20030
3407.0,11.8463,3.34925,3.34412,0.19970
3408.0,12.7248,3.34029,3.33489,0.19902
3409.0,11.4516,3.35098,3.34621,0.19835
3410.0,11.4346,3.35040,3.34564,0.19769
3411.0,12.0174,3.34440,3.33938,0.19704
3412.0,10.8916,3.35406,3.34943,0.19640
3413.0,8.7260,3.37419,3.36967,0.19584
3414.0,9.1813,3.36987,3.36521,0.19537
3415.0,9.8312,3.36326,3.35862,0.19481
3416.0,8.9436,3.37129,3.36670,0.19426
3417.0,9.4627,3.36611,3.36149,0.19374
3418.0,9.0641,3.36960,3.36500,0.19323
3419.0,9.5969,3.36418,3.35960,0.19270
3420.0,9.8777,3.36106,3.35653,0.19215
3421.0,9.8148,3.36126,3.35676,0.19161
3422.0,10.6274,3.35323,3.34864,0.19107
3423.0,10.4951,3.35387,3.34940,0.19049
3424.0,10.3337,3.35486,3.35046,0.18993
3425.0,9.2966,3.36429,3.35998,0.18939
3426.0,9.7835,3.35929,3.35498,0.18886
3427.0,9.4315,3.36223,3.35797,0.18832
3428.0,9.7452,3.35891,3.35465,0.18780
3429.0,9.7825,3.35807,3.35387,0.18725
3430.0,10.7330,3.34852,3.34428,0.18667
3431.0,9.9620,3.35509,3.35105,0.18607
3432.0,11.1805,3.34315,3.33891,0.18548
3433.0,10.5755,3.34804,3.34402,0.18486
3434.0,10.4461,3.34879,3.34478,0.18429
3435.0,9.5206,3.35728,3.35329,0.18377
3436.0,8.8168,3.36376,3.35972,0.18326
3437.0,9.4032,3.35785,3.35386,0.18275
3438.0,10.4952,3.34716,3.34312,0.18223
3439.0,9.8370,3.35281,3.34894,0.18168
3440.0,10.4439,3.34651,3.34267,0.18111
3441.0,10.5809,3.34453,3.34078,0.18051
3442.0,10.5155,3.34445,3.34080,0.17990
3443.0,10.2776,3.34621,3.34259,0.17934
3444.0,8.8275,3.35961,3.35599,0.17879
3445.0,8.8572,3.35909,3.35544,0.17829
3446.0,9.9086,3.34856,3.34502,0.17774
3447.0,8.6764,3.36017,3.35653,0.17726
3448.0,10.6264,3.34112,3.33756,0.17672
3449.0,9.5080,3.35114,3.34776,0.17617
3450.0,8.8998,3.35652,3.35316,0.17564
3451.0,8.2291,3.36281,3.35931,0.17515
3452.0,9.9701,3.34578,3.34247,0.17467
3453.0,9.9312,3.34553,3.34238,0.17412
3454.0,10.5282,3.33918,3.33613,0.17354
3455.0,10.4636,3.33917,3.33621,0.17297
3456.0,10.1993,3.34103,3.33819,0.17240
3457.0,9.6370,3.34583,3.34306,0.17185
3458.0,10.5733,3.33651,3.33371,0.17131
3459.0,9.4231,3.34689,3.34420,0.17076
3460.0,10.3159,3.33777,3.33518,0.17019
3461.0,9.5999,3.34407,3.34153,0.16964
3462.0,9.2500,3.34713,3.34455,0.16914
3463.0,11.2617,3.32730,3.32479,0.16856
3464.0,10.8199,3.33056,3.32831,0.16794
3465.0,9.2420,3.34508,3.34286,0.16739
3466.0,8.6058,3.35109,3.34868,0.16691
3467.0,8.5624,3.35138,3.34891,0.16645
3468.0,10.0707,3.33630,3.33414,0.16593
3469.0,8.6493,3.34941,3.34724,0.16540
3470.0,8.5588,3.34999,3.34781,0.16492
3471.0,9.0645,3.34471,3.34269,0.16443
3472.0,11.0814,3.32480,3.32297,0.16389
3473.0,10.5621,3.32876,3.32724,0.16330
3474.0,11.2115,3.32157,3.32025,0.16266
3475.0,10.6539,3.32586,3.32479,0.16204
3476.0,10.5852,3.32577,3.32479,0.16145
3477.0,8.8942,3.34162,3.34045,0.16092
3478.0,9.9601,3.33096,3.32992,0.16041
3479.0,9.9457,3.33042,3.32952,0.15985
3480.0,10.0253,3.32898,3.32821,0.15930
3481.0,8.6598,3.34162,3.34072,0.15876
3482.0,9.0244,3.33777,3.33693,0.15827
3483.0,9.6563,3.33115,3.33050,0.15776
3484.0,10.5313,3.32199,3.32159,0.15720
3485.0,8.8636,3.33744,3.33698,0.15667
3486.0,9.4039,3.33170,3.33141,0.15617
3487.0,9.8253,3.32706,3.32694,0.15565
3488.0,9.9013,3.32543,3.32559,0.15509
3489.0,10.3615,3.32021,3.32058,0.15452
3490.0,9.8486,3.32441,3.32489,0.15398
3491.0,8.7128,3.33492,3.33521,0.15346
3492.0,8.7979,3.33351,3.33392,0.15294
3493.0,9.6534,3.32453,3.32527,0.15242
3494.0,10.3501,3.31708,3.31806,0.15188
3495.0,10.3592,3.31606,3.31730,0.15132
3496.0,10.1048,3.31766,3.31907,0.15076
3497.0,9.7523,3.32036,3.32184,0.15022
3498.0,10.7021,3.31016,3.31203,0.14964
3499.0,12.2770,3.29398,3.29608,0.14900
3500.0,4.6307,3.36832,3.36780,0.14832
3501.0,4.4169,3.37236,3.37033,0.14808
3502.0,4.3784,3.37370,3.37113,0.14784
3503.0,4.2972,3.37519,3.37230,0.14759
3504.0,3.6557,3.38263,3.37882,0.14736
3505.0,4.2850,3.37632,3.37321,0.14714
3506.0,4.8988,3.36995,3.36760,0.14689
3507.0,3.7717,3.38212,3.37855,0.14664
3508.0,3.9402,3.38072,3.37729,0.14644
3509.0,3.9461,3.38084,3.37749,0.14622
3510.0,3.7442,3.38318,3.37965,0.14601
3511.0,4.3259,3.37691,3.37424,0.14577
3512.0,4.1734,3.37852,3.37578,0.14554
3513.0,3.6973,3.38378,3.38048,0.14533
3514.0,4.4262,3.37592,3.37361,0.14510
3515.0,4.1400,3.37887,3.37636,0.14486
3516.0,4.0837,3.37939,3.37690,0.14463
3517.0,3.9433,3.38085,3.37824,0.14440
3518.0,4.0716,3.37951,3.37707,0.14418
3519.0,3.5489,3.38506,3.38205,0.14396
3520.0,3.9253,3.38102,3.37849,0.14376
3521.0,3.5563,3.38490,3.38198,0.14354
3522.0,3.1483,3.38950,3.38596,0.14336
3523.0,3.5703,3.38489,3.38196,0.14316
3524.0,3.2665,3.38806,3.38480,0.14295
3525.0,3.9852,3.38029,3.37796,0.14276
3526.0,4.9057,3.37006,3.36898,0.14251
3527.0,4.5332,3.37356,3.37224,0.14225
3528.0,4.9333,3.36887,3.36813,0.14198
3529.0,4.6064,3.37201,3.37095,0.14172
3530.0,4.5204,3.37268,3.37153,0.14147
3531.0,3.4500,3.38415,3.38158,0.14125
3532.0,3.4709,3.38398,3.38132,0.14106
3533.0,4.3753,3.37413,3.37259,0.14085
3534.0,3.9196,3.37875,3.37672,0.14062
3535.0,3.8280,3.37956,3.37741,0.14040
3536.0,3.5111,3.38288,3.38029,0.14020
3537.0,3.5012,3.38289,3.38024,0.13999
3538.0,3.4582,3.38325,3.38053,0.13980
3539.0,3.4235,3.38355,3.38074,0.13960
3540.0,3.2673,3.38524,3.38216,0.13942
3541.0,3.0462,3.38763,3.38419,0.13925
3542.0,3.5642,3.38192,3.37917,0.13907
3543.0,2.9143,3.38896,3.38528,0.13890
3544.0,3.2728,3.38499,3.38178,0.13873
3545.0,3.3556,3.38392,3.38085,0.13854
3546.0,3.5364,3.38183,3.37900,0.13836
3547.0,4.0936,3.37541,3.37344,0.13815
3548.0,3.6694,3.37959,3.37717,0.13793
3549.0,3.3599,3.38281,3.37991,0.13774
3550.0,3.8043,3.37772,3.37544,0.13753
3551.0,3.4238,3.38164,3.37883,0.13734
3552.0,3.9791,3.37523,3.37324,0.13712
3553.0,4.2170,3.37226,3.37064,0.13689
3554.0,4.1279,3.37274,3.37109,0.13665
3555.0,3.4462,3.37989,3.37729,0.13644
3556.0,3.5757,3.37837,3.37584,0.13625
3557.0,3.6688,3.37720,3.37473,0.13605
3558.0,3.7466,3.37606,3.37373,0.13585
3559.0,4.4793,3.36772,3.36641,0.13563
3560.0,5.5869,3.35535,3.35542,0.13538
3561.0,4.4346,3.36669,3.36576,0.13508
3562.0,4.2469,3.36847,3.36718,0.13485
3563.0,3.2526,3.37894,3.37626,0.13462
3564.0,2.8341,3.38360,3.38007,0.13443
3565.0,3.4299,3.37708,3.37426,0.13426
3566.0,3.3495,3.37781,3.37482,0.13407
3567.0,2.7065,3.38484,3.38080,0.13390
3568.0,3.6686,3.37406,3.37144,0.13372
3569.0,3.9408,3.37058,3.36849,0.13350
3570.0,3.9248,3.37034,3.36830,0.13328
3571.0,3.4161,3.37557,3.37281,0.13307
3572.0,3.3739,3.37580,3.37294,0.13287
3573.0,3.6469,3.37258,3.37008,0.13268
3574.0,3.8122,3.37042,3.36819,0.13247
3575.0,3.4520,3.37406,3.37132,0.13227
3576.0,3.7180,3.37089,3.36851,0.13207
3577.0,4.0158,3.36728,3.36535,0.13186
3578.0,3.7465,3.36979,3.36756,0.13165
3579.0,3.9908,3.36675,3.36488,0.13144
3580.0,4.2254,3.36371,3.36225,0.13121
3581.0,3.9880,3.36576,3.36407,0.13098
3582.0,3.9810,3.36545,3.36375,0.13076
3583.0,4.3437,3.36105,3.35989,0.13053
3584.0,3.2429,3.37300,3.37010,0.13034
3585.0,3.8200,3.36628,3.36427,0.13013
3586.0,3.9304,3.36458,3.36282,0.12991
3587.0,3.3032,3.37121,3.36847,0.12971
3588.0,3.9796,3.36355,3.36175,0.12951
3589.0,4.3317,3.35903,3.35792,0.12927
3590.0,4.0636,3.36134,3.35998,0.12903
3591.0,3.3996,3.36859,3.36605,0.12884
3592.0,3.6481,3.36561,3.36339,0.12865
3593.0,3.7088,3.36462,3.36250,0.12845
3594.0,3.9504,3.36169,3.35990,0.12826
3595.0,3.6677,3.36421,3.36216,0.12803
3596.0,3.7776,3.36277,3.36081,0.12784
3597.0,4.1454,3.35817,3.35687,0.12761
3598.0,4.2946,3.35589,3.35496,0.12738
3599.0,4.4097,3.35400,3.35336,0.12714
3600.0,4.6326,3.35091,3.35069,0.12689
3601.0,3.9566,3.35776,3.35663,0.12665
3602.0,3.6261,3.36109,3.35939,0.12643
3603.0,3.1902,3.36588,3.36328,0.12625
3604.0,3.3555,3.36384,3.36143,0.12606
3605.0,3.6434,3.36033,3.35837,0.12587
3606.0,4.4137,3.35115,3.35055,0.12563
3607.0,4.2502,3.35243,3.35165,0.12541
3608.0,3.7490,3.35748,3.35600,0.12519
3609.0,3.9654,3.35462,3.35351,0.12497
3610.0,3.5660,3.35871,3.35694,0.12476
3611.0,4.4751,3.34808,3.34781,0.12454
3612.0,4.1010,3.35150,3.35084,0.12430
3613.0,3.8778,3.35354,3.35252,0.12407
3614.0,4.4826,3.34627,3.34626,0.12384
3615.0,4.7830,3.34232,3.34285,0.12360
3616.0,3.3812,3.35728,3.35571,0.12336
3617.0,3.7519,3.35298,3.35184,0.12317
3618.0,4.3400,3.34585,3.34574,0.12294
3619.0,4.3337,3.34518,3.34524,0.12269
3620.0,4.3150,3.34470,3.34485,0.12244
3621.0,4.4592,3.34244,3.34291,0.12220
3622.0,3.9882,3.34718,3.34690,0.12196
3623.0,3.5152,3.35220,3.35102,0.12176
3624.0,3.6498,3.35053,3.34942,0.12157
3625.0,4.0343,3.34570,3.34532,0.12135
3626.0,3.9474,3.34613,3.34568,0.12113
3627.0,3.9875,3.34522,3.34486,0.12091
3628.0,3.5826,3.34919,3.34824,0.12069
3629.0,3.6030,3.34870,3.34768,0.12049
3630.0,3.6131,3.34817,3.34719,0.12029
3631.0,3.2425,3.35228,3.35046,0.12012
3632.0,3.5837,3.34815,3.34689,0.11993
3633.0,4.5171,3.33699,3.33749,0.11971
3634.0,4.4901,3.33633,3.33711,0.11946
3635.0,4.4027,3.33662,3.33737,0.11922
3636.0,4.4111,3.33584,3.33671,0.11898
3637.0,4.3846,3.33555,3.33643,0.11875
3638.0,4.5401,3.33322,3.33440,0.11852
3639.0,4.2591,3.33547,3.33643,0.11827
3640.0,4.0404,3.33749,3.33801,0.11805
3641.0,4.0741,3.33655,3.33717,0.11782
3642.0,3.9632,3.33731,3.33773,0.11760
3643.0,4.0422,3.33587,3.33646,0.11738
3644.0,3.7232,3.33897,3.33902,0.11717
3645.0,4.0272,3.33514,3.33567,0.11696
3646.0,3.6759,3.33859,3.33854,0.11674
3647.0,3.9223,3.33528,3.33570,0.11653
3648.0,4.1028,3.33276,3.33350,0.11632
3649.0,3.2823,3.34144,3.34082,0.11610
3650.0,3.4285,3.33960,3.33907,0.11592
3651.0,3.9902,3.33289,3.33332,0.11572
3652.0,3.3027,3.34009,3.33940,0.11552
3653.0,4.4591,3.32650,3.32790,0.11531
3654.0,4.4678,3.32546,3.32716,0.11507
3655.0,3.7852,3.33232,3.33303,0.11483
3656.0,3.2340,3.33834,3.33787,0.11463
3657.0,3.5443,3.33461,3.33455,0.11445
3658.0,3.6732,3.33277,3.33291,0.11426
3659.0,3.6767,3.33207,3.33236,0.11405
3660.0,4.0464,3.32719,3.32829,0.11383
3661.0,3.9342,3.32779,3.32880,0.11362
3662.0,4.2893,3.32306,3.32481,0.11339
3663.0,4.5580,3.31907,3.32154,0.11314
3664.0,4.4012,3.31985,3.32229,0.11289
3665.0,3.8564,3.32544,3.32689,0.11266
3666.0,3.4420,3.32977,3.33033,0.11245
3667.0,3.7321,3.32615,3.32712,0.11226
3668.0,4.1958,3.32021,3.32213,0.11204
3669.0,4.1898,3.31946,3.32153,0.11180
3670.0,4.1968,3.31864,3.32084,0.11157
3671.0,4.1650,3.31828,3.32050,0.11134
3672.0,3.4313,3.32600,3.32691,0.11112
3673.0,4.1531,3.31726,3.31947,0.11090
3674.0,4.3569,3.31428,3.31692,0.11068
3675.0,4.3971,3.31287,3.31582,0.11043
3676.0,4.7121,3.30854,3.31211,0.11019
3677.0,4.7625,3.30697,3.31086,0.10993
3678.0,3.7655,3.31752,3.31968,0.10970
3679.0,3.5094,3.32001,3.32157,0.10948
3680.0,4.4067,3.30947,3.31249,0.10927
3681.0,4.5424,3.30685,3.31045,0.10902
3682.0,4.0967,3.31104,3.31398,0.10878
3683.0,3.4681,3.31721,3.31921,0.10853
3684.0,3.7848,3.31343,3.31569,0.10832
3685.0,3.9205,3.31147,3.31389,0.10812
3686.0,3.6147,3.31459,3.31632,0.10792
3687.0,3.6744,3.31328,3.31519,0.10771
3688.0,3.8624,3.31072,3.31290,0.10751
3689.0,3.7239,3.31165,3.31365,0.10730
3690.0,4.2847,3.30448,3.30767,0.10708
3691.0,4.9224,3.29598,3.30074,0.10681
3692.0,4.7034,3.29739,3.30199,0.10655
3693.0,4.5014,3.29864,3.30309,0.10629
3694.0,4.3216,3.29982,3.30403,0.10604
3695.0,3.9041,3.30404,3.30734,0.10582
3696.0,3.6955,3.30590,3.30872,0.10560
3697.0,4.0386,3.30163,3.30492,0.10539
3698.0,3.9076,3.30240,3.30553,0.10517
3699.0,3.1999,3.31034,3.31182,0.10498
3700.0,3.6291,3.30507,3.30728,0.10480
3701.0,3.7479,3.30312,3.30562,0.10460
3702.0,4.3366,3.29570,3.29940,0.10438
3703.0,4.1274,3.29711,3.30069,0.10415
3704.0,3.7985,3.30007,3.30314,0.10393
3705.0,3.5929,3.30193,3.30451,0.10372
3706.0,3.3826,3.30390,3.30597,0.10352
3707.0,3.6332,3.30069,3.30311,0.10333
3708.0,4.5693,3.28894,3.29347,0.10310
3709.0,4.3295,3.29043,3.29490,0.10285
3710.0,4.0682,3.29257,3.29663,0.10261
3711.0,4.9728,3.28130,3.28720,0.10237
3712.0,4.4691,3.28580,3.29109,0.10210
3713.0,4.8884,3.28005,3.28623,0.10184
3714.0,4.1889,3.28698,3.29202,0.10159
3715.0,4.3417,3.28460,3.28983,0.10135
3716.0,4.1656,3.28604,3.29081,0.10112
3717.0,3.9016,3.28833,3.29261,0.10089
3718.0,3.8155,3.28884,3.29281,0.10068
3719.0,3.2260,3.29515,3.29783,0.10047
3720.0,3.7733,3.28840,3.29207,0.10027
3721.0,3.4787,3.29107,3.29423,0.10006
3722.0,3.5869,3.28937,3.29263,0.09986
3723.0,4.1796,3.28195,3.28638,0.09965
3724.0,3.7422,3.28625,3.28990,0.09943
3725.0,3.8254,3.28484,3.28855,0.09924
3726.0,3.4297,3.28890,3.29176,0.09904
3727.0,3.7562,3.28451,3.28806,0.09884
3728.0,3.7776,3.28342,3.28718,0.09862
3729.0,3.6641,3.28406,3.28762,0.09841
3730.0,3.7177,3.28278,3.28647,0.09821
3731.0,4.1629,3.27687,3.28155,0.09799
3732.0,4.0446,3.27715,3.28187,0.09775
3733.0,4.4535,3.27163,3.27722,0.09753
3734.0,4.7446,3.26705,3.27354,0.09727
3735.0,4.4745,3.26905,3.27521,0.09702
3736.0,3.9820,3.27388,3.27908,0.09678
3737.0,4.4198,3.26808,3.27414,0.09654
3738.0,3.9711,3.27268,3.27772,0.09632
3739.0,3.6083,3.27626,3.28050,0.09611
3740.0,3.1574,3.28130,3.28427,0.09592
3741.0,3.9284,3.27169,3.27631,0.09572
3742.0,4.0477,3.26932,3.27441,0.09549
3743.0,3.2856,3.27777,3.28107,0.09529
3744.0,3.9770,3.26932,3.27394,0.09510
3745.0,3.8942,3.26898,3.27388,0.09485
3746.0,3.8897,3.26852,3.27327,0.09465
3747.0,3.9415,3.26737,3.27214,0.09444
3748.0,3.4329,3.27272,3.27638,0.09424
3749.0,4.2856,3.26217,3.26761,0.09403
3750.0,4.7099,3.25594,3.26266,0.09378
3751.0,3.8517,3.26479,3.26997,0.09354
3752.0,3.7431,3.26552,3.27032,0.09333
3753.0,3.3241,3.27000,3.27371,0.09313
3754.0,3.6573,3.26552,3.26991,0.09293
3755.0,3.2129,3.27012,3.27351,0.09272
3756.0,3.7339,3.26363,3.26799,0.09253
3757.0,4.2189,3.25725,3.26271,0.09233
3758.0,3.8703,3.26042,3.26531,0.09211
3759.0,3.8045,3.26049,3.26525,0.09190
3760.0,4.0491,3.25675,3.26218,0.09168
3761.0,3.5608,3.26173,3.26612,0.09147
3762.0,3.8356,3.25790,3.26284,0.09126
3763.0,4.0236,3.25489,3.26033,0.09105
3764.0,3.6222,3.25873,3.26340,0.09082
3765.0,3.5084,3.25964,3.26389,0.09063
3766.0,3.9738,3.25336,3.25872,0.09041
3767.0,3.5702,3.25754,3.26194,0.09021
3768.0,4.0158,3.25171,3.25705,0.09001
3769.0,3.9461,3.25142,3.25689,0.08978
3770.0,4.7348,3.24136,3.24857,0.08955
3771.0,4.5560,3.24201,3.24928,0.08929
3772.0,4.5805,3.24054,3.24807,0.08903
3773.0,4.1179,3.24496,3.25159,0.08878
3774.0,3.3895,3.25308,3.25784,0.08857
3775.0,3.6167,3.25007,3.25508,0.08837
3776.0,3.8684,3.24675,3.25211,0.08818
3777.0,4.0720,3.24345,3.24942,0.08796
3778.0,3.9462,3.24406,3.24986,0.08774
3779.0,3.5256,3.24840,3.25319,0.08753
3780.0,3.8717,3.24379,3.24925,0.08732
3781.0,3.9317,3.24208,3.24789,0.08710
3782.0,3.8215,3.24248,3.24816,0.08687
3783.0,3.9853,3.23970,3.24580,0.08664
3784.0,4.3182,3.23477,3.24177,0.08640
3785.0,4.1386,3.23565,3.24253,0.08615
3786.0,4.1018,3.23532,3.24207,0.08591
3787.0,4.5386,3.22922,3.23702,0.08566
3788.0,4.3431,3.23038,3.23794,0.08541
3789.0,4.2304,3.23085,3.23815,0.08516
3790.0,4.4093,3.22787,3.23559,0.08492
3791.0,4.9379,3.22061,3.22959,0.08466
3792.0,5.0841,3.21761,3.22714,0.08438
3793.0,4.0951,3.22806,3.23560,0.08411
3794.0,3.9369,3.22963,3.23643,0.08390
3795.0,3.6275,3.23270,3.23866,0.08368
3796.0,3.3427,3.23590,3.24083,0.08348
3797.0,3.1386,3.23836,3.24237,0.08332
3798.0,3.8902,3.22872,3.23459,0.08311
3799.0,3.4353,3.23325,3.23821,0.08289
3800.0,3.9960,3.22645,3.23236,0.08271
3801.0,4.3628,3.22096,3.22807,0.08248
3802.0,4.3493,3.21981,3.22727,0.08223
3803.0,3.7844,3.22521,3.23171,0.08197
3804.0,3.6727,3.22633,3.23215,0.08177
3805.0,3.7972,3.22435,3.23032,0.08156
3806.0,3.6366,3.22558,3.23118,0.08135
3807.0,3.6670,3.22468,3.23026,0.08114
3808.0,3.3229,3.22840,3.23299,0.08096
3809.0,3.4938,3.22595,3.23082,0.08077
3810.0,4.0361,3.21873,3.22499,0.08056
3811.0,4.6802,3.21013,3.21804,0.08033
3812.0,4.8531,3.20687,3.21547,0.08007
