plant,estimator,group,profile,scenario,seed,rmse,rmse_ss,mae,max_err,final_err,conv_time,diverged,rmse_v,ns_per_step,bytes,capacity_err_end,bound_violation,bound_width,real_type
spm,CoulombCounting,baselines,evtol,nominal,1,0.00357694,0.00465034,0.00314312,0.00600629,-0.00600629,0,0,0.0103082,75.4645,4184,nan,nan,nan,double
spm,OCVLookup,baselines,evtol,nominal,1,0.0177343,0.0203936,0.0135032,0.0590219,0.0129894,0,0,0.0125993,1310.36,4192,nan,nan,nan,double
spm,CoulombOCVHybrid,baselines,evtol,nominal,1,0.00563073,0.00674087,0.00533042,0.00834767,0.00642022,0,0,0.0109016,204.832,4192,nan,nan,nan,double
spm,EKF,kalman,evtol,nominal,1,0.0382758,0.038929,0.0365737,0.0454297,-0.036338,0,0,0.00100456,458.766,4336,nan,nan,nan,double
spm,UKF,kalman,evtol,nominal,1,0.03448,0.0351513,0.0329394,0.0452885,-0.0325264,0.4,0,0.0012935,1376.68,4776,nan,nan,nan,double
spm,LKF,kalman,evtol,nominal,1,0.0130079,0.0172247,0.0110086,0.0271624,-0.0270754,0,0,0.00104973,340.483,4680,nan,nan,nan,double
spm,IEKF,kalman,evtol,nominal,1,0.0354635,0.0364699,0.0339277,0.0406197,-0.0346738,0,0,0.00101144,578.79,4336,nan,nan,nan,double
spm,CKF,kalman,evtol,nominal,1,0.0475429,0.0464591,0.0457372,0.0625855,-0.042616,0,0,0.00102538,1198.66,4560,nan,nan,nan,double
spm,SCKF,kalman,evtol,nominal,1,0.0475429,0.0464591,0.0457372,0.0625855,-0.042616,0,0,0.00102538,1504.99,4696,nan,nan,nan,double
spm,CKF5,kalman,evtol,nominal,1,0.047284,0.0462839,0.0454715,0.0620669,-0.042593,0.1,0,0.00103353,3911.8,5624,nan,nan,nan,double
spm,CDKF,kalman,evtol,nominal,1,0.047284,0.0462839,0.0454715,0.0620669,-0.042593,0.1,0,0.00103353,1334.23,4312,nan,nan,nan,double
spm,GHKF,kalman,evtol,nominal,1,0.047284,0.0462839,0.0454715,0.0620669,-0.042593,0.1,0,0.00103353,11516.6,10784,nan,nan,nan,double
spm,IPLF,kalman,evtol,nominal,1,0.030174,0.0312812,0.0292195,0.0372407,-0.0298018,0.2,0,0.0013042,1940.1,4784,nan,nan,nan,double
spm,EIF,kalman,evtol,nominal,1,0.0382758,0.038929,0.0365737,0.0454297,-0.036338,0,0,0.00100456,1204.72,4472,nan,nan,nan,double
spm,SR-EKF,kalman,evtol,nominal,1,0.0382758,0.038929,0.0365737,0.0454297,-0.036338,0,0,0.00100456,789.92,4440,nan,nan,nan,double
spm,SR-UKF,kalman,evtol,nominal,1,0.03448,0.0351513,0.0329394,0.0452885,-0.0325264,0.4,0,0.0012935,1465.5,4896,nan,nan,nan,double
spm,UD-EKF,kalman,evtol,nominal,1,0.0382758,0.038929,0.0365737,0.0454297,-0.036338,0,0,0.00100456,480.856,4480,nan,nan,nan,double
spm,SO-EKF,kalman,evtol,nominal,1,0.0354128,0.0363823,0.033847,0.0452933,-0.0347095,0.4,0,0.00124997,3987.67,4496,nan,nan,nan,double
spm,SageHusa-AKF,adaptive_kalman,evtol,nominal,1,0.0315108,0.0321662,0.0301356,0.0375998,-0.0292587,0,0,0.00115395,513.164,4808,nan,nan,nan,double
spm,IAE-AKF,adaptive_kalman,evtol,nominal,1,0.0266976,0.0273647,0.0255712,0.03323,-0.0248762,0,0,0.00151183,471.252,5040,nan,nan,nan,double
spm,VB-AKF,adaptive_kalman,evtol,nominal,1,0.0312104,0.0321963,0.0298566,0.036757,-0.029813,0,0,0.00117661,839.601,4408,nan,nan,nan,double
spm,STF,adaptive_kalman,evtol,nominal,1,0.0101587,0.00578762,0.00667586,0.0590246,0.00655765,0,0,0.000958082,503.033,4680,nan,nan,nan,double
spm,Fading-EKF,adaptive_kalman,evtol,nominal,1,0.00568975,0.00341061,0.0045587,0.01845,0.00330793,0,0,0.00111035,480.435,4384,nan,nan,nan,double
spm,Fuzzy-AKF,adaptive_kalman,evtol,nominal,1,0.0346665,0.0351956,0.0331301,0.0421222,-0.0323073,0,0,0.00138891,700.858,4816,nan,nan,nan,double
spm,IMM,adaptive_kalman,evtol,nominal,1,0.0264702,0.0271705,0.0252559,0.032158,-0.0244701,0,0,0.0010854,1982.42,4976,nan,nan,nan,double
spm,MMAE,adaptive_kalman,evtol,nominal,1,0.0464398,0.046149,0.0443312,0.0559769,-0.037782,0,0,0.00101784,1704.54,13200,-0.0201681,nan,nan,double
spm,Schmidt-KF,robust_kalman,evtol,nominal,1,0.00675029,0.00517127,0.00558373,0.0152328,0.00794236,0,0,0.00748397,1234.22,8856,nan,nan,nan,double
spm,Hinf-EKF,robust_kalman,evtol,nominal,1,0.038202,0.0378944,0.036616,0.046993,0.0351415,0,0,0.00105492,741.885,4408,nan,nan,nan,double
spm,Huber-EKF,robust_kalman,evtol,nominal,1,0.0334023,0.0339955,0.0321532,0.0405791,-0.0311194,0,0,0.00117989,614.174,4368,nan,nan,nan,double
spm,MC-EKF,robust_kalman,evtol,nominal,1,0.0353109,0.0363424,0.0337723,0.0406075,-0.0346533,0,0,0.00104885,936.28,4384,nan,nan,nan,double
spm,StudentT-KF,robust_kalman,evtol,nominal,1,0.0371571,0.0376088,0.0355549,0.0452446,-0.0349685,0,0,0.0012177,672.938,4568,nan,nan,nan,double
spm,Constrained-EKF,robust_kalman,evtol,nominal,1,0.0382758,0.038929,0.0365737,0.0454297,-0.036338,0,0,0.00100456,554.187,4416,nan,nan,nan,double
spm,ReducedOrder-EKF,robust_kalman,evtol,nominal,1,0.00747269,0.00709788,0.00569526,0.017471,0.0111768,0,0,0.00158588,311.055,4272,nan,nan,nan,double
spm,SVSF,robust_kalman,evtol,nominal,1,0.037095,0.0374135,0.0355238,0.0459952,-0.0345554,0,0,0.00104036,553.175,4376,nan,nan,nan,double
spm,Luenberger,observers,evtol,nominal,1,0.0087812,0.00626346,0.00578845,0.0410957,0.00892755,0,0,0.00107843,328.038,4632,nan,nan,nan,double
spm,SSKF,observers,evtol,nominal,1,0.0087812,0.00626346,0.00578845,0.0410957,0.00892755,0,0,0.00107843,320.096,4632,nan,nan,nan,double
spm,PI-Observer,observers,evtol,nominal,1,0.0107754,0.0098955,0.00758764,0.0494965,0.0114945,0,0,0.00106545,1205.17,4824,nan,nan,nan,double
spm,SMO,observers,evtol,nominal,1,0.0088095,0.00613748,0.00574459,0.0417617,0.00870593,0,0,0.00106836,350.404,4800,nan,nan,nan,double
spm,SMO-Adaptive,observers,evtol,nominal,1,0.00872128,0.00597407,0.00565751,0.0414787,0.00843465,0,0,0.0010727,339.93,4800,nan,nan,nan,double
spm,SuperTwisting-SMO,observers,evtol,nominal,1,0.0103835,0.00965825,0.0075267,0.0417698,0.0118728,0,0,0.00281083,133.597,4280,nan,nan,nan,double
spm,HGO,observers,evtol,nominal,1,0.0087812,0.00626346,0.00578845,0.0410957,0.00892755,0,0,0.00107843,333.237,4680,nan,nan,nan,double
spm,ESO,observers,evtol,nominal,1,0.0100616,0.00993509,0.00738732,0.0401511,0.0114836,0,0,0.00102632,1259.33,4784,nan,nan,nan,double
spm,UIO,observers,evtol,nominal,1,0.00831024,0.00466733,0.00637207,0.0254734,0.00633685,0,0,0.00108451,453.715,5072,nan,nan,nan,double
spm,DOB,observers,evtol,nominal,1,0.0088322,0.00700039,0.00630239,0.0382011,0.0115005,0,0,0.00102842,752.397,4784,nan,nan,nan,double
spm,AdaptiveObserver,observers,evtol,nominal,1,0.00875025,0.00455711,0.00584114,0.0376506,0.00734711,0,0,0.000999889,704.459,4864,-0.00011,nan,nan,double
spm,IntervalObserver,observers,evtol,nominal,1,0.0087812,0.00626346,0.00578845,0.0410957,0.00892755,0,0,0.00107843,668.999,9024,nan,0,0.338581,double
spm,JointEKF,soh,evtol,nominal,1,0.0254924,0.0157707,0.0220909,0.0586863,-0.00516052,0,0,0.000809587,1140.76,8752,0.167914,nan,nan,double
spm,JointUKF,soh,evtol,nominal,1,0.0270857,0.0181302,0.0232807,0.0598109,-0.00543985,0.4,0,0.00112836,3038.24,9600,0.156915,nan,nan,double
spm,DualEKF,soh,evtol,nominal,1,0.0159517,0.00685619,0.0123148,0.0324194,0.00544869,0,0,0.000844316,1175.32,4752,0.258194,nan,nan,double
spm,DualUKF,soh,evtol,nominal,1,0.0483654,0.0442721,0.0448268,0.0639902,-0.0193655,0.4,0,0.00117319,2218.9,5512,0.847118,nan,nan,double
spm,RLS-EKF,soh,evtol,nominal,1,0.0422393,0.0430255,0.0405275,0.050381,-0.0405623,0,0,0.000986993,464.206,8904,nan,nan,nan,double
spm,AWTLS,soh,evtol,nominal,1,0.03308,0.0290078,0.0309306,0.0454297,-0.0180152,0,0,0.000999045,460.545,8776,0.274986,nan,nan,double
spm,PF-Bootstrap,particle,evtol,nominal,1,0.00887935,0.00442432,0.00555491,0.0342444,0.00115122,0,0,0.00106837,74498.1,46472,nan,nan,nan,double
spm,PF-Fast,particle,evtol,nominal,1,0.0136798,0.0105317,0.011454,0.0339527,0.0103242,431.6,0,0.00104926,15535.6,9664,nan,nan,nan,double
spm,PF-Regularized,particle,evtol,nominal,1,0.00905138,0.00826767,0.00715933,0.0340872,0.0119677,0,0,0.00106919,79446.4,46464,nan,nan,nan,double
spm,PF-Auxiliary,particle,evtol,nominal,1,0.0101428,0.00997358,0.00787907,0.028762,0.0122954,0,0,0.00116352,100695,54584,nan,nan,nan,double
spm,RBPF,particle,evtol,nominal,1,0.00671885,0.00504428,0.00522876,0.0353282,-0.00607562,0,0,0.00100685,39693.3,34016,nan,nan,nan,double
spm,UPF,particle,evtol,nominal,1,0.0176721,0.0108794,0.0131524,0.0578812,0.00488036,450.3,0,0.0013196,18052.9,25360,nan,nan,nan,double
spm,EnKF,particle,evtol,nominal,1,0.0219728,0.0117801,0.0153396,0.0635763,-0.000969059,0.1,0,0.00102366,9797.09,6776,nan,nan,nan,double
spm,ETKF,particle,evtol,nominal,1,0.0538907,0.0568808,0.0527916,0.0589071,-0.0571117,-1,0,0.00106409,10381.2,5304,nan,nan,nan,double
spm,GSF,particle,evtol,nominal,1,0.0209002,0.015094,0.0176201,0.0461231,-0.0140587,0,0,0.00103572,1667.77,9192,nan,nan,nan,double
spm,NN-Direct,learning,evtol,nominal,1,0.0421989,0.0511721,0.037297,0.110646,0.0103852,0,0,nan,493.408,15152,nan,nan,nan,double
spm,NN-EKF,learning,evtol,nominal,1,0.0240762,0.0251456,0.0237612,0.0266886,-0.0235404,0.1,0,0.00121307,1040.55,4376,nan,nan,nan,double
spm,ELM-RLS-EKF,learning,evtol,nominal,1,0.0266227,0.0274789,0.0255262,0.0311147,-0.025485,0,0,0.000804928,3304.72,11704,nan,nan,nan,double
spm,MHE-RTI,optimization,evtol,nominal,1,0.0415339,0.0426072,0.039953,0.0477425,-0.0363605,0,0,0.0010132,16835.1,26928,nan,nan,nan,double
spm,MHE,optimization,evtol,nominal,1,0.0353053,0.0375001,0.0337302,0.0408028,-0.0361343,0,0,0.00101781,28979.2,26928,nan,nan,nan,double
spm,ERTS,smoothers,evtol,nominal,1,0.0352505,0.0356022,0.0352471,0.036338,-0.036338,-1,0,0.00294654,861.289,12547032,nan,nan,nan,double
spm,URTS,smoothers,evtol,nominal,1,0.0312075,0.03172,0.0312004,0.0325264,-0.0325264,-1,0,0.00210689,2446.3,12547056,nan,nan,nan,double
spm,Batch-NLS,smoothers,evtol,nominal,1,0.0307538,0.0313698,0.0307441,0.0322591,-0.0322591,-1,0,0.000825657,4397.91,17371352,nan,nan,nan,double
spm,FixedLag-EKF,smoothers,evtol,nominal,1,0.0378879,0.0386087,0.0361976,0.0447663,-0.0362803,0,0,0.00100456,10201.6,19992,nan,nan,nan,double
spm,CoulombCounting,baselines,evtol,nominal,2,0.00358497,0.00466531,0.00314699,0.00600104,-0.00600104,0,0,0.0101466,74.7684,4184,nan,nan,nan,double
spm,OCVLookup,baselines,evtol,nominal,2,0.0172643,0.0197399,0.0131597,0.0554226,0.0125599,0,0,0.0123675,1312.1,4192,nan,nan,nan,double
spm,CoulombOCVHybrid,baselines,evtol,nominal,2,0.00552726,0.00662201,0.00523045,0.00804922,0.00617026,0,0,0.0106563,207.654,4192,nan,nan,nan,double
spm,EKF,kalman,evtol,nominal,2,0.0339347,0.0349636,0.0324401,0.0395913,-0.0332376,0,0,0.00100135,455.611,4336,nan,nan,nan,double
spm,UKF,kalman,evtol,nominal,2,0.0372293,0.0375583,0.0355441,0.0454095,-0.0340886,0.4,0,0.00127361,1387.38,4776,nan,nan,nan,double
spm,LKF,kalman,evtol,nominal,2,0.0127596,0.0168796,0.0107758,0.0267402,-0.0265998,0,0,0.00102852,325.692,4680,nan,nan,nan,double
spm,IEKF,kalman,evtol,nominal,2,0.0341383,0.035161,0.032637,0.0395949,-0.033481,0,0,0.00100085,567.604,4336,nan,nan,nan,double
spm,CKF,kalman,evtol,nominal,2,0.0452695,0.0446431,0.0435039,0.057893,-0.0402287,0,0,0.00101254,1208.33,4560,nan,nan,nan,double
spm,SCKF,kalman,evtol,nominal,2,0.0452695,0.0446431,0.0435039,0.057893,-0.0402287,0,0,0.00101254,1536.51,4696,nan,nan,nan,double
spm,CKF5,kalman,evtol,nominal,2,0.0449864,0.0444111,0.0432331,0.0573806,-0.0401149,0.1,0,0.00102038,3795.38,5624,nan,nan,nan,double
spm,CDKF,kalman,evtol,nominal,2,0.0449864,0.0444111,0.0432331,0.0573806,-0.0401149,0.1,0,0.00102038,1310.66,4312,nan,nan,nan,double
spm,GHKF,kalman,evtol,nominal,2,0.0449864,0.0444111,0.0432331,0.0573806,-0.0401149,0.1,0,0.00102038,11386.8,10784,nan,nan,nan,double
spm,IPLF,kalman,evtol,nominal,2,0.0419615,0.0424148,0.0405065,0.0509296,-0.0394778,0.2,0,0.00127681,1945.95,4784,nan,nan,nan,double
spm,EIF,kalman,evtol,nominal,2,0.0339347,0.0349636,0.0324401,0.0395913,-0.0332376,0,0,0.00100135,1217.38,4472,nan,nan,nan,double
spm,SR-EKF,kalman,evtol,nominal,2,0.0339347,0.0349636,0.0324401,0.0395913,-0.0332376,0,0,0.00100135,791.669,4440,nan,nan,nan,double
spm,SR-UKF,kalman,evtol,nominal,2,0.0372293,0.0375583,0.0355441,0.0454095,-0.0340886,0.4,0,0.00127361,1488.72,4896,nan,nan,nan,double
spm,UD-EKF,kalman,evtol,nominal,2,0.0339347,0.0349636,0.0324401,0.0395913,-0.0332376,0,0,0.00100135,460.853,4480,nan,nan,nan,double
spm,SO-EKF,kalman,evtol,nominal,2,0.0318169,0.0328595,0.0304084,0.0438441,-0.0303635,0.5,0,0.00123937,3961.35,4496,nan,nan,nan,double
spm,SageHusa-AKF,adaptive_kalman,evtol,nominal,2,0.0333846,0.0340546,0.0319154,0.0400749,-0.0306673,0,0,0.00110059,509.605,4808,nan,nan,nan,double
spm,IAE-AKF,adaptive_kalman,evtol,nominal,2,0.0318972,0.0330152,0.0306571,0.0360713,-0.0306305,0,0,0.00113859,470.77,5040,nan,nan,nan,double
spm,VB-AKF,adaptive_kalman,evtol,nominal,2,0.0292625,0.0301476,0.0280778,0.0343092,-0.0282214,0,0,0.00112103,840.69,4408,nan,nan,nan,double
spm,STF,adaptive_kalman,evtol,nominal,2,0.0118698,0.00542261,0.00853339,0.0501351,0.00533751,0,0,0.000944368,503.034,4680,nan,nan,nan,double
spm,Fading-EKF,adaptive_kalman,evtol,nominal,2,0.00639487,0.00392928,0.00521025,0.0177412,0.00285567,0,0,0.0010811,462.644,4384,nan,nan,nan,double
spm,Fuzzy-AKF,adaptive_kalman,evtol,nominal,2,0.0268499,0.027731,0.0256705,0.0322735,-0.0248575,0,0,0.00153777,698.362,4816,nan,nan,nan,double
spm,IMM,adaptive_kalman,evtol,nominal,2,0.030502,0.0311408,0.0290572,0.0371886,-0.0276432,0,0,0.00105798,1965.47,4976,nan,nan,nan,double
spm,MMAE,adaptive_kalman,evtol,nominal,2,0.0462631,0.0474,0.0440263,0.05312,-0.0357158,0,0,0.00101575,1684.66,13200,-0.0394362,nan,nan,double
spm,Schmidt-KF,robust_kalman,evtol,nominal,2,0.00604428,0.00493835,0.00462861,0.0155027,0.00686472,0,0,0.00728109,1230,8856,nan,nan,nan,double
spm,Hinf-EKF,robust_kalman,evtol,nominal,2,0.0444183,0.0500507,0.0390773,0.120098,0.042051,0,0,0.000999646,740.47,4408,nan,nan,nan,double
spm,Huber-EKF,robust_kalman,evtol,nominal,2,0.0319786,0.0329392,0.0306076,0.0373358,-0.0306497,0,0,0.00113253,615.355,4368,nan,nan,nan,double
spm,MC-EKF,robust_kalman,evtol,nominal,2,0.0308908,0.031897,0.0295596,0.0356424,-0.0292612,0,0,0.00103721,933.542,4384,nan,nan,nan,double
spm,StudentT-KF,robust_kalman,evtol,nominal,2,0.0353177,0.035929,0.0340135,0.0424045,-0.033352,0,0,0.00116942,665.978,4568,nan,nan,nan,double
spm,Constrained-EKF,robust_kalman,evtol,nominal,2,0.0339347,0.0349636,0.0324401,0.0395913,-0.0332376,0,0,0.00100135,554.64,4416,nan,nan,nan,double
spm,ReducedOrder-EKF,robust_kalman,evtol,nominal,2,0.0073597,0.00672098,0.00553037,0.0176565,0.0106845,0,0,0.00155924,309.232,4272,nan,nan,nan,double
spm,SVSF,robust_kalman,evtol,nominal,2,0.0368179,0.0372504,0.0352713,0.0452264,-0.0339606,0,0,0.00103376,548.798,4376,nan,nan,nan,double
spm,Luenberger,observers,evtol,nominal,2,0.00664353,0.00566529,0.00477745,0.0246538,0.00833525,0,0,0.00103358,335.358,4632,nan,nan,nan,double
spm,SSKF,observers,evtol,nominal,2,0.00664353,0.00566529,0.00477745,0.0246538,0.00833525,0,0,0.00103358,324.329,4632,nan,nan,nan,double
spm,PI-Observer,observers,evtol,nominal,2,0.0105608,0.00941449,0.00739041,0.0481803,0.0116269,0,0,0.00105293,1153.79,4824,nan,nan,nan,double
spm,SMO,observers,evtol,nominal,2,0.00693809,0.00594456,0.00496215,0.0260614,0.00870432,0,0,0.00102776,340.554,4800,nan,nan,nan,double
spm,SMO-Adaptive,observers,evtol,nominal,2,0.00674908,0.00567473,0.00482337,0.0254511,0.00829885,0,0,0.00103038,334.227,4800,nan,nan,nan,double
spm,SuperTwisting-SMO,observers,evtol,nominal,2,0.0102126,0.00925955,0.00735262,0.0405331,0.0113836,0,0,0.00270445,132.957,4280,nan,nan,nan,double
spm,HGO,observers,evtol,nominal,2,0.00664353,0.00566529,0.00477745,0.0246538,0.00833525,0,0,0.00103358,339.148,4680,nan,nan,nan,double
spm,ESO,observers,evtol,nominal,2,0.00981692,0.0092609,0.00717136,0.0395191,0.0109825,0,0,0.00100748,1081.42,4784,nan,nan,nan,double
spm,UIO,observers,evtol,nominal,2,0.00752414,0.00453444,0.0057081,0.023656,0.00667188,0,0,0.001067,463.277,5072,nan,nan,nan,double
spm,DOB,observers,evtol,nominal,2,0.00861313,0.00658012,0.00611368,0.0358609,0.0108769,0,0,0.00101543,815.861,4784,nan,nan,nan,double
spm,AdaptiveObserver,observers,evtol,nominal,2,0.00666734,0.0044611,0.00488842,0.0226681,0.00742149,0,0,0.000964766,689.7,4864,-0.000325539,nan,nan,double
spm,IntervalObserver,observers,evtol,nominal,2,0.00664353,0.00566529,0.00477745,0.0246538,0.00833525,0,0,0.00103358,670.619,9024,nan,0,0.339216,double
spm,JointEKF,soh,evtol,nominal,2,0.0286585,0.0243028,0.0264132,0.0546842,-0.0148272,0,0,0.000826552,1156.6,8752,0.0365071,nan,nan,double
spm,JointUKF,soh,evtol,nominal,2,0.0247759,0.0149151,0.0208409,0.0577172,-0.00406327,0.4,0,0.00112761,3011.59,9600,0.179288,nan,nan,double
spm,DualEKF,soh,evtol,nominal,2,0.0168556,0.00804834,0.0133423,0.0330876,0.0108233,0,0,0.000850645,1158.46,4752,0.405533,nan,nan,double
spm,DualUKF,soh,evtol,nominal,2,0.0441796,0.0373044,0.0404242,0.0645679,-0.0127375,0.4,0,0.00116006,2206.49,5512,0.876673,nan,nan,double
spm,RLS-EKF,soh,evtol,nominal,2,0.0389572,0.0405312,0.0372715,0.0438288,-0.0399482,0,0,0.00108836,451.249,8904,nan,nan,nan,double
spm,AWTLS,soh,evtol,nominal,2,0.0290571,0.025766,0.027228,0.0395913,-0.0165394,0,0,0.000996006,462.717,8776,0.238147,nan,nan,double
spm,PF-Bootstrap,particle,evtol,nominal,2,0.0107115,0.00855255,0.00851033,0.0293659,0.00916343,0,0,0.00104358,74321.6,46472,nan,nan,nan,double
spm,PF-Fast,particle,evtol,nominal,2,0.0103773,0.00912662,0.00787893,0.0374899,0.0133672,0,0,0.00101111,15408.4,9664,nan,nan,nan,double
spm,PF-Regularized,particle,evtol,nominal,2,0.00946967,0.00558944,0.0075125,0.0278226,0.00910004,0,0,0.00108037,79039,46464,nan,nan,nan,double
spm,PF-Auxiliary,particle,evtol,nominal,2,0.00591273,0.00255024,0.00386928,0.0240232,0.00124401,0,0,0.00115798,99858.9,54584,nan,nan,nan,double
spm,RBPF,particle,evtol,nominal,2,0.0146708,0.0121817,0.013426,0.0414748,0.0109995,0,0,0.00100913,39894,34016,nan,nan,nan,double
spm,UPF,particle,evtol,nominal,2,0.0134445,0.00731717,0.00871505,0.0541615,9.62233e-05,0,0,0.00128431,18388.6,25360,nan,nan,nan,double
spm,EnKF,particle,evtol,nominal,2,0.0241501,0.0118588,0.01723,0.066793,0.011443,496.4,0,0.0010259,9946.6,6776,nan,nan,nan,double
spm,ETKF,particle,evtol,nominal,2,0.0506845,0.0549826,0.0494063,0.0582361,-0.0575389,22.2,0,0.00104546,10371.3,5304,nan,nan,nan,double
spm,GSF,particle,evtol,nominal,2,0.022143,0.0120616,0.0160371,0.0629307,-0.0112192,0,0,0.00103535,1660.46,9192,nan,nan,nan,double
spm,NN-Direct,learning,evtol,nominal,2,0.0418188,0.0507041,0.0369267,0.109395,0.00834175,0,0,nan,488.849,15152,nan,nan,nan,double
spm,NN-EKF,learning,evtol,nominal,2,0.0249283,0.025949,0.0245905,0.0279344,-0.0238247,0,0,0.00116784,1022.35,4376,nan,nan,nan,double
spm,ELM-RLS-EKF,learning,evtol,nominal,2,0.0215032,0.0225096,0.020618,0.0242662,-0.0213322,0,0,0.000809877,3260.34,11704,nan,nan,nan,double
spm,MHE-RTI,optimization,evtol,nominal,2,0.0404084,0.0420805,0.0389143,0.0491811,-0.0395197,0,0,0.000995451,16704.9,26928,nan,nan,nan,double
spm,MHE,optimization,evtol,nominal,2,0.0437727,0.0452842,0.0418559,0.051264,-0.0395733,0,0,0.000993848,28604.1,26928,nan,nan,nan,double
spm,ERTS,smoothers,evtol,nominal,2,0.0318535,0.0324215,0.0318454,0.0332376,-0.0332376,-1,0,0.00263248,856.071,12547032,nan,nan,nan,double
spm,URTS,smoothers,evtol,nominal,2,0.0329896,0.0333696,0.0329855,0.0340886,-0.0340886,-1,0,0.0023293,2338.86,12547056,nan,nan,nan,double
spm,Batch-NLS,smoothers,evtol,nominal,2,0.0272857,0.0278286,0.0272771,0.0286504,-0.0286504,-1,0,0.000804476,4338.15,17371352,nan,nan,nan,double
spm,FixedLag-EKF,smoothers,evtol,nominal,2,0.0335552,0.0346454,0.0320798,0.0389621,-0.0331791,0,0,0.00100135,9985.87,19992,nan,nan,nan,double
spm,CoulombCounting,baselines,evtol,nominal,3,0.00360539,0.00468848,0.00316521,0.00605556,-0.00605556,0,0,0.0103367,75.5079,4184,nan,nan,nan,double
spm,OCVLookup,baselines,evtol,nominal,3,0.0179643,0.0206406,0.0137231,0.0593603,0.0134521,0,0,0.0126966,1301.95,4192,nan,nan,nan,double
spm,CoulombOCVHybrid,baselines,evtol,nominal,3,0.00548974,0.00658555,0.00519224,0.00807308,0.00683958,0,0,0.0108469,205.677,4192,nan,nan,nan,double
spm,EKF,kalman,evtol,nominal,3,0.0371707,0.0380747,0.0358411,0.0442485,-0.0367937,0,0,0.00105096,452.735,4336,nan,nan,nan,double
spm,UKF,kalman,evtol,nominal,3,0.0469242,0.0461175,0.0451921,0.0609838,-0.0417402,0.2,0,0.00130934,1368.69,4776,nan,nan,nan,double
spm,LKF,kalman,evtol,nominal,3,0.0131345,0.0173889,0.0111027,0.0273013,-0.0272903,0,0,0.00106802,330.314,4680,nan,nan,nan,double
spm,IEKF,kalman,evtol,nominal,3,0.0369556,0.0381183,0.0354149,0.043305,-0.0363381,0,0,0.00105294,565.264,4336,nan,nan,nan,double
spm,CKF,kalman,evtol,nominal,3,0.0487011,0.0474862,0.0467837,0.0648053,-0.0445185,0,0,0.00105405,1177.73,4560,nan,nan,nan,double
spm,SCKF,kalman,evtol,nominal,3,0.0487011,0.0474862,0.0467837,0.0648053,-0.0445185,0,0,0.00105405,1510.13,4696,nan,nan,nan,double
spm,CKF5,kalman,evtol,nominal,3,0.0487412,0.0475666,0.0468959,0.0645588,-0.0445274,0.1,0,0.00106308,3765.08,5624,nan,nan,nan,double
spm,CDKF,kalman,evtol,nominal,3,0.0487412,0.0475666,0.0468959,0.0645588,-0.0445274,0.1,0,0.00106308,1286.68,4312,nan,nan,nan,double
spm,GHKF,kalman,evtol,nominal,3,0.0487412,0.0475666,0.0468959,0.0645588,-0.0445274,0.1,0,0.00106308,11297.9,10784,nan,nan,nan,double
spm,IPLF,kalman,evtol,nominal,3,0.0372923,0.0384247,0.0357106,0.0436254,-0.0371417,0.2,0,0.00131497,1948.29,4784,nan,nan,nan,double
spm,EIF,kalman,evtol,nominal,3,0.0371707,0.0380747,0.0358411,0.0442485,-0.0367937,0,0,0.00105096,1184,4472,nan,nan,nan,double
spm,SR-EKF,kalman,evtol,nominal,3,0.0371707,0.0380747,0.0358411,0.0442485,-0.0367937,0,0,0.00105096,779.381,4440,nan,nan,nan,double
spm,SR-UKF,kalman,evtol,nominal,3,0.0469242,0.0461175,0.0451921,0.0609838,-0.0417402,0.2,0,0.00130934,1460.1,4896,nan,nan,nan,double
spm,UD-EKF,kalman,evtol,nominal,3,0.0371707,0.0380747,0.0358411,0.0442485,-0.0367937,0,0,0.00105096,460.054,4480,nan,nan,nan,double
spm,SO-EKF,kalman,evtol,nominal,3,0.0359131,0.0362561,0.0348436,0.0465227,-0.0333698,0.2,0,0.00128408,3957.65,4496,nan,nan,nan,double
spm,SageHusa-AKF,adaptive_kalman,evtol,nominal,3,0.0329079,0.0335691,0.0317354,0.040567,-0.0314006,0,0,0.00122585,508.51,4808,nan,nan,nan,double
spm,IAE-AKF,adaptive_kalman,evtol,nominal,3,0.0297091,0.0303233,0.0285029,0.0368851,-0.0283398,0,0,0.00162655,466.466,5040,nan,nan,nan,double
spm,VB-AKF,adaptive_kalman,evtol,nominal,3,0.032603,0.0331811,0.0314647,0.0402884,-0.0315503,0,0,0.00124724,823.47,4408,nan,nan,nan,double
spm,STF,adaptive_kalman,evtol,nominal,3,0.0116342,0.00860244,0.0089952,0.0648932,0.0134543,0,0,0.000967491,501.293,4680,nan,nan,nan,double
spm,Fading-EKF,adaptive_kalman,evtol,nominal,3,0.00585066,0.00346997,0.00469565,0.0178886,0.0030651,0,0,0.00113146,465.06,4384,nan,nan,nan,double
spm,Fuzzy-AKF,adaptive_kalman,evtol,nominal,3,0.0317843,0.032354,0.0303697,0.0396074,-0.0302624,0,0,0.00165397,689.911,4816,nan,nan,nan,double
spm,IMM,adaptive_kalman,evtol,nominal,3,0.0260723,0.0259416,0.0251535,0.0347207,-0.024462,0,0,0.0011417,1937.05,4976,nan,nan,nan,double
spm,MMAE,adaptive_kalman,evtol,nominal,3,0.0468079,0.0470939,0.0448041,0.0551986,-0.0381265,0,0,0.00106169,1652.51,13200,-0.0263101,nan,nan,double
spm,Schmidt-KF,robust_kalman,evtol,nominal,3,0.00795566,0.00509676,0.00689163,0.016939,0.00532473,0,0,0.00769574,1176.99,8856,nan,nan,nan,double
spm,Hinf-EKF,robust_kalman,evtol,nominal,3,0.0354416,0.0343969,0.0317545,0.111557,-0.018688,0,0,0.00104831,732.734,4408,nan,nan,nan,double
spm,Huber-EKF,robust_kalman,evtol,nominal,3,0.0325774,0.033259,0.03157,0.0395439,-0.0317477,0,0,0.00120686,601.997,4368,nan,nan,nan,double
spm,MC-EKF,robust_kalman,evtol,nominal,3,0.0281609,0.0293719,0.0271185,0.0324323,-0.0279883,0,0,0.00113024,936.861,4384,nan,nan,nan,double
spm,StudentT-KF,robust_kalman,evtol,nominal,3,0.0343253,0.034969,0.033043,0.0420981,-0.0331609,0,0,0.00126819,668.367,4568,nan,nan,nan,double
spm,Constrained-EKF,robust_kalman,evtol,nominal,3,0.0371707,0.0380747,0.0358411,0.0442485,-0.0367937,0,0,0.00105096,556.028,4416,nan,nan,nan,double
spm,ReducedOrder-EKF,robust_kalman,evtol,nominal,3,0.0074459,0.00717675,0.00569278,0.0173662,0.0114219,0,0,0.00159704,307.764,4272,nan,nan,nan,double
spm,SVSF,robust_kalman,evtol,nominal,3,0.0365386,0.0371708,0.0348864,0.0449344,-0.0355379,0,0,0.00104742,552.449,4376,nan,nan,nan,double
spm,Luenberger,observers,evtol,nominal,3,0.00875247,0.0063654,0.00577431,0.0414184,0.008883,0,0,0.00109837,332.734,4632,nan,nan,nan,double
spm,SSKF,observers,evtol,nominal,3,0.00875247,0.0063654,0.00577431,0.0414184,0.008883,0,0,0.00109837,325.55,4632,nan,nan,nan,double
spm,PI-Observer,observers,evtol,nominal,3,0.0112208,0.00977472,0.00787387,0.0494807,0.0122446,0,0,0.00108186,1056.82,4824,nan,nan,nan,double
spm,SMO,observers,evtol,nominal,3,0.00895776,0.00672081,0.00596478,0.0420706,0.00939486,0,0,0.00108921,360.562,4800,nan,nan,nan,double
spm,SMO-Adaptive,observers,evtol,nominal,3,0.00886428,0.00655313,0.00587587,0.0417945,0.0091925,0,0,0.00109318,349.06,4800,nan,nan,nan,double
spm,SuperTwisting-SMO,observers,evtol,nominal,3,0.010374,0.00975421,0.00754498,0.0439216,0.0122644,0,0,0.00287963,133.141,4280,nan,nan,nan,double
spm,HGO,observers,evtol,nominal,3,0.00875247,0.0063654,0.00577431,0.0414184,0.008883,0,0,0.00109837,338.889,4680,nan,nan,nan,double
spm,ESO,observers,evtol,nominal,3,0.0100032,0.0100967,0.00740608,0.0402747,0.0120906,0,0,0.00105257,1182.78,4784,nan,nan,nan,double
spm,UIO,observers,evtol,nominal,3,0.00774373,0.00470536,0.00596969,0.0242525,0.00682144,0,0,0.00110824,473.315,5072,nan,nan,nan,double
spm,DOB,observers,evtol,nominal,3,0.00887205,0.0072201,0.00633529,0.0382411,0.0121457,0,0,0.00104296,902.365,4784,nan,nan,nan,double
spm,AdaptiveObserver,observers,evtol,nominal,3,0.00860777,0.00456596,0.00571885,0.0374578,0.0072885,0,0,0.00101335,708.745,4864,1.2014e-05,nan,nan,double
spm,IntervalObserver,observers,evtol,nominal,3,0.00875247,0.0063654,0.00577431,0.0414184,0.008883,0,0,0.00109837,671.764,9024,nan,0,0.338023,double
spm,JointEKF,soh,evtol,nominal,3,0.0292264,0.0233123,0.0270324,0.0572136,-0.0146175,0,0,0.000815715,1150.89,8752,0.0814078,nan,nan,double
spm,JointUKF,soh,evtol,nominal,3,0.0229375,0.00897485,0.0172818,0.0608824,0.00139389,0.2,0,0.00112225,3000.8,9600,0.321191,nan,nan,double
spm,DualEKF,soh,evtol,nominal,3,0.0206799,0.0110416,0.0172,0.0387203,0.00526928,0,0,0.000858805,1155.57,4752,0.413478,nan,nan,double
spm,DualUKF,soh,evtol,nominal,3,0.0398929,0.0287249,0.0352724,0.0652163,0.00123828,0.2,0,0.00116847,2218.67,5512,0.994185,nan,nan,double
spm,RLS-EKF,soh,evtol,nominal,3,0.0564027,0.0575338,0.0540563,0.0663876,-0.054213,0,0,0.00114456,462.126,8904,nan,nan,nan,double
spm,AWTLS,soh,evtol,nominal,3,0.031978,0.0281971,0.0302442,0.0442485,-0.01812,0,0,0.00104573,449.847,8776,0.26924,nan,nan,double
spm,PF-Bootstrap,particle,evtol,nominal,3,0.0104803,0.00878723,0.00751136,0.0323242,0.0129701,0,0,0.00111206,75023.7,46472,nan,nan,nan,double
spm,PF-Fast,particle,evtol,nominal,3,0.0100996,0.0075853,0.00781637,0.0406295,0.00830604,0,0,0.00108685,15563.9,9664,nan,nan,nan,double
spm,PF-Regularized,particle,evtol,nominal,3,0.00830598,0.00549099,0.00604912,0.0355446,0.00805959,0,0,0.00109712,79655.2,46464,nan,nan,nan,double
spm,PF-Auxiliary,particle,evtol,nominal,3,0.0120752,0.00599969,0.00939785,0.0371844,0.00286913,0,0,0.00118387,99718.8,54584,nan,nan,nan,double
spm,RBPF,particle,evtol,nominal,3,0.00897596,0.00559463,0.00684429,0.0424069,0.00592892,0,0,0.00104446,39651.7,34016,nan,nan,nan,double
spm,UPF,particle,evtol,nominal,3,0.0197474,0.0138037,0.0165877,0.0628402,0.0184752,364.9,0,0.00133349,18341.7,25360,nan,nan,nan,double
spm,EnKF,particle,evtol,nominal,3,0.0231792,0.0263254,0.0193002,0.0539089,-0.0466586,0.1,0,0.00112498,10049.3,6776,nan,nan,nan,double
spm,ETKF,particle,evtol,nominal,3,0.00539823,0.00264935,0.00372214,0.0413191,-0.000644869,0.1,0,0.0011184,10420.7,5304,nan,nan,nan,double
spm,GSF,particle,evtol,nominal,3,0.0232335,0.0145721,0.0179097,0.0641887,-0.0139213,0,0,0.00108263,1665.23,9192,nan,nan,nan,double
spm,NN-Direct,learning,evtol,nominal,3,0.0425984,0.0517493,0.0377044,0.110653,0.0110407,0,0,nan,490.942,15152,nan,nan,nan,double
spm,NN-EKF,learning,evtol,nominal,3,0.0238836,0.0250608,0.0235681,0.0261963,-0.0238312,0.1,0,0.00123598,1024.61,4376,nan,nan,nan,double
spm,ELM-RLS-EKF,learning,evtol,nominal,3,0.0270148,0.0278264,0.0260777,0.0322765,-0.0264241,0,0,0.000869126,3238.89,11704,nan,nan,nan,double
spm,MHE-RTI,optimization,evtol,nominal,3,0.0508434,0.0517708,0.0485356,0.0607915,-0.0458572,0,0,0.00103721,16679.1,26928,nan,nan,nan,double
spm,MHE,optimization,evtol,nominal,3,0.0201848,0.0208267,0.0196867,0.026029,-0.0149423,0,0,0.00104393,28643.7,26928,nan,nan,nan,double
spm,ERTS,smoothers,evtol,nominal,3,0.0352489,0.035907,0.035239,0.0367937,-0.0367937,-1,0,0.00212102,849.4,12547032,nan,nan,nan,double
spm,URTS,smoothers,evtol,nominal,3,0.040681,0.0410537,0.0406779,0.0417651,-0.0417402,-1,0,0.00217325,2322.26,12547056,nan,nan,nan,double
spm,Batch-NLS,smoothers,evtol,nominal,3,0.0304114,0.0309918,0.0304024,0.0318484,-0.0318484,-1,0,0.000846159,4175.15,17371352,nan,nan,nan,double
spm,FixedLag-EKF,smoothers,evtol,nominal,3,0.0367832,0.0377495,0.0354603,0.0435704,-0.0367415,0,0,0.00105096,9710.45,19992,nan,nan,nan,double
spm,CoulombCounting,baselines,evtol,init_error,1,0.353147,0.354582,0.353143,0.356006,-0.356006,-1,1,8.20162,74.5108,4184,nan,nan,nan,double
spm,OCVLookup,baselines,evtol,init_error,1,0.0350756,0.0203936,0.0186931,0.348826,0.0129894,87.4,0,0.0233489,1293.94,4192,nan,nan,nan,double
spm,CoulombOCVHybrid,baselines,evtol,init_error,1,0.0661051,0.0524739,0.0576942,0.349412,-0.00414887,-1,0,0.0529485,204.096,4192,nan,nan,nan,double
spm,EKF,kalman,evtol,init_error,1,0.035559,0.0363061,0.0342485,0.0420376,-0.0345094,0,0,0.00216981,459.049,4336,nan,nan,nan,double
spm,UKF,kalman,evtol,init_error,1,0.0473822,0.046408,0.0466795,0.0606014,-0.0422231,-1,0,0.00211139,1352.31,4776,nan,nan,nan,double
spm,LKF,kalman,evtol,init_error,1,0.00564319,0.00553144,0.00474006,0.0129815,-0.0092124,0,0,0.00218001,323.62,4680,nan,nan,nan,double
spm,IEKF,kalman,evtol,init_error,1,0.0242609,0.0252662,0.0231038,0.0282864,-0.0240086,0,0,0.0021784,567.288,4336,nan,nan,nan,double
spm,CKF,kalman,evtol,init_error,1,0.0513792,0.0469273,0.0510503,0.0647111,-0.0430741,-1,0,0.00216167,1177.83,4560,nan,nan,nan,double
spm,SCKF,kalman,evtol,init_error,1,0.0513792,0.0469273,0.0510503,0.0647111,-0.0430741,-1,0,0.00216167,1480.24,4696,nan,nan,nan,double
spm,CKF5,kalman,evtol,init_error,1,0.0524688,0.0469567,0.0519753,0.0711106,-0.0428362,-1,0,0.00216166,3776.78,5624,nan,nan,nan,double
spm,CDKF,kalman,evtol,init_error,1,0.0524688,0.0469567,0.0519753,0.0711106,-0.0428362,-1,0,0.00216166,1291.34,4312,nan,nan,nan,double
spm,GHKF,kalman,evtol,init_error,1,0.0524688,0.0469567,0.0519753,0.0711106,-0.0428362,-1,0,0.00216166,11161,10784,nan,nan,nan,double
spm,IPLF,kalman,evtol,init_error,1,0.0483569,0.0489467,0.0464404,0.0579117,-0.0477978,0,0,0.00210538,1918.53,4784,nan,nan,nan,double
spm,EIF,kalman,evtol,init_error,1,0.035559,0.0363061,0.0342485,0.0420376,-0.0345094,0,0,0.00216981,1170.47,4472,nan,nan,nan,double
spm,SR-EKF,kalman,evtol,init_error,1,0.035559,0.0363061,0.0342485,0.0420376,-0.0345094,0,0,0.00216981,768.178,4440,nan,nan,nan,double
spm,SR-UKF,kalman,evtol,init_error,1,0.0473822,0.046408,0.0466795,0.0606014,-0.0422231,-1,0,0.00211139,1443.38,4896,nan,nan,nan,double
spm,UD-EKF,kalman,evtol,init_error,1,0.035559,0.0363061,0.0342485,0.0420376,-0.0345094,0,0,0.00216981,440.684,4480,nan,nan,nan,double
spm,SO-EKF,kalman,evtol,init_error,1,0.0437988,0.0437439,0.0427946,0.0533146,-0.0415179,0.4,0,0.00209873,3954.5,4496,nan,nan,nan,double
spm,SageHusa-AKF,adaptive_kalman,evtol,init_error,1,0.0394836,0.0398116,0.0381142,0.0484652,-0.0366181,0,0,0.00222862,506.789,4808,nan,nan,nan,double
spm,IAE-AKF,adaptive_kalman,evtol,init_error,1,0.0342112,0.0344795,0.033008,0.0432052,-0.0307945,0,0,0.00239296,469.119,5040,nan,nan,nan,double
spm,VB-AKF,adaptive_kalman,evtol,init_error,1,0.0347374,0.0352227,0.0333821,0.0423641,-0.0327907,0,0,0.00224531,837.039,4408,nan,nan,nan,double
spm,STF,adaptive_kalman,evtol,init_error,1,0.0101899,0.00577894,0.00676514,0.0585572,0.00652104,0,0,0.00214238,499.008,4680,nan,nan,nan,double
spm,Fading-EKF,adaptive_kalman,evtol,init_error,1,0.00803366,0.00494291,0.00679448,0.0193862,0.00163007,0,0,0.00221171,475.179,4384,nan,nan,nan,double
spm,Fuzzy-AKF,adaptive_kalman,evtol,init_error,1,0.0343724,0.0350535,0.0330506,0.0417705,-0.03219,0,0,0.0024053,701.123,4816,nan,nan,nan,double
spm,IMM,adaptive_kalman,evtol,init_error,1,0.0254217,0.0256631,0.024416,0.0325382,-0.0237955,0.1,0,0.00220373,1962.94,4976,nan,nan,nan,double
spm,MMAE,adaptive_kalman,evtol,init_error,1,0.0478391,0.0469359,0.0458126,0.0581207,-0.0359182,0,0,0.00217455,1670.07,13200,-0.0239536,nan,nan,double
spm,Schmidt-KF,robust_kalman,evtol,init_error,1,0.0128337,0.00574398,0.00987077,0.0263,0.00533323,540,0,0.00810249,1233.04,8856,nan,nan,nan,double
spm,Hinf-EKF,robust_kalman,evtol,init_error,1,0.0337354,0.0303691,0.0300832,0.0894032,-0.032028,0,0,0.00216203,739.097,4408,nan,nan,nan,double
spm,Huber-EKF,robust_kalman,evtol,init_error,1,0.038084,0.038431,0.0366916,0.0465143,-0.0357214,0,0,0.00222972,606.84,4368,nan,nan,nan,double
spm,MC-EKF,robust_kalman,evtol,init_error,1,0.0412827,0.0422203,0.0397401,0.0484784,-0.040107,0,0,0.00218718,904.922,4384,nan,nan,nan,double
spm,StudentT-KF,robust_kalman,evtol,init_error,1,0.0403447,0.0406919,0.0387515,0.0495781,-0.0376471,0,0,0.00226147,646.058,4568,nan,nan,nan,double
spm,Constrained-EKF,robust_kalman,evtol,init_error,1,0.035559,0.0363061,0.0342485,0.0420376,-0.0345094,0,0,0.00216981,537.228,4416,nan,nan,nan,double
spm,ReducedOrder-EKF,robust_kalman,evtol,init_error,1,0.00748145,0.00709788,0.00571023,0.0174885,0.0111768,0,0,0.00248657,301.846,4272,nan,nan,nan,double
spm,SVSF,robust_kalman,evtol,init_error,1,0.0377778,0.0379128,0.0364566,0.0472558,-0.0344111,0,0,0.00218039,540.831,4376,nan,nan,nan,double
spm,Luenberger,observers,evtol,init_error,1,0.0693651,0.025241,0.0541649,0.337024,-0.00608744,1553.3,0,0.00502857,317.88,4632,nan,nan,nan,double
spm,SSKF,observers,evtol,init_error,1,0.0693651,0.025241,0.0541649,0.337024,-0.00608744,1553.3,0,0.00502857,301.862,4632,nan,nan,nan,double
spm,PI-Observer,observers,evtol,init_error,1,0.0145988,0.00991957,0.00857712,0.328603,0.0114944,26.9,0,0.00491866,1362.96,4824,nan,nan,nan,double
spm,SMO,observers,evtol,init_error,1,0.0668995,0.0221905,0.050845,0.336994,-0.003549,1469,0,0.00501831,351.779,4800,nan,nan,nan,double
spm,SMO-Adaptive,observers,evtol,init_error,1,0.0664572,0.0243081,0.0517633,0.336994,-0.00599987,1540.8,0,0.00501614,337.844,4800,nan,nan,nan,double
spm,SuperTwisting-SMO,observers,evtol,init_error,1,0.0531888,0.00965834,0.0192669,0.349606,0.0118729,339.2,0,0.0355348,126.578,4280,nan,nan,nan,double
spm,HGO,observers,evtol,init_error,1,0.0514912,0.0154017,0.0374232,0.337024,-0.000470566,1277.5,0,0.00534331,351.182,4680,nan,nan,nan,double
spm,ESO,observers,evtol,init_error,1,0.0568685,0.00935525,0.0349735,0.328603,0.00925277,986.2,0,0.00519017,1264.56,4784,nan,nan,nan,double
spm,UIO,observers,evtol,init_error,1,0.0851005,0.0361874,0.0695787,0.35,-0.0122275,1746.4,0,0.0037912,448.342,5072,nan,nan,nan,double
spm,DOB,observers,evtol,init_error,1,0.0313874,0.00737616,0.0194875,0.326054,0.0100042,479.6,0,0.00433912,853.167,4784,nan,nan,nan,double
spm,AdaptiveObserver,observers,evtol,init_error,1,0.0704835,0.0262986,0.0556738,0.337024,-0.00678128,1576,0,0.00500878,688.002,4864,0.0018749,nan,nan,double
spm,IntervalObserver,observers,evtol,init_error,1,0.0693651,0.025241,0.0541649,0.337024,-0.00608744,1553.3,0,0.00502857,651.731,9024,nan,0,0.360508,double
spm,JointEKF,soh,evtol,init_error,1,0.0281775,0.0215858,0.0256562,0.0581277,-0.0106733,0,0,0.00208027,1158.27,8752,0.111919,nan,nan,double
spm,JointUKF,soh,evtol,init_error,1,0.0244125,0.00838972,0.0180264,0.0631028,0.0139897,562.1,0,0.00200214,3028.36,9600,0.546455,nan,nan,double
spm,DualEKF,soh,evtol,init_error,1,0.0161388,0.00692481,0.0126714,0.0327324,0.0057043,0,0,0.00209014,1164.11,4752,0.265233,nan,nan,double
spm,DualUKF,soh,evtol,init_error,1,0.0345692,0.0165556,0.0297106,0.0655815,0.0150578,1254.9,0,0.00201768,2219.36,5512,0.970656,nan,nan,double
spm,RLS-EKF,soh,evtol,init_error,1,0.0378754,0.0389226,0.0366923,0.0447172,-0.0374876,0,0,0.00217294,454.539,8904,nan,nan,nan,double
spm,AWTLS,soh,evtol,init_error,1,0.0304913,0.026719,0.0287494,0.0420376,-0.0162048,0,0,0.0021674,455.106,8776,0.262831,nan,nan,double
spm,PF-Bootstrap,particle,evtol,init_error,1,0.00966347,0.00779713,0.00703193,0.0339432,0.0106525,5.2,0,0.00217568,74488.9,46472,nan,nan,nan,double
spm,PF-Fast,particle,evtol,init_error,1,0.0151426,0.0098253,0.0115417,0.11973,0.00614133,355.7,0,0.00240665,15469.7,9664,nan,nan,nan,double
spm,PF-Regularized,particle,evtol,init_error,1,0.00806181,0.0047542,0.00550982,0.0339432,0.00711351,3.7,0,0.00217261,79455.3,46464,nan,nan,nan,double
spm,PF-Auxiliary,particle,evtol,init_error,1,0.0165469,0.00875072,0.0134289,0.0452872,0.00566659,432.3,0,0.00221547,99811.1,54584,nan,nan,nan,double
spm,RBPF,particle,evtol,init_error,1,0.0504669,0.0433374,0.0495362,0.0706295,-0.0346319,-1,0,0.00215906,39743.8,34016,nan,nan,nan,double
spm,UPF,particle,evtol,init_error,1,0.0168046,0.00849523,0.0122524,0.160599,0.00647742,387.8,0,0.00247863,18375.1,25360,nan,nan,nan,double
spm,EnKF,particle,evtol,init_error,1,0.0264002,0.0122749,0.0190534,0.064414,-9.77249e-05,481.5,0,0.00214919,9959.79,6776,nan,nan,nan,double
spm,ETKF,particle,evtol,init_error,1,0.0560161,0.0566242,0.0559588,0.0685334,-0.0568753,-1,0,0.00214659,10402.6,5304,nan,nan,nan,double
spm,GSF,particle,evtol,init_error,1,0.040585,0.0373983,0.0385161,0.0824335,-0.0342708,0.1,0,0.00214238,1673.91,9192,nan,nan,nan,double
spm,NN-Direct,learning,evtol,init_error,1,0.0421989,0.0511721,0.037297,0.110646,0.0103852,0,0,nan,486.726,15152,nan,nan,nan,double
spm,NN-EKF,learning,evtol,init_error,1,0.0244407,0.0254669,0.0241166,0.0273118,-0.023751,0,0,0.00227043,1021.68,4376,nan,nan,nan,double
spm,ELM-RLS-EKF,learning,evtol,init_error,1,0.0313533,0.032339,0.0302655,0.036096,-0.0307016,0,0,0.00207696,3223.29,11704,nan,nan,nan,double
spm,MHE-RTI,optimization,evtol,init_error,1,0.0519561,0.0526803,0.0495456,0.06306,-0.0495618,0,0,0.00216569,16577.6,26928,nan,nan,nan,double
spm,MHE,optimization,evtol,init_error,1,0.0412399,0.0424695,0.0391564,0.0484674,-0.0364011,0,0,0.00216917,28739.3,26928,nan,nan,nan,double
spm,ERTS,smoothers,evtol,init_error,1,0.0331047,0.0336653,0.0330969,0.0345094,-0.0345094,-1,0,0.00202644,830.929,12547032,nan,nan,nan,double
spm,URTS,smoothers,evtol,init_error,1,0.0411937,0.0415247,0.0411912,0.042224,-0.0422231,-1,0,0.000861921,2329.98,12547056,nan,nan,nan,double
spm,Batch-NLS,smoothers,evtol,init_error,1,0.0282536,0.0287642,0.028246,0.0295849,-0.0295849,-1,0,0.000825863,4193.72,17371352,nan,nan,nan,double
spm,FixedLag-EKF,smoothers,evtol,init_error,1,0.0351726,0.0359851,0.0338712,0.0414521,-0.0344517,0,0,0.00216981,9962.2,19992,nan,nan,nan,double
spm,CoulombCounting,baselines,evtol,init_error,2,0.353151,0.354599,0.353147,0.356001,-0.356001,-1,1,7.39076,74.7111,4184,nan,nan,nan,double
spm,OCVLookup,baselines,evtol,init_error,2,0.0348289,0.0197399,0.0183498,0.348843,0.0125599,87.9,0,0.0232131,1301.19,4192,nan,nan,nan,double
spm,CoulombOCVHybrid,baselines,evtol,init_error,2,0.0659686,0.0522246,0.0575284,0.349421,-0.00427623,-1,0,0.0525868,205.331,4192,nan,nan,nan,double
spm,EKF,kalman,evtol,init_error,2,0.0393915,0.0393631,0.0387302,0.0484764,-0.035155,0.6,0,0.00217086,451.694,4336,nan,nan,nan,double
spm,UKF,kalman,evtol,init_error,2,0.0440782,0.0428734,0.043666,0.0556646,-0.0389874,-1,0,0.00210693,1365.18,4776,nan,nan,nan,double
spm,LKF,kalman,evtol,init_error,2,0.00556858,0.00542196,0.00468102,0.0121931,-0.0090512,0,0,0.00217541,320.812,4680,nan,nan,nan,double
spm,IEKF,kalman,evtol,init_error,2,0.038444,0.0391625,0.0373882,0.0454397,-0.036241,0,0,0.00216721,570.109,4336,nan,nan,nan,double
spm,CKF,kalman,evtol,init_error,2,0.0508625,0.0450739,0.0503015,0.0699725,-0.0392401,-1,0,0.00215977,1186.58,4560,nan,nan,nan,double
spm,SCKF,kalman,evtol,init_error,2,0.0508625,0.0450739,0.0503015,0.0699725,-0.0392401,-1,0,0.00215977,1498.7,4696,nan,nan,nan,double
spm,CKF5,kalman,evtol,init_error,2,0.0517837,0.0449164,0.0510058,0.0763905,-0.0385865,-1,0,0.00215979,3709.82,5624,nan,nan,nan,double
spm,CDKF,kalman,evtol,init_error,2,0.0517837,0.0449164,0.0510058,0.0763905,-0.0385865,-1,0,0.00215979,1287.85,4312,nan,nan,nan,double
spm,GHKF,kalman,evtol,init_error,2,0.0517837,0.0449164,0.0510058,0.0763905,-0.0385865,-1,0,0.00215979,11238.9,10784,nan,nan,nan,double
spm,IPLF,kalman,evtol,init_error,2,0.0420326,0.0424312,0.0405564,0.0512132,-0.0394689,0,0,0.00210346,1919.58,4784,nan,nan,nan,double
spm,EIF,kalman,evtol,init_error,2,0.0393915,0.0393631,0.0387302,0.0484764,-0.035155,0.6,0,0.00217086,1201.44,4472,nan,nan,nan,double
spm,SR-EKF,kalman,evtol,init_error,2,0.0393915,0.0393631,0.0387302,0.0484764,-0.035155,0.6,0,0.00217086,790.38,4440,nan,nan,nan,double
spm,SR-UKF,kalman,evtol,init_error,2,0.0440782,0.0428734,0.043666,0.0556646,-0.0389874,-1,0,0.00210693,1510.28,4896,nan,nan,nan,double
spm,UD-EKF,kalman,evtol,init_error,2,0.0393915,0.0393631,0.0387302,0.0484764,-0.035155,0.6,0,0.00217086,465.777,4480,nan,nan,nan,double
spm,SO-EKF,kalman,evtol,init_error,2,0.0422988,0.0419855,0.041757,0.0521384,-0.0387729,-1,0,0.00209722,3988.17,4496,nan,nan,nan,double
spm,SageHusa-AKF,adaptive_kalman,evtol,init_error,2,0.039232,0.038847,0.0386161,0.0485567,-0.0345101,26.9,0,0.00222607,504.856,4808,nan,nan,nan,double
spm,IAE-AKF,adaptive_kalman,evtol,init_error,2,0.0382088,0.0375987,0.0376201,0.0484557,-0.0337364,26.9,0,0.00234205,458.345,5040,nan,nan,nan,double
spm,VB-AKF,adaptive_kalman,evtol,init_error,2,0.0384197,0.0379443,0.0377658,0.0485765,-0.0337208,26.9,0,0.00222668,842.914,4408,nan,nan,nan,double
spm,STF,adaptive_kalman,evtol,init_error,2,0.0119357,0.00542526,0.00868172,0.0498132,0.00531391,0,0,0.00214006,527.427,4680,nan,nan,nan,double
spm,Fading-EKF,adaptive_kalman,evtol,init_error,2,0.00778494,0.00490369,0.00651777,0.0190689,0.00181824,0,0,0.0022023,513.383,4384,nan,nan,nan,double
spm,Fuzzy-AKF,adaptive_kalman,evtol,init_error,2,0.0346233,0.0341176,0.034063,0.0444667,-0.0300302,0.6,0,0.00242958,701.445,4816,nan,nan,nan,double
spm,IMM,adaptive_kalman,evtol,init_error,2,0.03498,0.0348693,0.0344466,0.04348,-0.0315773,85.8,0,0.00219295,1968.24,4976,nan,nan,nan,double
spm,MMAE,adaptive_kalman,evtol,init_error,2,0.0501846,0.0494382,0.0489309,0.0603097,-0.0374913,-1,0,0.00217781,1680.96,13200,-0.0355184,nan,nan,double
spm,Schmidt-KF,robust_kalman,evtol,init_error,2,0.0147357,0.00598887,0.0106907,0.0299261,0.007663,540,0,0.00830889,1232.84,8856,nan,nan,nan,double
spm,Hinf-EKF,robust_kalman,evtol,init_error,2,0.0521322,0.061125,0.0451279,0.139761,0.0332869,0.6,0,0.00217193,751.973,4408,nan,nan,nan,double
spm,Huber-EKF,robust_kalman,evtol,init_error,2,0.0375522,0.0369745,0.03709,0.0466224,-0.0333822,-1,0,0.002229,616.119,4368,nan,nan,nan,double
spm,MC-EKF,robust_kalman,evtol,init_error,2,0.0400258,0.0400859,0.0394571,0.0489136,-0.0372676,-1,0,0.00218747,932.462,4384,nan,nan,nan,double
spm,StudentT-KF,robust_kalman,evtol,init_error,2,0.0378191,0.0380126,0.0363891,0.0464031,-0.0346492,0,0,0.00224187,670.505,4568,nan,nan,nan,double
spm,Constrained-EKF,robust_kalman,evtol,init_error,2,0.0393915,0.0393631,0.0387302,0.0484764,-0.035155,0.6,0,0.00217086,555.86,4416,nan,nan,nan,double
spm,ReducedOrder-EKF,robust_kalman,evtol,init_error,2,0.00736184,0.00672094,0.00553947,0.0176479,0.0106845,0,0,0.00247387,310.201,4272,nan,nan,nan,double
spm,SVSF,robust_kalman,evtol,init_error,2,0.0395279,0.0390884,0.0387481,0.0500697,-0.0347293,0,0,0.00218386,555.455,4376,nan,nan,nan,double
spm,Luenberger,observers,evtol,init_error,2,0.0700274,0.0269957,0.055571,0.337232,-0.00766774,1616.3,0,0.00502288,310.452,4632,nan,nan,nan,double
spm,SSKF,observers,evtol,init_error,2,0.0700274,0.0269957,0.055571,0.337232,-0.00766774,1616.3,0,0.00502288,306.482,4632,nan,nan,nan,double
spm,PI-Observer,observers,evtol,init_error,2,0.0144374,0.00941409,0.00839031,0.328943,0.0116267,26.4,0,0.00491118,1214.04,4824,nan,nan,nan,double
spm,SMO,observers,evtol,init_error,2,0.0669787,0.0228798,0.0511996,0.337202,-0.00390682,1505.8,0,0.00501285,373.487,4800,nan,nan,nan,double
spm,SMO-Adaptive,observers,evtol,init_error,2,0.0664115,0.0241618,0.0516356,0.337202,-0.00542671,1544.3,0,0.00501042,375.256,4800,nan,nan,nan,double
spm,SuperTwisting-SMO,observers,evtol,init_error,2,0.0531561,0.00925952,0.0191045,0.349609,0.0113836,131.4,0,0.0355205,133.236,4280,nan,nan,nan,double
spm,HGO,observers,evtol,init_error,2,0.0519431,0.0168525,0.038432,0.337232,-0.00191684,1327.3,0,0.00533388,328.874,4680,nan,nan,nan,double
spm,ESO,observers,evtol,init_error,2,0.0571452,0.00936822,0.0351431,0.328943,0.0084949,1002.5,0,0.00518423,1259.34,4784,nan,nan,nan,double
spm,UIO,observers,evtol,init_error,2,0.0851943,0.0365068,0.0697938,0.35,-0.0122463,1749.8,0,0.00376587,443.795,5072,nan,nan,nan,double
spm,DOB,observers,evtol,init_error,2,0.0316169,0.0072088,0.0196093,0.326578,0.00940745,485.1,0,0.00434256,927.165,4784,nan,nan,nan,double
spm,AdaptiveObserver,observers,evtol,init_error,2,0.070977,0.0273682,0.0565838,0.337232,-0.0072904,1611.9,0,0.00500522,689.412,4864,0.0018972,nan,nan,double
spm,IntervalObserver,observers,evtol,init_error,2,0.0700274,0.0269957,0.055571,0.337232,-0.00766774,1616.3,0,0.00502288,639.686,9024,nan,0,0.362958,double
spm,JointEKF,soh,evtol,init_error,2,0.0240189,0.0104688,0.0195943,0.0582236,0.00139373,887.3,0,0.00208201,1148.95,8752,0.328615,nan,nan,double
spm,JointUKF,soh,evtol,init_error,2,0.0248208,0.00891224,0.0183226,0.0630084,0.012689,554.8,0,0.00200881,3009.58,9600,0.555306,nan,nan,double
spm,DualEKF,soh,evtol,init_error,2,0.0229264,0.00956644,0.0187364,0.0456644,0.00966156,1.4,0,0.00209234,1172.01,4752,0.439638,nan,nan,double
spm,DualUKF,soh,evtol,init_error,2,0.0345884,0.0166376,0.0297772,0.064992,0.0118179,1277.1,0,0.00202507,2204.96,5512,0.941873,nan,nan,double
spm,RLS-EKF,soh,evtol,init_error,2,0.0506894,0.0516085,0.0496622,0.0591575,-0.0495039,0.6,0,0.00226511,465.1,8904,nan,nan,nan,double
spm,AWTLS,soh,evtol,init_error,2,0.0332374,0.0273766,0.0317391,0.0484764,-0.0135217,0.6,0,0.00216744,440.288,8776,0.345939,nan,nan,double
spm,PF-Bootstrap,particle,evtol,init_error,2,0.013416,0.00938879,0.00883613,0.0527953,0.0150225,210.6,0,0.00220509,74711.4,46472,nan,nan,nan,double
spm,PF-Fast,particle,evtol,init_error,2,0.0143876,0.00892303,0.00947709,0.0854173,0.0130101,374.6,0,0.00227464,15751,9664,nan,nan,nan,double
spm,PF-Regularized,particle,evtol,init_error,2,0.0205834,0.00747672,0.0163146,0.0527953,0.0116491,508.6,0,0.00222217,79732.5,46464,nan,nan,nan,double
spm,PF-Auxiliary,particle,evtol,init_error,2,0.0189011,0.00389999,0.0129567,0.0528442,0.00027746,448,0,0.00223168,99070.5,54584,nan,nan,nan,double
spm,RBPF,particle,evtol,init_error,2,0.0492401,0.0430722,0.0482577,0.073387,-0.0345075,-1,0,0.00215627,39081,34016,nan,nan,nan,double
spm,UPF,particle,evtol,init_error,2,0.0154201,0.0071057,0.0107604,0.0854367,0.000607503,427.8,0,0.00229345,18137.5,25360,nan,nan,nan,double
spm,EnKF,particle,evtol,init_error,2,0.033987,0.0100925,0.0222648,0.0840581,0.00694674,496.2,0,0.00219224,9875.31,6776,nan,nan,nan,double
spm,ETKF,particle,evtol,init_error,2,0.0769489,0.0797178,0.0768614,0.0825739,-0.0813127,-1,0,0.00216946,10150.9,5304,nan,nan,nan,double
spm,GSF,particle,evtol,init_error,2,0.044618,0.0444795,0.0440685,0.0821701,-0.0408332,-1,0,0.00214151,1624.33,9192,nan,nan,nan,double
spm,NN-Direct,learning,evtol,init_error,2,0.0418188,0.0507041,0.0369267,0.109395,0.00834175,0,0,nan,487.013,15152,nan,nan,nan,double
spm,NN-EKF,learning,evtol,init_error,2,0.0233786,0.0243021,0.0231439,0.0257952,-0.0226072,0,0,0.00225414,1022.82,4376,nan,nan,nan,double
spm,ELM-RLS-EKF,learning,evtol,init_error,2,0.031193,0.0312262,0.0308822,0.0374881,-0.0288208,0.6,0,0.00208407,3236.36,11704,nan,nan,nan,double
spm,MHE-RTI,optimization,evtol,init_error,2,0.0300885,0.0316568,0.0286444,0.0374871,-0.0259104,0,0,0.00216462,16668.8,26928,nan,nan,nan,double
spm,MHE,optimization,evtol,init_error,2,0.0485572,0.0499882,0.0462086,0.0600626,-0.0451656,0,0,0.00216358,28480.6,26928,nan,nan,nan,double
spm,ERTS,smoothers,evtol,init_error,2,0.0341204,0.0344786,0.0341168,0.035155,-0.035155,-1,0,0.000896958,897.109,12547032,nan,nan,nan,double
spm,URTS,smoothers,evtol,init_error,2,0.0377991,0.0382375,0.0377949,0.0389874,-0.0389874,-1,0,0.000836199,2354.51,12547056,nan,nan,nan,double
spm,Batch-NLS,smoothers,evtol,init_error,2,0.0267672,0.0272407,0.0267603,0.0280023,-0.0280023,-1,0,0.000804564,4318.54,17371352,nan,nan,nan,double
spm,FixedLag-EKF,smoothers,evtol,init_error,2,0.0390123,0.0390468,0.038357,0.0478503,-0.0350965,0.6,0,0.00217086,9908.45,19992,nan,nan,nan,double
spm,CoulombCounting,baselines,evtol,init_error,3,0.353169,0.354619,0.353165,0.356056,-0.356056,-1,1,8.87895,74.7904,4184,nan,nan,nan,double
spm,OCVLookup,baselines,evtol,init_error,3,0.0351802,0.0206406,0.0189129,0.348833,0.0134521,87.1,0,0.0233918,1290.88,4192,nan,nan,nan,double
spm,CoulombOCVHybrid,baselines,evtol,init_error,3,0.0659181,0.0521452,0.057455,0.349416,-0.00362434,-1,0,0.0530154,204.958,4192,nan,nan,nan,double
spm,EKF,kalman,evtol,init_error,3,0.0383116,0.0386726,0.0374672,0.0472637,-0.0360162,0,0,0.00219188,451.771,4336,nan,nan,nan,double
spm,UKF,kalman,evtol,init_error,3,0.0471748,0.0469328,0.0463386,0.0585,-0.0450281,-1,0,0.00212928,1347.98,4776,nan,nan,nan,double
spm,LKF,kalman,evtol,init_error,3,0.00564086,0.00553622,0.00474839,0.0128053,-0.00920665,0,0,0.00219512,319.589,4680,nan,nan,nan,double
spm,IEKF,kalman,evtol,init_error,3,0.028377,0.0294429,0.0271543,0.0335537,-0.0278707,0,0,0.0021918,566.34,4336,nan,nan,nan,double
spm,CKF,kalman,evtol,init_error,3,0.0528118,0.048709,0.0525258,0.0662035,-0.0460547,-1,0,0.00217969,1190.93,4560,nan,nan,nan,double
spm,SCKF,kalman,evtol,init_error,3,0.0528118,0.048709,0.0525258,0.0662035,-0.0460547,-1,0,0.00217969,1510.37,4696,nan,nan,nan,double
spm,CKF5,kalman,evtol,init_error,3,0.0536759,0.0485207,0.053239,0.0724357,-0.0452628,-1,0,0.0021797,3760.69,5624,nan,nan,nan,double
spm,CDKF,kalman,evtol,init_error,3,0.0536759,0.0485207,0.053239,0.0724357,-0.0452628,-1,0,0.0021797,1290.65,4312,nan,nan,nan,double
spm,GHKF,kalman,evtol,init_error,3,0.0536759,0.0485207,0.053239,0.0724357,-0.0452628,-1,0,0.0021797,11318.5,10784,nan,nan,nan,double
spm,IPLF,kalman,evtol,init_error,3,0.0276794,0.0290413,0.0267356,0.0311829,-0.0278936,0,0,0.0021271,1923.48,4784,nan,nan,nan,double
spm,EIF,kalman,evtol,init_error,3,0.0383116,0.0386726,0.0374672,0.0472637,-0.0360162,0,0,0.00219188,1193.17,4472,nan,nan,nan,double
spm,SR-EKF,kalman,evtol,init_error,3,0.0383116,0.0386726,0.0374672,0.0472637,-0.0360162,0,0,0.00219188,787.499,4440,nan,nan,nan,double
spm,SR-UKF,kalman,evtol,init_error,3,0.0471748,0.0469328,0.0463386,0.0585,-0.0450281,-1,0,0.00212928,1462.3,4896,nan,nan,nan,double
spm,UD-EKF,kalman,evtol,init_error,3,0.0383116,0.0386726,0.0374672,0.0472637,-0.0360162,0,0,0.00219188,458.629,4480,nan,nan,nan,double
spm,SO-EKF,kalman,evtol,init_error,3,0.0373625,0.0380773,0.036554,0.0446157,-0.0366489,0.1,0,0.00211791,3969.79,4496,nan,nan,nan,double
spm,SageHusa-AKF,adaptive_kalman,evtol,init_error,3,0.0368957,0.0374723,0.0358994,0.045019,-0.035825,0,0,0.00227478,508.48,4808,nan,nan,nan,double
spm,IAE-AKF,adaptive_kalman,evtol,init_error,3,0.0343654,0.034618,0.0335604,0.0429523,-0.0327899,0,0,0.00251714,469.328,5040,nan,nan,nan,double
spm,VB-AKF,adaptive_kalman,evtol,init_error,3,0.0361838,0.0361804,0.035553,0.0451099,-0.0339148,0,0,0.0022883,840.727,4408,nan,nan,nan,double
spm,STF,adaptive_kalman,evtol,init_error,3,0.0119056,0.00856151,0.0093898,0.0652846,0.0132631,0,0,0.00215193,501.38,4680,nan,nan,nan,double
spm,Fading-EKF,adaptive_kalman,evtol,init_error,3,0.00741858,0.00448024,0.00619978,0.0186335,0.00197909,0,0,0.00222929,478.983,4384,nan,nan,nan,double
spm,Fuzzy-AKF,adaptive_kalman,evtol,init_error,3,0.0334805,0.0338454,0.0325675,0.0424398,-0.031824,0,0,0.00252841,709.657,4816,nan,nan,nan,double
spm,IMM,adaptive_kalman,evtol,init_error,3,0.0307934,0.0304901,0.0301134,0.039623,-0.0278327,0.1,0,0.00223531,1963.17,4976,nan,nan,nan,double
spm,MMAE,adaptive_kalman,evtol,init_error,3,0.0487612,0.0486396,0.0470361,0.0576594,-0.0373555,0,0,0.00219734,1688.87,13200,-0.023475,nan,nan,double
spm,Schmidt-KF,robust_kalman,evtol,init_error,3,0.0116489,0.00627646,0.00988438,0.0231079,0.00536421,0,0,0.00833517,1229.35,8856,nan,nan,nan,double
spm,Hinf-EKF,robust_kalman,evtol,init_error,3,0.0534032,0.0638471,0.0444832,0.16892,0.0601247,0,0,0.00218759,743.145,4408,nan,nan,nan,double
spm,Huber-EKF,robust_kalman,evtol,init_error,3,0.0390222,0.0393349,0.0379813,0.0477876,-0.0365813,0,0,0.00226108,615.652,4368,nan,nan,nan,double
spm,MC-EKF,robust_kalman,evtol,init_error,3,0.0361329,0.036336,0.0352432,0.0445206,-0.0339769,0,0,0.00222406,934.047,4384,nan,nan,nan,double
spm,StudentT-KF,robust_kalman,evtol,init_error,3,0.0370692,0.0373186,0.0357559,0.0466392,-0.0356802,0,0,0.00229705,671.365,4568,nan,nan,nan,double
spm,Constrained-EKF,robust_kalman,evtol,init_error,3,0.0383116,0.0386726,0.0374672,0.0472637,-0.0360162,0,0,0.00219188,555.837,4416,nan,nan,nan,double
spm,ReducedOrder-EKF,robust_kalman,evtol,init_error,3,0.00744736,0.00717675,0.0056971,0.0173641,0.0114219,0,0,0.00249929,311.069,4272,nan,nan,nan,double
spm,SVSF,robust_kalman,evtol,init_error,3,0.0409929,0.0408195,0.039727,0.0518576,-0.0371573,0,0,0.00219131,550.247,4376,nan,nan,nan,double
spm,Luenberger,observers,evtol,init_error,3,0.0695724,0.0255858,0.0545356,0.337117,-0.00651328,1560,0,0.00503661,332.121,4632,nan,nan,nan,double
spm,SSKF,observers,evtol,init_error,3,0.0695724,0.0255858,0.0545356,0.337117,-0.00651328,1560,0,0.00503661,324.689,4632,nan,nan,nan,double
spm,PI-Observer,observers,evtol,init_error,3,0.0148325,0.00984063,0.00876461,0.328756,0.0122812,26,0,0.00492236,1262.44,4824,nan,nan,nan,double
spm,SMO,observers,evtol,init_error,3,0.0664736,0.0218492,0.0503129,0.337087,-0.00371484,1463.4,0,0.0050266,365.671,4800,nan,nan,nan,double
spm,SMO-Adaptive,observers,evtol,init_error,3,0.0657505,0.0225846,0.0503453,0.337087,-0.00461878,1481.8,0,0.00502448,343.554,4800,nan,nan,nan,double
spm,SuperTwisting-SMO,observers,evtol,init_error,3,0.0531842,0.0097544,0.0192984,0.349607,0.0122645,131.2,0,0.0355384,132.019,4280,nan,nan,nan,double
spm,HGO,observers,evtol,init_error,3,0.0645415,0.0235199,0.0503502,0.337117,-0.00568315,1518.9,0,0.00537637,333.257,4680,nan,nan,nan,double
spm,ESO,observers,evtol,init_error,3,0.0566074,0.00893868,0.0344933,0.328756,0.00752204,985.6,0,0.00519937,1224.27,4784,nan,nan,nan,double
spm,UIO,observers,evtol,init_error,3,0.0849585,0.0362884,0.0694705,0.35,-0.0120441,1741.5,0,0.00378911,440.789,5072,nan,nan,nan,double
spm,DOB,observers,evtol,init_error,3,0.0313526,0.007495,0.0195117,0.326236,0.0106179,475.8,0,0.00434603,804.95,4784,nan,nan,nan,double
spm,AdaptiveObserver,observers,evtol,init_error,3,0.0704212,0.0263479,0.0556628,0.337117,-0.00708472,1568,0,0.00501358,679.346,4864,0.0019406,nan,nan,double
spm,IntervalObserver,observers,evtol,init_error,3,0.0695724,0.0255858,0.0545356,0.337117,-0.00651328,1560,0,0.00503661,664.3,9024,nan,0,0.361129,double
spm,JointEKF,soh,evtol,init_error,3,0.0257223,0.0176102,0.0230015,0.0569022,-0.00505636,0,0,0.00208605,1130.78,8752,0.170091,nan,nan,double
spm,JointUKF,soh,evtol,init_error,3,0.0222394,0.00733598,0.0166345,0.0605038,0.0143949,553.3,0,0.00200987,3003.13,9600,0.499472,nan,nan,double
spm,DualEKF,soh,evtol,init_error,3,0.0210068,0.00931358,0.0169829,0.0419392,0.012744,0,0,0.00210096,1156.03,4752,0.448092,nan,nan,double
spm,DualUKF,soh,evtol,init_error,3,0.0357482,0.0191468,0.0311925,0.0668695,0.0122768,1370.1,0,0.00203379,2210.8,5512,1.01665,nan,nan,double
spm,RLS-EKF,soh,evtol,init_error,3,0.0382638,0.0392456,0.0373867,0.0454307,-0.0378309,0,0,0.0022545,467.077,8904,nan,nan,nan,double
spm,AWTLS,soh,evtol,init_error,3,0.0317948,0.0258997,0.030075,0.0472637,-0.0124969,0,0,0.0021887,456.59,8776,0.34006,nan,nan,double
spm,PF-Bootstrap,particle,evtol,init_error,3,0.0167289,0.0107331,0.0124323,0.0636437,0.00662593,180.7,0,0.00222345,74264.2,46472,nan,nan,nan,double
spm,PF-Fast,particle,evtol,init_error,3,0.0121875,0.0078772,0.00901225,0.098709,0.0097347,6.2,0,0.00228703,15725.9,9664,nan,nan,nan,double
spm,PF-Regularized,particle,evtol,init_error,3,0.0193587,0.00918187,0.0153468,0.0636437,0.0102932,444.8,0,0.00223995,79652.2,46464,nan,nan,nan,double
spm,PF-Auxiliary,particle,evtol,init_error,3,0.0224463,0.0126322,0.0177055,0.0636376,0.0183408,447.8,0,0.00228055,100126,54584,nan,nan,nan,double
spm,RBPF,particle,evtol,init_error,3,0.064128,0.05491,0.0627981,0.0986221,-0.0484539,-1,0,0.00212051,39803.1,34016,nan,nan,nan,double
spm,UPF,particle,evtol,init_error,3,0.0161599,0.00974621,0.0124355,0.0986067,0.00721746,459,0,0.00232002,18390.8,25360,nan,nan,nan,double
spm,EnKF,particle,evtol,init_error,3,0.0336537,0.0203275,0.0256338,0.0785069,-0.016625,480.1,0,0.00208424,10145.7,6776,nan,nan,nan,double
spm,ETKF,particle,evtol,init_error,3,0.0659327,0.0653749,0.0658717,0.082271,-0.0625929,-1,0,0.002182,10527.8,5304,nan,nan,nan,double
spm,GSF,particle,evtol,init_error,3,0.0397509,0.0376816,0.0379997,0.0798722,-0.0359122,0.1,0,0.00216089,1662.15,9192,nan,nan,nan,double
spm,NN-Direct,learning,evtol,init_error,3,0.0425984,0.0517493,0.0377044,0.110653,0.0110407,0,0,nan,491.386,15152,nan,nan,nan,double
spm,NN-EKF,learning,evtol,init_error,3,0.0241797,0.0252585,0.0239123,0.026556,-0.0240281,0,0,0.00228894,1022.72,4376,nan,nan,nan,double
spm,ELM-RLS-EKF,learning,evtol,init_error,3,0.0348382,0.0349617,0.0341866,0.0425112,-0.033311,0,0,0.00210806,3219.44,11704,nan,nan,nan,double
spm,MHE-RTI,optimization,evtol,init_error,3,0.0430849,0.0441955,0.041047,0.05292,-0.0376482,0,0,0.00218506,16529.8,26928,nan,nan,nan,double
spm,MHE,optimization,evtol,init_error,3,0.033782,0.0349739,0.0323705,0.0406156,-0.0281734,0,0,0.00218611,29132.1,26928,nan,nan,nan,double
spm,ERTS,smoothers,evtol,init_error,3,0.0347359,0.0352403,0.0347297,0.0360162,-0.0360162,-1,0,0.00119217,857.861,12547032,nan,nan,nan,double
spm,URTS,smoothers,evtol,init_error,3,0.0437177,0.0442241,0.043713,0.0450625,-0.0450281,-1,0,0.000988981,2351.2,12547056,nan,nan,nan,double
spm,Batch-NLS,smoothers,evtol,init_error,3,0.0340664,0.0346884,0.0340576,0.0355765,-0.0355765,-1,0,0.000846073,4385.49,17371352,nan,nan,nan,double
spm,FixedLag-EKF,smoothers,evtol,init_error,3,0.0379251,0.0383483,0.0370864,0.0466032,-0.035964,0,0,0.00219188,10064.5,19992,nan,nan,nan,double
spm,CoulombCounting,baselines,evtol,current_bias,1,0.0252316,0.0330686,0.0220344,0.0429777,-0.0429777,0,0,0.0294497,75.3562,4184,nan,nan,nan,double
spm,OCVLookup,baselines,evtol,current_bias,1,0.0221686,0.0250279,0.0181627,0.0673356,0.016909,0,0,0.0126851,1312.23,4192,nan,nan,nan,double
spm,CoulombOCVHybrid,baselines,evtol,current_bias,1,0.0221498,0.0290881,0.0188504,0.0395159,0.00180937,0,0,0.026879,205.465,4192,nan,nan,nan,double
spm,EKF,kalman,evtol,current_bias,1,0.0500313,0.0576971,0.0473962,0.0657641,-0.0638664,0,0,0.00111608,451.825,4336,nan,nan,nan,double
spm,UKF,kalman,evtol,current_bias,1,0.0508838,0.0580602,0.0482968,0.0661182,-0.0632926,0.4,0,0.00135645,1367.06,4776,nan,nan,nan,double
spm,LKF,kalman,evtol,current_bias,1,0.0196457,0.0265507,0.0161314,0.0406933,-0.0406152,0,0,0.00112367,324.177,4680,nan,nan,nan,double
spm,IEKF,kalman,evtol,current_bias,1,0.0503264,0.0584129,0.0478759,0.0660375,-0.0642042,0,0,0.00109829,568.947,4336,nan,nan,nan,double
spm,CKF,kalman,evtol,current_bias,1,0.0608911,0.0665732,0.05832,0.074345,-0.0704735,0,0,0.00111435,1196.96,4560,nan,nan,nan,double
spm,SCKF,kalman,evtol,current_bias,1,0.0608911,0.0665732,0.05832,0.074345,-0.0704735,0,0,0.00111435,1500.88,4696,nan,nan,nan,double
spm,CKF5,kalman,evtol,current_bias,1,0.0608975,0.0666543,0.0583133,0.0746772,-0.0708802,0,0,0.00112202,3779.49,5624,nan,nan,nan,double
spm,CDKF,kalman,evtol,current_bias,1,0.0608975,0.0666543,0.0583133,0.0746772,-0.0708802,0,0,0.00112202,1300.02,4312,nan,nan,nan,double
spm,GHKF,kalman,evtol,current_bias,1,0.0608975,0.0666543,0.0583133,0.0746772,-0.0708802,0,0,0.00112202,11362.7,10784,nan,nan,nan,double
spm,IPLF,kalman,evtol,current_bias,1,0.0545977,0.0627182,0.0520559,0.071546,-0.0699446,0.2,0,0.00135598,1937.63,4784,nan,nan,nan,double
spm,EIF,kalman,evtol,current_bias,1,0.0500313,0.0576971,0.0473962,0.0657641,-0.0638664,0,0,0.00111608,1188.38,4472,nan,nan,nan,double
spm,SR-EKF,kalman,evtol,current_bias,1,0.0500313,0.0576971,0.0473962,0.0657641,-0.0638664,0,0,0.00111608,788.852,4440,nan,nan,nan,double
spm,SR-UKF,kalman,evtol,current_bias,1,0.0508838,0.0580602,0.0482968,0.0661182,-0.0632926,0.4,0,0.00135645,1465.87,4896,nan,nan,nan,double
spm,UD-EKF,kalman,evtol,current_bias,1,0.0500313,0.0576971,0.0473962,0.0657641,-0.0638664,0,0,0.00111608,459.806,4480,nan,nan,nan,double
spm,SO-EKF,kalman,evtol,current_bias,1,0.0503064,0.0583899,0.0478749,0.0659475,-0.064184,0.4,0,0.00131083,3963.8,4496,nan,nan,nan,double
spm,SageHusa-AKF,adaptive_kalman,evtol,current_bias,1,0.0479973,0.054948,0.0456396,0.0620914,-0.0604716,0,0,0.00133752,496.443,4808,nan,nan,nan,double
spm,IAE-AKF,adaptive_kalman,evtol,current_bias,1,0.0501339,0.057198,0.0476387,0.0640595,-0.0622389,0,0,0.00164262,464.111,5040,nan,nan,nan,double
spm,VB-AKF,adaptive_kalman,evtol,current_bias,1,0.0517075,0.0589475,0.0491656,0.0660138,-0.0640185,0,0,0.00128441,826.545,4408,nan,nan,nan,double
spm,STF,adaptive_kalman,evtol,current_bias,1,0.0104134,0.00651073,0.00626054,0.063167,0.00678519,0,0,0.000998616,496.329,4680,nan,nan,nan,double
spm,Fading-EKF,adaptive_kalman,evtol,current_bias,1,0.00755969,0.00729496,0.00670984,0.0230521,-0.00510665,0,0,0.00120965,464.999,4384,nan,nan,nan,double
spm,Fuzzy-AKF,adaptive_kalman,evtol,current_bias,1,0.0483351,0.05539,0.0458634,0.0620531,-0.0591484,0,0,0.00177893,680.224,4816,nan,nan,nan,double
spm,IMM,adaptive_kalman,evtol,current_bias,1,0.0336136,0.0399061,0.0316021,0.0448897,-0.0443554,0,0,0.00123021,1931.71,4976,nan,nan,nan,double
spm,MMAE,adaptive_kalman,evtol,current_bias,1,0.0573709,0.0632038,0.0546097,0.0670698,-0.0651227,0,0,0.00112912,1686.13,13200,-0.0165092,nan,nan,double
spm,Schmidt-KF,robust_kalman,evtol,current_bias,1,0.0090879,0.00719525,0.00749657,0.0199687,0.00909062,0,0,0.0105702,1232.4,8856,nan,nan,nan,double
spm,Hinf-EKF,robust_kalman,evtol,current_bias,1,0.0478982,0.0490143,0.0423427,0.134009,0.00168074,0,0,0.00111022,741.399,4408,nan,nan,nan,double
spm,Huber-EKF,robust_kalman,evtol,current_bias,1,0.0492174,0.0567244,0.0465899,0.0642503,-0.0622983,0,0,0.00128897,618.851,4368,nan,nan,nan,double
spm,MC-EKF,robust_kalman,evtol,current_bias,1,0.0489382,0.0567671,0.0462281,0.0658952,-0.0641319,0,0,0.00120737,938.841,4384,nan,nan,nan,double
spm,StudentT-KF,robust_kalman,evtol,current_bias,1,0.0505661,0.0575195,0.0479581,0.0644391,-0.0625916,0,0,0.00141189,674.928,4568,nan,nan,nan,double
spm,Constrained-EKF,robust_kalman,evtol,current_bias,1,0.0500313,0.0576971,0.0473962,0.0657641,-0.0638664,0,0,0.00111608,556.643,4416,nan,nan,nan,double
spm,ReducedOrder-EKF,robust_kalman,evtol,current_bias,1,0.0074377,0.00855579,0.00536685,0.0162511,0.012953,0,0,0.00188721,309.389,4272,nan,nan,nan,double
spm,SVSF,robust_kalman,evtol,current_bias,1,0.0504064,0.0578483,0.0477967,0.0660889,-0.0639463,0,0,0.00115028,555.57,4376,nan,nan,nan,double
spm,Luenberger,observers,evtol,current_bias,1,0.00706565,0.00602491,0.00465795,0.0343598,0.00749006,0,0,0.00113611,323.339,4632,nan,nan,nan,double
spm,SSKF,observers,evtol,current_bias,1,0.00706565,0.00602491,0.00465795,0.0343598,0.00749006,0,0,0.00113611,316.004,4632,nan,nan,nan,double
spm,PI-Observer,observers,evtol,current_bias,1,0.0137403,0.0147134,0.0105456,0.0570033,0.0164094,0,0,0.00114685,1334.27,4824,nan,nan,nan,double
spm,SMO,observers,evtol,current_bias,1,0.00741875,0.00649488,0.00489598,0.035869,0.00820428,0,0,0.00112599,370.79,4800,nan,nan,nan,double
spm,SMO-Adaptive,observers,evtol,current_bias,1,0.00705575,0.00579322,0.00456805,0.0352632,0.00715974,0,0,0.00113091,359.918,4800,nan,nan,nan,double
spm,SuperTwisting-SMO,observers,evtol,current_bias,1,0.0127998,0.014193,0.00971917,0.0500473,0.0157807,0,0,0.00327532,134.237,4280,nan,nan,nan,double
spm,HGO,observers,evtol,current_bias,1,0.00706565,0.00602491,0.00465795,0.0343598,0.00749006,0,0,0.00113611,326.583,4680,nan,nan,nan,double
spm,ESO,observers,evtol,current_bias,1,0.0129269,0.0143539,0.0100574,0.0493429,0.014936,0,0,0.00109988,1265.27,4784,nan,nan,nan,double
spm,UIO,observers,evtol,current_bias,1,0.00569993,0.00473396,0.00392263,0.100079,0.00642885,20.8,0,0.00846485,451.062,5072,nan,nan,nan,double
spm,DOB,observers,evtol,current_bias,1,0.00997942,0.00976633,0.00666317,0.0454725,0.0143714,0,0,0.00109024,810.334,4784,nan,nan,nan,double
spm,AdaptiveObserver,observers,evtol,current_bias,1,0.00660622,0.00361335,0.00433048,0.031028,0.00470296,0,0,0.00102928,682.354,4864,0.000231835,nan,nan,double
spm,IntervalObserver,observers,evtol,current_bias,1,0.00706565,0.00602491,0.00465795,0.0343598,0.00749006,0,0,0.00113611,657.728,9024,nan,0,0.338706,double
spm,JointEKF,soh,evtol,current_bias,1,0.029821,0.0305862,0.0280558,0.0444601,-0.022272,0,0,0.000843114,1140.56,8752,0.0964585,nan,nan,double
spm,JointUKF,soh,evtol,current_bias,1,0.0281323,0.0214355,0.0251453,0.0574664,-0.0109188,0.4,0,0.00112315,2993.29,9600,0.321597,nan,nan,double
spm,DualEKF,soh,evtol,current_bias,1,0.0240625,0.0141901,0.0203248,0.0426522,0.00702302,0,0,0.000847021,1167.88,4752,0.836029,nan,nan,double
spm,DualUKF,soh,evtol,current_bias,1,0.0612876,0.0641369,0.0577808,0.0715772,-0.042923,0.4,0,0.00118548,2234.65,5512,1.01606,nan,nan,double
spm,RLS-EKF,soh,evtol,current_bias,1,0.0575381,0.065198,0.0548035,0.0706442,-0.0672701,0,0,0.00101015,462.733,8904,nan,nan,nan,double
spm,AWTLS,soh,evtol,current_bias,1,0.0437686,0.0472005,0.0418077,0.0485473,-0.0450856,0,0,0.00110922,451.057,8776,0.284428,nan,nan,double
spm,PF-Bootstrap,particle,evtol,current_bias,1,0.0112476,0.013248,0.00780506,0.0372399,0.0211191,0,0,0.00116176,74834.5,46472,nan,nan,nan,double
spm,PF-Fast,particle,evtol,current_bias,1,0.0104746,0.00656891,0.00704398,0.0474765,0.00758015,0,0,0.0010848,15658.4,9664,nan,nan,nan,double
spm,PF-Regularized,particle,evtol,current_bias,1,0.00885328,0.00731725,0.00647067,0.0423356,0.00585929,0,0,0.0011633,79534.5,46464,nan,nan,nan,double
spm,PF-Auxiliary,particle,evtol,current_bias,1,0.0108701,0.00806556,0.00833511,0.0353254,0.00762057,0,0,0.00127473,99693,54584,nan,nan,nan,double
spm,RBPF,particle,evtol,current_bias,1,0.0237074,0.0294242,0.0217416,0.03381,-0.0285273,0,0,0.00108309,39964.6,34016,nan,nan,nan,double
spm,UPF,particle,evtol,current_bias,1,0.0163911,0.0182503,0.0131959,0.0632385,0.0248646,0,0,0.00134412,18447.4,25360,nan,nan,nan,double
spm,EnKF,particle,evtol,current_bias,1,0.0229699,0.0135288,0.014684,0.0674485,-0.00842794,0.1,0,0.00109156,10047.1,6776,nan,nan,nan,double
spm,ETKF,particle,evtol,current_bias,1,0.0647058,0.0746102,0.0621916,0.0830589,-0.0817787,0.1,0,0.00116587,10387.6,5304,nan,nan,nan,double
spm,GSF,particle,evtol,current_bias,1,0.037585,0.0403122,0.0343831,0.0746533,-0.045499,0,0,0.00114687,1664.78,9192,nan,nan,nan,double
spm,NN-Direct,learning,evtol,current_bias,1,0.0345552,0.0416033,0.0300232,0.0959012,0.00359555,0,0,nan,490.413,15152,nan,nan,nan,double
spm,NN-EKF,learning,evtol,current_bias,1,0.0421867,0.0499117,0.040465,0.0582969,-0.0573794,0.1,0,0.00134968,1032.64,4376,nan,nan,nan,double
spm,ELM-RLS-EKF,learning,evtol,current_bias,1,0.0387033,0.0457945,0.0364473,0.0513626,-0.0512167,0,0,0.000878307,3215.71,11704,nan,nan,nan,double
spm,MHE-RTI,optimization,evtol,current_bias,1,0.0756698,0.0828077,0.072172,0.0923498,-0.0840588,0,0,0.0010839,16653.8,26928,nan,nan,nan,double
spm,MHE,optimization,evtol,current_bias,1,0.0459871,0.05341,0.0439045,0.0601336,-0.0583416,0,0,0.0010825,28463.9,26928,nan,nan,nan,double
spm,ERTS,smoothers,evtol,current_bias,1,0.0465696,0.0547924,0.0452871,0.0638664,-0.0638664,-1,0,0.00195176,856.423,12547032,nan,nan,nan,double
spm,URTS,smoothers,evtol,current_bias,1,0.0461413,0.0542812,0.044874,0.0632926,-0.0632926,-1,0,0.00217736,2329.95,12547056,nan,nan,nan,double
spm,Batch-NLS,smoothers,evtol,current_bias,1,0.0408279,0.0489546,0.0393405,0.0581667,-0.0581667,-1,0,0.00088004,4349.14,17371352,nan,nan,nan,double
spm,FixedLag-EKF,smoothers,evtol,current_bias,1,0.0496503,0.0573559,0.0470013,0.065626,-0.0637957,0,0,0.00111608,9939.6,19992,nan,nan,nan,double
spm,CoulombCounting,baselines,evtol,current_bias,2,0.0251634,0.0329899,0.0219655,0.042852,-0.042852,0,0,0.0291262,74.488,4184,nan,nan,nan,double
spm,OCVLookup,baselines,evtol,current_bias,2,0.021708,0.0243525,0.0177885,0.0660679,0.0163441,0,0,0.0124542,1302.91,4192,nan,nan,nan,double
spm,CoulombOCVHybrid,baselines,evtol,current_bias,2,0.0219723,0.0288644,0.018689,0.0389914,0.00152824,0,0,0.0265189,204.685,4192,nan,nan,nan,double
spm,EKF,kalman,evtol,current_bias,2,0.0466831,0.0546234,0.0442342,0.0621793,-0.0607638,0,0,0.00108837,452.427,4336,nan,nan,nan,double
spm,UKF,kalman,evtol,current_bias,2,0.0587056,0.066177,0.0557738,0.0734085,-0.070761,0.4,0,0.00133175,1368.49,4776,nan,nan,nan,double
spm,LKF,kalman,evtol,current_bias,2,0.0193519,0.0261723,0.0158654,0.0402066,-0.040085,0,0,0.00110017,323.455,4680,nan,nan,nan,double
spm,IEKF,kalman,evtol,current_bias,2,0.0525274,0.0602573,0.0500548,0.0694566,-0.0675309,0,0,0.00110025,569.152,4336,nan,nan,nan,double
spm,CKF,kalman,evtol,current_bias,2,0.0595785,0.0659549,0.0569202,0.0742318,-0.0712588,0,0,0.0011009,1197.92,4560,nan,nan,nan,double
spm,SCKF,kalman,evtol,current_bias,2,0.0595785,0.0659549,0.0569202,0.0742318,-0.0712588,0,0,0.0011009,1515.24,4696,nan,nan,nan,double
spm,CKF5,kalman,evtol,current_bias,2,0.0592047,0.0656988,0.0565202,0.0738882,-0.070966,0.1,0,0.00110721,3767.61,5624,nan,nan,nan,double
spm,CDKF,kalman,evtol,current_bias,2,0.0592047,0.0656988,0.0565202,0.0738882,-0.070966,0.1,0,0.00110721,1296.17,4312,nan,nan,nan,double
spm,GHKF,kalman,evtol,current_bias,2,0.0592047,0.0656988,0.0565202,0.0738882,-0.070966,0.1,0,0.00110721,11311,10784,nan,nan,nan,double
spm,IPLF,kalman,evtol,current_bias,2,0.0514809,0.0592223,0.0488804,0.0689648,-0.0681223,0.2,0,0.00134911,1939.5,4784,nan,nan,nan,double
spm,EIF,kalman,evtol,current_bias,2,0.0466831,0.0546234,0.0442342,0.0621793,-0.0607638,0,0,0.00108837,1182.08,4472,nan,nan,nan,double
spm,SR-EKF,kalman,evtol,current_bias,2,0.0466831,0.0546234,0.0442342,0.0621793,-0.0607638,0,0,0.00108837,786.267,4440,nan,nan,nan,double
spm,SR-UKF,kalman,evtol,current_bias,2,0.0587056,0.066177,0.0557738,0.0734085,-0.070761,0.4,0,0.00133175,1458.92,4896,nan,nan,nan,double
spm,UD-EKF,kalman,evtol,current_bias,2,0.0466831,0.0546234,0.0442342,0.0621793,-0.0607638,0,0,0.00108837,456.44,4480,nan,nan,nan,double
spm,SO-EKF,kalman,evtol,current_bias,2,0.0469032,0.0543805,0.0446477,0.0623809,-0.0613469,0.5,0,0.00131124,3935.78,4496,nan,nan,nan,double
spm,SageHusa-AKF,adaptive_kalman,evtol,current_bias,2,0.0497635,0.0572505,0.0473989,0.0642756,-0.063563,0,0,0.00122916,507.944,4808,nan,nan,nan,double
spm,IAE-AKF,adaptive_kalman,evtol,current_bias,2,0.045613,0.0526267,0.0434778,0.0587315,-0.0579668,0,0,0.0015278,470.158,5040,nan,nan,nan,double
spm,VB-AKF,adaptive_kalman,evtol,current_bias,2,0.0457857,0.0530329,0.0434051,0.059505,-0.0587919,0,0,0.00128401,840.247,4408,nan,nan,nan,double
spm,STF,adaptive_kalman,evtol,current_bias,2,0.0108614,0.0059784,0.00716768,0.058068,0.00566608,0,0,0.00098211,503.132,4680,nan,nan,nan,double
spm,Fading-EKF,adaptive_kalman,evtol,current_bias,2,0.0101547,0.00995237,0.00941446,0.0186767,-0.00674189,0,0,0.00117997,475.518,4384,nan,nan,nan,double
spm,Fuzzy-AKF,adaptive_kalman,evtol,current_bias,2,0.0356275,0.0428031,0.0334672,0.0482627,-0.0478382,0,0,0.00205395,703.03,4816,nan,nan,nan,double
spm,IMM,adaptive_kalman,evtol,current_bias,2,0.037378,0.0446163,0.035167,0.0516662,-0.0513126,0,0,0.00118284,1959.07,4976,nan,nan,nan,double
spm,MMAE,adaptive_kalman,evtol,current_bias,2,0.0521428,0.0589372,0.0496079,0.0635224,-0.0620814,0,0,0.00110496,1687.74,13200,-0.0161973,nan,nan,double
spm,Schmidt-KF,robust_kalman,evtol,current_bias,2,0.00827031,0.00598921,0.00638036,0.0208747,0.0051766,0,0,0.0101227,1235.5,8856,nan,nan,nan,double
spm,Hinf-EKF,robust_kalman,evtol,current_bias,2,0.0396958,0.0450348,0.0381558,0.0487762,-0.0386652,0,0,0.00108068,746.637,4408,nan,nan,nan,double
spm,Huber-EKF,robust_kalman,evtol,current_bias,2,0.0426098,0.0500986,0.0401563,0.0573673,-0.0560831,0,0,0.00128887,616.773,4368,nan,nan,nan,double
spm,MC-EKF,robust_kalman,evtol,current_bias,2,0.0419795,0.0497336,0.0394569,0.0569469,-0.0557672,0,0,0.00116267,935.061,4384,nan,nan,nan,double
spm,StudentT-KF,robust_kalman,evtol,current_bias,2,0.048633,0.0559879,0.0461305,0.0627084,-0.0615398,0,0,0.00134506,669.76,4568,nan,nan,nan,double
spm,Constrained-EKF,robust_kalman,evtol,current_bias,2,0.0466831,0.0546234,0.0442342,0.0621793,-0.0607638,0,0,0.00108837,556.497,4416,nan,nan,nan,double
spm,ReducedOrder-EKF,robust_kalman,evtol,current_bias,2,0.00728197,0.00816608,0.0052145,0.015715,0.0124742,0,0,0.00185928,309.156,4272,nan,nan,nan,double
spm,SVSF,robust_kalman,evtol,current_bias,2,0.0512516,0.0587559,0.0485807,0.0669701,-0.0655305,0,0,0.00114224,553.834,4376,nan,nan,nan,double
spm,Luenberger,observers,evtol,current_bias,2,0.00669519,0.0052078,0.00430822,0.0328379,0.00668867,0,0,0.0011152,342.462,4632,nan,nan,nan,double
spm,SSKF,observers,evtol,current_bias,2,0.00669519,0.0052078,0.00430822,0.0328379,0.00668867,0,0,0.0011152,334.788,4632,nan,nan,nan,double
spm,PI-Observer,observers,evtol,current_bias,2,0.0134115,0.0141,0.0102549,0.0557151,0.0156707,0,0,0.00112195,1207,4824,nan,nan,nan,double
spm,SMO,observers,evtol,current_bias,2,0.00721042,0.00610124,0.00473792,0.0345131,0.00788828,0,0,0.00110655,373.705,4800,nan,nan,nan,double
spm,SMO-Adaptive,observers,evtol,current_bias,2,0.00695617,0.00564762,0.0045163,0.0338367,0.00732765,0,0,0.00111008,352.38,4800,nan,nan,nan,double
spm,SuperTwisting-SMO,observers,evtol,current_bias,2,0.0125608,0.0137061,0.00952597,0.0470152,0.0151592,0,0,0.00318963,134.892,4280,nan,nan,nan,double
spm,HGO,observers,evtol,current_bias,2,0.00669519,0.0052078,0.00430822,0.0328379,0.00668867,0,0,0.0011152,343.612,4680,nan,nan,nan,double
spm,ESO,observers,evtol,current_bias,2,0.0126988,0.0139793,0.00981131,0.0471317,0.0159153,0,0,0.0010776,1227.27,4784,nan,nan,nan,double
spm,UIO,observers,evtol,current_bias,2,0.00655229,0.00412063,0.00482401,0.100084,0.00363401,16.8,0,0.00720201,455.696,5072,nan,nan,nan,double
spm,DOB,observers,evtol,current_bias,2,0.00966763,0.00921818,0.0064302,0.0440494,0.0135954,0,0,0.00107308,810.761,4784,nan,nan,nan,double
spm,AdaptiveObserver,observers,evtol,current_bias,2,0.00663349,0.0037588,0.00440105,0.0296922,0.00525835,0,0,0.00102008,675.001,4864,0.000166296,nan,nan,double
spm,IntervalObserver,observers,evtol,current_bias,2,0.00669519,0.0052078,0.00430822,0.0328379,0.00668867,0,0,0.0011152,676.711,9024,nan,0,0.339313,double
spm,JointEKF,soh,evtol,current_bias,2,0.0349652,0.0348736,0.0328582,0.0541774,-0.027163,0,0,0.000845156,1153.03,8752,0.122941,nan,nan,double
spm,JointUKF,soh,evtol,current_bias,2,0.0228042,0.0110049,0.0179251,0.0581079,0.000427688,0.4,0,0.00111015,3017.59,9600,0.479361,nan,nan,double
spm,DualEKF,soh,evtol,current_bias,2,0.0244793,0.0156852,0.0209591,0.040732,0.00358224,0,0,0.000855979,1170.7,4752,0.817593,nan,nan,double
spm,DualUKF,soh,evtol,current_bias,2,0.0523935,0.0509578,0.0490392,0.0645195,-0.0285333,0.4,0,0.00116143,2214.09,5512,1.07553,nan,nan,double
spm,RLS-EKF,soh,evtol,current_bias,2,0.0472486,0.0548588,0.0447608,0.0612488,-0.0605689,0,0,0.00109137,464.933,8904,nan,nan,nan,double
spm,AWTLS,soh,evtol,current_bias,2,0.0414995,0.0460922,0.0397204,0.047571,-0.0453884,0,0,0.00108244,451.516,8776,0.228581,nan,nan,double
spm,PF-Bootstrap,particle,evtol,current_bias,2,0.0129288,0.00847631,0.0109097,0.037974,0.0120108,364.4,0,0.00112477,75033.9,46472,nan,nan,nan,double
spm,PF-Fast,particle,evtol,current_bias,2,0.0124681,0.00864833,0.00852604,0.0419184,0.014459,358.1,0,0.00105506,15648.6,9664,nan,nan,nan,double
spm,PF-Regularized,particle,evtol,current_bias,2,0.00844282,0.00515465,0.00522212,0.0460692,0.0062244,0,0,0.00110729,79569.6,46464,nan,nan,nan,double
spm,PF-Auxiliary,particle,evtol,current_bias,2,0.00753318,0.0071216,0.00624599,0.0202303,0.00940826,0,0,0.00123651,99889.8,54584,nan,nan,nan,double
spm,RBPF,particle,evtol,current_bias,2,0.0150946,0.0187787,0.0121712,0.0403648,-0.0227948,0,0,0.00107076,39941.3,34016,nan,nan,nan,double
spm,UPF,particle,evtol,current_bias,2,0.0203324,0.0163898,0.0157687,0.0685869,0.012254,388.2,0,0.00133411,18501.6,25360,nan,nan,nan,double
spm,EnKF,particle,evtol,current_bias,2,0.0242096,0.0127103,0.01858,0.0617565,-0.00047055,509.6,0,0.00110562,9922.78,6776,nan,nan,nan,double
spm,ETKF,particle,evtol,current_bias,2,0.0653059,0.0767881,0.0621813,0.0876856,-0.0867451,0.1,0,0.00114223,10423,5304,nan,nan,nan,double
spm,GSF,particle,evtol,current_bias,2,0.0361036,0.0381232,0.0325543,0.0767849,-0.0432735,0,0,0.00112433,1655.78,9192,nan,nan,nan,double
spm,NN-Direct,learning,evtol,current_bias,2,0.0341327,0.0410841,0.0296706,0.0941014,0.000965552,0,0,nan,488.087,15152,nan,nan,nan,double
spm,NN-EKF,learning,evtol,current_bias,2,0.0405518,0.0480639,0.0389151,0.0552345,-0.0552163,0.1,0,0.00131709,1022.7,4376,nan,nan,nan,double
spm,ELM-RLS-EKF,learning,evtol,current_bias,2,0.0372739,0.0446542,0.0350369,0.0510617,-0.0504973,0,0,0.000865962,3233.34,11704,nan,nan,nan,double
spm,MHE-RTI,optimization,evtol,current_bias,2,0.0520046,0.0600581,0.0496047,0.0694108,-0.0671423,0,0,0.00106353,16571.7,26928,nan,nan,nan,double
spm,MHE,optimization,evtol,current_bias,2,0.0578106,0.0655001,0.0548132,0.0771002,-0.0729374,0,0,0.00106675,28545.9,26928,nan,nan,nan,double
spm,ERTS,smoothers,evtol,current_bias,2,0.0436,0.0516776,0.0422562,0.0607638,-0.0607638,-1,0,0.0023816,854.793,12547032,nan,nan,nan,double
spm,URTS,smoothers,evtol,current_bias,2,0.0536947,0.0618581,0.0526464,0.070761,-0.070761,-1,0,0.00306615,2306.6,12547056,nan,nan,nan,double
spm,Batch-NLS,smoothers,evtol,current_bias,2,0.040997,0.0490864,0.0395342,0.0582752,-0.0582752,-1,0,0.000854834,4147.87,17371352,nan,nan,nan,double
spm,FixedLag-EKF,smoothers,evtol,current_bias,2,0.0463109,0.0542838,0.0438605,0.062018,-0.0606916,0,0,0.00108837,9942.62,19992,nan,nan,nan,double
spm,CoulombCounting,baselines,evtol,current_bias,3,0.0253156,0.0331788,0.0221055,0.0431329,-0.0431329,0,0,0.029822,75.9696,4184,nan,nan,nan,double
spm,OCVLookup,baselines,evtol,current_bias,3,0.0224346,0.0252951,0.0184324,0.0675383,0.0174899,0,0,0.0127849,1309.23,4192,nan,nan,nan,double
spm,CoulombOCVHybrid,baselines,evtol,current_bias,3,0.0221191,0.029064,0.0188001,0.0395433,0.00229165,0,0,0.0270357,204.721,4192,nan,nan,nan,double
spm,EKF,kalman,evtol,current_bias,3,0.0513067,0.0584618,0.0487729,0.0638686,-0.0600472,0,0,0.00114516,453.042,4336,nan,nan,nan,double
spm,UKF,kalman,evtol,current_bias,3,0.0635099,0.0696331,0.0606342,0.0771698,-0.070579,0.2,0,0.00138089,1371.6,4776,nan,nan,nan,double
spm,LKF,kalman,evtol,current_bias,3,0.0198041,0.0267463,0.016282,0.0408865,-0.0408865,0,0,0.00114665,325.127,4680,nan,nan,nan,double
spm,IEKF,kalman,evtol,current_bias,3,0.0438383,0.0514644,0.0413345,0.0601529,-0.0591469,0,0,0.00115283,568.249,4336,nan,nan,nan,double
spm,CKF,kalman,evtol,current_bias,3,0.0617113,0.0670325,0.0590871,0.0760465,-0.0714553,0,0,0.00115197,1194.62,4560,nan,nan,nan,double
spm,SCKF,kalman,evtol,current_bias,3,0.0617113,0.0670325,0.0590871,0.0760465,-0.0714553,0,0,0.00115197,1506.84,4696,nan,nan,nan,double
spm,CKF5,kalman,evtol,current_bias,3,0.0614039,0.0666475,0.0588443,0.0751419,-0.0704242,0.1,0,0.00115903,3839.8,5624,nan,nan,nan,double
spm,CDKF,kalman,evtol,current_bias,3,0.0614039,0.0666475,0.0588443,0.0751419,-0.0704242,0.1,0,0.00115903,1334.08,4312,nan,nan,nan,double
spm,GHKF,kalman,evtol,current_bias,3,0.0614039,0.0666475,0.0588443,0.0751419,-0.0704242,0.1,0,0.00115903,11464.4,10784,nan,nan,nan,double
spm,IPLF,kalman,evtol,current_bias,3,0.0606731,0.0675033,0.0582119,0.0743488,-0.0721559,0.2,0,0.00139021,1983.92,4784,nan,nan,nan,double
spm,EIF,kalman,evtol,current_bias,3,0.0513067,0.0584618,0.0487729,0.0638686,-0.0600472,0,0,0.00114516,1210.31,4472,nan,nan,nan,double
spm,SR-EKF,kalman,evtol,current_bias,3,0.0513067,0.0584618,0.0487729,0.0638686,-0.0600472,0,0,0.00114516,812.488,4440,nan,nan,nan,double
spm,SR-UKF,kalman,evtol,current_bias,3,0.0635099,0.0696331,0.0606342,0.0771698,-0.070579,0.2,0,0.00138089,1506.68,4896,nan,nan,nan,double
spm,UD-EKF,kalman,evtol,current_bias,3,0.0513067,0.0584618,0.0487729,0.0638686,-0.0600472,0,0,0.00114516,462.406,4480,nan,nan,nan,double
spm,SO-EKF,kalman,evtol,current_bias,3,0.0473363,0.0546514,0.0447606,0.0598996,-0.0583745,0.5,0,0.0013536,4019.95,4496,nan,nan,nan,double
spm,SageHusa-AKF,adaptive_kalman,evtol,current_bias,3,0.0481369,0.0548096,0.0459207,0.0601247,-0.0584205,0,0,0.00140438,506.537,4808,nan,nan,nan,double
spm,IAE-AKF,adaptive_kalman,evtol,current_bias,3,0.0470438,0.0538234,0.044671,0.060283,-0.0564845,0,0,0.00195448,470.688,5040,nan,nan,nan,double
spm,VB-AKF,adaptive_kalman,evtol,current_bias,3,0.0463655,0.0533348,0.0439636,0.0598221,-0.0582408,0,0,0.00146586,840.884,4408,nan,nan,nan,double
spm,STF,adaptive_kalman,evtol,current_bias,3,0.0117499,0.00907771,0.00823778,0.0715451,0.0137704,0,0,0.00101794,502.596,4680,nan,nan,nan,double
spm,Fading-EKF,adaptive_kalman,evtol,current_bias,3,0.00909582,0.00882463,0.00835808,0.0209784,-0.00658349,0,0,0.00123376,476.429,4384,nan,nan,nan,double
spm,Fuzzy-AKF,adaptive_kalman,evtol,current_bias,3,0.0494648,0.0565584,0.0471217,0.0650997,-0.0635923,0,0,0.00188006,698.294,4816,nan,nan,nan,double
spm,IMM,adaptive_kalman,evtol,current_bias,3,0.0397943,0.0460494,0.0376914,0.0502387,-0.0497428,0,0,0.00126707,1970.06,4976,nan,nan,nan,double
spm,MMAE,adaptive_kalman,evtol,current_bias,3,0.0646842,0.0698068,0.0613943,0.077076,-0.0613796,0,0,0.00115766,1680.87,13200,-0.0168404,nan,nan,double
spm,Schmidt-KF,robust_kalman,evtol,current_bias,3,0.0131389,0.00810651,0.0112136,0.0261929,0.00628716,0,0,0.0118081,1228.36,8856,nan,nan,nan,double
spm,Hinf-EKF,robust_kalman,evtol,current_bias,3,0.0138929,0.00501843,0.0104449,0.035325,-0.00546659,0,0,0.00116048,752.89,4408,nan,nan,nan,double
spm,Huber-EKF,robust_kalman,evtol,current_bias,3,0.0522095,0.059244,0.0496046,0.0634631,-0.0611246,0,0,0.00134381,627.614,4368,nan,nan,nan,double
spm,MC-EKF,robust_kalman,evtol,current_bias,3,0.0523322,0.0591629,0.0498914,0.0640297,-0.0603769,0,0,0.00125851,946.689,4384,nan,nan,nan,double
spm,StudentT-KF,robust_kalman,evtol,current_bias,3,0.0493438,0.0567375,0.0467995,0.0635212,-0.0618469,0,0,0.00142445,677.894,4568,nan,nan,nan,double
spm,Constrained-EKF,robust_kalman,evtol,current_bias,3,0.0513067,0.0584618,0.0487729,0.0638686,-0.0600472,0,0,0.00114516,556.955,4416,nan,nan,nan,double
spm,ReducedOrder-EKF,robust_kalman,evtol,current_bias,3,0.00745507,0.00867691,0.00539674,0.0163971,0.0132362,0,0,0.00190417,312.405,4272,nan,nan,nan,double
spm,SVSF,robust_kalman,evtol,current_bias,3,0.0527059,0.059595,0.0500418,0.0652832,-0.0617206,0,0,0.0011646,568.698,4376,nan,nan,nan,double
spm,Luenberger,observers,evtol,current_bias,3,0.00697169,0.00586643,0.00458817,0.034522,0.0071802,0,0,0.00116137,329.442,4632,nan,nan,nan,double
spm,SSKF,observers,evtol,current_bias,3,0.00697169,0.00586643,0.00458817,0.034522,0.0071802,0,0,0.00116137,323.863,4632,nan,nan,nan,double
spm,PI-Observer,observers,evtol,current_bias,3,0.0137844,0.0147318,0.0106182,0.0570798,0.0159046,0,0,0.00117487,1302.49,4824,nan,nan,nan,double
spm,SMO,observers,evtol,current_bias,3,0.00720777,0.00607157,0.0047147,0.0360398,0.00736603,0,0,0.00115269,351.605,4800,nan,nan,nan,double
spm,SMO-Adaptive,observers,evtol,current_bias,3,0.00704174,0.00583,0.00458316,0.0354365,0.00709608,0,0,0.00115678,352.488,4800,nan,nan,nan,double
spm,SuperTwisting-SMO,observers,evtol,current_bias,3,0.0128444,0.0143192,0.00978733,0.0508945,0.0163081,0,0,0.00334669,132.783,4280,nan,nan,nan,double
spm,HGO,observers,evtol,current_bias,3,0.00697169,0.00586643,0.00458817,0.034522,0.0071802,0,0,0.00116137,336.322,4680,nan,nan,nan,double
spm,ESO,observers,evtol,current_bias,3,0.0131414,0.0146112,0.0103221,0.0485842,0.0167833,0,0,0.0011274,1284.21,4784,nan,nan,nan,double
spm,UIO,observers,evtol,current_bias,3,0.00550255,0.00429422,0.00350752,0.100086,0.00571259,23.3,0,0.00856614,455.855,5072,nan,nan,nan,double
spm,DOB,observers,evtol,current_bias,3,0.0100799,0.00998524,0.00675883,0.0453698,0.0149967,0,0,0.00110214,826.624,4784,nan,nan,nan,double
spm,AdaptiveObserver,observers,evtol,current_bias,3,0.00663971,0.00393358,0.00450751,0.0307827,0.00524469,0,0,0.00104125,682.258,4864,0.000163954,nan,nan,double
spm,IntervalObserver,observers,evtol,current_bias,3,0.00697169,0.00586643,0.00458817,0.034522,0.0071802,0,0,0.00116137,674.884,9024,nan,0,0.338164,double
spm,JointEKF,soh,evtol,current_bias,3,0.0320005,0.0286276,0.0302317,0.0564218,-0.0178446,0,0,0.000824656,1162.83,8752,0.241821,nan,nan,double
spm,JointUKF,soh,evtol,current_bias,3,0.0244507,0.0129765,0.019649,0.0606643,-6.24874e-05,0.2,0,0.0011108,3006.72,9600,0.492029,nan,nan,double
spm,DualEKF,soh,evtol,current_bias,3,0.0239265,0.013733,0.0201875,0.0429707,0.00860855,0,0,0.000868531,1172.45,4752,0.850442,nan,nan,double
spm,DualUKF,soh,evtol,current_bias,3,0.0550523,0.0526352,0.0516065,0.0684971,-0.0266565,0.2,0,0.00118063,2231.59,5512,1.21303,nan,nan,double
spm,RLS-EKF,soh,evtol,current_bias,3,0.0560367,0.0635783,0.0532361,0.0684835,-0.0642861,0,0,0.00110842,468.618,8904,nan,nan,nan,double
spm,AWTLS,soh,evtol,current_bias,3,0.0450366,0.0479849,0.0430803,0.0498351,-0.0478081,0,0,0.00113671,455.146,8776,0.30918,nan,nan,double
spm,PF-Bootstrap,particle,evtol,current_bias,3,0.0111236,0.0112365,0.00853945,0.0407738,0.0152442,0,0,0.00117286,74428.1,46472,nan,nan,nan,double
spm,PF-Fast,particle,evtol,current_bias,3,0.0171766,0.0151985,0.0132014,0.0443273,0.0137581,385.7,0,0.00116649,15601.3,9664,nan,nan,nan,double
spm,PF-Regularized,particle,evtol,current_bias,3,0.0084273,0.00754092,0.00583063,0.0412216,0.00563033,0,0,0.00117927,79270.7,46464,nan,nan,nan,double
spm,PF-Auxiliary,particle,evtol,current_bias,3,0.00942967,0.0116447,0.00762089,0.0261906,0.0127296,0,0,0.00133067,99835.2,54584,nan,nan,nan,double
spm,RBPF,particle,evtol,current_bias,3,0.0182891,0.0230433,0.0162635,0.0348065,-0.0251018,0,0,0.00111036,39423.1,34016,nan,nan,nan,double
spm,UPF,particle,evtol,current_bias,3,0.0183957,0.0167932,0.0145855,0.055873,0.0120548,366.4,0,0.00138967,18055.3,25360,nan,nan,nan,double
spm,EnKF,particle,evtol,current_bias,3,0.0243537,0.0300229,0.0189293,0.0563742,-0.050108,0.1,0,0.00119102,9884.09,6776,nan,nan,nan,double
spm,ETKF,particle,evtol,current_bias,3,0.00998159,0.0106984,0.00848639,0.0389029,-0.0163777,0.1,0,0.00121405,10334.1,5304,nan,nan,nan,double
spm,GSF,particle,evtol,current_bias,3,0.0329276,0.0373055,0.0299869,0.0746555,-0.0434905,0,0,0.00116472,1670.88,9192,nan,nan,nan,double
spm,NN-Direct,learning,evtol,current_bias,3,0.0349436,0.0421541,0.0304035,0.0957357,0.00457461,0,0,nan,482.816,15152,nan,nan,nan,double
spm,NN-EKF,learning,evtol,current_bias,3,0.0406033,0.0481866,0.0389746,0.0565385,-0.0553965,0.1,0,0.00138069,1010.91,4376,nan,nan,nan,double
spm,ELM-RLS-EKF,learning,evtol,current_bias,3,0.0383645,0.0456199,0.0359976,0.0511338,-0.0498313,0,0,0.00093236,3212.65,11704,nan,nan,nan,double
spm,MHE-RTI,optimization,evtol,current_bias,3,0.0433847,0.0506763,0.0409673,0.057637,-0.0546734,0,0,0.00111903,16389.9,26928,nan,nan,nan,double
spm,MHE,optimization,evtol,current_bias,3,0.0493485,0.0575245,0.046981,0.0697889,-0.066775,0,0,0.00111586,27910.2,26928,nan,nan,nan,double
spm,ERTS,smoothers,evtol,current_bias,3,0.0438004,0.0514714,0.0426073,0.0600472,-0.0600472,-1,0,0.00172059,812.216,12547032,nan,nan,nan,double
spm,URTS,smoothers,evtol,current_bias,3,0.0542343,0.0622377,0.0532416,0.070579,-0.070579,-1,0,0.00275886,2208.46,12547056,nan,nan,nan,double
spm,Batch-NLS,smoothers,evtol,current_bias,3,0.0390437,0.047066,0.0374987,0.0561517,-0.0561517,0,0,0.000903252,4255.43,17371352,nan,nan,nan,double
spm,FixedLag-EKF,smoothers,evtol,current_bias,3,0.0509169,0.0581116,0.0483741,0.0627972,-0.0599817,0,0,0.00114516,10023.9,19992,nan,nan,nan,double
spm,CoulombCounting,baselines,evtol,noise_step,1,0.00357694,0.00465034,0.00314312,0.00600629,-0.00600629,0,0,0.0103082,74.1632,4184,nan,nan,nan,double
spm,OCVLookup,baselines,evtol,noise_step,1,0.0178236,0.0206609,0.0134224,0.0590219,0.0116406,0,0,0.0126401,1284.27,4192,nan,nan,nan,double
spm,CoulombOCVHybrid,baselines,evtol,noise_step,1,0.00561578,0.00671587,0.00530904,0.00834767,0.0051962,0,0,0.0109222,205.396,4192,nan,nan,nan,double
spm,EKF,kalman,evtol,noise_step,1,0.034947,0.0322739,0.0325731,0.0454297,-0.0168997,0,0,0.00310249,450.911,4336,nan,nan,nan,double
spm,UKF,kalman,evtol,noise_step,1,0.0309702,0.0288388,0.0290678,0.0452885,-0.0171034,0.4,0,0.00320837,1362.97,4776,nan,nan,nan,double
spm,LKF,kalman,evtol,noise_step,1,0.0129874,0.0171798,0.0110016,0.0284892,-0.0269969,0,0,0.00312242,324.615,4680,nan,nan,nan,double
spm,IEKF,kalman,evtol,noise_step,1,0.0380824,0.041044,0.0364042,0.0492849,-0.0446924,0,0,0.00310971,575.082,4336,nan,nan,nan,double
spm,CKF,kalman,evtol,noise_step,1,0.0429532,0.0379494,0.0402696,0.0625855,-0.0190955,0,0,0.00310958,1192.78,4560,nan,nan,nan,double
spm,SCKF,kalman,evtol,noise_step,1,0.0429532,0.0379494,0.0402696,0.0625855,-0.0190955,0,0,0.00310958,1519.13,4696,nan,nan,nan,double
spm,CKF5,kalman,evtol,noise_step,1,0.0427943,0.0379511,0.0401176,0.0620669,-0.0191393,0.1,0,0.00311226,3766.21,5624,nan,nan,nan,double
spm,CDKF,kalman,evtol,noise_step,1,0.0427943,0.0379511,0.0401176,0.0620669,-0.0191393,0.1,0,0.00311226,1289.9,4312,nan,nan,nan,double
spm,GHKF,kalman,evtol,noise_step,1,0.0427943,0.0379511,0.0401176,0.0620669,-0.0191393,0.1,0,0.00311226,11399.7,10784,nan,nan,nan,double
spm,IPLF,kalman,evtol,noise_step,1,0.0374435,0.0438515,0.0354145,0.0772459,-0.0645601,0.2,0,0.00322213,1947.02,4784,nan,nan,nan,double
spm,EIF,kalman,evtol,noise_step,1,0.034947,0.0322739,0.0325731,0.0454297,-0.0168997,0,0,0.00310249,1194.74,4472,nan,nan,nan,double
spm,SR-EKF,kalman,evtol,noise_step,1,0.034947,0.0322739,0.0325731,0.0454297,-0.0168997,0,0,0.00310249,788.27,4440,nan,nan,nan,double
spm,SR-UKF,kalman,evtol,noise_step,1,0.0309702,0.0288388,0.0290678,0.0452885,-0.0171034,0.4,0,0.00320837,1485.68,4896,nan,nan,nan,double
spm,UD-EKF,kalman,evtol,noise_step,1,0.034947,0.0322739,0.0325731,0.0454297,-0.0168997,0,0,0.00310249,465.046,4480,nan,nan,nan,double
spm,SO-EKF,kalman,evtol,noise_step,1,0.0340248,0.0335104,0.0321971,0.0452933,-0.0230738,0.4,0,0.00319175,3979.88,4496,nan,nan,nan,double
spm,SageHusa-AKF,adaptive_kalman,evtol,noise_step,1,0.0317548,0.0325962,0.0303823,0.0375998,-0.0305555,0,0,0.0021286,528.073,4808,nan,nan,nan,double
spm,IAE-AKF,adaptive_kalman,evtol,noise_step,1,0.0264644,0.0269927,0.0253476,0.03323,-0.0247455,0,0,0.00227485,473.076,5040,nan,nan,nan,double
spm,VB-AKF,adaptive_kalman,evtol,noise_step,1,0.0311724,0.0320685,0.0298223,0.036757,-0.0300058,0,0,0.00213768,855.9,4408,nan,nan,nan,double
spm,STF,adaptive_kalman,evtol,noise_step,1,0.0225366,0.0252562,0.0171943,0.101744,0.00671917,0,0,0.0160019,543.6,4680,nan,nan,nan,double
spm,Fading-EKF,adaptive_kalman,evtol,noise_step,1,0.00601558,0.00393845,0.00497351,0.01845,0.00223536,0,0,0.00269843,481.812,4384,nan,nan,nan,double
spm,Fuzzy-AKF,adaptive_kalman,evtol,noise_step,1,0.0348894,0.035555,0.0333522,0.0421222,-0.0332562,0,0,0.00232597,708.434,4816,nan,nan,nan,double
spm,IMM,adaptive_kalman,evtol,noise_step,1,0.0263638,0.0270907,0.0251726,0.032158,-0.0254447,0,0,0.00183689,2002.9,4976,nan,nan,nan,double
spm,MMAE,adaptive_kalman,evtol,noise_step,1,0.0432005,0.0398193,0.0402927,0.0559769,-0.0186831,0,0,0.00310766,1729.53,13200,-0.0263388,nan,nan,double
spm,Schmidt-KF,robust_kalman,evtol,noise_step,1,0.0109567,0.0130133,0.00877472,0.0426376,-0.0156282,0,0,0.00933287,1230.43,8856,nan,nan,nan,double
spm,Hinf-EKF,robust_kalman,evtol,noise_step,1,0.0387284,0.0391918,0.0371462,0.046993,0.041731,0,0,0.00312487,740.443,4408,nan,nan,nan,double
spm,Huber-EKF,robust_kalman,evtol,noise_step,1,0.0331977,0.0336391,0.0319537,0.0405791,-0.0314586,0,0,0.00204858,613.095,4368,nan,nan,nan,double
spm,MC-EKF,robust_kalman,evtol,noise_step,1,0.0352081,0.0359848,0.0336674,0.0406075,-0.032149,0,0,0.00258283,1048.57,4384,nan,nan,nan,double
spm,StudentT-KF,robust_kalman,evtol,noise_step,1,0.0375072,0.03826,0.0359093,0.0452446,-0.0369198,0,0,0.00201459,713.184,4568,nan,nan,nan,double
spm,Constrained-EKF,robust_kalman,evtol,noise_step,1,0.034947,0.0322739,0.0325731,0.0454297,-0.0168997,0,0,0.00310249,562.986,4416,nan,nan,nan,double
spm,ReducedOrder-EKF,robust_kalman,evtol,noise_step,1,0.00759709,0.00734393,0.0058302,0.017471,0.0110539,0,0,0.00234878,319.726,4272,nan,nan,nan,double
spm,SVSF,robust_kalman,evtol,noise_step,1,0.104763,0.144737,0.0809946,0.203753,0.194613,0,0,0.00890506,554.252,4376,nan,nan,nan,double
spm,Luenberger,observers,evtol,noise_step,1,0.00910098,0.00697149,0.00621818,0.0410957,0.00904302,0,0,0.00333225,1125.92,4632,nan,nan,nan,double
spm,SSKF,observers,evtol,noise_step,1,0.00910098,0.00697149,0.00621818,0.0410957,0.00904302,0,0,0.00333225,1060.39,4632,nan,nan,nan,double
spm,PI-Observer,observers,evtol,noise_step,1,0.0171445,0.0208357,0.0132456,0.0494965,0.0221811,0,0,0.00339946,7014.85,4824,nan,nan,nan,double
spm,SMO,observers,evtol,noise_step,1,0.00932564,0.00738157,0.00639854,0.0417617,0.00957747,0,0,0.00335125,1201.25,4800,nan,nan,nan,double
spm,SMO-Adaptive,observers,evtol,noise_step,1,0.0105118,0.0101262,0.00761204,0.0414787,0.012753,0,0,0.00350723,1383,4800,nan,nan,nan,double
spm,SuperTwisting-SMO,observers,evtol,noise_step,1,0.0107644,0.0104399,0.00780691,0.0417698,0.0112245,0,0,0.0031239,129.397,4280,nan,nan,nan,double
spm,HGO,observers,evtol,noise_step,1,0.00910245,0.00697531,0.00622067,0.0410957,0.0090448,0,0,0.0033322,1110.16,4680,nan,nan,nan,double
spm,ESO,observers,evtol,noise_step,1,0.0196503,0.0247613,0.015593,0.0476472,0.0219649,0,0,0.00339029,7390.03,4784,nan,nan,nan,double
spm,UIO,observers,evtol,noise_step,1,0.00958342,0.00776622,0.00759295,0.0254734,0.00505447,0,0,0.00341212,1188.91,5072,nan,nan,nan,double
spm,DOB,observers,evtol,noise_step,1,0.0100934,0.0096834,0.00758375,0.0382011,0.0110366,0,0,0.00445981,4327.45,4784,nan,nan,nan,double
spm,AdaptiveObserver,observers,evtol,noise_step,1,0.00911732,0.0056198,0.00631795,0.0376506,0.0078788,0,0,0.00331312,1489.69,4864,-0.0013838,nan,nan,double
spm,IntervalObserver,observers,evtol,noise_step,1,0.00910098,0.00697149,0.00621818,0.0410957,0.00904302,0,0,0.00333225,1397.27,9024,nan,0,0.338567,double
spm,JointEKF,soh,evtol,noise_step,1,0.0355647,0.0408227,0.0250481,0.0947076,0.0935844,0,0,0.0030863,1156.35,8752,0.794419,nan,nan,double
spm,JointUKF,soh,evtol,noise_step,1,0.030688,0.0294748,0.0256207,0.0598109,0.045948,0.4,0,0.0031831,3022.26,9600,0.519925,nan,nan,double
spm,DualEKF,soh,evtol,noise_step,1,0.0202915,0.0209625,0.0164817,0.039523,0.0392183,0,0,0.00307504,1168.16,4752,0.832556,nan,nan,double
spm,DualUKF,soh,evtol,noise_step,1,0.0440163,0.0360664,0.0389568,0.0639902,-0.00291618,0.4,0,0.003188,2218.26,5512,1.1023,nan,nan,double
spm,RLS-EKF,soh,evtol,noise_step,1,0.0373076,0.0339073,0.0352042,0.050381,-0.0233518,0,0,0.00310549,462.457,8904,nan,nan,nan,double
spm,AWTLS,soh,evtol,noise_step,1,0.0309291,0.024584,0.0272411,0.0454297,0.00053951,0,0,0.00310167,454.896,8776,0.254357,nan,nan,double
spm,PF-Bootstrap,particle,evtol,noise_step,1,0.0130349,0.012126,0.0108171,0.0342444,0.0175031,0,0,0.00299374,86690.8,46472,nan,nan,nan,double
spm,PF-Fast,particle,evtol,noise_step,1,0.0131618,0.00875662,0.0102676,0.0339527,-0.00155539,431.6,0,0.00390236,18246.6,9664,nan,nan,nan,double
spm,PF-Regularized,particle,evtol,noise_step,1,0.0139584,0.0171868,0.0115078,0.0347983,0.0258853,0,0,0.00304135,92917.8,46464,nan,nan,nan,double
spm,PF-Auxiliary,particle,evtol,noise_step,1,0.0149954,0.0161673,0.0137649,0.028762,0.00994374,0,0,0.00253256,99654.1,54584,nan,nan,nan,double
spm,RBPF,particle,evtol,noise_step,1,0.0329071,0.0435235,0.0263126,0.083352,0.0197144,0,0,0.0048443,43440.5,34016,nan,nan,nan,double
spm,UPF,particle,evtol,noise_step,1,0.0187268,0.0128883,0.0145434,0.0578812,0.0107588,450.3,0,0.00556013,18207.1,25360,nan,nan,nan,double
spm,EnKF,particle,evtol,noise_step,1,0.0663358,0.0882547,0.0517729,0.168516,0.118946,0.1,0,0.00315674,10021.7,6776,nan,nan,nan,double
spm,ETKF,particle,evtol,noise_step,1,0.0550887,0.0593594,0.0538796,0.0644327,-0.0571806,-1,0,0.00315169,10397.1,5304,nan,nan,nan,double
spm,GSF,particle,evtol,noise_step,1,0.0202781,0.0140199,0.0167082,0.0461231,-0.0137425,0,0,0.00311575,1668.63,9192,nan,nan,nan,double
spm,NN-Direct,learning,evtol,noise_step,1,0.0423442,0.0514152,0.0372952,0.112247,0.0101684,0,0,nan,498.96,15152,nan,nan,nan,double
spm,NN-EKF,learning,evtol,noise_step,1,0.0241121,0.0250681,0.0237953,0.0266886,-0.023074,0.1,0,0.00224615,1006.68,4376,nan,nan,nan,double
spm,ELM-RLS-EKF,learning,evtol,noise_step,1,0.0254823,0.0259527,0.0244049,0.0311147,-0.0221123,0,0,0.00309278,2198.49,11704,nan,nan,nan,double
spm,MHE-RTI,optimization,evtol,noise_step,1,0.0631704,0.0786118,0.0581177,0.113235,-0.104039,0,0,0.00375441,16530.4,26928,nan,nan,nan,double
spm,MHE,optimization,evtol,noise_step,1,0.0601167,0.0777686,0.0534768,0.113156,-0.104244,0,0,0.00375589,30009.9,26928,nan,nan,nan,double
spm,ERTS,smoothers,evtol,noise_step,1,0.0190531,0.01716,0.0189476,0.0220132,-0.0168997,737.4,0,0.00262298,881.713,12547032,nan,nan,nan,double
spm,URTS,smoothers,evtol,noise_step,1,0.0176944,0.0169193,0.0176734,0.019188,-0.0171034,0,0,0.0023954,2348.04,12547056,nan,nan,nan,double
spm,Batch-NLS,smoothers,evtol,noise_step,1,0.0450798,0.0465476,0.0450457,0.0481146,-0.0480537,-1,0,0.00227566,4203.12,17371352,nan,nan,nan,double
spm,FixedLag-EKF,smoothers,evtol,noise_step,1,0.0345669,0.0319828,0.032197,0.0447663,-0.0168432,0,0,0.00310249,10143.7,19992,nan,nan,nan,double
spm,CoulombCounting,baselines,evtol,noise_step,2,0.00358497,0.00466531,0.00314699,0.00600104,-0.00600104,0,0,0.0101466,77.3921,4184,nan,nan,nan,double
spm,OCVLookup,baselines,evtol,noise_step,2,0.0172166,0.0196919,0.0128716,0.0554226,0.011071,0,0,0.0123564,1295.31,4192,nan,nan,nan,double
spm,CoulombOCVHybrid,baselines,evtol,noise_step,2,0.00552429,0.00661704,0.00521669,0.00813539,0.00499275,0,0,0.0106817,202.808,4192,nan,nan,nan,double
spm,EKF,kalman,evtol,noise_step,2,0.0315477,0.0308591,0.0299423,0.0395913,-0.02445,0,0,0.00315735,470.531,4336,nan,nan,nan,double
spm,UKF,kalman,evtol,noise_step,2,0.0344138,0.0323225,0.0324964,0.0454095,-0.0242659,0.4,0,0.00325306,1379.38,4776,nan,nan,nan,double
spm,LKF,kalman,evtol,noise_step,2,0.0128519,0.0170158,0.0108396,0.0280644,-0.0260348,0,0,0.00316478,327.004,4680,nan,nan,nan,double
spm,IEKF,kalman,evtol,noise_step,2,0.0364593,0.0392322,0.0348406,0.0429855,-0.0397262,0,0,0.00315976,576.831,4336,nan,nan,nan,double
spm,CKF,kalman,evtol,noise_step,2,0.0416785,0.0380141,0.0393413,0.057893,-0.0225527,0,0,0.00316073,1205.19,4560,nan,nan,nan,double
spm,SCKF,kalman,evtol,noise_step,2,0.0416785,0.0380141,0.0393413,0.057893,-0.0225527,0,0,0.00316073,1526.7,4696,nan,nan,nan,double
spm,CKF5,kalman,evtol,noise_step,2,0.04144,0.037845,0.0391143,0.0573806,-0.0223309,0.1,0,0.00316328,3816.01,5624,nan,nan,nan,double
spm,CDKF,kalman,evtol,noise_step,2,0.04144,0.037845,0.0391143,0.0573806,-0.0223309,0.1,0,0.00316328,1328.82,4312,nan,nan,nan,double
spm,GHKF,kalman,evtol,noise_step,2,0.04144,0.037845,0.0391143,0.0573806,-0.0223309,0.1,0,0.00316328,11440.4,10784,nan,nan,nan,double
spm,IPLF,kalman,evtol,noise_step,2,0.0551855,0.0650989,0.0519955,0.095181,-0.0883424,0.2,0,0.00327598,2003.33,4784,nan,nan,nan,double
spm,EIF,kalman,evtol,noise_step,2,0.0315477,0.0308591,0.0299423,0.0395913,-0.02445,0,0,0.00315735,1218.83,4472,nan,nan,nan,double
spm,SR-EKF,kalman,evtol,noise_step,2,0.0315477,0.0308591,0.0299423,0.0395913,-0.02445,0,0,0.00315735,781.293,4440,nan,nan,nan,double
spm,SR-UKF,kalman,evtol,noise_step,2,0.0344138,0.0323225,0.0324964,0.0454095,-0.0242659,0.4,0,0.00325306,1471.57,4896,nan,nan,nan,double
spm,UD-EKF,kalman,evtol,noise_step,2,0.0315477,0.0308591,0.0299423,0.0395913,-0.02445,0,0,0.00315735,455.952,4480,nan,nan,nan,double
spm,SO-EKF,kalman,evtol,noise_step,2,0.0301662,0.0296987,0.0286688,0.0438441,-0.0227006,0.5,0,0.00324085,3991.59,4496,nan,nan,nan,double
spm,SageHusa-AKF,adaptive_kalman,evtol,noise_step,2,0.033365,0.0340397,0.0319027,0.0400749,-0.0312301,0,0,0.00215098,506.136,4808,nan,nan,nan,double
spm,IAE-AKF,adaptive_kalman,evtol,noise_step,2,0.0319752,0.0331746,0.0307325,0.0360713,-0.0307761,0,0,0.00218078,471.866,5040,nan,nan,nan,double
spm,VB-AKF,adaptive_kalman,evtol,noise_step,2,0.029195,0.030096,0.0280106,0.0343092,-0.0277051,0,0,0.00209802,853.826,4408,nan,nan,nan,double
spm,STF,adaptive_kalman,evtol,noise_step,2,0.0235277,0.025092,0.0188189,0.10218,0.0136951,0,0,0.0160146,562.792,4680,nan,nan,nan,double
spm,Fading-EKF,adaptive_kalman,evtol,noise_step,2,0.00691905,0.00491974,0.00585472,0.0177412,0.00300196,0,0,0.00275429,481.615,4384,nan,nan,nan,double
spm,Fuzzy-AKF,adaptive_kalman,evtol,noise_step,2,0.0269505,0.0278229,0.0257658,0.0322735,-0.0250336,0,0,0.00233797,708.405,4816,nan,nan,nan,double
spm,IMM,adaptive_kalman,evtol,noise_step,2,0.0308145,0.0317456,0.0293827,0.0371886,-0.0303408,0,0,0.00196236,2035.57,4976,nan,nan,nan,double
spm,MMAE,adaptive_kalman,evtol,noise_step,2,0.0441935,0.0439658,0.0417455,0.0533334,-0.0275023,0,0,0.00316597,1742.94,13200,-0.0458665,nan,nan,double
spm,Schmidt-KF,robust_kalman,evtol,noise_step,2,0.0103439,0.0126909,0.00780787,0.0579895,-0.0158303,0,0,0.0100319,1231.97,8856,nan,nan,nan,double
spm,Hinf-EKF,robust_kalman,evtol,noise_step,2,0.0473307,0.0569604,0.0387081,0.155563,0.132013,0,0,0.00317681,744.36,4408,nan,nan,nan,double
spm,Huber-EKF,robust_kalman,evtol,noise_step,2,0.031579,0.0323548,0.0302141,0.0373358,-0.0296724,0,0,0.00219908,626.475,4368,nan,nan,nan,double
spm,MC-EKF,robust_kalman,evtol,noise_step,2,0.0306676,0.0315425,0.0293356,0.0356424,-0.0287765,0,0,0.00277222,1053.75,4384,nan,nan,nan,double
spm,StudentT-KF,robust_kalman,evtol,noise_step,2,0.035398,0.0360352,0.0340877,0.0424045,-0.033569,0,0,0.0021655,720.882,4568,nan,nan,nan,double
spm,Constrained-EKF,robust_kalman,evtol,noise_step,2,0.0315477,0.0308591,0.0299423,0.0395913,-0.02445,0,0,0.00315735,560.987,4416,nan,nan,nan,double
spm,ReducedOrder-EKF,robust_kalman,evtol,noise_step,2,0.0073281,0.00666349,0.00546533,0.0176565,0.0108327,0,0,0.00241643,310.849,4272,nan,nan,nan,double
spm,SVSF,robust_kalman,evtol,noise_step,2,0.133737,0.186311,0.100495,0.27859,0.250027,0,0,0.0088801,555.018,4376,nan,nan,nan,double
spm,Luenberger,observers,evtol,noise_step,2,0.00703345,0.00639689,0.00518966,0.0246538,0.010591,0,0,0.00336968,1143.18,4632,nan,nan,nan,double
spm,SSKF,observers,evtol,noise_step,2,0.00703345,0.00639689,0.00518966,0.0246538,0.010591,0,0,0.00336968,1083.01,4632,nan,nan,nan,double
spm,PI-Observer,observers,evtol,noise_step,2,0.015991,0.0188675,0.0123216,0.0481803,0.0212828,0,0,0.00345549,7281.91,4824,nan,nan,nan,double
spm,SMO,observers,evtol,noise_step,2,0.00724496,0.0064813,0.00530989,0.0260614,0.0110126,0,0,0.00338496,1226.22,4800,nan,nan,nan,double
spm,SMO-Adaptive,observers,evtol,noise_step,2,0.00764752,0.00746093,0.00571946,0.0254511,0.0136712,0,0,0.00354279,1417.1,4800,nan,nan,nan,double
spm,SuperTwisting-SMO,observers,evtol,noise_step,2,0.0103379,0.00947257,0.00753594,0.0405331,0.0102124,0,0,0.00302818,129.321,4280,nan,nan,nan,double
spm,HGO,observers,evtol,noise_step,2,0.00704228,0.00641628,0.00519855,0.0246538,0.0106364,0,0,0.00336956,1149.11,4680,nan,nan,nan,double
spm,ESO,observers,evtol,noise_step,2,0.0164651,0.0199603,0.0130327,0.0432895,0.0219638,0,0,0.00344333,7362.29,4784,nan,nan,nan,double
spm,UIO,observers,evtol,noise_step,2,0.00916385,0.00782956,0.00735767,0.0245543,0.00496483,0,0,0.00343279,1262.4,5072,nan,nan,nan,double
spm,DOB,observers,evtol,noise_step,2,0.0098004,0.00912856,0.00735979,0.0358609,0.0125955,0,0,0.00447054,4352.96,4784,nan,nan,nan,double
spm,AdaptiveObserver,observers,evtol,noise_step,2,0.00700856,0.00515276,0.00522219,0.0226681,0.00939632,0,0,0.00334717,1528.13,4864,-0.00288724,nan,nan,double
spm,IntervalObserver,observers,evtol,noise_step,2,0.00703345,0.00639689,0.00518966,0.0246538,0.010591,0,0,0.00336968,1430.53,9024,nan,0,0.339211,double
spm,JointEKF,soh,evtol,noise_step,2,0.0288761,0.025486,0.0248067,0.0546842,0.0420402,0,0,0.00314158,1157.46,8752,0.41465,nan,nan,double
spm,JointUKF,soh,evtol,noise_step,2,0.0432499,0.0530314,0.036,0.107373,0.106596,0.4,0,0.00323434,3013.53,9600,0.850972,nan,nan,double
spm,DualEKF,soh,evtol,noise_step,2,0.0169723,0.0117634,0.0134877,0.0330876,0.0236329,0,0,0.00311452,1171.14,4752,0.570071,nan,nan,double
spm,DualUKF,soh,evtol,noise_step,2,0.0404612,0.0301093,0.0354616,0.0645679,0.00673208,0.4,0,0.00322747,2198.15,5512,1.11707,nan,nan,double
spm,RLS-EKF,soh,evtol,noise_step,2,0.0358477,0.0346403,0.0340637,0.0438288,-0.0281453,0,0,0.0031704,465.432,8904,nan,nan,nan,double
spm,AWTLS,soh,evtol,noise_step,2,0.0271545,0.02193,0.0249896,0.0395913,-0.0124074,0,0,0.00315612,452.51,8776,0.287918,nan,nan,double
spm,PF-Bootstrap,particle,evtol,noise_step,2,0.012097,0.0107454,0.0104605,0.0293659,0.0185482,0,0,0.00313927,87147.5,46472,nan,nan,nan,double
spm,PF-Fast,particle,evtol,noise_step,2,0.0107603,0.0100596,0.00811131,0.0374899,0.00958755,0,0,0.00397908,18364.2,9664,nan,nan,nan,double
spm,PF-Regularized,particle,evtol,noise_step,2,0.0102859,0.00773694,0.00815527,0.0278226,0.00638119,0,0,0.00311962,92644.1,46464,nan,nan,nan,double
spm,PF-Auxiliary,particle,evtol,noise_step,2,0.00925683,0.00696651,0.00786771,0.0240232,0.00398984,0,0,0.00261505,100712,54584,nan,nan,nan,double
spm,RBPF,particle,evtol,noise_step,2,0.0210334,0.0192637,0.0171253,0.0560566,0.0266567,0,0,0.00493876,43206.5,34016,nan,nan,nan,double
spm,UPF,particle,evtol,noise_step,2,0.0171465,0.0149651,0.0135301,0.0541615,0.0158529,0,0,0.00565204,18162.7,25360,nan,nan,nan,double
spm,EnKF,particle,evtol,noise_step,2,0.0622942,0.0772333,0.0555334,0.131883,-0.0642224,496.4,0,0.00321941,9968.42,6776,nan,nan,nan,double
spm,ETKF,particle,evtol,noise_step,2,0.0641803,0.0765697,0.0611559,0.0923543,-0.0881652,22.2,0,0.00319579,10392,5304,nan,nan,nan,double
spm,GSF,particle,evtol,noise_step,2,0.0207789,0.00715038,0.0126306,0.0629307,0.00108548,0,0,0.00316874,1664.01,9192,nan,nan,nan,double
spm,NN-Direct,learning,evtol,noise_step,2,0.0418515,0.0507376,0.0368203,0.111699,0.00964741,0,0,nan,501.246,15152,nan,nan,nan,double
spm,NN-EKF,learning,evtol,noise_step,2,0.0250881,0.0261267,0.0247334,0.0279344,-0.0230375,0,0,0.00228721,1026.76,4376,nan,nan,nan,double
spm,ELM-RLS-EKF,learning,evtol,noise_step,2,0.0210183,0.0203335,0.0199277,0.0274785,-0.0146735,0,0,0.0031446,2166.19,11704,nan,nan,nan,double
spm,MHE-RTI,optimization,evtol,noise_step,2,0.0590159,0.0724677,0.0547262,0.102647,-0.0895884,0,0,0.0038083,17292.8,26928,nan,nan,nan,double
spm,MHE,optimization,evtol,noise_step,2,0.0574976,0.067916,0.0536048,0.101638,-0.0979028,0,0,0.00380689,29692.2,26928,nan,nan,nan,double
spm,ERTS,smoothers,evtol,noise_step,2,0.0242904,0.0239922,0.0242872,0.0251138,-0.02445,-1,0,0.00289374,861.171,12547032,nan,nan,nan,double
spm,URTS,smoothers,evtol,noise_step,2,0.0241823,0.0237957,0.0241776,0.0251538,-0.0242659,-1,0,0.00268287,2333.48,12547056,nan,nan,nan,double
spm,Batch-NLS,smoothers,evtol,noise_step,2,0.0392818,0.0406037,0.0392504,0.0419073,-0.0418739,-1,0,0.00233081,4341.6,17371352,nan,nan,nan,double
spm,FixedLag-EKF,smoothers,evtol,noise_step,2,0.031169,0.0305527,0.029582,0.0389621,-0.0243874,0,0,0.00315735,9894.79,19992,nan,nan,nan,double
spm,CoulombCounting,baselines,evtol,noise_step,3,0.00360539,0.00468848,0.00316521,0.00605556,-0.00605556,0,0,0.0103367,74.0419,4184,nan,nan,nan,double
spm,OCVLookup,baselines,evtol,noise_step,3,0.0179121,0.0206532,0.01361,0.0593603,0.0128739,0,0,0.012607,1306.07,4192,nan,nan,nan,double
spm,CoulombOCVHybrid,baselines,evtol,noise_step,3,0.00548129,0.00657146,0.00517819,0.00810517,0.00645078,0,0,0.010848,206.666,4192,nan,nan,nan,double
spm,EKF,kalman,evtol,noise_step,3,0.0359739,0.0357725,0.0342931,0.0442485,-0.0197465,0,0,0.00316041,457.349,4336,nan,nan,nan,double
spm,UKF,kalman,evtol,noise_step,3,0.0415889,0.0359561,0.0385978,0.0609838,-0.0152487,0.2,0,0.00325328,1378.83,4776,nan,nan,nan,double
spm,LKF,kalman,evtol,noise_step,3,0.0131412,0.0173837,0.0111152,0.0286988,-0.0275057,0,0,0.00315834,338.769,4680,nan,nan,nan,double
spm,IEKF,kalman,evtol,noise_step,3,0.0385162,0.04109,0.0368864,0.0528206,-0.045304,0,0,0.00316404,605.246,4336,nan,nan,nan,double
spm,CKF,kalman,evtol,noise_step,3,0.043162,0.0370967,0.0400106,0.0648053,-0.0156845,0,0,0.00315986,1234.35,4560,nan,nan,nan,double
spm,SCKF,kalman,evtol,noise_step,3,0.043162,0.0370967,0.0400106,0.0648053,-0.0156845,0,0,0.00315986,1532.41,4696,nan,nan,nan,double
spm,CKF5,kalman,evtol,noise_step,3,0.0431412,0.0370786,0.0400444,0.0645588,-0.0155766,0.1,0,0.00316285,3767.46,5624,nan,nan,nan,double
spm,CDKF,kalman,evtol,noise_step,3,0.0431412,0.0370786,0.0400444,0.0645588,-0.0155766,0.1,0,0.00316285,1310.8,4312,nan,nan,nan,double
spm,GHKF,kalman,evtol,noise_step,3,0.0431412,0.0370786,0.0400444,0.0645588,-0.0155766,0.1,0,0.00316285,11343.4,10784,nan,nan,nan,double
spm,IPLF,kalman,evtol,noise_step,3,0.0484608,0.0574373,0.0451519,0.0857791,-0.0787719,0.2,0,0.00327015,2039.98,4784,nan,nan,nan,double
spm,EIF,kalman,evtol,noise_step,3,0.0359739,0.0357725,0.0342931,0.0442485,-0.0197465,0,0,0.00316041,1210.63,4472,nan,nan,nan,double
spm,SR-EKF,kalman,evtol,noise_step,3,0.0359739,0.0357725,0.0342931,0.0442485,-0.0197465,0,0,0.00316041,815.722,4440,nan,nan,nan,double
spm,SR-UKF,kalman,evtol,noise_step,3,0.0415889,0.0359561,0.0385978,0.0609838,-0.0152487,0.2,0,0.00325328,1515.1,4896,nan,nan,nan,double
spm,UD-EKF,kalman,evtol,noise_step,3,0.0359739,0.0357725,0.0342931,0.0442485,-0.0197465,0,0,0.00316041,470.199,4480,nan,nan,nan,double
spm,SO-EKF,kalman,evtol,noise_step,3,0.0336591,0.0324639,0.0324333,0.0465227,-0.0245232,0.2,0,0.00324583,4104.08,4496,nan,nan,nan,double
spm,SageHusa-AKF,adaptive_kalman,evtol,noise_step,3,0.032823,0.0334244,0.0316556,0.040567,-0.0315495,0,0,0.00220774,509.132,4808,nan,nan,nan,double
spm,IAE-AKF,adaptive_kalman,evtol,noise_step,3,0.0297883,0.0304098,0.0285793,0.0368851,-0.0287409,0,0,0.00244712,479.376,5040,nan,nan,nan,double
spm,VB-AKF,adaptive_kalman,evtol,noise_step,3,0.0326897,0.0332828,0.0315484,0.0402884,-0.031425,0,0,0.00222604,836.905,4408,nan,nan,nan,double
spm,STF,adaptive_kalman,evtol,noise_step,3,0.0229015,0.0255184,0.0176904,0.0978007,-0.0141322,0,0,0.0160516,526.045,4680,nan,nan,nan,double
spm,Fading-EKF,adaptive_kalman,evtol,noise_step,3,0.00612813,0.00408914,0.00511669,0.0178886,0.00296053,0,0,0.00275949,472.583,4384,nan,nan,nan,double
spm,Fuzzy-AKF,adaptive_kalman,evtol,noise_step,3,0.0318379,0.032509,0.0304317,0.0396074,-0.0307032,0,0,0.0024789,698.123,4816,nan,nan,nan,double
spm,IMM,adaptive_kalman,evtol,noise_step,3,0.026426,0.0265346,0.0255102,0.0347207,-0.0244779,0,0,0.00201555,1978.13,4976,nan,nan,nan,double
spm,MMAE,adaptive_kalman,evtol,noise_step,3,0.0455637,0.0447698,0.0431233,0.0551986,-0.0224263,0,0,0.0031653,1819.21,13200,-0.0395636,nan,nan,double
spm,Schmidt-KF,robust_kalman,evtol,noise_step,3,0.0109594,0.012221,0.00906891,0.0553274,-0.00502647,0,0,0.00871031,1233.79,8856,nan,nan,nan,double
spm,Hinf-EKF,robust_kalman,evtol,noise_step,3,0.0725914,0.0965236,0.053766,0.286795,0.180028,0,0,0.00320758,734.846,4408,nan,nan,nan,double
spm,Huber-EKF,robust_kalman,evtol,noise_step,3,0.0327921,0.0337237,0.0317864,0.0395439,-0.0333754,0,0,0.00211014,632.336,4368,nan,nan,nan,double
spm,MC-EKF,robust_kalman,evtol,noise_step,3,0.0279207,0.0291086,0.0268924,0.0324323,-0.0285808,0,0,0.00268697,1059.81,4384,nan,nan,nan,double
spm,StudentT-KF,robust_kalman,evtol,noise_step,3,0.0343984,0.0351094,0.0331178,0.0420981,-0.0340668,0,0,0.00210051,742.763,4568,nan,nan,nan,double
spm,Constrained-EKF,robust_kalman,evtol,noise_step,3,0.0359739,0.0357725,0.0342931,0.0442485,-0.0197465,0,0,0.00316041,574.847,4416,nan,nan,nan,double
spm,ReducedOrder-EKF,robust_kalman,evtol,noise_step,3,0.00748727,0.00726,0.00575211,0.0173662,0.0113289,0,0,0.00240116,321.496,4272,nan,nan,nan,double
spm,SVSF,robust_kalman,evtol,noise_step,3,0.133629,0.186279,0.101266,0.257701,0.241066,0,0,0.00893683,555.678,4376,nan,nan,nan,double
spm,Luenberger,observers,evtol,noise_step,3,0.00904818,0.00701635,0.00617018,0.0414184,0.00783317,0,0,0.00336752,1187.43,4632,nan,nan,nan,double
spm,SSKF,observers,evtol,noise_step,3,0.00904818,0.00701635,0.00617018,0.0414184,0.00783317,0,0,0.00336752,1115.55,4632,nan,nan,nan,double
spm,PI-Observer,observers,evtol,noise_step,3,0.0134635,0.0140156,0.0101861,0.0494807,0.0156686,0,0,0.00345049,7289.2,4824,nan,nan,nan,double
spm,SMO,observers,evtol,noise_step,3,0.00914095,0.00707054,0.00623359,0.0420706,0.00762226,0,0,0.00338657,1220.04,4800,nan,nan,nan,double
spm,SMO-Adaptive,observers,evtol,noise_step,3,0.0095547,0.00809968,0.00680404,0.0417945,0.0063529,0,0,0.00352592,1455.13,4800,nan,nan,nan,double
spm,SuperTwisting-SMO,observers,evtol,noise_step,3,0.0104909,0.0099774,0.00768718,0.0439216,0.0118081,0,0,0.00312848,130.891,4280,nan,nan,nan,double
spm,HGO,observers,evtol,noise_step,3,0.00905087,0.00702327,0.00617431,0.0414184,0.00783634,0,0,0.00336733,1162.43,4680,nan,nan,nan,double
spm,ESO,observers,evtol,noise_step,3,0.0156503,0.0192041,0.0122722,0.0402747,0.0168346,0,0,0.00344521,7182.32,4784,nan,nan,nan,double
spm,UIO,observers,evtol,noise_step,3,0.00966764,0.00884367,0.00798729,0.0252135,0.00751765,0,0,0.00343359,1218.44,5072,nan,nan,nan,double
spm,DOB,observers,evtol,noise_step,3,0.0100598,0.00968789,0.00760142,0.0382411,0.00815966,0,0,0.00443967,4450.67,4784,nan,nan,nan,double
spm,AdaptiveObserver,observers,evtol,noise_step,3,0.00884805,0.00516754,0.00600878,0.0374578,0.00589639,0,0,0.00333009,1494.78,4864,-0.000676302,nan,nan,double
spm,IntervalObserver,observers,evtol,noise_step,3,0.00904818,0.00701635,0.00617018,0.0414184,0.00783317,0,0,0.00336752,1455.23,9024,nan,0,0.338012,double
spm,JointEKF,soh,evtol,noise_step,3,0.0274026,0.0220054,0.021999,0.0572136,0.0449736,0,0,0.00308367,1177.52,8752,0.443574,nan,nan,double
spm,JointUKF,soh,evtol,noise_step,3,0.0389809,0.04588,0.0344947,0.0777986,0.0706157,0.2,0,0.0031837,3037.01,9600,0.82652,nan,nan,double
spm,DualEKF,soh,evtol,noise_step,3,0.0212559,0.0128741,0.0179126,0.0387203,0.00292155,0,0,0.0030699,1180.8,4752,0.368787,nan,nan,double
spm,DualUKF,soh,evtol,noise_step,3,0.0374941,0.0234154,0.032602,0.0652163,0.0167252,0.2,0,0.00318589,2206,5512,1.17796,nan,nan,double
spm,RLS-EKF,soh,evtol,noise_step,3,0.0522819,0.0501008,0.0495836,0.0663876,-0.0304482,0,0,0.00317866,466.591,8904,nan,nan,nan,double
spm,AWTLS,soh,evtol,noise_step,3,0.0307798,0.0255968,0.0282102,0.0442485,-0.00848973,0,0,0.00315647,442.498,8776,0.233672,nan,nan,double
spm,PF-Bootstrap,particle,evtol,noise_step,3,0.0113417,0.0105131,0.00862846,0.0323659,0.0162102,0,0,0.0030229,87589.4,46472,nan,nan,nan,double
spm,PF-Fast,particle,evtol,noise_step,3,0.0110916,0.00943917,0.00859264,0.0406295,0.00765578,0,0,0.003894,18476.6,9664,nan,nan,nan,double
spm,PF-Regularized,particle,evtol,noise_step,3,0.0116518,0.00963194,0.0100257,0.0355446,0.0118799,0,0,0.00308223,93566.1,46464,nan,nan,nan,double
spm,PF-Auxiliary,particle,evtol,noise_step,3,0.011493,0.00705027,0.00840554,0.0371844,0.00339078,0,0,0.00251848,101005,54584,nan,nan,nan,double
spm,RBPF,particle,evtol,noise_step,3,0.0170976,0.0200504,0.0140722,0.0427842,0.0119435,0,0,0.00483639,43540.3,34016,nan,nan,nan,double
spm,UPF,particle,evtol,noise_step,3,0.0190536,0.01543,0.0146523,0.0628402,0.00169138,364.9,0,0.00551955,18172.9,25360,nan,nan,nan,double
spm,EnKF,particle,evtol,noise_step,3,0.137563,0.192796,0.102992,0.28463,0.198354,0.1,0,0.0032433,10020.1,6776,nan,nan,nan,double
spm,ETKF,particle,evtol,noise_step,3,0.0119695,0.0153705,0.00963336,0.0413191,0.0234188,0.1,0,0.00317184,10475.5,5304,nan,nan,nan,double
spm,GSF,particle,evtol,noise_step,3,0.023721,0.0151667,0.0184821,0.0641887,-0.00883882,0,0,0.00316983,1676.43,9192,nan,nan,nan,double
spm,NN-Direct,learning,evtol,noise_step,3,0.042643,0.0518254,0.0376694,0.111614,0.00717205,0,0,nan,496.427,15152,nan,nan,nan,double
spm,NN-EKF,learning,evtol,noise_step,3,0.0242679,0.025683,0.0239356,0.0267855,-0.0243919,0.1,0,0.00231628,1025.43,4376,nan,nan,nan,double
spm,ELM-RLS-EKF,learning,evtol,noise_step,3,0.0248604,0.0238874,0.0235929,0.0322765,-0.0146124,0,0,0.0031296,2216.78,11704,nan,nan,nan,double
spm,MHE-RTI,optimization,evtol,noise_step,3,0.0698188,0.0835203,0.0650073,0.126505,-0.101995,0,0,0.00378898,16686,26928,nan,nan,nan,double
spm,MHE,optimization,evtol,noise_step,3,0.0259032,0.0328762,0.0224771,0.0675307,-0.0633305,0,0,0.00378416,29699.1,26928,nan,nan,nan,double
spm,ERTS,smoothers,evtol,noise_step,3,0.0212311,0.0200959,0.0211946,0.0230328,-0.0197465,1477,0,0.00247676,847.622,12547032,nan,nan,nan,double
spm,URTS,smoothers,evtol,noise_step,3,0.0164793,0.0151986,0.0164225,0.0186029,-0.0152487,0,0,0.00284765,2292.45,12547056,nan,nan,nan,double
spm,Batch-NLS,smoothers,evtol,noise_step,3,0.0558661,0.0578905,0.0558151,0.0597411,-0.0595147,-1,0,0.00229509,4322.75,17371352,nan,nan,nan,double
spm,FixedLag-EKF,smoothers,evtol,noise_step,3,0.0355919,0.035463,0.0339124,0.0435704,-0.0196875,0,0,0.00316041,9796.13,19992,nan,nan,nan,double
spm,CoulombCounting,baselines,evtol,outliers,1,0.00357261,0.00464137,0.00314082,0.00598029,-0.00598007,0,0,0.0102895,73.5109,4184,nan,nan,nan,double
spm,OCVLookup,baselines,evtol,outliers,1,0.0176729,0.0203984,0.0136235,0.0566044,0.0130329,0,0,0.012626,1238.29,4192,nan,nan,nan,double
spm,CoulombOCVHybrid,baselines,evtol,outliers,1,0.00733887,0.00846278,0.0070723,0.0101511,0.00615394,0,0,0.011691,192.437,4192,nan,nan,nan,double
spm,EKF,kalman,evtol,outliers,1,0.00602333,0.00507442,0.00507731,0.0333402,-0.00209418,0.3,0,0.00234149,432.123,4336,nan,nan,nan,double
spm,UKF,kalman,evtol,outliers,1,0.0173442,0.0178179,0.0170936,0.100011,-0.0158673,0.3,0,0.00267332,1342.44,4776,nan,nan,nan,double
spm,LKF,kalman,evtol,outliers,1,0.0130666,0.0173057,0.0110806,0.0279332,-0.0275013,0.3,0,0.00232868,320.575,4680,nan,nan,nan,double
spm,IEKF,kalman,evtol,outliers,1,0.00838204,0.00273717,0.0048082,0.061424,-0.00358026,183.1,0,0.00236428,555.271,4336,nan,nan,nan,double
spm,CKF,kalman,evtol,outliers,1,0.0274314,0.0269342,0.0267046,0.052233,0.0252933,0.3,0,0.0024013,1175.95,4560,nan,nan,nan,double
spm,SCKF,kalman,evtol,outliers,1,0.0274314,0.0269342,0.0267046,0.052233,0.0252933,0.3,0,0.0024013,1497.74,4696,nan,nan,nan,double
spm,CKF5,kalman,evtol,outliers,1,0.0227796,0.0233946,0.0222094,0.058452,-0.0205825,0.3,0,0.00241017,3739.63,5624,nan,nan,nan,double
spm,CDKF,kalman,evtol,outliers,1,0.0227796,0.0233946,0.0222094,0.058452,-0.0205825,0.3,0,0.00241017,1296.06,4312,nan,nan,nan,double
spm,GHKF,kalman,evtol,outliers,1,0.0227796,0.0233946,0.0222094,0.058452,-0.0205825,0.3,0,0.00241017,11116.2,10784,nan,nan,nan,double
spm,IPLF,kalman,evtol,outliers,1,0.0214709,0.0244487,0.0207265,0.039045,-0.0257518,10.7,0,0.00249565,1881.03,4784,nan,nan,nan,double
spm,EIF,kalman,evtol,outliers,1,0.00602333,0.00507442,0.00507731,0.0333402,-0.00209418,0.3,0,0.00234149,1157.12,4472,nan,nan,nan,double
spm,SR-EKF,kalman,evtol,outliers,1,0.00602333,0.00507442,0.00507731,0.0333402,-0.00209418,0.3,0,0.00234149,794.276,4440,nan,nan,nan,double
spm,SR-UKF,kalman,evtol,outliers,1,0.0173442,0.0178179,0.0170935,0.100011,-0.0158673,0.3,0,0.00267332,1454.43,4896,nan,nan,nan,double
spm,UD-EKF,kalman,evtol,outliers,1,0.00602333,0.00507442,0.00507731,0.0333402,-0.00209418,0.3,0,0.00234149,461.876,4480,nan,nan,nan,double
spm,SO-EKF,kalman,evtol,outliers,1,0.0139857,0.014513,0.0134823,0.100011,-0.0103742,0.3,0,0.00266038,3955.15,4496,nan,nan,nan,double
spm,SageHusa-AKF,adaptive_kalman,evtol,outliers,1,0.0226893,0.0233539,0.0216824,0.0333467,-0.0207303,0.3,0,0.00242953,508.563,4808,nan,nan,nan,double
spm,IAE-AKF,adaptive_kalman,evtol,outliers,1,0.0142714,0.0150576,0.0138076,0.0333467,-0.0131177,0.3,0,0.00254294,476.611,5040,nan,nan,nan,double
spm,VB-AKF,adaptive_kalman,evtol,outliers,1,0.0347564,0.0345181,0.0330123,0.0454789,-0.0306668,0,0,0.00227741,837.87,4408,nan,nan,nan,double
spm,STF,adaptive_kalman,evtol,outliers,1,0.0195911,0.0151931,0.0117819,0.167337,0.012105,-1,0,0.0124333,525.322,4680,nan,nan,nan,double
spm,Fading-EKF,adaptive_kalman,evtol,outliers,1,0.00642588,0.00413499,0.00527661,0.0278862,0.00171421,0.3,0,0.00210338,467.932,4384,nan,nan,nan,double
spm,Fuzzy-AKF,adaptive_kalman,evtol,outliers,1,0.0143572,0.0151513,0.0138594,0.0333402,-0.0131948,0.3,0,0.00280409,697.245,4816,nan,nan,nan,double
spm,IMM,adaptive_kalman,evtol,outliers,1,0.0187225,0.0196981,0.01795,0.020848,-0.0179991,0.3,0,0.00123268,1968.09,4976,nan,nan,nan,double
spm,MMAE,adaptive_kalman,evtol,outliers,1,0.0303676,0.0269063,0.0282131,0.0465933,-0.012799,0.3,0,0.00234114,1685.52,13200,-0.0953732,nan,nan,double
spm,Schmidt-KF,robust_kalman,evtol,outliers,1,0.00943457,0.0104879,0.00775023,0.0346011,-0.0167599,4.1,0,0.00849479,1229.66,8856,nan,nan,nan,double
spm,Hinf-EKF,robust_kalman,evtol,outliers,1,0.0141456,0.0135134,0.0134656,0.0334609,0.018609,0.3,0,0.00234927,755.804,4408,nan,nan,nan,double
spm,Huber-EKF,robust_kalman,evtol,outliers,1,0.0365293,0.0375249,0.0348482,0.0423495,-0.0353789,0,0,0.00122006,616.34,4368,nan,nan,nan,double
spm,MC-EKF,robust_kalman,evtol,outliers,1,0.0362826,0.0371617,0.0348237,0.0419216,-0.0349009,0,0,0.00110193,938.193,4384,nan,nan,nan,double
spm,StudentT-KF,robust_kalman,evtol,outliers,1,0.0363281,0.0372384,0.034991,0.0427668,-0.0355256,0,0,0.00128991,676.676,4568,nan,nan,nan,double
spm,Constrained-EKF,robust_kalman,evtol,outliers,1,0.00602333,0.00507442,0.00507731,0.0333402,-0.00209418,0.3,0,0.00234149,538.415,4416,nan,nan,nan,double
spm,ReducedOrder-EKF,robust_kalman,evtol,outliers,1,0.00771927,0.00705667,0.00592039,0.0217565,0.0112545,0.3,0,0.00207833,303.688,4272,nan,nan,nan,double
spm,SVSF,robust_kalman,evtol,outliers,1,0.0427739,0.0506564,0.0388928,0.0580099,0.0494701,231.4,0,0.0093153,537.753,4376,nan,nan,nan,double
spm,Luenberger,observers,evtol,outliers,1,0.00880544,0.00599037,0.0058758,0.0469666,0.00702606,0,0,0.00244486,624.105,4632,nan,nan,nan,double
spm,SSKF,observers,evtol,outliers,1,0.00880544,0.00599037,0.0058758,0.0469666,0.00702606,0,0,0.00244486,609.498,4632,nan,nan,nan,double
spm,PI-Observer,observers,evtol,outliers,1,0.0107145,0.00977414,0.00799831,0.0530219,0.0091494,0,0,0.00249432,3067.32,4824,nan,nan,nan,double
spm,SMO,observers,evtol,outliers,1,0.00917825,0.0067054,0.00639695,0.0475567,0.00697412,0,0,0.00240407,626.36,4800,nan,nan,nan,double
spm,SMO-Adaptive,observers,evtol,outliers,1,0.00922184,0.00664088,0.00648587,0.0474254,0.00635644,0,0,0.00239433,642.627,4800,nan,nan,nan,double
spm,SuperTwisting-SMO,observers,evtol,outliers,1,0.0103699,0.00965938,0.00756963,0.0408234,0.0118515,0,0,0.00289556,133.817,4280,nan,nan,nan,double
spm,HGO,observers,evtol,outliers,1,0.00880544,0.00599037,0.0058758,0.0469666,0.00702606,0,0,0.00244486,637.306,4680,nan,nan,nan,double
spm,ESO,observers,evtol,outliers,1,0.0111544,0.0122367,0.00854988,0.0412167,0.0147497,0,0,0.00248697,3165.89,4784,nan,nan,nan,double
spm,UIO,observers,evtol,outliers,1,0.0151945,0.00719107,0.0126063,0.0871371,0.00377179,494.7,0,0.00577663,596.721,5072,nan,nan,nan,double
spm,DOB,observers,evtol,outliers,1,0.00976897,0.00842438,0.00711536,0.0457658,0.00951799,0,0,0.00316575,1958.34,4784,nan,nan,nan,double
spm,AdaptiveObserver,observers,evtol,outliers,1,0.0088387,0.00477311,0.00595144,0.0431434,0.00590859,0,0,0.00241298,959.486,4864,-0.0005308,nan,nan,double
spm,IntervalObserver,observers,evtol,outliers,1,0.00880544,0.00599037,0.0058758,0.0469666,0.00702606,0,0,0.00244486,959.847,9024,nan,0,0.338572,double
spm,JointEKF,soh,evtol,outliers,1,0.041482,0.0505719,0.0366349,0.0611304,0.0546448,0,0,0.00226988,1154.94,8752,0.436813,nan,nan,double
spm,JointUKF,soh,evtol,outliers,1,0.0421297,0.0531582,0.0385205,0.100011,0.0540909,0.3,0,0.00262045,3006.87,9600,0.501501,nan,nan,double
spm,DualEKF,soh,evtol,outliers,1,0.00781706,0.00869661,0.00637851,0.0333348,-0.0120134,0.3,0,0.00226178,1154.25,4752,-0.0716164,nan,nan,double
spm,DualUKF,soh,evtol,outliers,1,0.0300828,0.0234469,0.0276016,0.100011,0.000228464,8.1,0,0.00261356,2216.97,5512,0.764942,nan,nan,double
spm,RLS-EKF,soh,evtol,outliers,1,0.0201767,0.0210598,0.0198437,0.0333402,-0.0204782,0.3,0,0.00280417,461.909,8904,nan,nan,nan,double
spm,AWTLS,soh,evtol,outliers,1,0.00622128,0.00557374,0.00540192,0.0333402,-0.00425288,0.3,0,0.00234177,454.729,8776,0.0298335,nan,nan,double
spm,PF-Bootstrap,particle,evtol,outliers,1,0.0163178,0.0143321,0.0141205,0.056372,0.00504449,0,0,0.00179707,75968.6,46472,nan,nan,nan,double
spm,PF-Fast,particle,evtol,outliers,1,0.0182561,0.0235422,0.0136595,0.0533775,0.0198201,0,0,0.00164402,16051.7,9664,nan,nan,nan,double
spm,PF-Regularized,particle,evtol,outliers,1,0.0143971,0.0145027,0.0125112,0.0529084,0.0173043,0,0,0.00179728,81692.5,46464,nan,nan,nan,double
spm,PF-Auxiliary,particle,evtol,outliers,1,0.00710298,0.00556816,0.00561395,0.0315362,0.00138202,0,0,0.00198849,99672.1,54584,nan,nan,nan,double
spm,RBPF,particle,evtol,outliers,1,0.0155057,0.0100839,0.0122252,0.0635847,-0.0108765,272.2,0,0.00214622,40704.1,34016,nan,nan,nan,double
spm,UPF,particle,evtol,outliers,1,0.013435,0.0134235,0.0106736,0.0674763,0.0137659,0.4,0,0.00378199,18450.3,25360,nan,nan,nan,double
spm,EnKF,particle,evtol,outliers,1,0.0637622,0.0824875,0.0540321,0.134432,0.107511,0.3,0,0.00247619,10007.9,6776,nan,nan,nan,double
spm,ETKF,particle,evtol,outliers,1,0.0044039,0.0033195,0.00300543,0.0767928,-0.00479503,0.3,0,0.00247083,10389.5,5304,nan,nan,nan,double
spm,GSF,particle,evtol,outliers,1,0.0380479,0.0172278,0.0200088,0.128237,0.0050157,316,0,0.00235291,1663.73,9192,nan,nan,nan,double
spm,NN-Direct,learning,evtol,outliers,1,0.0422107,0.0511924,0.0372839,0.111217,0.0087416,0,0,nan,494.291,15152,nan,nan,nan,double
spm,NN-EKF,learning,evtol,outliers,1,0.0205012,0.0208275,0.0204118,0.0314067,-0.0197729,0.4,0,0.00186139,1022.25,4376,nan,nan,nan,double
spm,ELM-RLS-EKF,learning,evtol,outliers,1,0.00477714,0.000954167,0.00272787,0.0333402,-0.00166383,0.3,0,0.00225308,3124.94,11704,nan,nan,nan,double
spm,MHE-RTI,optimization,evtol,outliers,1,0.0257283,0.032394,0.0235408,0.0534124,-0.0509957,0,0,0.00272717,16661.3,26928,nan,nan,nan,double
spm,MHE,optimization,evtol,outliers,1,0.0248952,0.0313344,0.0229191,0.045407,-0.0448581,0,0,0.00272711,29285.4,26928,nan,nan,nan,double
spm,ERTS,smoothers,evtol,outliers,1,0.00113887,0.00134883,0.00106671,0.00209523,-0.00209418,0,0,0.00191719,852.573,12547032,nan,nan,nan,double
spm,URTS,smoothers,evtol,outliers,1,0.0144958,0.015053,0.0144751,0.0158683,-0.0158673,0,0,0.00233401,2334.2,12547056,nan,nan,nan,double
spm,Batch-NLS,smoothers,evtol,outliers,1,0.0264235,0.0268283,0.0264178,0.0276069,-0.0276059,-1,0,0.00173643,4295.76,17371352,nan,nan,nan,double
spm,FixedLag-EKF,smoothers,evtol,outliers,1,0.00586417,0.00480546,0.00480054,0.0333505,-0.0020366,0.3,0,0.00234149,9922.89,19992,nan,nan,nan,double
spm,CoulombCounting,baselines,evtol,outliers,2,0.00353729,0.00460042,0.00310567,0.00592654,-0.00592654,0,0,0.010116,74.8344,4184,nan,nan,nan,double
spm,OCVLookup,baselines,evtol,outliers,2,0.0172394,0.0197692,0.01327,0.0545351,0.0115767,0,0,0.0124383,1303.27,4192,nan,nan,nan,double
spm,CoulombOCVHybrid,baselines,evtol,outliers,2,0.00698924,0.00808268,0.00672366,0.00956465,0.00534675,0,0,0.0113167,205.292,4192,nan,nan,nan,double
spm,EKF,kalman,evtol,outliers,2,0.0270592,0.0256825,0.0266552,0.0355307,-0.0207647,8.4,0,0.00218362,452.959,4336,nan,nan,nan,double
spm,UKF,kalman,evtol,outliers,2,0.0133918,0.0140911,0.0129038,0.0467801,-0.0111754,0.2,0,0.00232606,1372.46,4776,nan,nan,nan,double
spm,LKF,kalman,evtol,outliers,2,0.0127726,0.0168911,0.0108005,0.0279109,-0.0263551,0,0,0.0022017,326.453,4680,nan,nan,nan,double
spm,IEKF,kalman,evtol,outliers,2,0.0151795,0.0115696,0.0146263,0.0661488,0.010008,266.6,0,0.00224993,567.27,4336,nan,nan,nan,double
spm,CKF,kalman,evtol,outliers,2,0.0199548,0.0202442,0.0190286,0.0257656,-0.0172592,0.1,0,0.00219425,1194.52,4560,nan,nan,nan,double
spm,SCKF,kalman,evtol,outliers,2,0.0199548,0.0202442,0.0190286,0.0257656,-0.0172592,0.1,0,0.00219425,1501.55,4696,nan,nan,nan,double
spm,CKF5,kalman,evtol,outliers,2,0.0287253,0.0280685,0.028499,0.0513103,-0.0239992,-1,0,0.00219968,3785.74,5624,nan,nan,nan,double
spm,CDKF,kalman,evtol,outliers,2,0.0287253,0.0280685,0.028499,0.0513103,-0.0239992,-1,0,0.00219968,1312.22,4312,nan,nan,nan,double
spm,GHKF,kalman,evtol,outliers,2,0.0287253,0.0280685,0.028499,0.0513103,-0.0239992,-1,0,0.00219968,11392.3,10784,nan,nan,nan,double
spm,IPLF,kalman,evtol,outliers,2,0.00665458,0.00141795,0.00444085,0.052742,0.001696,8.5,0,0.00234445,1929.06,4784,nan,nan,nan,double
spm,EIF,kalman,evtol,outliers,2,0.0270592,0.0256825,0.0266552,0.0355307,-0.0207647,8.4,0,0.00218362,1191.51,4472,nan,nan,nan,double
spm,SR-EKF,kalman,evtol,outliers,2,0.0270592,0.0256825,0.0266552,0.0355307,-0.0207647,8.4,0,0.00218362,798.727,4440,nan,nan,nan,double
spm,SR-UKF,kalman,evtol,outliers,2,0.0133918,0.0140911,0.0129038,0.0467801,-0.0111754,0.2,0,0.00232606,1460.13,4896,nan,nan,nan,double
spm,UD-EKF,kalman,evtol,outliers,2,0.0270592,0.0256825,0.0266552,0.0355307,-0.0207647,8.4,0,0.00218362,454.232,4480,nan,nan,nan,double
spm,SO-EKF,kalman,evtol,outliers,2,0.00979288,0.0100745,0.00954539,0.045523,-0.0109583,0.4,0,0.00230653,3983,4496,nan,nan,nan,double
spm,SageHusa-AKF,adaptive_kalman,evtol,outliers,2,0.0371765,0.0360794,0.0353049,0.0510728,-0.0309868,0,0,0.00212401,513.248,4808,nan,nan,nan,double
spm,IAE-AKF,adaptive_kalman,evtol,outliers,2,0.0284865,0.0284365,0.0280697,0.0352256,-0.0254342,0,0,0.00216209,475.349,5040,nan,nan,nan,double
spm,VB-AKF,adaptive_kalman,evtol,outliers,2,0.0368863,0.0360982,0.0350869,0.0498596,-0.0314215,0,0,0.00207559,839.942,4408,nan,nan,nan,double
spm,STF,adaptive_kalman,evtol,outliers,2,0.019002,0.0151318,0.0118374,0.151853,0.00293605,-1,0,0.012028,519.849,4680,nan,nan,nan,double
spm,Fading-EKF,adaptive_kalman,evtol,outliers,2,0.00787986,0.00508976,0.00667135,0.0195064,0.00168651,0,0,0.00195287,475.711,4384,nan,nan,nan,double
spm,Fuzzy-AKF,adaptive_kalman,evtol,outliers,2,0.0336519,0.0328796,0.032205,0.0457182,-0.0294877,0,0,0.00236841,698.661,4816,nan,nan,nan,double
spm,IMM,adaptive_kalman,evtol,outliers,2,0.0276076,0.0292027,0.0269954,0.0305127,-0.0272591,0,0,0.00109329,1962.04,4976,nan,nan,nan,double
spm,MMAE,adaptive_kalman,evtol,outliers,2,0.0405651,0.0385781,0.0393751,0.0523415,-0.023987,8.4,0,0.00219128,1705.89,13200,-0.0438021,nan,nan,double
spm,Schmidt-KF,robust_kalman,evtol,outliers,2,0.0107324,0.00951449,0.00880782,0.0346351,0.00701135,33.8,0,0.0075539,1266.56,8856,nan,nan,nan,double
spm,Hinf-EKF,robust_kalman,evtol,outliers,2,0.00679345,0.00685653,0.00499136,0.0221999,-0.00227317,5.8,0,0.00219075,745.522,4408,nan,nan,nan,double
spm,Huber-EKF,robust_kalman,evtol,outliers,2,0.031278,0.0318568,0.0300102,0.0377585,-0.0287701,0,0,0.00111376,620.967,4368,nan,nan,nan,double
spm,MC-EKF,robust_kalman,evtol,outliers,2,0.0333086,0.0339143,0.0318744,0.0399958,-0.0312515,0,0,0.00101891,934.954,4384,nan,nan,nan,double
spm,StudentT-KF,robust_kalman,evtol,outliers,2,0.0339594,0.0344248,0.0324132,0.0407544,-0.03134,0,0,0.00114387,683.435,4568,nan,nan,nan,double
spm,Constrained-EKF,robust_kalman,evtol,outliers,2,0.0270592,0.0256825,0.0266552,0.0355307,-0.0207647,8.4,0,0.00218362,555.955,4416,nan,nan,nan,double
spm,ReducedOrder-EKF,robust_kalman,evtol,outliers,2,0.00745545,0.00673699,0.0056307,0.0185086,0.0107029,0,0,0.00191728,309.218,4272,nan,nan,nan,double
spm,SVSF,robust_kalman,evtol,outliers,2,0.29488,0.369436,0.267946,0.42025,0.403668,-1,1,0.00903749,556.713,4376,nan,nan,nan,double
spm,Luenberger,observers,evtol,outliers,2,0.00878157,0.00576882,0.00583816,0.043038,0.0095425,0,0,0.00231559,592.155,4632,nan,nan,nan,double
spm,SSKF,observers,evtol,outliers,2,0.00878157,0.00576882,0.00583816,0.043038,0.0095425,0,0,0.00231559,572.027,4632,nan,nan,nan,double
spm,PI-Observer,observers,evtol,outliers,2,0.0105803,0.00932426,0.00762205,0.0513759,0.0130757,0,0,0.00235521,2757.24,4824,nan,nan,nan,double
spm,SMO,observers,evtol,outliers,2,0.00898314,0.00611483,0.00617224,0.0436204,0.00980512,0,0,0.00227771,609.467,4800,nan,nan,nan,double
spm,SMO-Adaptive,observers,evtol,outliers,2,0.00894546,0.00613281,0.00610448,0.0434024,0.0101965,0,0,0.00228647,627.688,4800,nan,nan,nan,double
spm,SuperTwisting-SMO,observers,evtol,outliers,2,0.0101799,0.00924274,0.00731783,0.0405663,0.0106179,0,0,0.00272692,129.73,4280,nan,nan,nan,double
spm,HGO,observers,evtol,outliers,2,0.00878157,0.00576882,0.00583816,0.043038,0.0095425,0,0,0.00231559,588.693,4680,nan,nan,nan,double
spm,ESO,observers,evtol,outliers,2,0.00991725,0.00889787,0.00699288,0.0419628,0.0132431,0,0,0.00235211,2839.99,4784,nan,nan,nan,double
spm,UIO,observers,evtol,outliers,2,0.0106866,0.00619004,0.0089126,0.100119,0.00456156,28.2,0,0.00702193,625.45,5072,nan,nan,nan,double
spm,DOB,observers,evtol,outliers,2,0.0097201,0.00867015,0.00693834,0.0423631,0.0140409,0,0,0.00302461,1777.71,4784,nan,nan,nan,double
spm,AdaptiveObserver,observers,evtol,outliers,2,0.00906412,0.00474223,0.00616757,0.0399035,0.0086036,0,0,0.00228496,963.66,4864,-0.00048488,nan,nan,double
spm,IntervalObserver,observers,evtol,outliers,2,0.00878157,0.00576882,0.00583816,0.043038,0.0095425,0,0,0.00231559,916.126,9024,nan,0,0.33913,double
spm,JointEKF,soh,evtol,outliers,2,0.0353445,0.0408985,0.0333501,0.0500972,0.0375286,215,0,0.00216219,1158.14,8752,0.40851,nan,nan,double
spm,JointUKF,soh,evtol,outliers,2,0.0477435,0.0598286,0.0431968,0.0663828,0.052244,270.5,0,0.00228833,3017.15,9600,0.558717,nan,nan,double
spm,DualEKF,soh,evtol,outliers,2,0.00482578,0.00244988,0.00328275,0.0232642,0.00375388,5.8,0,0.00212756,1170.56,4752,0.0831842,nan,nan,double
spm,DualUKF,soh,evtol,outliers,2,0.0467675,0.0480637,0.0442861,0.055003,-0.0307559,18.8,0,0.00235934,2235.88,5512,0.577678,nan,nan,double
spm,RLS-EKF,soh,evtol,outliers,2,0.0271194,0.0278744,0.0268793,0.0310573,-0.0230366,8.4,0,0.00218408,447.001,8904,nan,nan,nan,double
spm,AWTLS,soh,evtol,outliers,2,0.0211103,0.0129853,0.0187645,0.0355307,-3.17875e-05,8.4,0,0.00217896,440.98,8776,0.354471,nan,nan,double
spm,PF-Bootstrap,particle,evtol,outliers,2,0.0102883,0.0110705,0.00815065,0.0415907,0.018736,0,0,0.00169016,76379.3,46472,nan,nan,nan,double
spm,PF-Fast,particle,evtol,outliers,2,0.00994593,0.00694888,0.00637746,0.0530498,0.016399,0,0,0.00155843,16064.3,9664,nan,nan,nan,double
spm,PF-Regularized,particle,evtol,outliers,2,0.00858942,0.00418584,0.00508984,0.0533033,0.0123195,0,0,0.00169077,81566.7,46464,nan,nan,nan,double
spm,PF-Auxiliary,particle,evtol,outliers,2,0.016873,0.0189256,0.0154768,0.0409554,0.0163381,0,0,0.00187635,98654.4,54584,nan,nan,nan,double
spm,RBPF,particle,evtol,outliers,2,0.0160672,0.020563,0.0126731,0.0492434,-0.0012424,0,0,0.00207199,40169,34016,nan,nan,nan,double
spm,UPF,particle,evtol,outliers,2,0.0154691,0.0178043,0.0119817,0.065831,0.0237928,443.2,0,0.00366953,18364.3,25360,nan,nan,nan,double
spm,EnKF,particle,evtol,outliers,2,0.108777,0.152587,0.079477,0.263808,0.257878,0.1,0,0.0022654,10083.8,6776,nan,nan,nan,double
spm,ETKF,particle,evtol,outliers,2,0.00413721,0.0022859,0.00301692,0.0416715,-0.00190314,11.3,0,0.00220992,10458.6,5304,nan,nan,nan,double
spm,GSF,particle,evtol,outliers,2,0.0164573,0.0023733,0.00853927,0.0508963,0.00264221,5.8,0,0.00220684,1695.34,9192,nan,nan,nan,double
spm,NN-Direct,learning,evtol,outliers,2,0.0418526,0.0507666,0.0369359,0.112897,0.00758495,0,0,nan,499.64,15152,nan,nan,nan,double
spm,NN-EKF,learning,evtol,outliers,2,0.0269856,0.0282285,0.0261531,0.031561,-0.0256978,0,0,0.00173681,1045.22,4376,nan,nan,nan,double
spm,ELM-RLS-EKF,learning,evtol,outliers,2,0.0182804,0.0163414,0.0178412,0.0287552,-0.0123633,8.4,0,0.00209065,3141.83,11704,nan,nan,nan,double
spm,MHE-RTI,optimization,evtol,outliers,2,0.0661385,0.0753846,0.0636748,0.0910271,-0.0791112,0,0,0.0025868,16643,26928,nan,nan,nan,double
spm,MHE,optimization,evtol,outliers,2,0.0303838,0.0366884,0.0289795,0.0458762,-0.0441698,13.3,0,0.00258806,29090.9,26928,nan,nan,nan,double
spm,ERTS,smoothers,evtol,outliers,2,0.0201115,0.0201453,0.0201101,0.0207829,-0.0207647,0,0,0.00161387,877.735,12547032,nan,nan,nan,double
spm,URTS,smoothers,evtol,outliers,2,0.0098487,0.0104099,0.00982025,0.0111932,-0.0111754,0,0,0.0016628,2433.2,12547056,nan,nan,nan,double
spm,Batch-NLS,smoothers,evtol,outliers,2,0.0197197,0.0202428,0.0197077,0.0210029,-0.0209846,0,0,0.00160266,4263.6,17371352,nan,nan,nan,double
spm,FixedLag-EKF,smoothers,evtol,outliers,2,0.0266784,0.0253724,0.026282,0.0349641,-0.0207138,8.4,0,0.00218362,9825.86,19992,nan,nan,nan,double
spm,CoulombCounting,baselines,evtol,outliers,3,0.00359451,0.00466779,0.00316116,0.00604267,-0.00604267,0,0,0.010327,73.7691,4184,nan,nan,nan,double
spm,OCVLookup,baselines,evtol,outliers,3,0.0181169,0.0208269,0.0139013,0.0589748,0.0133775,0,0,0.012778,1269.97,4192,nan,nan,nan,double
spm,CoulombOCVHybrid,baselines,evtol,outliers,3,0.00712729,0.00823005,0.00685906,0.00982034,0.00623854,0,0,0.0116305,206.586,4192,nan,nan,nan,double
spm,EKF,kalman,evtol,outliers,3,0.0290811,0.0289606,0.0288819,0.0343754,-0.0251522,-1,0,0.00228586,443.323,4336,nan,nan,nan,double
spm,UKF,kalman,evtol,outliers,3,0.0202888,0.0207962,0.0195925,0.100011,-0.0181467,0.3,0,0.00264497,1337.98,4776,nan,nan,nan,double
spm,LKF,kalman,evtol,outliers,3,0.013029,0.0171584,0.010999,0.0285051,-0.0263586,0.3,0,0.00228443,321.526,4680,nan,nan,nan,double
spm,IEKF,kalman,evtol,outliers,3,0.037113,0.0376015,0.0370235,0.0661415,-0.0375073,-1,0,0.00230163,550.452,4336,nan,nan,nan,double
spm,CKF,kalman,evtol,outliers,3,0.018832,0.0192429,0.0184527,0.0539279,-0.0170081,0.3,0,0.00236001,1152.93,4560,nan,nan,nan,double
spm,SCKF,kalman,evtol,outliers,3,0.018832,0.0192429,0.0184527,0.0539279,-0.0170081,0.3,0,0.00236001,1460.63,4696,nan,nan,nan,double
spm,CKF5,kalman,evtol,outliers,3,0.016309,0.0166693,0.0160698,0.0601895,-0.0142383,0.3,0,0.00238868,3670.62,5624,nan,nan,nan,double
spm,CDKF,kalman,evtol,outliers,3,0.016309,0.0166693,0.0160698,0.0601895,-0.0142383,0.3,0,0.00238868,1294.93,4312,nan,nan,nan,double
spm,GHKF,kalman,evtol,outliers,3,0.016309,0.0166693,0.0160698,0.0601895,-0.0142383,0.3,0,0.00238868,11288.3,10784,nan,nan,nan,double
spm,IPLF,kalman,evtol,outliers,3,0.0134206,0.00483251,0.00924592,0.0512511,0.00414934,190,0,0.00247253,1921.95,4784,nan,nan,nan,double
spm,EIF,kalman,evtol,outliers,3,0.0290811,0.0289606,0.0288819,0.0343754,-0.0251522,-1,0,0.00228586,1170.23,4472,nan,nan,nan,double
spm,SR-EKF,kalman,evtol,outliers,3,0.0290811,0.0289606,0.0288819,0.0343754,-0.0251522,-1,0,0.00228586,785.791,4440,nan,nan,nan,double
spm,SR-UKF,kalman,evtol,outliers,3,0.020289,0.0207962,0.0195926,0.100011,-0.0181467,0.3,0,0.00264497,1398.96,4896,nan,nan,nan,double
spm,UD-EKF,kalman,evtol,outliers,3,0.0290811,0.0289606,0.0288819,0.0343754,-0.0251522,-1,0,0.00228586,439.109,4480,nan,nan,nan,double
spm,SO-EKF,kalman,evtol,outliers,3,0.0132328,0.0134399,0.012707,0.100011,-0.010039,0.3,0,0.00263194,3765.62,4496,nan,nan,nan,double
spm,SageHusa-AKF,adaptive_kalman,evtol,outliers,3,0.0373044,0.0362039,0.0357198,0.0519219,-0.0322614,0,0,0.00216124,506.865,4808,nan,nan,nan,double
spm,IAE-AKF,adaptive_kalman,evtol,outliers,3,0.0347339,0.0338704,0.0331529,0.0486805,-0.0303824,0,0,0.00220899,466.459,5040,nan,nan,nan,double
spm,VB-AKF,adaptive_kalman,evtol,outliers,3,0.0364738,0.0353753,0.0351163,0.0509231,-0.031126,0,0,0.00216607,836.247,4408,nan,nan,nan,double
spm,STF,adaptive_kalman,evtol,outliers,3,0.0211479,0.0188434,0.0140311,0.160653,0.0179152,-1,0,0.0124714,517.487,4680,nan,nan,nan,double
spm,Fading-EKF,adaptive_kalman,evtol,outliers,3,0.00652727,0.00414164,0.00526199,0.0272469,0.00361649,0.3,0,0.00206589,465.766,4384,nan,nan,nan,double
spm,Fuzzy-AKF,adaptive_kalman,evtol,outliers,3,0.0336465,0.0330987,0.0330564,0.0435402,-0.0301616,0,0,0.00249625,666.408,4816,nan,nan,nan,double
spm,IMM,adaptive_kalman,evtol,outliers,3,0.0171679,0.0186435,0.0168528,0.0198922,-0.0174124,0,0,0.00125392,1962.19,4976,nan,nan,nan,double
spm,MMAE,adaptive_kalman,evtol,outliers,3,0.0428895,0.0419129,0.041828,0.0522302,-0.0266702,-1,0,0.00228682,1681.35,13200,-0.0272106,nan,nan,double
spm,Schmidt-KF,robust_kalman,evtol,outliers,3,0.0154177,0.00857046,0.0134333,0.0344692,-0.00283515,561.6,0,0.010689,1224.62,8856,nan,nan,nan,double
spm,Hinf-EKF,robust_kalman,evtol,outliers,3,0.0281957,0.0250818,0.0265254,0.102973,0.0124718,87.3,0,0.00228912,744.216,4408,nan,nan,nan,double
spm,Huber-EKF,robust_kalman,evtol,outliers,3,0.0369377,0.0376769,0.0354256,0.043705,-0.0353516,0,0,0.00121211,615.376,4368,nan,nan,nan,double
spm,MC-EKF,robust_kalman,evtol,outliers,3,0.0341467,0.0350114,0.0327119,0.0400355,-0.0330345,0,0,0.00110476,936.939,4384,nan,nan,nan,double
spm,StudentT-KF,robust_kalman,evtol,outliers,3,0.0342728,0.034957,0.0327212,0.0409354,-0.0331572,0,0,0.00126086,682.477,4568,nan,nan,nan,double
spm,Constrained-EKF,robust_kalman,evtol,outliers,3,0.0290811,0.0289606,0.0288819,0.0343754,-0.0251522,-1,0,0.00228586,553.753,4416,nan,nan,nan,double
spm,ReducedOrder-EKF,robust_kalman,evtol,outliers,3,0.0076004,0.00731792,0.00587127,0.017704,0.0116194,0,0,0.00197056,302.684,4272,nan,nan,nan,double
spm,SVSF,robust_kalman,evtol,outliers,3,0.0852971,0.093379,0.0832078,0.0983468,0.0954284,-1,0,0.00919538,543.064,4376,nan,nan,nan,double
spm,Luenberger,observers,evtol,outliers,3,0.0072565,0.00634567,0.00510679,0.0329181,0.0114064,0,0,0.00240103,547.954,4632,nan,nan,nan,double
spm,SSKF,observers,evtol,outliers,3,0.0072565,0.00634567,0.00510679,0.0329181,0.0114064,0,0,0.00240103,527.336,4632,nan,nan,nan,double
spm,PI-Observer,observers,evtol,outliers,3,0.0116192,0.0115427,0.00869706,0.05311,0.0187605,0,0,0.00245954,2937.1,4824,nan,nan,nan,double
spm,SMO,observers,evtol,outliers,3,0.00725361,0.00568066,0.00507736,0.0324004,0.0108657,0,0,0.00236366,608.645,4800,nan,nan,nan,double
spm,SMO-Adaptive,observers,evtol,outliers,3,0.00730367,0.00569051,0.00511096,0.0323104,0.0108621,0,0,0.00236617,631.454,4800,nan,nan,nan,double
spm,SuperTwisting-SMO,observers,evtol,outliers,3,0.010428,0.0098226,0.00758641,0.043816,0.0125548,0,0,0.00297876,135.901,4280,nan,nan,nan,double
spm,HGO,observers,evtol,outliers,3,0.0072565,0.00634567,0.00510679,0.0329181,0.0114064,0,0,0.00240103,556.179,4680,nan,nan,nan,double
spm,ESO,observers,evtol,outliers,3,0.012578,0.0115133,0.0101301,0.0395642,0.023847,0,0,0.0024493,2937.94,4784,nan,nan,nan,double
spm,UIO,observers,evtol,outliers,3,0.0134111,0.00685422,0.0112039,0.100097,0.00866427,76.9,0,0.00610071,620.25,5072,nan,nan,nan,double
spm,DOB,observers,evtol,outliers,3,0.00994858,0.00900029,0.00716307,0.0445416,0.0139089,0,0,0.00309676,1906.14,4784,nan,nan,nan,double
spm,AdaptiveObserver,observers,evtol,outliers,3,0.00698038,0.00465598,0.00497947,0.0298449,0.00984879,0,0,0.00236343,929.223,4864,-6.51069e-05,nan,nan,double
spm,IntervalObserver,observers,evtol,outliers,3,0.0072565,0.00634567,0.00510679,0.0329181,0.0114064,0,0,0.00240103,875.882,9024,nan,0,0.337906,double
spm,JointEKF,soh,evtol,outliers,3,0.0244944,0.029422,0.0232046,0.0367452,0.0327779,0,0,0.00222202,1156.51,8752,0.322192,nan,nan,double
spm,JointUKF,soh,evtol,outliers,3,0.0618574,0.0758087,0.0546913,0.100011,0.0690234,13.4,0,0.00260375,3062.76,9600,0.43935,nan,nan,double
spm,DualEKF,soh,evtol,outliers,3,0.0279083,0.0210292,0.0262504,0.0417419,-0.00604181,1657.1,0,0.0022207,1187.14,4752,0.421347,nan,nan,double
spm,DualUKF,soh,evtol,outliers,3,0.056213,0.0674688,0.0520363,0.100011,-0.0549971,13.5,0,0.00265334,2240.76,5512,0.265781,nan,nan,double
spm,RLS-EKF,soh,evtol,outliers,3,0.025624,0.0241768,0.0253481,0.0346989,-0.0243348,-1,0,0.00257302,463.896,8904,nan,nan,nan,double
spm,AWTLS,soh,evtol,outliers,3,0.0231223,0.0167706,0.0213608,0.0343754,-0.00199795,1341.7,0,0.00228456,467.292,8776,0.324599,nan,nan,double
spm,PF-Bootstrap,particle,evtol,outliers,3,0.0117035,0.00336928,0.00841831,0.0371365,0.00333502,0,0,0.0018089,76147.7,46472,nan,nan,nan,double
spm,PF-Fast,particle,evtol,outliers,3,0.0139195,0.00789816,0.0114454,0.042013,0.00141189,0,0,0.00166766,15935.8,9664,nan,nan,nan,double
spm,PF-Regularized,particle,evtol,outliers,3,0.0104874,0.00557694,0.00770199,0.0351529,0.0124663,0,0,0.00180581,81587.2,46464,nan,nan,nan,double
spm,PF-Auxiliary,particle,evtol,outliers,3,0.0121533,0.0126364,0.0092019,0.0453273,0.018226,0,0,0.00199178,99057,54584,nan,nan,nan,double
spm,RBPF,particle,evtol,outliers,3,0.00954375,0.0112505,0.00784193,0.0281083,0.0129784,0,0,0.00214141,40469.7,34016,nan,nan,nan,double
spm,UPF,particle,evtol,outliers,3,0.0136111,0.00837235,0.0102022,0.0634442,0.0135216,404.4,0,0.00362497,18440.5,25360,nan,nan,nan,double
spm,EnKF,particle,evtol,outliers,3,0.140004,0.175241,0.124063,0.264115,0.18548,184.2,0,0.00252896,10326.2,6776,nan,nan,nan,double
spm,ETKF,particle,evtol,outliers,3,0.00815918,0.00460285,0.00584679,0.0874492,0.00586193,235.5,0,0.00246991,10464.7,5304,nan,nan,nan,double
spm,GSF,particle,evtol,outliers,3,0.0399371,0.0179602,0.018926,0.126934,-0.00625598,330.4,0,0.00231466,1665.56,9192,nan,nan,nan,double
spm,NN-Direct,learning,evtol,outliers,3,0.042668,0.051868,0.0377227,0.112238,0.0117455,0,0,nan,490.924,15152,nan,nan,nan,double
spm,NN-EKF,learning,evtol,outliers,3,0.0236865,0.0248083,0.0233054,0.0344443,-0.023886,0.5,0,0.00184672,1042.02,4376,nan,nan,nan,double
spm,ELM-RLS-EKF,learning,evtol,outliers,3,0.0214168,0.0195544,0.021072,0.0310655,-0.0172876,481.7,0,0.00218497,3140.52,11704,nan,nan,nan,double
spm,MHE-RTI,optimization,evtol,outliers,3,0.0177968,0.0215737,0.0161589,0.031046,-0.0285185,187.6,0,0.00270782,16509.4,26928,nan,nan,nan,double
spm,MHE,optimization,evtol,outliers,3,0.0106897,0.0091601,0.00794543,0.0346052,-0.017635,232.2,0,0.00270519,28563.9,26928,nan,nan,nan,double
spm,ERTS,smoothers,evtol,outliers,3,0.0242313,0.0245395,0.0242272,0.025175,-0.0251522,-1,0,0.00170658,856.035,12547032,nan,nan,nan,double
spm,URTS,smoothers,evtol,outliers,3,0.0168333,0.0173403,0.0168194,0.0181655,-0.0181467,0,0,0.00176892,2253.22,12547056,nan,nan,nan,double
spm,Batch-NLS,smoothers,evtol,outliers,3,0.0238711,0.0249448,0.0238357,0.026152,-0.026125,-1,0,0.00167696,4356.95,17371352,nan,nan,nan,double
spm,FixedLag-EKF,smoothers,evtol,outliers,3,0.0286962,0.0286359,0.0285011,0.033799,-0.0251028,-1,0,0.00228586,9710.72,19992,nan,nan,nan,double
spm,CoulombCounting,baselines,evtol,cold,1,0.00357694,0.00465034,0.00314312,0.00600629,-0.00600629,0,0,0.0379482,75.7549,4184,nan,nan,nan,double
spm,OCVLookup,baselines,evtol,cold,1,0.0486813,0.061476,0.0351858,0.15537,0.0569404,304.6,0,0.0199335,1295.03,4192,nan,nan,nan,double
spm,CoulombOCVHybrid,baselines,evtol,cold,1,0.0343729,0.03562,0.0338921,0.0381592,0.033965,-1,0,0.0511411,204.802,4192,nan,nan,nan,double
spm,EKF,kalman,evtol,cold,1,0.061626,0.0649458,0.0590419,0.0903258,-0.0873081,0.1,0,0.00456496,450.411,4336,nan,nan,nan,double
spm,UKF,kalman,evtol,cold,1,0.0822676,0.083269,0.081432,0.107551,-0.102946,-1,0,0.00467973,1369.58,4776,nan,nan,nan,double
spm,LKF,kalman,evtol,cold,1,0.017021,0.0146875,0.0153041,0.0409384,-0.0119223,255.8,0,0.00465032,319.751,4680,nan,nan,nan,double
spm,IEKF,kalman,evtol,cold,1,0.0856279,0.0865944,0.0845286,0.0942327,0.080314,-1,0,0.00399344,549.457,4336,nan,nan,nan,double
spm,CKF,kalman,evtol,cold,1,0.089864,0.0907263,0.0887239,0.1082,0.0825235,-1,0,0.00400639,1160.8,4560,nan,nan,nan,double
spm,SCKF,kalman,evtol,cold,1,0.089864,0.0907263,0.0887239,0.1082,0.0825235,-1,0,0.00400639,1445.73,4696,nan,nan,nan,double
spm,CKF5,kalman,evtol,cold,1,0.0818387,0.0823144,0.080945,0.107169,-0.102428,-1,0,0.00459615,3668.98,5624,nan,nan,nan,double
spm,CDKF,kalman,evtol,cold,1,0.0818387,0.0823144,0.080945,0.107169,-0.102428,-1,0,0.00459615,1269.49,4312,nan,nan,nan,double
spm,GHKF,kalman,evtol,cold,1,0.0818387,0.0823144,0.080945,0.107169,-0.102428,-1,0,0.00459615,11058.7,10784,nan,nan,nan,double
spm,IPLF,kalman,evtol,cold,1,0.0736241,0.0773438,0.0714886,0.100701,-0.0965632,-1,0,0.00464683,1915.77,4784,nan,nan,nan,double
spm,EIF,kalman,evtol,cold,1,0.061626,0.0649458,0.0590419,0.0903258,-0.0873081,0.1,0,0.00456496,1161.75,4472,nan,nan,nan,double
spm,SR-EKF,kalman,evtol,cold,1,0.061626,0.0649458,0.0590419,0.0903258,-0.0873081,0.1,0,0.00456496,763.553,4440,nan,nan,nan,double
spm,SR-UKF,kalman,evtol,cold,1,0.0822676,0.083269,0.081432,0.107551,-0.102946,-1,0,0.00467973,1391.78,4896,nan,nan,nan,double
spm,UD-EKF,kalman,evtol,cold,1,0.061626,0.0649458,0.0590419,0.0903258,-0.0873081,0.1,0,0.00456496,447.031,4480,nan,nan,nan,double
spm,SO-EKF,kalman,evtol,cold,1,0.0801182,0.0808785,0.0793177,0.104357,-0.0999253,-1,0,0.00466692,3852.04,4496,nan,nan,nan,double
spm,SageHusa-AKF,adaptive_kalman,evtol,cold,1,0.0299056,0.0278525,0.0284982,0.0388787,-0.0126773,0.1,0,0.0153142,491.316,4808,nan,nan,nan,double
spm,IAE-AKF,adaptive_kalman,evtol,cold,1,0.0263795,0.024847,0.0254256,0.0351796,-0.0124581,0.1,0,0.0179662,463.842,5040,nan,nan,nan,double
spm,VB-AKF,adaptive_kalman,evtol,cold,1,0.0252429,0.0233318,0.0238908,0.0334263,-0.00682891,0.1,0,0.0161977,828.513,4408,nan,nan,nan,double
spm,STF,adaptive_kalman,evtol,cold,1,0.0475537,0.0544146,0.0383667,0.197328,0.0575063,1006.1,0,0.00276468,502.234,4680,nan,nan,nan,double
spm,Fading-EKF,adaptive_kalman,evtol,cold,1,0.0323197,0.0335808,0.0286232,0.0723976,0.0439833,495.5,0,0.00505778,472.821,4384,nan,nan,nan,double
spm,Fuzzy-AKF,adaptive_kalman,evtol,cold,1,0.0335442,0.031773,0.0323375,0.0444782,-0.0204991,0.1,0,0.0163079,692.236,4816,nan,nan,nan,double
spm,IMM,adaptive_kalman,evtol,cold,1,0.0292769,0.0275638,0.0286408,0.038268,-0.0218063,0.5,0,0.00529251,1935.48,4976,nan,nan,nan,double
spm,MMAE,adaptive_kalman,evtol,cold,1,0.0994954,0.101549,0.0949455,0.132684,-0.0885247,0.1,0,0.00455758,1621.58,13200,-0.068221,nan,nan,double
spm,Schmidt-KF,robust_kalman,evtol,cold,1,0.0255995,0.0244322,0.0233383,0.0561015,0.0387499,1381.7,0,0.0358331,1198.04,8856,nan,nan,nan,double
spm,Hinf-EKF,robust_kalman,evtol,cold,1,0.10672,0.108544,0.102355,0.1199,0.0947771,0.1,0,0.00405009,726.243,4408,nan,nan,nan,double
spm,Huber-EKF,robust_kalman,evtol,cold,1,0.0482391,0.0475409,0.0468064,0.0602771,-0.043207,0.1,0,0.00886123,599.397,4368,nan,nan,nan,double
spm,MC-EKF,robust_kalman,evtol,cold,1,0.0446642,0.0448466,0.0436428,0.0522152,-0.043676,-1,0,0.0123671,950.131,4384,nan,nan,nan,double
spm,StudentT-KF,robust_kalman,evtol,cold,1,0.0507753,0.0508743,0.0491252,0.0628255,-0.0555103,0.1,0,0.00920804,672.123,4568,nan,nan,nan,double
spm,Constrained-EKF,robust_kalman,evtol,cold,1,0.061626,0.0649458,0.0590419,0.0903258,-0.0873081,0.1,0,0.00456496,558.602,4416,nan,nan,nan,double
spm,ReducedOrder-EKF,robust_kalman,evtol,cold,1,0.0351091,0.0372357,0.0287,0.0751056,0.0583868,384.6,0,0.0073231,317.351,4272,nan,nan,nan,double
spm,SVSF,robust_kalman,evtol,cold,1,0.0688858,0.0707389,0.0672634,0.0889602,-0.0852179,-1,0,0.00313281,556.567,4376,nan,nan,nan,double
spm,Luenberger,observers,evtol,cold,1,0.0270138,0.0318207,0.0212567,0.0916532,0.0403312,0,0,0.00454034,346.352,4632,nan,nan,nan,double
spm,SSKF,observers,evtol,cold,1,0.0270138,0.0318207,0.0212567,0.0916532,0.0403312,0,0,0.00454034,336.292,4632,nan,nan,nan,double
spm,PI-Observer,observers,evtol,cold,1,0.0449026,0.0535607,0.0346323,0.163835,0.0579383,335.9,0,0.00452896,1520.95,4824,nan,nan,nan,double
spm,SMO,observers,evtol,cold,1,0.0294284,0.0354376,0.0233551,0.100981,0.0447434,0,0,0.00452248,427.485,4800,nan,nan,nan,double
spm,SMO-Adaptive,observers,evtol,cold,1,0.0285787,0.0322901,0.0235576,0.096917,0.0397949,0,0,0.0044847,405.457,4800,nan,nan,nan,double
spm,SuperTwisting-SMO,observers,evtol,cold,1,0.0429318,0.0515798,0.03504,0.127638,0.0551524,389.6,0,0.0149937,132.621,4280,nan,nan,nan,double
spm,HGO,observers,evtol,cold,1,0.0291654,0.0354096,0.0227008,0.100601,0.0449429,0,0,0.00456536,365.706,4680,nan,nan,nan,double
spm,ESO,observers,evtol,cold,1,0.0434334,0.0543148,0.0344965,0.16598,0.0611825,387.8,0,0.0043771,1737.41,4784,nan,nan,nan,double
spm,UIO,observers,evtol,cold,1,0.0304797,0.0220935,0.0264095,0.0718386,0.0295931,1075.9,0,0.00827296,384.512,5072,nan,nan,nan,double
spm,DOB,observers,evtol,cold,1,0.0283568,0.0336229,0.0209622,0.0934285,0.0450749,0,0,0.00447846,527.931,4784,nan,nan,nan,double
spm,AdaptiveObserver,observers,evtol,cold,1,0.0312186,0.0181942,0.0268185,0.0622853,0.0354348,0,0,0.00285307,697.345,4864,0.000726095,nan,nan,double
spm,IntervalObserver,observers,evtol,cold,1,0.0270138,0.0318207,0.0212567,0.0916532,0.0403312,0,0,0.00454034,656.717,9024,nan,0,0.370577,double
spm,JointEKF,soh,evtol,cold,1,0.0429551,0.0345997,0.0404164,0.0811999,-0.0254264,120,0,0.0022655,1127.48,8752,0.0399767,nan,nan,double
spm,JointUKF,soh,evtol,cold,1,0.0408934,0.0252396,0.036837,0.0893276,-0.0238121,1448.2,0,0.00236641,2953.5,9600,0.0600788,nan,nan,double
spm,DualEKF,soh,evtol,cold,1,0.0390992,0.0229942,0.0340173,0.0650698,0.020456,48.7,0,0.00246887,1171.73,4752,1.22299,nan,nan,double
spm,DualUKF,soh,evtol,cold,1,0.0885756,0.0737894,0.0851968,0.114837,-0.0251516,-1,0,0.00255865,2228.85,5512,1.48532,nan,nan,double
spm,RLS-EKF,soh,evtol,cold,1,0.0981121,0.100271,0.0943693,0.10979,-0.0929665,0.1,0,0.00527203,471.701,8904,nan,nan,nan,double
spm,AWTLS,soh,evtol,cold,1,0.0539415,0.0504266,0.0516266,0.0690446,-0.040239,0.1,0,0.00457281,460.398,8776,0.338759,nan,nan,double
spm,PF-Bootstrap,particle,evtol,cold,1,0.0429107,0.0476839,0.0352781,0.149094,0.0530302,959.5,0,0.00748101,75159.4,46472,nan,nan,nan,double
spm,PF-Fast,particle,evtol,cold,1,0.0391049,0.0429267,0.0311689,0.156621,0.0479154,387.1,0,0.00583212,15789.9,9664,nan,nan,nan,double
spm,PF-Regularized,particle,evtol,cold,1,0.0390388,0.0425644,0.0306498,0.147339,0.0529608,389,0,0.00739667,81377.3,46464,nan,nan,nan,double
spm,PF-Auxiliary,particle,evtol,cold,1,0.0380915,0.0470881,0.0326563,0.122793,0.0514961,877.8,0,0.00907174,99042.7,54584,nan,nan,nan,double
spm,RBPF,particle,evtol,cold,1,0.0576941,0.0519614,0.0543722,0.0729135,-0.0152178,1855.4,0,0.00398166,40092.8,34016,nan,nan,nan,double
spm,UPF,particle,evtol,cold,1,0.0468379,0.0535726,0.0388771,0.16896,0.0454926,891.1,0,0.00339998,18506,25360,nan,nan,nan,double
spm,EnKF,particle,evtol,cold,1,0.0893226,0.0813601,0.085537,0.115271,-0.0907647,-1,0,0.00388504,9878.68,6776,nan,nan,nan,double
spm,ETKF,particle,evtol,cold,1,0.0967763,0.095817,0.0950366,0.111253,0.0732436,-1,0,0.00403467,10405.6,5304,nan,nan,nan,double
spm,GSF,particle,evtol,cold,1,0.0442539,0.0345647,0.0376562,0.101623,-0.0205381,-1,0,0.00453089,1668.51,9192,nan,nan,nan,double
spm,NN-Direct,learning,evtol,cold,1,0.0257255,0.0191081,0.0209116,0.0626098,0.0210034,0,0,nan,490.645,15152,nan,nan,nan,double
spm,NN-EKF,learning,evtol,cold,1,0.0902795,0.092281,0.0862291,0.10167,0.0846909,0,0,0.00525782,1069.41,4376,nan,nan,nan,double
spm,ELM-RLS-EKF,learning,evtol,cold,1,0.0674311,0.0681351,0.0652014,0.078578,-0.0699953,0.1,0,0.0039404,3254.05,11704,nan,nan,nan,double
spm,MHE-RTI,optimization,evtol,cold,1,0.0264912,0.0223424,0.0258599,0.0464776,0.0151276,1802.4,0,0.00418716,16635.8,26928,nan,nan,nan,double
spm,MHE,optimization,evtol,cold,1,0.0564946,0.0553428,0.0553242,0.0692738,0.0448371,-1,0,0.00446192,28478.6,26928,nan,nan,nan,double
spm,ERTS,smoothers,evtol,cold,1,0.0818053,0.0852961,0.0817014,0.0885909,-0.0873081,-1,0,0.00566464,851.074,12547032,nan,nan,nan,double
spm,URTS,smoothers,evtol,cold,1,0.0996962,0.102566,0.0996405,0.10517,-0.102946,-1,0,0.00398732,2318.24,12547056,nan,nan,nan,double
spm,Batch-NLS,smoothers,evtol,cold,1,0.081583,0.0854728,0.0814536,0.0889517,-0.0876083,-1,0,0.00349574,4249.82,17371352,nan,nan,nan,double
spm,FixedLag-EKF,smoothers,evtol,cold,1,0.0612644,0.0646513,0.0586648,0.0901692,-0.0872515,0.1,0,0.00456496,9932.66,19992,nan,nan,nan,double
spm,CoulombCounting,baselines,evtol,cold,2,0.00358497,0.00466531,0.00314699,0.00600104,-0.00600104,0,0,0.0370684,71.6438,4184,nan,nan,nan,double
spm,OCVLookup,baselines,evtol,cold,2,0.0476027,0.0600555,0.0342306,0.150911,0.0551323,306,0,0.0193045,1250.55,4192,nan,nan,nan,double
spm,CoulombOCVHybrid,baselines,evtol,cold,2,0.0337595,0.0348832,0.0332894,0.0366932,0.0328769,-1,0,0.0496952,198.998,4192,nan,nan,nan,double
spm,EKF,kalman,evtol,cold,2,0.0769797,0.0803567,0.0741347,0.107517,-0.10376,0.1,0,0.00434593,444.844,4336,nan,nan,nan,double
spm,UKF,kalman,evtol,cold,2,0.0829112,0.0838644,0.0819697,0.11088,-0.106463,-1,0,0.00449402,1338.55,4776,nan,nan,nan,double
spm,LKF,kalman,evtol,cold,2,0.0167279,0.0148414,0.0150634,0.0395173,-0.0117346,256.2,0,0.00445757,309.759,4680,nan,nan,nan,double
spm,IEKF,kalman,evtol,cold,2,0.0621518,0.0646777,0.0606368,0.0856668,-0.0824528,-1,0,0.00438973,560.157,4336,nan,nan,nan,double
spm,CKF,kalman,evtol,cold,2,0.0835118,0.0844539,0.0823174,0.115032,0.0769969,-1,0,0.00394171,1193.04,4560,nan,nan,nan,double
spm,SCKF,kalman,evtol,cold,2,0.0835118,0.0844539,0.0823174,0.115032,0.0769969,-1,0,0.00394171,1512.8,4696,nan,nan,nan,double
spm,CKF5,kalman,evtol,cold,2,0.092195,0.0929367,0.091123,0.101247,0.0848129,-1,0,0.0039037,3751.38,5624,nan,nan,nan,double
spm,CDKF,kalman,evtol,cold,2,0.092195,0.0929367,0.091123,0.101247,0.0848129,-1,0,0.0039037,1291.01,4312,nan,nan,nan,double
spm,GHKF,kalman,evtol,cold,2,0.092195,0.0929367,0.091123,0.101247,0.0848129,-1,0,0.0039037,11278.5,10784,nan,nan,nan,double
spm,IPLF,kalman,evtol,cold,2,0.0716273,0.0753117,0.069786,0.103786,-0.100511,-1,0,0.00445768,1938.82,4784,nan,nan,nan,double
spm,EIF,kalman,evtol,cold,2,0.0769797,0.0803567,0.0741347,0.107517,-0.10376,0.1,0,0.00434593,1183.6,4472,nan,nan,nan,double
spm,SR-EKF,kalman,evtol,cold,2,0.0769797,0.0803567,0.0741347,0.107517,-0.10376,0.1,0,0.00434593,783.81,4440,nan,nan,nan,double
spm,SR-UKF,kalman,evtol,cold,2,0.0829112,0.0838644,0.0819697,0.11088,-0.106463,-1,0,0.00449402,1466.97,4896,nan,nan,nan,double
spm,UD-EKF,kalman,evtol,cold,2,0.0769797,0.0803567,0.0741347,0.107517,-0.10376,0.1,0,0.00434593,465.832,4480,nan,nan,nan,double
spm,SO-EKF,kalman,evtol,cold,2,0.0828438,0.0838236,0.0819277,0.110272,-0.105877,-1,0,0.00448226,3956.94,4496,nan,nan,nan,double
spm,SageHusa-AKF,adaptive_kalman,evtol,cold,2,0.0262041,0.0238219,0.0247787,0.0357966,-0.00541573,0.1,0,0.0149581,492.643,4808,nan,nan,nan,double
spm,IAE-AKF,adaptive_kalman,evtol,cold,2,0.0293158,0.0273971,0.0280185,0.040184,-0.0123823,0.1,0,0.0173748,465.914,5040,nan,nan,nan,double
spm,VB-AKF,adaptive_kalman,evtol,cold,2,0.0253997,0.0231328,0.0241471,0.0335448,-0.00512429,0.1,0,0.0156479,822.883,4408,nan,nan,nan,double
spm,STF,adaptive_kalman,evtol,cold,2,0.0420908,0.0446706,0.033407,0.162879,0.0486674,1002.1,0,0.00274879,498.441,4680,nan,nan,nan,double
spm,Fading-EKF,adaptive_kalman,evtol,cold,2,0.0382724,0.0382141,0.0356587,0.0743273,0.0466093,-1,0,0.00464493,475.961,4384,nan,nan,nan,double
spm,Fuzzy-AKF,adaptive_kalman,evtol,cold,2,0.0300642,0.0273387,0.0287448,0.0461775,-0.0119823,0.1,0,0.0154811,688.835,4816,nan,nan,nan,double
spm,IMM,adaptive_kalman,evtol,cold,2,0.0250603,0.0238631,0.0246645,0.0319352,-0.0165961,60.2,0,0.00513575,1941.4,4976,nan,nan,nan,double
spm,MMAE,adaptive_kalman,evtol,cold,2,0.0789348,0.0822863,0.0760958,0.109942,-0.104467,0.1,0,0.00435086,1640.85,13200,-0.02603,nan,nan,double
spm,Schmidt-KF,robust_kalman,evtol,cold,2,0.0256238,0.0245124,0.0234911,0.0572037,0.0381322,1436.1,0,0.0340914,1183.71,8856,nan,nan,nan,double
spm,Hinf-EKF,robust_kalman,evtol,cold,2,0.0615917,0.0631388,0.0571309,0.108935,-0.10515,-1,0,0.00436445,728.9,4408,nan,nan,nan,double
spm,Huber-EKF,robust_kalman,evtol,cold,2,0.0532232,0.0526814,0.0517869,0.0660517,-0.0486159,0.1,0,0.00856022,597.248,4368,nan,nan,nan,double
spm,MC-EKF,robust_kalman,evtol,cold,2,0.0432828,0.0422159,0.0419366,0.0550273,-0.0322707,0.1,0,0.0120349,927.492,4384,nan,nan,nan,double
spm,StudentT-KF,robust_kalman,evtol,cold,2,0.0473239,0.0459427,0.0459219,0.0603291,-0.035524,0.2,0,0.00892134,670.011,4568,nan,nan,nan,double
spm,Constrained-EKF,robust_kalman,evtol,cold,2,0.0769797,0.0803567,0.0741347,0.107517,-0.10376,0.1,0,0.00434593,540.654,4416,nan,nan,nan,double
spm,ReducedOrder-EKF,robust_kalman,evtol,cold,2,0.0348187,0.0362308,0.028415,0.0761553,0.0565173,388.1,0,0.00708536,299.031,4272,nan,nan,nan,double
spm,SVSF,robust_kalman,evtol,cold,2,0.0634932,0.0622232,0.063167,0.0899361,0.057164,-1,0,0.0030389,551.511,4376,nan,nan,nan,double
spm,Luenberger,observers,evtol,cold,2,0.0279929,0.0337546,0.0219072,0.0906474,0.0437859,0,0,0.00439203,383.151,4632,nan,nan,nan,double
spm,SSKF,observers,evtol,cold,2,0.0279929,0.0337546,0.0219072,0.0906474,0.0437859,0,0,0.00439203,388.058,4632,nan,nan,nan,double
spm,PI-Observer,observers,evtol,cold,2,0.0435747,0.0515769,0.0340761,0.148461,0.0546238,349.6,0,0.00440151,1576.45,4824,nan,nan,nan,double
spm,SMO,observers,evtol,cold,2,0.0286409,0.0343849,0.0227724,0.0930204,0.0431582,0,0,0.00437054,400.252,4800,nan,nan,nan,double
spm,SMO-Adaptive,observers,evtol,cold,2,0.0282955,0.031653,0.0236609,0.0889902,0.0399746,0,0,0.00433761,445.357,4800,nan,nan,nan,double
spm,SuperTwisting-SMO,observers,evtol,cold,2,0.0422103,0.0507053,0.0343637,0.124881,0.053625,391.7,0,0.0143417,131.729,4280,nan,nan,nan,double
spm,HGO,observers,evtol,cold,2,0.0278929,0.0334173,0.022027,0.0904593,0.0429179,0,0,0.00440533,376.973,4680,nan,nan,nan,double
spm,ESO,observers,evtol,cold,2,0.0416602,0.0517079,0.0330726,0.145719,0.0582881,351.5,0,0.0041908,1597.11,4784,nan,nan,nan,double
spm,UIO,observers,evtol,cold,2,0.0300652,0.0221904,0.0263033,0.0729457,0.0298651,1097.8,0,0.00829072,405.551,5072,nan,nan,nan,double
spm,DOB,observers,evtol,cold,2,0.0274784,0.032468,0.0205453,0.0848813,0.0434234,0,0,0.00437358,520.962,4784,nan,nan,nan,double
spm,AdaptiveObserver,observers,evtol,cold,2,0.0308947,0.0183012,0.0265277,0.0625134,0.0349276,0,0,0.00283034,729.43,4864,0.00110855,nan,nan,double
spm,IntervalObserver,observers,evtol,cold,2,0.0279929,0.0337546,0.0219072,0.0906474,0.0437859,0,0,0.00439203,744.741,9024,nan,0,0.371137,double
spm,JointEKF,soh,evtol,cold,2,0.0510809,0.0454196,0.0486259,0.0906327,-0.0421672,0.1,0,0.00229325,1155.82,8752,-0.0787104,nan,nan,double
spm,JointUKF,soh,evtol,cold,2,0.0409912,0.0232578,0.0362717,0.0845884,-0.00600185,1503.9,0,0.0024091,2972.8,9600,0.162011,nan,nan,double
spm,DualEKF,soh,evtol,cold,2,0.0400304,0.0215029,0.0338088,0.0712944,0.0119128,0.1,0,0.0024363,1155.17,4752,1.06154,nan,nan,double
spm,DualUKF,soh,evtol,cold,2,0.0877121,0.0739397,0.0844296,0.113586,-0.0269394,-1,0,0.00254635,2194.2,5512,1.50457,nan,nan,double
spm,RLS-EKF,soh,evtol,cold,2,0.114387,0.116605,0.110172,0.128373,0.110168,0.1,0,0.0062522,449.115,8904,nan,nan,nan,double
spm,AWTLS,soh,evtol,cold,2,0.0708239,0.0687826,0.0682658,0.0880257,-0.0752762,0.1,0,0.00435845,442.753,8776,0.368718,nan,nan,double
spm,PF-Bootstrap,particle,evtol,cold,2,0.0407889,0.0451662,0.033154,0.140527,0.0561521,960.2,0,0.00707149,75074.7,46472,nan,nan,nan,double
spm,PF-Fast,particle,evtol,cold,2,0.0394202,0.0402077,0.0313438,0.146307,0.0438603,919.8,0,0.00555153,15835.4,9664,nan,nan,nan,double
spm,PF-Regularized,particle,evtol,cold,2,0.0354735,0.0371088,0.0287156,0.124798,0.0458351,396,0,0.00699204,81868.9,46464,nan,nan,nan,double
spm,PF-Auxiliary,particle,evtol,cold,2,0.0356824,0.0399501,0.0315586,0.102019,0.0480526,1015.1,0,0.00876782,100473,54584,nan,nan,nan,double
spm,RBPF,particle,evtol,cold,2,0.0417435,0.0360003,0.0403706,0.0646152,-0.0177124,1857.1,0,0.00385379,40276,34016,nan,nan,nan,double
spm,UPF,particle,evtol,cold,2,0.0465015,0.0540282,0.0367773,0.164807,0.0444568,368.7,0,0.00362778,18563.2,25360,nan,nan,nan,double
spm,EnKF,particle,evtol,cold,2,0.146288,0.172982,0.113762,0.365453,0.304689,1391.2,1,0.00439495,10025.8,6776,nan,nan,nan,double
spm,ETKF,particle,evtol,cold,2,0.0971231,0.103097,0.0957466,0.115404,-0.104702,-1,0,0.00446001,10393.5,5304,nan,nan,nan,double
spm,GSF,particle,evtol,cold,2,0.0791351,0.0800822,0.0771539,0.11381,0.0716376,-1,0,0.0042531,1671.69,9192,nan,nan,nan,double
spm,NN-Direct,learning,evtol,cold,2,0.0252041,0.0180875,0.0203773,0.0631474,0.0205453,0,0,nan,502.438,15152,nan,nan,nan,double
spm,NN-EKF,learning,evtol,cold,2,0.0680449,0.069416,0.0648483,0.0934031,-0.0893072,0,0,0.00525697,1068.89,4376,nan,nan,nan,double
spm,ELM-RLS-EKF,learning,evtol,cold,2,0.061058,0.0617914,0.0594201,0.0715442,-0.0592979,0.1,0,0.00386112,3214.64,11704,nan,nan,nan,double
spm,MHE-RTI,optimization,evtol,cold,2,0.0324897,0.0306528,0.0321579,0.0543862,0.0278351,-1,0,0.00404591,16677.4,26928,nan,nan,nan,double
spm,MHE,optimization,evtol,cold,2,0.0536592,0.0525515,0.0522176,0.0735527,0.0412258,76.2,0,0.00435416,28605,26928,nan,nan,nan,double
spm,ERTS,smoothers,evtol,cold,2,0.0992045,0.102524,0.0991285,0.105638,-0.10376,-1,0,0.00495196,869.547,12547032,nan,nan,nan,double
spm,URTS,smoothers,evtol,cold,2,0.102198,0.105459,0.102128,0.108521,-0.106463,-1,0,0.00411876,2344.37,12547056,nan,nan,nan,double
spm,Batch-NLS,smoothers,evtol,cold,2,0.0680704,0.0727155,0.0678426,0.076786,-0.076202,-1,0,0.00341133,4271.02,17371352,nan,nan,nan,double
spm,FixedLag-EKF,smoothers,evtol,cold,2,0.0766085,0.0800546,0.0737618,0.107363,-0.103702,0.1,0,0.00434593,9995.88,19992,nan,nan,nan,double
spm,CoulombCounting,baselines,evtol,cold,3,0.00360539,0.00468848,0.00316521,0.00605556,-0.00605556,0,0,0.0382852,75.244,4184,nan,nan,nan,double
spm,OCVLookup,baselines,evtol,cold,3,0.0491429,0.0618507,0.0357358,0.152486,0.0587117,307.5,0,0.0200968,1303.77,4192,nan,nan,nan,double
spm,CoulombOCVHybrid,baselines,evtol,cold,3,0.0334889,0.0346314,0.0330479,0.0365031,0.0357535,-1,0,0.0509212,207.602,4192,nan,nan,nan,double
spm,EKF,kalman,evtol,cold,3,0.0733484,0.0753326,0.0705142,0.0915773,-0.0864262,0.1,0,0.00454987,448.966,4336,nan,nan,nan,double
spm,UKF,kalman,evtol,cold,3,0.0808764,0.0814746,0.0799739,0.104008,-0.0987731,-1,0,0.00468393,1364.69,4776,nan,nan,nan,double
spm,LKF,kalman,evtol,cold,3,0.0171025,0.0145102,0.0153139,0.0451672,-0.0117648,255.9,0,0.00468726,325.233,4680,nan,nan,nan,double
spm,IEKF,kalman,evtol,cold,3,0.0702985,0.073537,0.0684941,0.0949018,-0.0904846,-1,0,0.00459293,563.604,4336,nan,nan,nan,double
spm,CKF,kalman,evtol,cold,3,0.0850693,0.0862752,0.0836529,0.115542,0.0789702,-1,0,0.00418264,1192.12,4560,nan,nan,nan,double
spm,SCKF,kalman,evtol,cold,3,0.0850693,0.0862752,0.0836529,0.115542,0.0789702,-1,0,0.00418264,1499.99,4696,nan,nan,nan,double
spm,CKF5,kalman,evtol,cold,3,0.0859146,0.0870232,0.0846536,0.115542,0.0796936,-1,0,0.00418583,3699.98,5624,nan,nan,nan,double
spm,CDKF,kalman,evtol,cold,3,0.0859146,0.0870232,0.0846536,0.115542,0.0796936,-1,0,0.00418583,1279.16,4312,nan,nan,nan,double
spm,GHKF,kalman,evtol,cold,3,0.0859146,0.0870232,0.0846536,0.115542,0.0796936,-1,0,0.00418583,11265.1,10784,nan,nan,nan,double
spm,IPLF,kalman,evtol,cold,3,0.0703378,0.0734591,0.0685997,0.0952352,-0.0914829,-1,0,0.0046737,1951.08,4784,nan,nan,nan,double
spm,EIF,kalman,evtol,cold,3,0.0733484,0.0753326,0.0705142,0.0915773,-0.0864262,0.1,0,0.00454987,1171.68,4472,nan,nan,nan,double
spm,SR-EKF,kalman,evtol,cold,3,0.0733484,0.0753326,0.0705142,0.0915773,-0.0864262,0.1,0,0.00454987,799.168,4440,nan,nan,nan,double
spm,SR-UKF,kalman,evtol,cold,3,0.0808764,0.0814746,0.0799739,0.104008,-0.0987731,-1,0,0.00468393,1496.62,4896,nan,nan,nan,double
spm,UD-EKF,kalman,evtol,cold,3,0.0733484,0.0753326,0.0705142,0.0915773,-0.0864262,0.1,0,0.00454987,457.448,4480,nan,nan,nan,double
spm,SO-EKF,kalman,evtol,cold,3,0.0807452,0.0799972,0.0800932,0.0980949,-0.0879784,-1,0,0.00469756,4040.17,4496,nan,nan,nan,double
spm,SageHusa-AKF,adaptive_kalman,evtol,cold,3,0.030237,0.0277414,0.0291649,0.0482101,-0.0155611,0.1,0,0.016586,516.077,4808,nan,nan,nan,double
spm,IAE-AKF,adaptive_kalman,evtol,cold,3,0.0253437,0.0238938,0.0243748,0.032179,-0.0141164,0.1,0,0.0191034,496.06,5040,nan,nan,nan,double
spm,VB-AKF,adaptive_kalman,evtol,cold,3,0.0252228,0.022853,0.023857,0.0356816,-0.00810508,0.1,0,0.0174581,856.389,4408,nan,nan,nan,double
spm,STF,adaptive_kalman,evtol,cold,3,0.0476279,0.0544386,0.0375815,0.176185,0.0576734,890.9,0,0.00280531,513.688,4680,nan,nan,nan,double
spm,Fading-EKF,adaptive_kalman,evtol,cold,3,0.0303,0.0317787,0.0261121,0.0661958,0.0431216,483.3,0,0.00513076,495.083,4384,nan,nan,nan,double
spm,Fuzzy-AKF,adaptive_kalman,evtol,cold,3,0.0340854,0.0335718,0.0324885,0.0448486,-0.0281632,0.1,0,0.0165402,694.166,4816,nan,nan,nan,double
spm,IMM,adaptive_kalman,evtol,cold,3,0.0180787,0.0152174,0.0176853,0.0256038,-0.00940675,0,0,0.00544353,1988.07,4976,nan,nan,nan,double
spm,MMAE,adaptive_kalman,evtol,cold,3,0.0755825,0.0786122,0.0727182,0.149604,-0.0883403,0.1,0,0.00455441,1712.48,13200,-0.129896,nan,nan,double
spm,Schmidt-KF,robust_kalman,evtol,cold,3,0.0235269,0.0243283,0.0212538,0.0568047,0.0442917,0.1,0,0.0349591,1244.07,8856,nan,nan,nan,double
spm,Hinf-EKF,robust_kalman,evtol,cold,3,0.0784001,0.0909924,0.0641427,0.278581,-0.00697832,0.1,0,0.00450899,758.397,4408,nan,nan,nan,double
spm,Huber-EKF,robust_kalman,evtol,cold,3,0.0558905,0.0575928,0.0542067,0.0766862,-0.0727607,0.1,0,0.00901178,634.529,4368,nan,nan,nan,double
spm,MC-EKF,robust_kalman,evtol,cold,3,0.0596766,0.0623797,0.0573605,0.0815307,-0.0781631,0.1,0,0.0129119,951.371,4384,nan,nan,nan,double
spm,StudentT-KF,robust_kalman,evtol,cold,3,0.0464215,0.0456212,0.0452382,0.0589572,-0.0469097,0.1,0,0.00944003,683.24,4568,nan,nan,nan,double
spm,Constrained-EKF,robust_kalman,evtol,cold,3,0.0733484,0.0753326,0.0705142,0.0915773,-0.0864262,0.1,0,0.00454987,562.622,4416,nan,nan,nan,double
spm,ReducedOrder-EKF,robust_kalman,evtol,cold,3,0.0361692,0.0378223,0.0295033,0.0805512,0.0598852,397.9,0,0.0074273,312.488,4272,nan,nan,nan,double
spm,SVSF,robust_kalman,evtol,cold,3,0.07208,0.074327,0.0706369,0.0964285,-0.0919658,-1,0,0.00314268,554.333,4376,nan,nan,nan,double
spm,Luenberger,observers,evtol,cold,3,0.0288923,0.0349235,0.0223612,0.0922063,0.0455333,0,0,0.00456502,325.077,4632,nan,nan,nan,double
spm,SSKF,observers,evtol,cold,3,0.0288923,0.0349235,0.0223612,0.0922063,0.0455333,0,0,0.00456502,319.371,4632,nan,nan,nan,double
spm,PI-Observer,observers,evtol,cold,3,0.0450649,0.0532382,0.0355947,0.151247,0.0592939,348.8,0,0.00461297,1429.78,4824,nan,nan,nan,double
spm,SMO,observers,evtol,cold,3,0.0299929,0.0363224,0.0235348,0.0956544,0.0466754,0,0,0.00454398,394.538,4800,nan,nan,nan,double
spm,SMO-Adaptive,observers,evtol,cold,3,0.0293838,0.0339702,0.0239316,0.0927263,0.0435253,0,0,0.00451026,466.867,4800,nan,nan,nan,double
spm,SuperTwisting-SMO,observers,evtol,cold,3,0.042857,0.0511788,0.0352133,0.125776,0.0569332,385.7,0,0.0151545,128.821,4280,nan,nan,nan,double
spm,HGO,observers,evtol,cold,3,0.0291431,0.0357717,0.0217639,0.0929145,0.0461815,0,0,0.0046051,344.953,4680,nan,nan,nan,double
spm,ESO,observers,evtol,cold,3,0.0430457,0.0534377,0.03448,0.151459,0.0615719,357.4,0,0.00442532,1735.68,4784,nan,nan,nan,double
spm,UIO,observers,evtol,cold,3,0.0289104,0.0226304,0.0250711,0.089238,0.0319697,180.6,0,0.00850249,442.407,5072,nan,nan,nan,double
spm,DOB,observers,evtol,cold,3,0.0285881,0.0337574,0.0211648,0.08957,0.0461516,0,0,0.00454366,513.982,4784,nan,nan,nan,double
spm,AdaptiveObserver,observers,evtol,cold,3,0.0307537,0.0172853,0.0261994,0.0616862,0.0346665,0,0,0.00289227,694.692,4864,0.00103436,nan,nan,double
spm,IntervalObserver,observers,evtol,cold,3,0.0288923,0.0349235,0.0223612,0.0922063,0.0455333,0,0,0.00456502,640.566,9024,nan,0,0.370247,double
spm,JointEKF,soh,evtol,cold,3,0.0326135,0.0157319,0.0273761,0.0791278,-0.00418754,1265.3,0,0.00237091,1154.04,8752,0.296663,nan,nan,double
spm,JointUKF,soh,evtol,cold,3,0.0386584,0.0261822,0.0353422,0.0769044,-0.0245595,1488.7,0,0.00241576,3038.81,9600,0.00275144,nan,nan,double
spm,DualEKF,soh,evtol,cold,3,0.029899,0.0172916,0.0252934,0.0518705,0.0256249,0.1,0,0.00258674,1181.75,4752,0.995609,nan,nan,double
spm,DualUKF,soh,evtol,cold,3,0.0687816,0.0499791,0.0639721,0.104151,-0.00239971,1822,0,0.0026676,2253.03,5512,1.43274,nan,nan,double
spm,RLS-EKF,soh,evtol,cold,3,0.101206,0.103526,0.0973492,0.11496,-0.0907142,0.1,0,0.00585995,473.535,8904,nan,nan,nan,double
spm,AWTLS,soh,evtol,cold,3,0.0698619,0.0689455,0.0670004,0.0855774,-0.0802147,0.1,0,0.00455149,465.031,8776,0.311857,nan,nan,double
spm,PF-Bootstrap,particle,evtol,cold,3,0.0409023,0.0387107,0.0333763,0.13102,0.0499675,1043.8,0,0.00739704,76697.7,46472,nan,nan,nan,double
spm,PF-Fast,particle,evtol,cold,3,0.042238,0.0479887,0.03298,0.154819,0.0588907,383.4,0,0.0053083,15805.4,9664,nan,nan,nan,double
spm,PF-Regularized,particle,evtol,cold,3,0.0356525,0.0377292,0.0264429,0.127808,0.0479248,321.3,0,0.00686588,80993.3,46464,nan,nan,nan,double
spm,PF-Auxiliary,particle,evtol,cold,3,0.0387413,0.0330824,0.0345232,0.0910657,0.0446495,1064.5,0,0.00920236,99807.7,54584,nan,nan,nan,double
spm,RBPF,particle,evtol,cold,3,0.0338487,0.0296244,0.0321172,0.0801133,-0.00264764,1860.4,0,0.00401827,39882,34016,nan,nan,nan,double
spm,UPF,particle,evtol,cold,3,0.0391771,0.0435845,0.0294902,0.143006,0.0473203,367.1,0,0.00399864,18592.4,25360,nan,nan,nan,double
spm,EnKF,particle,evtol,cold,3,0.155706,0.194782,0.127296,0.38252,0.321828,-1,1,0.00402383,10047.7,6776,nan,nan,nan,double
spm,ETKF,particle,evtol,cold,3,0.0798224,0.0837973,0.0778907,0.0960025,0.0914575,-1,0,0.00422561,10415.7,5304,nan,nan,nan,double
spm,GSF,particle,evtol,cold,3,0.0463017,0.0396315,0.0423282,0.108024,-0.0282562,-1,0,0.00455663,1671.76,9192,nan,nan,nan,double
spm,NN-Direct,learning,evtol,cold,3,0.0259599,0.0195706,0.0211234,0.0617166,0.0211818,0,0,nan,495.387,15152,nan,nan,nan,double
spm,NN-EKF,learning,evtol,cold,3,0.0650667,0.0666714,0.0618289,0.0901086,-0.0859087,0,0,0.00549385,1062.07,4376,nan,nan,nan,double
spm,ELM-RLS-EKF,learning,evtol,cold,3,0.0683265,0.0694962,0.0658697,0.0819967,-0.0750599,0.1,0,0.00397048,3210.17,11704,nan,nan,nan,double
spm,MHE-RTI,optimization,evtol,cold,3,0.117871,0.119607,0.11407,0.137528,-0.121278,-1,0,0.00428249,16924,26928,nan,nan,nan,double
spm,MHE,optimization,evtol,cold,3,0.062889,0.0610587,0.061307,0.0768745,0.0465989,-1,0,0.00441686,28053.2,26928,nan,nan,nan,double
spm,ERTS,smoothers,evtol,cold,3,0.0845416,0.0862574,0.0845168,0.0881209,-0.0864262,-1,0,0.00616304,844.873,12547032,nan,nan,nan,double
spm,URTS,smoothers,evtol,cold,3,0.096871,0.0990919,0.0968362,0.101147,-0.0987731,-1,0,0.00406432,2339.6,12547056,nan,nan,nan,double
spm,Batch-NLS,smoothers,evtol,cold,3,0.0644668,0.0683457,0.0642998,0.0718825,-0.07103,-1,0,0.00355409,4184.65,17371352,nan,nan,nan,double
spm,FixedLag-EKF,smoothers,evtol,cold,3,0.0729655,0.0750181,0.0701337,0.0905319,-0.0863751,0.1,0,0.00454987,9874.13,19992,nan,nan,nan,double
spm,CoulombCounting,baselines,evtol,hot,1,0.00357694,0.00465034,0.00314312,0.00600629,-0.00600629,0,0,0.00884065,73.2399,4184,nan,nan,nan,double
spm,OCVLookup,baselines,evtol,hot,1,0.0206376,0.0198734,0.0168574,0.0698854,0.00829656,0,0,0.0121808,1300.4,4192,nan,nan,nan,double
spm,CoulombOCVHybrid,baselines,evtol,hot,1,0.0037099,0.00471108,0.00332079,0.00625512,0.00331105,0,0,0.00891585,205.57,4192,nan,nan,nan,double
spm,EKF,kalman,evtol,hot,1,0.0188088,0.0198768,0.018073,0.0209027,-0.018879,0,0,0.00068474,452.276,4336,nan,nan,nan,double
spm,UKF,kalman,evtol,hot,1,0.0195612,0.020079,0.0188613,0.0436326,-0.0188056,0.4,0,0.001033,1367.23,4776,nan,nan,nan,double
spm,LKF,kalman,evtol,hot,1,0.0126901,0.0144647,0.0105221,0.0262339,-0.0261585,0,0,0.000736962,325.599,4680,nan,nan,nan,double
spm,IEKF,kalman,evtol,hot,1,0.0222137,0.0229599,0.0214035,0.0259581,-0.0213135,0,0,0.000679297,565.417,4336,nan,nan,nan,double
spm,CKF,kalman,evtol,hot,1,0.027758,0.0275347,0.0267817,0.0349116,-0.0246646,0,0,0.000696046,1158.06,4560,nan,nan,nan,double
spm,SCKF,kalman,evtol,hot,1,0.027758,0.0275347,0.0267817,0.0349116,-0.0246646,0,0,0.000696046,1490.87,4696,nan,nan,nan,double
spm,CKF5,kalman,evtol,hot,1,0.0273262,0.0271533,0.026342,0.0342465,-0.0242953,0,0,0.000707016,3742.94,5624,nan,nan,nan,double
spm,CDKF,kalman,evtol,hot,1,0.0273262,0.0271533,0.026342,0.0342465,-0.0242953,0,0,0.000707016,1295.4,4312,nan,nan,nan,double
spm,GHKF,kalman,evtol,hot,1,0.0273262,0.0271533,0.026342,0.0342465,-0.0242953,0,0,0.000707016,11309.1,10784,nan,nan,nan,double
spm,IPLF,kalman,evtol,hot,1,0.0234827,0.0243936,0.022648,0.0377101,-0.023605,0.2,0,0.00104499,1883.68,4784,nan,nan,nan,double
spm,EIF,kalman,evtol,hot,1,0.0188088,0.0198768,0.018073,0.0209027,-0.018879,0,0,0.00068474,1188.97,4472,nan,nan,nan,double
spm,SR-EKF,kalman,evtol,hot,1,0.0188088,0.0198768,0.018073,0.0209027,-0.018879,0,0,0.00068474,791.702,4440,nan,nan,nan,double
spm,SR-UKF,kalman,evtol,hot,1,0.0195612,0.020079,0.0188613,0.0436326,-0.0188056,0.4,0,0.001033,1451.11,4896,nan,nan,nan,double
spm,UD-EKF,kalman,evtol,hot,1,0.0188088,0.0198768,0.018073,0.0209027,-0.018879,0,0,0.00068474,456.413,4480,nan,nan,nan,double
spm,SO-EKF,kalman,evtol,hot,1,0.018976,0.0199164,0.0183253,0.0433569,-0.0188798,0.4,0,0.000993784,3921.11,4496,nan,nan,nan,double
spm,SageHusa-AKF,adaptive_kalman,evtol,hot,1,0.0189533,0.0198865,0.0181851,0.0214715,-0.018892,0,0,0.0006941,520.941,4808,nan,nan,nan,double
spm,IAE-AKF,adaptive_kalman,evtol,hot,1,0.0221857,0.0228743,0.0211979,0.0257963,-0.0210471,0,0,0.000715717,469.35,5040,nan,nan,nan,double
spm,VB-AKF,adaptive_kalman,evtol,hot,1,0.0225594,0.0230769,0.021737,0.0262998,-0.020893,0,0,0.000698238,838.149,4408,nan,nan,nan,double
spm,STF,adaptive_kalman,evtol,hot,1,0.00920457,0.00761584,0.00508046,0.0630508,0.00581741,0,0,0.000737115,485.755,4680,nan,nan,nan,double
spm,Fading-EKF,adaptive_kalman,evtol,hot,1,0.00538442,0.00338591,0.00454598,0.0124651,2.49214e-05,0,0,0.000717353,461.559,4384,nan,nan,nan,double
spm,Fuzzy-AKF,adaptive_kalman,evtol,hot,1,0.0188972,0.0198777,0.018098,0.0215481,-0.0189093,0,0,0.000758457,700.441,4816,nan,nan,nan,double
spm,IMM,adaptive_kalman,evtol,hot,1,0.0220391,0.0228624,0.0212402,0.0255901,-0.0209687,0,0,0.000688893,1921.3,4976,nan,nan,nan,double
spm,MMAE,adaptive_kalman,evtol,hot,1,0.033304,0.0340025,0.0315016,0.0391709,-0.0231615,0,0,0.000694691,1671.28,13200,-0.0524693,nan,nan,double
spm,Schmidt-KF,robust_kalman,evtol,hot,1,0.00319624,0.00396971,0.0022139,0.0145429,0.00569106,0,0,0.00558278,1232.87,8856,nan,nan,nan,double
spm,Hinf-EKF,robust_kalman,evtol,hot,1,0.0103492,0.0107807,0.00968046,0.0451599,-0.0205812,0,0,0.000694281,743.601,4408,nan,nan,nan,double
spm,Huber-EKF,robust_kalman,evtol,hot,1,0.0188461,0.0198235,0.0180519,0.0214503,-0.0187566,0,0,0.000718766,619.932,4368,nan,nan,nan,double
spm,MC-EKF,robust_kalman,evtol,hot,1,0.017885,0.0181854,0.0171684,0.0220328,-0.0162569,0,0,0.000689611,943.816,4384,nan,nan,nan,double
spm,StudentT-KF,robust_kalman,evtol,hot,1,0.0234654,0.0240815,0.0223937,0.0278368,-0.0227398,0,0,0.000743024,682.486,4568,nan,nan,nan,double
spm,Constrained-EKF,robust_kalman,evtol,hot,1,0.0188088,0.0198768,0.018073,0.0209027,-0.018879,0,0,0.00068474,555.037,4416,nan,nan,nan,double
spm,ReducedOrder-EKF,robust_kalman,evtol,hot,1,0.00494308,0.00649754,0.00403283,0.0121759,0.00863201,0,0,0.0010318,311.06,4272,nan,nan,nan,double
spm,SVSF,robust_kalman,evtol,hot,1,0.0242997,0.0243145,0.0232092,0.0304572,-0.0214127,0,0,0.000717202,551.998,4376,nan,nan,nan,double
spm,Luenberger,observers,evtol,hot,1,0.00760336,0.00611631,0.00513003,0.0440687,0.00576499,0,0,0.000746542,306.374,4632,nan,nan,nan,double
spm,SSKF,observers,evtol,hot,1,0.00760336,0.00611631,0.00513003,0.0440687,0.00576499,0,0,0.000746542,304.692,4632,nan,nan,nan,double
spm,PI-Observer,observers,evtol,hot,1,0.00978407,0.00823496,0.00642522,0.0558437,0.00599547,0,0,0.000725778,1304.6,4824,nan,nan,nan,double
spm,SMO,observers,evtol,hot,1,0.00779526,0.0063555,0.00526616,0.0450235,0.006009,0,0,0.00074112,355.777,4800,nan,nan,nan,double
spm,SMO-Adaptive,observers,evtol,hot,1,0.00771628,0.00625383,0.00521128,0.0446287,0.00592188,0,0,0.000743222,357.947,4800,nan,nan,nan,double
spm,SuperTwisting-SMO,observers,evtol,hot,1,0.00923135,0.00825504,0.00636881,0.050635,0.0063057,0,0,0.00217931,134.201,4280,nan,nan,nan,double
spm,HGO,observers,evtol,hot,1,0.00760336,0.00611631,0.00513003,0.0440687,0.00576499,0,0,0.000746542,332.009,4680,nan,nan,nan,double
spm,ESO,observers,evtol,hot,1,0.00996131,0.00874627,0.00725495,0.0490405,0.00628712,0,0,0.000701267,1202.89,4784,nan,nan,nan,double
spm,UIO,observers,evtol,hot,1,0.0103257,0.00834727,0.00968209,0.100101,0.00822191,6.2,0,0.00594254,483.997,5072,nan,nan,nan,double
spm,DOB,observers,evtol,hot,1,0.00819322,0.0070741,0.00551198,0.0460057,0.00705066,0,0,0.000759948,982.305,4784,nan,nan,nan,double
spm,AdaptiveObserver,observers,evtol,hot,1,0.00718455,0.00547479,0.00472735,0.0430607,0.00531461,0,0,0.00071829,687.098,4864,-0.000102232,nan,nan,double
spm,IntervalObserver,observers,evtol,hot,1,0.00760336,0.00611631,0.00513003,0.0440687,0.00576499,0,0,0.000746542,655.104,9024,nan,0,0.333362,double
spm,JointEKF,soh,evtol,hot,1,0.0111859,0.00473442,0.00858144,0.031415,0.00319482,0,0,0.000530398,1159.82,8752,0.194395,nan,nan,double
spm,JointUKF,soh,evtol,hot,1,0.0120196,0.00419348,0.00858191,0.0437997,0.00320996,0.4,0,0.00093274,3011.73,9600,0.194861,nan,nan,double
spm,DualEKF,soh,evtol,hot,1,0.0121244,0.00602783,0.0100739,0.022789,0.00374483,0,0,0.000536876,1142.29,4752,0.278032,nan,nan,double
spm,DualUKF,soh,evtol,hot,1,0.0161676,0.00946272,0.0138651,0.0436339,0.00924353,0.4,0,0.000942122,2208.91,5512,0.598546,nan,nan,double
spm,RLS-EKF,soh,evtol,hot,1,0.017787,0.0185781,0.0170414,0.0209555,-0.0187474,0,0,0.000569542,464.572,8904,nan,nan,nan,double
spm,AWTLS,soh,evtol,hot,1,0.0160759,0.014794,0.0152219,0.0209027,-0.00922868,0,0,0.000682041,460.161,8776,0.133699,nan,nan,double
spm,PF-Bootstrap,particle,evtol,hot,1,0.012396,0.0132097,0.0109693,0.0293718,0.00678145,0,0,0.000769451,74587.6,46472,nan,nan,nan,double
spm,PF-Fast,particle,evtol,hot,1,0.00999117,0.0126404,0.00719272,0.0325661,0.0189028,0,0,0.000788206,16085.1,9664,nan,nan,nan,double
spm,PF-Regularized,particle,evtol,hot,1,0.00513439,0.00267383,0.00267868,0.0306496,-0.00132244,0,0,0.00074422,79680.3,46464,nan,nan,nan,double
spm,PF-Auxiliary,particle,evtol,hot,1,0.00567771,0.00418395,0.00414953,0.0271077,-0.000982096,0,0,0.000768877,99478.9,54584,nan,nan,nan,double
spm,RBPF,particle,evtol,hot,1,0.0196482,0.0202583,0.0186484,0.0246422,-0.0149571,0,0,0.000693703,39813.2,34016,nan,nan,nan,double
spm,UPF,particle,evtol,hot,1,0.0177405,0.0183504,0.0147006,0.0686963,0.0161915,0,0,0.00114495,18428.3,25360,nan,nan,nan,double
spm,EnKF,particle,evtol,hot,1,0.014646,0.00978513,0.0108821,0.0414513,-0.000784044,0.1,0,0.000698293,9917.14,6776,nan,nan,nan,double
spm,ETKF,particle,evtol,hot,1,0.027785,0.0296401,0.0274604,0.0340445,-0.0314787,63.3,0,0.000731756,10235.9,5304,nan,nan,nan,double
spm,GSF,particle,evtol,hot,1,0.0186608,0.0140939,0.0158739,0.0536967,-0.00517535,0,0,0.000742699,1654.19,9192,nan,nan,nan,double
spm,NN-Direct,learning,evtol,hot,1,0.0120578,0.0147926,0.00743347,0.0635446,0.00327259,0,0,nan,479.381,15152,nan,nan,nan,double
spm,NN-EKF,learning,evtol,hot,1,0.0151139,0.0154472,0.0150418,0.0289049,-0.0141035,0.1,0,0.000819115,1028.6,4376,nan,nan,nan,double
spm,ELM-RLS-EKF,learning,evtol,hot,1,0.0142264,0.0150263,0.0137031,0.0159968,-0.0142427,0,0,0.00057548,3234.9,11704,nan,nan,nan,double
spm,MHE-RTI,optimization,evtol,hot,1,0.0294381,0.0312666,0.0284837,0.0326344,-0.029722,0,0,0.000704182,16587.5,26928,nan,nan,nan,double
spm,MHE,optimization,evtol,hot,1,0.030008,0.0324519,0.0287279,0.0342345,-0.029764,0,0,0.000700815,28714.7,26928,nan,nan,nan,double
spm,ERTS,smoothers,evtol,hot,1,0.0170267,0.017851,0.0169949,0.018879,-0.018879,0,0,0.00104118,859.792,12547032,nan,nan,nan,double
spm,URTS,smoothers,evtol,hot,1,0.0169791,0.0177628,0.0169502,0.0188056,-0.0188056,0,0,0.00105528,2329.27,12547056,nan,nan,nan,double
spm,Batch-NLS,smoothers,evtol,hot,1,0.0171722,0.0177573,0.0171559,0.0186594,-0.0186594,0,0,0.000530253,4302.85,17371352,nan,nan,nan,double
spm,FixedLag-EKF,smoothers,evtol,hot,1,0.0184378,0.019559,0.0177102,0.0204771,-0.0188213,0,0,0.00068474,9968.7,19992,nan,nan,nan,double
spm,CoulombCounting,baselines,evtol,hot,2,0.00358497,0.00466531,0.00314699,0.00600104,-0.00600104,0,0,0.00875177,72.226,4184,nan,nan,nan,double
spm,OCVLookup,baselines,evtol,hot,2,0.0203178,0.0193777,0.0166053,0.0691424,0.00802122,0,0,0.0119651,1300.35,4192,nan,nan,nan,double
spm,CoulombOCVHybrid,baselines,evtol,hot,2,0.00364819,0.00464099,0.00325777,0.00605914,0.00316392,0,0,0.00876372,205.355,4192,nan,nan,nan,double
spm,EKF,kalman,evtol,hot,2,0.021641,0.0222841,0.0207229,0.0250346,-0.0205243,0,0,0.000681766,449.921,4336,nan,nan,nan,double
spm,UKF,kalman,evtol,hot,2,0.0246289,0.0249952,0.0235112,0.043719,-0.0231457,0.5,0,0.0010287,1356.47,4776,nan,nan,nan,double
spm,LKF,kalman,evtol,hot,2,0.0125372,0.0140539,0.0103848,0.0257345,-0.0256096,0,0,0.00073531,325.733,4680,nan,nan,nan,double
spm,IEKF,kalman,evtol,hot,2,0.0217536,0.02231,0.0210362,0.0254404,-0.0205482,0,0,0.000684913,568.039,4336,nan,nan,nan,double
spm,CKF,kalman,evtol,hot,2,0.0270022,0.0269701,0.0259552,0.0331996,-0.023944,0,0,0.000701822,1194.4,4560,nan,nan,nan,double
spm,SCKF,kalman,evtol,hot,2,0.0270022,0.0269701,0.0259552,0.0331996,-0.023944,0,0,0.000701822,1514.4,4696,nan,nan,nan,double
spm,CKF5,kalman,evtol,hot,2,0.0265397,0.0265092,0.0254918,0.032641,-0.0234382,0.1,0,0.000712437,3748.84,5624,nan,nan,nan,double
spm,CDKF,kalman,evtol,hot,2,0.0265397,0.0265092,0.0254918,0.032641,-0.0234382,0.1,0,0.000712437,1278.28,4312,nan,nan,nan,double
spm,GHKF,kalman,evtol,hot,2,0.0265397,0.0265092,0.0254918,0.032641,-0.0234382,0.1,0,0.000712437,11310.2,10784,nan,nan,nan,double
spm,IPLF,kalman,evtol,hot,2,0.0225074,0.0231246,0.0215999,0.0332391,-0.0204955,0.2,0,0.00103232,1940.05,4784,nan,nan,nan,double
spm,EIF,kalman,evtol,hot,2,0.021641,0.0222841,0.0207229,0.0250346,-0.0205243,0,0,0.000681766,1192.66,4472,nan,nan,nan,double
spm,SR-EKF,kalman,evtol,hot,2,0.021641,0.0222841,0.0207229,0.0250346,-0.0205243,0,0,0.000681766,775.16,4440,nan,nan,nan,double
spm,SR-UKF,kalman,evtol,hot,2,0.0246289,0.0249952,0.0235112,0.043719,-0.0231457,0.5,0,0.0010287,1462.13,4896,nan,nan,nan,double
spm,UD-EKF,kalman,evtol,hot,2,0.021641,0.0222841,0.0207229,0.0250346,-0.0205243,0,0,0.000681766,454.618,4480,nan,nan,nan,double
spm,SO-EKF,kalman,evtol,hot,2,0.0213452,0.0217885,0.0204624,0.0437835,-0.0190812,0.5,0,0.000990415,3932.34,4496,nan,nan,nan,double
spm,SageHusa-AKF,adaptive_kalman,evtol,hot,2,0.0213325,0.0218147,0.0204705,0.0254138,-0.0191204,0,0,0.000706838,506.416,4808,nan,nan,nan,double
spm,IAE-AKF,adaptive_kalman,evtol,hot,2,0.0213634,0.0218662,0.0204228,0.0256173,-0.0194079,0,0,0.000746485,473.955,5040,nan,nan,nan,double
spm,VB-AKF,adaptive_kalman,evtol,hot,2,0.0237858,0.0245812,0.0227411,0.0274242,-0.0231169,0,0,0.000699302,842.268,4408,nan,nan,nan,double
spm,STF,adaptive_kalman,evtol,hot,2,0.00753951,0.00467044,0.00358125,0.0523247,0.00468177,0,0,0.000742954,501.076,4680,nan,nan,nan,double
spm,Fading-EKF,adaptive_kalman,evtol,hot,2,0.00526049,0.00336905,0.00436334,0.0122507,0.000251552,0,0,0.000720761,479.692,4384,nan,nan,nan,double
spm,Fuzzy-AKF,adaptive_kalman,evtol,hot,2,0.0224371,0.0228308,0.0215236,0.0274467,-0.0202795,0,0,0.000756376,692.458,4816,nan,nan,nan,double
spm,IMM,adaptive_kalman,evtol,hot,2,0.0216587,0.0223237,0.0207408,0.0250362,-0.0206694,0,0,0.000687858,1890.18,4976,nan,nan,nan,double
spm,MMAE,adaptive_kalman,evtol,hot,2,0.0324955,0.0331285,0.0309575,0.0373368,-0.025672,0,0,0.000702091,1674.86,13200,-0.0536018,nan,nan,double
spm,Schmidt-KF,robust_kalman,evtol,hot,2,0.00430378,0.00505434,0.00349193,0.013101,0.00970658,0,0,0.0055326,1230.05,8856,nan,nan,nan,double
spm,Hinf-EKF,robust_kalman,evtol,hot,2,0.0258922,0.0310376,0.0209415,0.106116,-0.0451191,0,0,0.000693706,743.626,4408,nan,nan,nan,double
spm,Huber-EKF,robust_kalman,evtol,hot,2,0.0214585,0.0218973,0.02049,0.0253675,-0.0195304,0,0,0.000710379,615.019,4368,nan,nan,nan,double
spm,MC-EKF,robust_kalman,evtol,hot,2,0.0226311,0.0229778,0.0216995,0.0273875,-0.0204001,0,0,0.000692565,925.433,4384,nan,nan,nan,double
spm,StudentT-KF,robust_kalman,evtol,hot,2,0.0213262,0.0219178,0.0203604,0.0248885,-0.0197463,0,0,0.000747014,653.116,4568,nan,nan,nan,double
spm,Constrained-EKF,robust_kalman,evtol,hot,2,0.021641,0.0222841,0.0207229,0.0250346,-0.0205243,0,0,0.000681766,552.994,4416,nan,nan,nan,double
spm,ReducedOrder-EKF,robust_kalman,evtol,hot,2,0.00478759,0.00626195,0.0039058,0.0118621,0.00828651,0,0,0.00102994,301.988,4272,nan,nan,nan,double
spm,SVSF,robust_kalman,evtol,hot,2,0.0234202,0.0235564,0.022361,0.0287541,-0.0206196,0,0,0.00072508,529.589,4376,nan,nan,nan,double
spm,Luenberger,observers,evtol,hot,2,0.00756879,0.00593036,0.00508019,0.0430324,0.00576603,0,0,0.000748254,326.661,4632,nan,nan,nan,double
spm,SSKF,observers,evtol,hot,2,0.00756879,0.00593036,0.00508019,0.0430324,0.00576603,0,0,0.000748254,328.393,4632,nan,nan,nan,double
spm,PI-Observer,observers,evtol,hot,2,0.00971567,0.00792175,0.00632756,0.0538779,0.0057499,0,0,0.000733202,1132.18,4824,nan,nan,nan,double
spm,SMO,observers,evtol,hot,2,0.00773504,0.00610679,0.00518302,0.0439575,0.00577513,0,0,0.000743343,359.867,4800,nan,nan,nan,double
spm,SMO-Adaptive,observers,evtol,hot,2,0.00766559,0.00603186,0.00513627,0.0435746,0.00577652,0,0,0.000745132,358.512,4800,nan,nan,nan,double
spm,SuperTwisting-SMO,observers,evtol,hot,2,0.00917499,0.00797055,0.00623753,0.0511678,0.00598226,0,0,0.00213711,134.925,4280,nan,nan,nan,double
spm,HGO,observers,evtol,hot,2,0.00756879,0.00593036,0.00508019,0.0430324,0.00576603,0,0,0.000748254,341.64,4680,nan,nan,nan,double
spm,ESO,observers,evtol,hot,2,0.00966525,0.0082875,0.00696034,0.0469785,0.00598159,0,0,0.000706475,1226.32,4784,nan,nan,nan,double
spm,UIO,observers,evtol,hot,2,0.0137584,0.00987414,0.0128564,0.100102,0.00866124,5.1,0,0.00692286,452.366,5072,nan,nan,nan,double
spm,DOB,observers,evtol,hot,2,0.00805487,0.00677325,0.00535239,0.0450234,0.00672144,0,0,0.000759724,926.114,4784,nan,nan,nan,double
spm,AdaptiveObserver,observers,evtol,hot,2,0.00711989,0.00522593,0.00460562,0.042268,0.00527679,0,0,0.000720898,690.79,4864,-8.18168e-05,nan,nan,double
spm,IntervalObserver,observers,evtol,hot,2,0.00756879,0.00593036,0.00508019,0.0430324,0.00576603,0,0,0.000748254,673.968,9024,nan,0,0.333974,double
spm,JointEKF,soh,evtol,hot,2,0.0111966,0.00391245,0.00783923,0.0321227,0.00608396,0,0,0.000539049,1153.68,8752,0.202826,nan,nan,double
spm,JointUKF,soh,evtol,hot,2,0.0115656,0.00513609,0.00812971,0.0438317,0.00884758,0.4,0,0.00093034,3025.85,9600,0.289921,nan,nan,double
spm,DualEKF,soh,evtol,hot,2,0.0114781,0.00541555,0.00888154,0.0234942,0.0101253,0,0,0.000543101,1173.06,4752,0.310101,nan,nan,double
spm,DualUKF,soh,evtol,hot,2,0.0156555,0.00831627,0.012162,0.0437187,0.0164083,0.5,0,0.000939244,2219.55,5512,0.621647,nan,nan,double
spm,RLS-EKF,soh,evtol,hot,2,0.0228713,0.0235329,0.0218882,0.0275743,-0.0230373,0,0,0.000594455,462.397,8904,nan,nan,nan,double
spm,AWTLS,soh,evtol,hot,2,0.0181739,0.015734,0.0169217,0.0250346,-0.00810358,0,0,0.000677391,455.09,8776,0.179631,nan,nan,double
spm,PF-Bootstrap,particle,evtol,hot,2,0.00724025,0.00613667,0.00491974,0.0245188,0.0101695,0,0,0.000731776,74293.1,46472,nan,nan,nan,double
spm,PF-Fast,particle,evtol,hot,2,0.0114514,0.00822933,0.00937769,0.0309358,0.00983583,301.8,0,0.000763616,15553,9664,nan,nan,nan,double
spm,PF-Regularized,particle,evtol,hot,2,0.00884916,0.0098835,0.00751771,0.0243347,0.0123694,0,0,0.000732928,81301.1,46464,nan,nan,nan,double
spm,PF-Auxiliary,particle,evtol,hot,2,0.00633094,0.00542631,0.00497206,0.0177449,0.00514097,0,0,0.000755697,99509.8,54584,nan,nan,nan,double
spm,RBPF,particle,evtol,hot,2,0.0157406,0.0164129,0.0148319,0.0186083,-0.0125252,0,0,0.000703017,39946.3,34016,nan,nan,nan,double
spm,UPF,particle,evtol,hot,2,0.0176378,0.0142975,0.0135639,0.058677,0.00753217,306.6,0,0.00113219,18401.3,25360,nan,nan,nan,double
spm,EnKF,particle,evtol,hot,2,0.0169387,0.0124408,0.0135114,0.0417385,0.0187741,473.5,0,0.000705836,9983.03,6776,nan,nan,nan,double
spm,ETKF,particle,evtol,hot,2,0.0318909,0.0354318,0.0311541,0.0407004,-0.038011,0.1,0,0.00073461,10403.4,5304,nan,nan,nan,double
spm,GSF,particle,evtol,hot,2,0.0203663,0.0196671,0.0187125,0.025555,-0.00424435,0,0,0.000739127,1658.52,9192,nan,nan,nan,double
spm,NN-Direct,learning,evtol,hot,2,0.0114495,0.0139317,0.00724335,0.0595975,0.00366424,0,0,nan,489.511,15152,nan,nan,nan,double
spm,NN-EKF,learning,evtol,hot,2,0.0129676,0.0129792,0.0128367,0.0210808,-0.0119934,0.1,0,0.00080756,1053.51,4376,nan,nan,nan,double
spm,ELM-RLS-EKF,learning,evtol,hot,2,0.0144301,0.0152999,0.0138441,0.0163043,-0.0138211,0,0,0.000581043,3231.16,11704,nan,nan,nan,double
spm,MHE-RTI,optimization,evtol,hot,2,0.0256828,0.0275809,0.0248019,0.0293592,-0.0250568,0,0,0.000705288,16633.6,26928,nan,nan,nan,double
spm,MHE,optimization,evtol,hot,2,0.0307289,0.0322296,0.0294022,0.0370704,-0.0284145,0,0,0.000701863,28617.6,26928,nan,nan,nan,double
spm,ERTS,smoothers,evtol,hot,2,0.018924,0.0196015,0.0189048,0.0205243,-0.0205243,0,0,0.000957145,858.072,12547032,nan,nan,nan,double
spm,URTS,smoothers,evtol,hot,2,0.0215277,0.0221994,0.0215115,0.0231457,-0.0231457,0,0,0.00106397,2369.6,12547056,nan,nan,nan,double
spm,Batch-NLS,smoothers,evtol,hot,2,0.017676,0.0183984,0.0176533,0.0193774,-0.0193774,0,0,0.000525785,4291.16,17371352,nan,nan,nan,double
spm,FixedLag-EKF,smoothers,evtol,hot,2,0.0212601,0.0219674,0.020351,0.024388,-0.0204657,0,0,0.000681766,10053.4,19992,nan,nan,nan,double
spm,CoulombCounting,baselines,evtol,hot,3,0.00360539,0.00468848,0.00316521,0.00605556,-0.00605556,0,0,0.00891425,77.9093,4184,nan,nan,nan,double
spm,OCVLookup,baselines,evtol,hot,3,0.0208293,0.0200873,0.0170387,0.0697247,0.00853698,0,0,0.0122724,1346.07,4192,nan,nan,nan,double
spm,CoulombOCVHybrid,baselines,evtol,hot,3,0.00359704,0.004584,0.00320125,0.00605845,0.0035479,0,0,0.00887808,204.871,4192,nan,nan,nan,double
spm,EKF,kalman,evtol,hot,3,0.022075,0.0226856,0.0211511,0.0265163,-0.0216051,0,0,0.000700425,456.174,4336,nan,nan,nan,double
spm,UKF,kalman,evtol,hot,3,0.0254056,0.0257308,0.0242179,0.0450227,-0.0238628,0.2,0,0.0010463,1373.74,4776,nan,nan,nan,double
spm,LKF,kalman,evtol,hot,3,0.0127793,0.014681,0.0105768,0.0264757,-0.0264757,0,0,0.000744035,327.918,4680,nan,nan,nan,double
spm,IEKF,kalman,evtol,hot,3,0.017588,0.0184676,0.0168238,0.0200006,-0.0176421,0,0,0.000702376,566.597,4336,nan,nan,nan,double
spm,CKF,kalman,evtol,hot,3,0.0273955,0.027404,0.0263674,0.0337808,-0.0253328,0,0,0.000715842,1190.39,4560,nan,nan,nan,double
spm,SCKF,kalman,evtol,hot,3,0.0273955,0.027404,0.0263674,0.0337808,-0.0253328,0,0,0.000715842,1503.92,4696,nan,nan,nan,double
spm,CKF5,kalman,evtol,hot,3,0.0275253,0.0275111,0.0265195,0.0339588,-0.0253801,0.1,0,0.000726467,3764.63,5624,nan,nan,nan,double
spm,CDKF,kalman,evtol,hot,3,0.0275253,0.0275111,0.0265195,0.0339588,-0.0253801,0.1,0,0.000726467,1305.56,4312,nan,nan,nan,double
spm,GHKF,kalman,evtol,hot,3,0.0275253,0.0275111,0.0265195,0.0339588,-0.0253801,0.1,0,0.000726467,11386,10784,nan,nan,nan,double
spm,IPLF,kalman,evtol,hot,3,0.0213783,0.0222696,0.0206655,0.0355438,-0.0216668,0.2,0,0.00104871,1932.95,4784,nan,nan,nan,double
spm,EIF,kalman,evtol,hot,3,0.022075,0.0226856,0.0211511,0.0265163,-0.0216051,0,0,0.000700425,1186.72,4472,nan,nan,nan,double
spm,SR-EKF,kalman,evtol,hot,3,0.022075,0.0226856,0.0211511,0.0265163,-0.0216051,0,0,0.000700425,793.606,4440,nan,nan,nan,double
spm,SR-UKF,kalman,evtol,hot,3,0.0254056,0.0257308,0.0242179,0.0450227,-0.0238628,0.2,0,0.0010463,1465.7,4896,nan,nan,nan,double
spm,UD-EKF,kalman,evtol,hot,3,0.022075,0.0226856,0.0211511,0.0265163,-0.0216051,0,0,0.000700425,457.274,4480,nan,nan,nan,double
spm,SO-EKF,kalman,evtol,hot,3,0.0217455,0.022294,0.0208863,0.0451009,-0.0214465,0.4,0,0.00100344,3990.19,4496,nan,nan,nan,double
spm,SageHusa-AKF,adaptive_kalman,evtol,hot,3,0.019555,0.0203328,0.0187633,0.0225979,-0.0192124,0,0,0.000716926,512.353,4808,nan,nan,nan,double
spm,IAE-AKF,adaptive_kalman,evtol,hot,3,0.0204451,0.0210259,0.0196016,0.02439,-0.0195255,0,0,0.000783026,471.761,5040,nan,nan,nan,double
spm,VB-AKF,adaptive_kalman,evtol,hot,3,0.0190548,0.0198704,0.0182659,0.0221986,-0.0188572,0,0,0.000721506,840.473,4408,nan,nan,nan,double
spm,STF,adaptive_kalman,evtol,hot,3,0.010601,0.0100487,0.00704335,0.0601466,0.0124216,0,0,0.000736946,500.331,4680,nan,nan,nan,double
spm,Fading-EKF,adaptive_kalman,evtol,hot,3,0.00574926,0.00363313,0.00482445,0.0134143,-0.000440583,0,0,0.000733651,478.635,4384,nan,nan,nan,double
spm,Fuzzy-AKF,adaptive_kalman,evtol,hot,3,0.0213051,0.0215244,0.0205076,0.0266196,-0.0202815,0,0,0.000812769,712.368,4816,nan,nan,nan,double
spm,IMM,adaptive_kalman,evtol,hot,3,0.0194112,0.0200211,0.0185785,0.0236312,-0.0185123,0,0,0.000715211,1966.31,4976,nan,nan,nan,double
spm,MMAE,adaptive_kalman,evtol,hot,3,0.0348633,0.0353449,0.0331268,0.0408267,-0.0241354,0,0,0.000713965,1689.82,13200,-0.0390777,nan,nan,double
spm,Schmidt-KF,robust_kalman,evtol,hot,3,0.00548521,0.00423632,0.00407416,0.0148311,0.00787133,0,0,0.00615627,1232.19,8856,nan,nan,nan,double
spm,Hinf-EKF,robust_kalman,evtol,hot,3,0.0450174,0.0596547,0.0350946,0.132463,0.034178,0,0,0.000700202,743.138,4408,nan,nan,nan,double
spm,Huber-EKF,robust_kalman,evtol,hot,3,0.0220319,0.0225657,0.0210919,0.0262829,-0.0212935,0,0,0.000739757,616.383,4368,nan,nan,nan,double
spm,MC-EKF,robust_kalman,evtol,hot,3,0.0234366,0.0243196,0.0224051,0.0266908,-0.0230298,0,0,0.000704308,934.339,4384,nan,nan,nan,double
spm,StudentT-KF,robust_kalman,evtol,hot,3,0.020358,0.0206609,0.0194495,0.0249244,-0.0191669,0,0,0.000768162,673.446,4568,nan,nan,nan,double
spm,Constrained-EKF,robust_kalman,evtol,hot,3,0.022075,0.0226856,0.0211511,0.0265163,-0.0216051,0,0,0.000700425,555.86,4416,nan,nan,nan,double
spm,ReducedOrder-EKF,robust_kalman,evtol,hot,3,0.00499744,0.00657129,0.00407963,0.0121647,0.00879338,0,0,0.00104739,309.16,4272,nan,nan,nan,double
spm,SVSF,robust_kalman,evtol,hot,3,0.0232633,0.0232713,0.0221639,0.0296236,-0.0211829,0,0,0.000729302,557.672,4376,nan,nan,nan,double
spm,Luenberger,observers,evtol,hot,3,0.00767531,0.00620214,0.00522252,0.0450126,0.00557071,0,0,0.000759924,347.011,4632,nan,nan,nan,double
spm,SSKF,observers,evtol,hot,3,0.00767531,0.00620214,0.00522252,0.0450126,0.00557071,0,0,0.000759924,335.52,4632,nan,nan,nan,double
spm,PI-Observer,observers,evtol,hot,3,0.00986147,0.0082922,0.00654744,0.0566252,0.00567374,0,0,0.000743325,1248.54,4824,nan,nan,nan,double
spm,SMO,observers,evtol,hot,3,0.00785523,0.00639531,0.00536344,0.0459429,0.0056754,0,0,0.000754335,350.362,4800,nan,nan,nan,double
spm,SMO-Adaptive,observers,evtol,hot,3,0.00779498,0.00633052,0.00533086,0.0455587,0.00567622,0,0,0.000756546,354.357,4800,nan,nan,nan,double
spm,SuperTwisting-SMO,observers,evtol,hot,3,0.0092498,0.00833687,0.00641861,0.0512368,0.00639268,0,0,0.00223205,133.787,4280,nan,nan,nan,double
spm,HGO,observers,evtol,hot,3,0.00767531,0.00620214,0.00522252,0.0450126,0.00557071,0,0,0.000759924,354.449,4680,nan,nan,nan,double
spm,ESO,observers,evtol,hot,3,0.00996568,0.00870695,0.00728335,0.0492872,0.00552545,0,0,0.000720172,1056.81,4784,nan,nan,nan,double
spm,UIO,observers,evtol,hot,3,0.0140192,0.010251,0.0131438,0.100108,0.00912527,5.2,0,0.00677926,490.823,5072,nan,nan,nan,double
spm,DOB,observers,evtol,hot,3,0.00825703,0.00721111,0.00557855,0.046652,0.00681547,0,0,0.000766462,904.714,4784,nan,nan,nan,double
spm,AdaptiveObserver,observers,evtol,hot,3,0.00728694,0.00570532,0.00487237,0.0436706,0.00534088,0,0,0.000725092,710.368,4864,-0.000159021,nan,nan,double
spm,IntervalObserver,observers,evtol,hot,3,0.00767531,0.00620214,0.00522252,0.0450126,0.00557071,0,0,0.000759924,681.404,9024,nan,0,0.332835,double
spm,JointEKF,soh,evtol,hot,3,0.0135727,0.00780094,0.0108947,0.0339913,0.000448234,0,0,0.000535738,1161.71,8752,0.171277,nan,nan,double
spm,JointUKF,soh,evtol,hot,3,0.0117237,0.00501737,0.00847535,0.0452019,0.00900831,0.2,0,0.00093231,3000.66,9600,0.307918,nan,nan,double
spm,DualEKF,soh,evtol,hot,3,0.0111097,0.00647793,0.00944868,0.0197321,0.00485862,0,0,0.0005453,1166.44,4752,0.321052,nan,nan,double
spm,DualUKF,soh,evtol,hot,3,0.0152938,0.00798327,0.0120388,0.0450232,0.0149475,0.2,0,0.000945041,2217.06,5512,0.622202,nan,nan,double
spm,RLS-EKF,soh,evtol,hot,3,0.0187839,0.0201811,0.0180709,0.0205907,-0.0203056,0,0,0.000698942,462.797,8904,nan,nan,nan,double
spm,AWTLS,soh,evtol,hot,3,0.018255,0.0152115,0.0168961,0.0265163,-0.00778598,0,0,0.000695615,455.33,8776,0.201717,nan,nan,double
spm,PF-Bootstrap,particle,evtol,hot,3,0.00909625,0.00978006,0.00709569,0.0299156,0.0143314,0,0,0.000762132,74421.9,46472,nan,nan,nan,double
spm,PF-Fast,particle,evtol,hot,3,0.00706294,0.00533413,0.00489118,0.0403169,0.00302782,0,0,0.000803066,15542,9664,nan,nan,nan,double
spm,PF-Regularized,particle,evtol,hot,3,0.00490312,0.00365863,0.00353593,0.0143683,0.00259928,0,0,0.000744319,78848.1,46464,nan,nan,nan,double
spm,PF-Auxiliary,particle,evtol,hot,3,0.00733513,0.00810704,0.0053045,0.023322,0.00935773,0,0,0.000783816,99691.7,54584,nan,nan,nan,double
spm,RBPF,particle,evtol,hot,3,0.0192128,0.0196351,0.0182489,0.0235664,-0.0179725,0,0,0.000734895,40002.3,34016,nan,nan,nan,double
spm,UPF,particle,evtol,hot,3,0.018271,0.0100761,0.0141397,0.0644002,0.00755219,512.2,0,0.00115645,18153.3,25360,nan,nan,nan,double
spm,EnKF,particle,evtol,hot,3,0.0130452,0.0166255,0.00861381,0.0478886,-0.00740937,0.1,0,0.000790322,10145.9,6776,nan,nan,nan,double
spm,ETKF,particle,evtol,hot,3,0.0167363,0.0179384,0.0163309,0.0404986,-0.0176049,0.1,0,0.000752611,10281,5304,nan,nan,nan,double
spm,GSF,particle,evtol,hot,3,0.0167536,0.0171922,0.016105,0.02008,-0.0160524,0,0,0.000754709,1642.1,9192,nan,nan,nan,double
spm,NN-Direct,learning,evtol,hot,3,0.0122401,0.0149949,0.00752474,0.0681096,0.00331124,0,0,nan,473.812,15152,nan,nan,nan,double
spm,NN-EKF,learning,evtol,hot,3,0.016392,0.0167776,0.016318,0.0240223,-0.0159855,0.1,0,0.000832545,1037.12,4376,nan,nan,nan,double
spm,ELM-RLS-EKF,learning,evtol,hot,3,0.0112991,0.0119844,0.0109122,0.0126812,-0.0116862,0,0,0.000589333,3240.88,11704,nan,nan,nan,double
spm,MHE-RTI,optimization,evtol,hot,3,0.0317125,0.0341926,0.0304492,0.0399686,-0.0382725,0,0,0.00071531,16620.7,26928,nan,nan,nan,double
spm,MHE,optimization,evtol,hot,3,0.0238467,0.0249042,0.0229243,0.0284353,-0.023457,0,0,0.000716672,28786.8,26928,nan,nan,nan,double
spm,ERTS,smoothers,evtol,hot,3,0.0197604,0.0205613,0.0197349,0.0216051,-0.0216051,0,0,0.00105423,851.853,12547032,nan,nan,nan,double
spm,URTS,smoothers,evtol,hot,3,0.0222174,0.0228835,0.0222013,0.0238628,-0.0238628,-1,0,0.00120203,2334.71,12547056,nan,nan,nan,double
spm,Batch-NLS,smoothers,evtol,hot,3,0.0178432,0.0186704,0.0178134,0.019753,-0.019753,0,0,0.000541718,4247.53,17371352,nan,nan,nan,double
spm,FixedLag-EKF,smoothers,evtol,hot,3,0.0216901,0.0223634,0.0207728,0.0258309,-0.0215529,0,0,0.000700425,9858.03,19992,nan,nan,nan,double
spm,CoulombCounting,baselines,evtol,param_mismatch,1,0.00357694,0.00465034,0.00314312,0.00600629,-0.00600629,0,0,0.0187136,73.2654,4184,nan,nan,nan,double
spm,OCVLookup,baselines,evtol,param_mismatch,1,0.0124625,0.0060901,0.00899367,0.0358237,0.0091331,0,0,0.0127369,1269.68,4192,nan,nan,nan,double
spm,CoulombOCVHybrid,baselines,evtol,param_mismatch,1,0.00889067,0.0100509,0.00859074,0.0118245,0.00292627,0,0,0.0159551,199.674,4192,nan,nan,nan,double
spm,EKF,kalman,evtol,param_mismatch,1,0.0234315,0.0254592,0.0222762,0.0294678,-0.0277263,0,0,0.00196355,450.534,4336,nan,nan,nan,double
spm,UKF,kalman,evtol,param_mismatch,1,0.0460684,0.0484569,0.0447063,0.054944,-0.0481569,0.4,0,0.00212716,1365.1,4776,nan,nan,nan,double
spm,LKF,kalman,evtol,param_mismatch,1,0.022366,0.0286472,0.0204152,0.0418196,-0.0355313,0,0,0.00196214,321.296,4680,nan,nan,nan,double
spm,IEKF,kalman,evtol,param_mismatch,1,0.0293785,0.0326515,0.0279453,0.0391887,-0.0357807,0,0,0.00196313,566.453,4336,nan,nan,nan,double
spm,CKF,kalman,evtol,param_mismatch,1,0.0394576,0.0420497,0.0383802,0.0510614,-0.0412114,0,0,0.00199093,1186.7,4560,nan,nan,nan,double
spm,SCKF,kalman,evtol,param_mismatch,1,0.0394576,0.0420497,0.0383802,0.0510614,-0.0412114,0,0,0.00199093,1492.84,4696,nan,nan,nan,double
spm,CKF5,kalman,evtol,param_mismatch,1,0.0408183,0.0432518,0.0396987,0.0553266,-0.0420275,0.2,0,0.00199301,3763.02,5624,nan,nan,nan,double
spm,CDKF,kalman,evtol,param_mismatch,1,0.0408183,0.0432518,0.0396987,0.0553266,-0.0420275,0.2,0,0.00199301,1306.41,4312,nan,nan,nan,double
spm,GHKF,kalman,evtol,param_mismatch,1,0.0408183,0.0432518,0.0396987,0.0553266,-0.0420275,0.2,0,0.00199301,11282.5,10784,nan,nan,nan,double
spm,IPLF,kalman,evtol,param_mismatch,1,0.033998,0.0376314,0.0323767,0.0437244,-0.0399426,0.2,0,0.00212632,1887.92,4784,nan,nan,nan,double
spm,EIF,kalman,evtol,param_mismatch,1,0.0234315,0.0254592,0.0222762,0.0294678,-0.0277263,0,0,0.00196355,1158.69,4472,nan,nan,nan,double
spm,SR-EKF,kalman,evtol,param_mismatch,1,0.0234315,0.0254592,0.0222762,0.0294678,-0.0277263,0,0,0.00196355,746.688,4440,nan,nan,nan,double
spm,SR-UKF,kalman,evtol,param_mismatch,1,0.0460684,0.0484569,0.0447063,0.054944,-0.0481569,0.4,0,0.00212716,1414.89,4896,nan,nan,nan,double
spm,UD-EKF,kalman,evtol,param_mismatch,1,0.0234315,0.0254592,0.0222762,0.0294678,-0.0277263,0,0,0.00196355,446.248,4480,nan,nan,nan,double
spm,SO-EKF,kalman,evtol,param_mismatch,1,0.0413301,0.0434068,0.0402371,0.0505264,-0.0446189,0.4,0,0.00210352,3923.38,4496,nan,nan,nan,double
spm,SageHusa-AKF,adaptive_kalman,evtol,param_mismatch,1,0.0065889,0.00839692,0.00575751,0.0138327,-0.0134949,0,0,0.00352931,510.059,4808,nan,nan,nan,double
spm,IAE-AKF,adaptive_kalman,evtol,param_mismatch,1,0.00886064,0.00734632,0.00786971,0.0218906,-0.000740571,0,0,0.00449965,469.384,5040,nan,nan,nan,double
spm,VB-AKF,adaptive_kalman,evtol,param_mismatch,1,0.00868767,0.00736265,0.00782997,0.0216838,-0.00168407,0,0,0.00375995,842.434,4408,nan,nan,nan,double
spm,STF,adaptive_kalman,evtol,param_mismatch,1,0.0273088,0.0204211,0.0217833,0.125133,-0.000646115,0,0,0.00146791,507.448,4680,nan,nan,nan,double
spm,Fading-EKF,adaptive_kalman,evtol,param_mismatch,1,0.0210166,0.0188154,0.0200157,0.043222,-0.011524,0,0,0.00219799,475.078,4384,nan,nan,nan,double
spm,Fuzzy-AKF,adaptive_kalman,evtol,param_mismatch,1,0.0105663,0.0128342,0.00987482,0.0182014,-0.0177329,0,0,0.00398093,688.226,4816,nan,nan,nan,double
spm,IMM,adaptive_kalman,evtol,param_mismatch,1,0.01332,0.0146983,0.0127741,0.0160704,-0.0154139,0,0,0.00231908,1958.36,4976,nan,nan,nan,double
spm,MMAE,adaptive_kalman,evtol,param_mismatch,1,0.0414673,0.0444442,0.0392757,0.0520093,-0.0295603,0,0,0.00196742,1681.69,13200,-0.0490033,nan,nan,double
spm,Schmidt-KF,robust_kalman,evtol,param_mismatch,1,0.00949033,0.00698237,0.00737002,0.0231615,0.012086,0,0,0.0144366,1229.93,8856,nan,nan,nan,double
spm,Hinf-EKF,robust_kalman,evtol,param_mismatch,1,0.0363426,0.0507333,0.0235682,0.109461,-0.0821212,0,0,0.00201103,741.744,4408,nan,nan,nan,double
spm,Huber-EKF,robust_kalman,evtol,param_mismatch,1,0.0143448,0.0162416,0.0137624,0.0209453,-0.0205021,0,0,0.00301275,607.971,4368,nan,nan,nan,double
spm,MC-EKF,robust_kalman,evtol,param_mismatch,1,0.018617,0.0209815,0.0178311,0.0256886,-0.0244063,0,0,0.00371687,951.673,4384,nan,nan,nan,double
spm,StudentT-KF,robust_kalman,evtol,param_mismatch,1,0.0182798,0.0207801,0.0174341,0.0247012,-0.0237959,0,0,0.00315187,674.873,4568,nan,nan,nan,double
spm,Constrained-EKF,robust_kalman,evtol,param_mismatch,1,0.0234315,0.0254592,0.0222762,0.0294678,-0.0277263,0,0,0.00196355,553.87,4416,nan,nan,nan,double
spm,ReducedOrder-EKF,robust_kalman,evtol,param_mismatch,1,0.0211924,0.0130505,0.0179312,0.047374,-0.00459882,0,0,0.00313805,309.073,4272,nan,nan,nan,double
spm,SVSF,robust_kalman,evtol,param_mismatch,1,0.0421916,0.0443014,0.0406715,0.0512385,-0.0391702,0,0,0.00173045,554.438,4376,nan,nan,nan,double
spm,Luenberger,observers,evtol,param_mismatch,1,0.0180919,0.0126249,0.0149017,0.0549185,0.000260321,0,0,0.00191458,318.605,4632,nan,nan,nan,double
spm,SSKF,observers,evtol,param_mismatch,1,0.0180919,0.0126249,0.0149017,0.0549185,0.000260321,0,0,0.00191458,310.475,4632,nan,nan,nan,double
spm,PI-Observer,observers,evtol,param_mismatch,1,0.0242024,0.013285,0.0175766,0.0929713,0.00872256,0,0,0.00201483,944.127,4824,nan,nan,nan,double
spm,SMO,observers,evtol,param_mismatch,1,0.0180463,0.0122763,0.0146494,0.0562344,0.00105043,0,0,0.00189777,332.329,4800,nan,nan,nan,double
spm,SMO-Adaptive,observers,evtol,param_mismatch,1,0.0181259,0.0124752,0.0148276,0.0557393,0.000647018,0,0,0.00190593,331.885,4800,nan,nan,nan,double
spm,SuperTwisting-SMO,observers,evtol,param_mismatch,1,0.0240272,0.0128836,0.0173906,0.0767738,0.0088414,0,0,0.00449354,130.447,4280,nan,nan,nan,double
spm,HGO,observers,evtol,param_mismatch,1,0.0180919,0.0126249,0.0149017,0.0549185,0.000260321,0,0,0.00191458,322.042,4680,nan,nan,nan,double
spm,ESO,observers,evtol,param_mismatch,1,0.0242024,0.013285,0.0175766,0.0929713,0.00872256,0,0,0.00201483,1106.32,4784,nan,nan,nan,double
spm,UIO,observers,evtol,param_mismatch,1,0.0113974,0.00922946,0.00939254,0.0360528,-0.00400662,0,0,0.00214654,412.465,5072,nan,nan,nan,double
spm,DOB,observers,evtol,param_mismatch,1,0.0235622,0.0133619,0.0177047,0.0762832,0.00453361,0,0,0.00173724,1073.98,4784,nan,nan,nan,double
spm,AdaptiveObserver,observers,evtol,param_mismatch,1,0.0160981,0.0100581,0.0129179,0.0507497,0.00186794,0,0,0.00170606,689.407,4864,0.000357359,nan,nan,double
spm,IntervalObserver,observers,evtol,param_mismatch,1,0.0180919,0.0126249,0.0149017,0.0549185,0.000260321,0,0,0.00191458,652.567,9024,nan,0,0.367777,double
spm,JointEKF,soh,evtol,param_mismatch,1,0.032335,0.0295169,0.0302586,0.0530152,-0.0172985,0,0,0.000822329,1164.69,8752,0.0549739,nan,nan,double
spm,JointUKF,soh,evtol,param_mismatch,1,0.0219482,0.0090833,0.0169934,0.0559521,0.0128964,0.4,0,0.00113406,3012.25,9600,0.427295,nan,nan,double
spm,DualEKF,soh,evtol,param_mismatch,1,0.0182686,0.00793054,0.0144052,0.0362241,0.0085024,0,0,0.000870179,1166.83,4752,0.361739,nan,nan,double
spm,DualUKF,soh,evtol,param_mismatch,1,0.0350698,0.0236014,0.0312218,0.061445,0.00993845,0.4,0,0.00116151,2223.83,5512,1.1284,nan,nan,double
spm,RLS-EKF,soh,evtol,param_mismatch,1,0.037451,0.0394319,0.035877,0.0414865,-0.0409709,0,0,0.000968885,467.72,8904,nan,nan,nan,double
spm,AWTLS,soh,evtol,param_mismatch,1,0.0199122,0.0192794,0.0188849,0.0294678,-0.0188244,0,0,0.00196373,450.783,8776,0.092551,nan,nan,double
spm,PF-Bootstrap,particle,evtol,param_mismatch,1,0.0276323,0.0175664,0.0230115,0.081203,-0.000249066,1153.7,0,0.0021939,75087.6,46472,nan,nan,nan,double
spm,PF-Fast,particle,evtol,param_mismatch,1,0.0305531,0.0200303,0.0249704,0.114486,0.00584003,540.1,0,0.00182023,15614.2,9664,nan,nan,nan,double
spm,PF-Regularized,particle,evtol,param_mismatch,1,0.0169063,0.0123251,0.0134823,0.0610448,0.0133248,0,0,0.00221765,80307.9,46464,nan,nan,nan,double
spm,PF-Auxiliary,particle,evtol,param_mismatch,1,0.0134337,0.0103543,0.0107577,0.0516588,0.0134878,0,0,0.00255395,99522.4,54584,nan,nan,nan,double
spm,RBPF,particle,evtol,param_mismatch,1,0.0325327,0.0347624,0.030818,0.0722877,-0.0309246,0,0,0.00174393,39916.6,34016,nan,nan,nan,double
spm,UPF,particle,evtol,param_mismatch,1,0.029653,0.0220398,0.0223532,0.116384,0.0204851,540,0,0.00165716,18385.8,25360,nan,nan,nan,double
spm,EnKF,particle,evtol,param_mismatch,1,0.0652042,0.064696,0.0577439,0.135969,-0.084875,1485.7,0,0.00201244,9924.86,6776,nan,nan,nan,double
spm,ETKF,particle,evtol,param_mismatch,1,0.0373696,0.0360699,0.0366715,0.0535926,-0.0217649,-1,0,0.00202119,10385.8,5304,nan,nan,nan,double
spm,GSF,particle,evtol,param_mismatch,1,0.0315405,0.0345141,0.0134988,0.138363,-0.0182302,0,0,0.00195847,1634.37,9192,nan,nan,nan,double
spm,NN-Direct,learning,evtol,param_mismatch,1,0.0421989,0.0511721,0.037297,0.110646,0.0103852,0,0,nan,484.962,15152,nan,nan,nan,double
spm,NN-EKF,learning,evtol,param_mismatch,1,0.00693669,0.00808085,0.00509913,0.0217052,-0.0154001,0.1,0,0.00273925,1040.97,4376,nan,nan,nan,double
spm,ELM-RLS-EKF,learning,evtol,param_mismatch,1,0.0266273,0.0284446,0.025411,0.0305668,-0.028042,0,0,0.00161669,3196.67,11704,nan,nan,nan,double
spm,MHE-RTI,optimization,evtol,param_mismatch,1,0.0235291,0.028505,0.0218612,0.0538833,-0.0369274,0,0,0.00189867,16675.8,26928,nan,nan,nan,double
spm,MHE,optimization,evtol,param_mismatch,1,0.0468395,0.0528231,0.0446985,0.0616481,-0.0588218,0,0,0.00187245,29262.8,26928,nan,nan,nan,double
spm,ERTS,smoothers,evtol,param_mismatch,1,0.0249879,0.0263901,0.0249297,0.0277263,-0.0277263,-1,0,0.00195972,860.918,12547032,nan,nan,nan,double
spm,URTS,smoothers,evtol,param_mismatch,1,0.0461588,0.0471784,0.0461425,0.0482622,-0.0481569,-1,0,0.00227027,2356.39,12547056,nan,nan,nan,double
spm,Batch-NLS,smoothers,evtol,param_mismatch,1,0.0256823,0.0265498,0.0256611,0.0275199,-0.0275199,-1,0,0.0014586,4170.95,17371352,nan,nan,nan,double
spm,FixedLag-EKF,smoothers,evtol,param_mismatch,1,0.0230579,0.0251263,0.0219083,0.0279319,-0.0276685,0,0,0.00196355,9911.36,19992,nan,nan,nan,double
spm,CoulombCounting,baselines,evtol,param_mismatch,2,0.00358497,0.00466531,0.00314699,0.00600104,-0.00600104,0,0,0.0186039,75.2198,4184,nan,nan,nan,double
spm,OCVLookup,baselines,evtol,param_mismatch,2,0.0125776,0.00596101,0.00899162,0.0364458,0.00885631,0,0,0.0124986,1292.45,4192,nan,nan,nan,double
spm,CoulombOCVHybrid,baselines,evtol,param_mismatch,2,0.00876714,0.00991213,0.00847103,0.0114944,0.00279657,0,0,0.0158697,205.184,4192,nan,nan,nan,double
spm,EKF,kalman,evtol,param_mismatch,2,0.038853,0.0420373,0.0376662,0.0472177,-0.0435143,0,0,0.00193822,454.547,4336,nan,nan,nan,double
spm,UKF,kalman,evtol,param_mismatch,2,0.0469628,0.0492066,0.0458253,0.0548602,-0.0470555,0.2,0,0.00210048,1363.12,4776,nan,nan,nan,double
spm,LKF,kalman,evtol,param_mismatch,2,0.0219604,0.0282405,0.019981,0.0413655,-0.0350145,0,0,0.00193689,324.827,4680,nan,nan,nan,double
spm,IEKF,kalman,evtol,param_mismatch,2,0.0175359,0.0204416,0.0166025,0.0272329,-0.02547,0,0,0.00195431,579.307,4336,nan,nan,nan,double
spm,CKF,kalman,evtol,param_mismatch,2,0.0488486,0.0514269,0.0473549,0.0573499,-0.0492774,0.1,0,0.00195235,1184.83,4560,nan,nan,nan,double
spm,SCKF,kalman,evtol,param_mismatch,2,0.0488486,0.0514269,0.0473549,0.0573499,-0.0492774,0.1,0,0.00195235,1472.64,4696,nan,nan,nan,double
spm,CKF5,kalman,evtol,param_mismatch,2,0.0486646,0.0513107,0.0471782,0.0570004,-0.0491002,0.2,0,0.00195549,3735.2,5624,nan,nan,nan,double
spm,CDKF,kalman,evtol,param_mismatch,2,0.0486646,0.0513107,0.0471782,0.0570004,-0.0491002,0.2,0,0.00195549,1284.87,4312,nan,nan,nan,double
spm,GHKF,kalman,evtol,param_mismatch,2,0.0486646,0.0513107,0.0471782,0.0570004,-0.0491002,0.2,0,0.00195549,11110.5,10784,nan,nan,nan,double
spm,IPLF,kalman,evtol,param_mismatch,2,0.0511197,0.0545458,0.049721,0.0561771,-0.0529165,0.1,0,0.00209947,1921.61,4784,nan,nan,nan,double
spm,EIF,kalman,evtol,param_mismatch,2,0.038853,0.0420373,0.0376662,0.0472177,-0.0435143,0,0,0.00193822,1194.92,4472,nan,nan,nan,double
spm,SR-EKF,kalman,evtol,param_mismatch,2,0.038853,0.0420373,0.0376662,0.0472177,-0.0435143,0,0,0.00193822,796.812,4440,nan,nan,nan,double
spm,SR-UKF,kalman,evtol,param_mismatch,2,0.0469628,0.0492066,0.0458253,0.0548602,-0.0470555,0.2,0,0.00210048,1405.17,4896,nan,nan,nan,double
spm,UD-EKF,kalman,evtol,param_mismatch,2,0.038853,0.0420373,0.0376662,0.0472177,-0.0435143,0,0,0.00193822,443.397,4480,nan,nan,nan,double
spm,SO-EKF,kalman,evtol,param_mismatch,2,0.0360089,0.038311,0.0347913,0.0464781,-0.0370992,0.5,0,0.00207593,3892.84,4496,nan,nan,nan,double
spm,SageHusa-AKF,adaptive_kalman,evtol,param_mismatch,2,0.00701746,0.00779982,0.00664604,0.0126576,-0.012369,0,0,0.00345294,488.472,4808,nan,nan,nan,double
spm,IAE-AKF,adaptive_kalman,evtol,param_mismatch,2,0.00969573,0.0111809,0.00928627,0.0160919,-0.0157767,0,0,0.00441863,452.928,5040,nan,nan,nan,double
spm,VB-AKF,adaptive_kalman,evtol,param_mismatch,2,0.00671242,0.00777829,0.00616121,0.0128979,-0.0126031,0,0,0.00369647,810.594,4408,nan,nan,nan,double
spm,STF,adaptive_kalman,evtol,param_mismatch,2,0.0254793,0.0143093,0.0176301,0.15423,0.00748197,0,0,0.00147364,490.757,4680,nan,nan,nan,double
spm,Fading-EKF,adaptive_kalman,evtol,param_mismatch,2,0.0214104,0.0193915,0.0203478,0.0436886,-0.0122404,0,0,0.0021698,473.091,4384,nan,nan,nan,double
spm,Fuzzy-AKF,adaptive_kalman,evtol,param_mismatch,2,0.0223087,0.0245882,0.0216862,0.0281682,-0.0273489,0,0,0.00385982,669.799,4816,nan,nan,nan,double
spm,IMM,adaptive_kalman,evtol,param_mismatch,2,0.0389433,0.0408912,0.0377586,0.0426164,-0.0402796,0,0,0.00229817,1897.39,4976,nan,nan,nan,double
spm,MMAE,adaptive_kalman,evtol,param_mismatch,2,0.0530754,0.0576281,0.0508308,0.065228,-0.0450792,0,0,0.00194581,1649.99,13200,-0.0427975,nan,nan,double
spm,Schmidt-KF,robust_kalman,evtol,param_mismatch,2,0.0120219,0.0071408,0.0090627,0.0306252,0.0132353,0,0,0.0141306,1224.21,8856,nan,nan,nan,double
spm,Hinf-EKF,robust_kalman,evtol,param_mismatch,2,0.0554244,0.0690453,0.0486055,0.130413,-0.0415128,0,0,0.00193742,741.921,4408,nan,nan,nan,double
spm,Huber-EKF,robust_kalman,evtol,param_mismatch,2,0.0269692,0.029688,0.0259122,0.0332218,-0.0323775,0,0,0.00299231,620.916,4368,nan,nan,nan,double
spm,MC-EKF,robust_kalman,evtol,param_mismatch,2,0.0315143,0.0341948,0.0305822,0.0372052,-0.035639,0,0,0.00364556,949.229,4384,nan,nan,nan,double
spm,StudentT-KF,robust_kalman,evtol,param_mismatch,2,0.0135245,0.0154763,0.0129101,0.0204288,-0.0201331,0,0,0.00314055,681.302,4568,nan,nan,nan,double
spm,Constrained-EKF,robust_kalman,evtol,param_mismatch,2,0.038853,0.0420373,0.0376662,0.0472177,-0.0435143,0,0,0.00193822,558.375,4416,nan,nan,nan,double
spm,ReducedOrder-EKF,robust_kalman,evtol,param_mismatch,2,0.0211969,0.0131445,0.0179831,0.047724,-0.00439248,0,0,0.00311445,322.298,4272,nan,nan,nan,double
spm,SVSF,robust_kalman,evtol,param_mismatch,2,0.0348973,0.036822,0.0335757,0.0436719,-0.0361286,0,0,0.00168755,554.665,4376,nan,nan,nan,double
spm,Luenberger,observers,evtol,param_mismatch,2,0.0180935,0.012722,0.0149653,0.0545426,0.000425941,0,0,0.0018895,299.051,4632,nan,nan,nan,double
spm,SSKF,observers,evtol,param_mismatch,2,0.0180935,0.012722,0.0149653,0.0545426,0.000425941,0,0,0.0018895,289.329,4632,nan,nan,nan,double
spm,PI-Observer,observers,evtol,param_mismatch,2,0.0241705,0.0132519,0.0175518,0.092336,0.00883624,0,0,0.00199094,1064.53,4824,nan,nan,nan,double
spm,SMO,observers,evtol,param_mismatch,2,0.0180496,0.0124309,0.0147378,0.0558553,0.0010245,0,0,0.00187302,311.597,4800,nan,nan,nan,double
spm,SMO-Adaptive,observers,evtol,param_mismatch,2,0.0181276,0.0126028,0.014904,0.0553595,0.000714003,0,0,0.00188094,303.631,4800,nan,nan,nan,double
spm,SuperTwisting-SMO,observers,evtol,param_mismatch,2,0.0239868,0.0129076,0.0173888,0.0761393,0.00853177,0,0,0.00446352,133.018,4280,nan,nan,nan,double
spm,HGO,observers,evtol,param_mismatch,2,0.0180935,0.012722,0.0149653,0.0545426,0.000425941,0,0,0.0018895,298.598,4680,nan,nan,nan,double
spm,ESO,observers,evtol,param_mismatch,2,0.0241705,0.0132519,0.0175518,0.092336,0.00883624,0,0,0.00199094,1229.31,4784,nan,nan,nan,double
spm,UIO,observers,evtol,param_mismatch,2,0.0116765,0.00914422,0.00960167,0.0364891,-0.00259575,0,0,0.00199856,401.163,5072,nan,nan,nan,double
spm,DOB,observers,evtol,param_mismatch,2,0.0235793,0.0133945,0.0178167,0.0765105,0.00460444,0,0,0.00171443,989.23,4784,nan,nan,nan,double
spm,AdaptiveObserver,observers,evtol,param_mismatch,2,0.0161907,0.0102801,0.0130621,0.0505412,0.00193262,0,0,0.00169302,661.931,4864,0.000298974,nan,nan,double
spm,IntervalObserver,observers,evtol,param_mismatch,2,0.0180935,0.012722,0.0149653,0.0545426,0.000425941,0,0,0.0018895,632.602,9024,nan,0,0.368577,double
spm,JointEKF,soh,evtol,param_mismatch,2,0.0242332,0.0148147,0.020789,0.0544716,0.00396473,0,0,0.000812178,1146.98,8752,0.297691,nan,nan,double
spm,JointUKF,soh,evtol,param_mismatch,2,0.021615,0.00928606,0.0163669,0.0559306,0.0193949,0.2,0,0.00113124,2982.68,9600,0.527134,nan,nan,double
spm,DualEKF,soh,evtol,param_mismatch,2,0.0234705,0.0160055,0.0207248,0.0398774,0.00397875,0,0,0.000869596,1165.56,4752,0.594171,nan,nan,double
spm,DualUKF,soh,evtol,param_mismatch,2,0.0358925,0.0245716,0.0321914,0.0602145,0.00697511,0.2,0,0.00116556,2214.93,5512,1.16557,nan,nan,double
spm,RLS-EKF,soh,evtol,param_mismatch,2,0.0385916,0.0404867,0.0374663,0.0433954,-0.040479,0,0,0.00104671,463.252,8904,nan,nan,nan,double
spm,AWTLS,soh,evtol,param_mismatch,2,0.0404887,0.0447721,0.0391854,0.0472408,-0.0445148,0,0,0.0019389,456.221,8776,-0.0363694,nan,nan,double
spm,PF-Bootstrap,particle,evtol,param_mismatch,2,0.0348209,0.0157824,0.0277854,0.0994711,0.00460302,1188,0,0.00204727,76064.1,46472,nan,nan,nan,double
spm,PF-Fast,particle,evtol,param_mismatch,2,0.0264289,0.0143452,0.0203752,0.100531,0.00908557,0,0,0.00195011,15741.9,9664,nan,nan,nan,double
spm,PF-Regularized,particle,evtol,param_mismatch,2,0.0250501,0.0135743,0.0199614,0.0809919,0.0108722,0,0,0.00227014,81877.2,46464,nan,nan,nan,double
spm,PF-Auxiliary,particle,evtol,param_mismatch,2,0.0154267,0.0084598,0.0116823,0.0537257,0.00871479,0,0,0.00253034,99695.2,54584,nan,nan,nan,double
spm,RBPF,particle,evtol,param_mismatch,2,0.0114774,0.010325,0.00868875,0.0460348,-0.00425071,0,0,0.00176553,38986.1,34016,nan,nan,nan,double
spm,UPF,particle,evtol,param_mismatch,2,0.0213033,0.00963737,0.0133029,0.102004,0.00206944,0,0,0.00179238,17940.8,25360,nan,nan,nan,double
spm,EnKF,particle,evtol,param_mismatch,2,0.132297,0.113365,0.126693,0.186409,-0.0906123,-1,0,0.00197622,9940.35,6776,nan,nan,nan,double
spm,ETKF,particle,evtol,param_mismatch,2,0.0262561,0.0286946,0.0257502,0.0448346,-0.0337703,223.9,0,0.00197401,10331.5,5304,nan,nan,nan,double
spm,GSF,particle,evtol,param_mismatch,2,0.0314732,0.0364558,0.0117015,0.158187,-0.0365995,0.1,0,0.00188295,1670.29,9192,nan,nan,nan,double
spm,NN-Direct,learning,evtol,param_mismatch,2,0.0418188,0.0507041,0.0369267,0.109395,0.00834175,0,0,nan,486.114,15152,nan,nan,nan,double
spm,NN-EKF,learning,evtol,param_mismatch,2,0.00614426,0.00590818,0.00425834,0.0166407,-0.0131522,0,0,0.0027243,1001.41,4376,nan,nan,nan,double
spm,ELM-RLS-EKF,learning,evtol,param_mismatch,2,0.0358187,0.0380153,0.0348592,0.0414237,-0.0366358,0,0,0.00159213,3241.52,11704,nan,nan,nan,double
spm,MHE-RTI,optimization,evtol,param_mismatch,2,0.0236933,0.027664,0.0223561,0.0651544,-0.0358413,0,0,0.00186846,16513.6,26928,nan,nan,nan,double
spm,MHE,optimization,evtol,param_mismatch,2,0.0565604,0.0636031,0.0536506,0.080438,-0.0747387,0,0,0.00184673,29175,26928,nan,nan,nan,double
spm,ERTS,smoothers,evtol,param_mismatch,2,0.0410566,0.0423512,0.0410263,0.0435287,-0.0435143,-1,0,0.00226101,854.424,12547032,nan,nan,nan,double
spm,URTS,smoothers,evtol,param_mismatch,2,0.0453262,0.0461502,0.0453149,0.0470897,-0.0470555,-1,0,0.00192589,2333.32,12547056,nan,nan,nan,double
spm,Batch-NLS,smoothers,evtol,param_mismatch,2,0.0372037,0.0381659,0.0371864,0.0391917,-0.0391917,-1,0,0.00147277,4200.33,17371352,nan,nan,nan,double
spm,FixedLag-EKF,smoothers,evtol,param_mismatch,2,0.0384841,0.0417052,0.0372929,0.0463407,-0.0434557,0,0,0.00193822,9948.97,19992,nan,nan,nan,double
spm,CoulombCounting,baselines,evtol,param_mismatch,3,0.00360539,0.00468848,0.00316521,0.00605556,-0.00605556,0,0,0.0187469,76.1613,4184,nan,nan,nan,double
spm,OCVLookup,baselines,evtol,param_mismatch,3,0.0124059,0.0060644,0.00895092,0.0356391,0.00943506,0,0,0.0128451,1307.81,4192,nan,nan,nan,double
spm,CoulombOCVHybrid,baselines,evtol,param_mismatch,3,0.00868387,0.00982481,0.00838864,0.0114922,0.00326491,0,0,0.0160757,205.729,4192,nan,nan,nan,double
spm,EKF,kalman,evtol,param_mismatch,3,0.023931,0.0264231,0.0229211,0.0315097,-0.0284157,0,0,0.00196646,459.108,4336,nan,nan,nan,double
spm,UKF,kalman,evtol,param_mismatch,3,0.0494112,0.0509332,0.0482404,0.0592211,-0.0468665,0.2,0,0.00214252,1366.79,4776,nan,nan,nan,double
spm,LKF,kalman,evtol,param_mismatch,3,0.0225401,0.0288516,0.0205662,0.0428992,-0.0357222,0,0,0.00196045,325.937,4680,nan,nan,nan,double
spm,IEKF,kalman,evtol,param_mismatch,3,0.0308641,0.032884,0.0297937,0.0385281,-0.0325729,0,0,0.00196658,567.823,4336,nan,nan,nan,double
spm,CKF,kalman,evtol,param_mismatch,3,0.0485862,0.0508742,0.0471479,0.0572577,-0.0482864,0.2,0,0.00197983,1197.13,4560,nan,nan,nan,double
spm,SCKF,kalman,evtol,param_mismatch,3,0.0485862,0.0508742,0.0471479,0.0572577,-0.0482864,0.2,0,0.00197983,1501.79,4696,nan,nan,nan,double
spm,CKF5,kalman,evtol,param_mismatch,3,0.0501928,0.0522904,0.0488354,0.0594388,-0.0488297,0.2,0,0.00198286,3779.69,5624,nan,nan,nan,double
spm,CDKF,kalman,evtol,param_mismatch,3,0.0501928,0.0522904,0.0488354,0.0594388,-0.0488297,0.2,0,0.00198286,1304.21,4312,nan,nan,nan,double
spm,GHKF,kalman,evtol,param_mismatch,3,0.0501928,0.0522904,0.0488354,0.0594388,-0.0488297,0.2,0,0.00198286,11239.4,10784,nan,nan,nan,double
spm,IPLF,kalman,evtol,param_mismatch,3,0.016268,0.0183168,0.015643,0.0281896,-0.0213682,0.1,0,0.00212354,1939.46,4784,nan,nan,nan,double
spm,EIF,kalman,evtol,param_mismatch,3,0.023931,0.0264231,0.0229211,0.0315097,-0.0284157,0,0,0.00196646,1194.92,4472,nan,nan,nan,double
spm,SR-EKF,kalman,evtol,param_mismatch,3,0.023931,0.0264231,0.0229211,0.0315097,-0.0284157,0,0,0.00196646,787.586,4440,nan,nan,nan,double
spm,SR-UKF,kalman,evtol,param_mismatch,3,0.0494112,0.0509332,0.0482404,0.0592211,-0.0468665,0.2,0,0.00214252,1464.93,4896,nan,nan,nan,double
spm,UD-EKF,kalman,evtol,param_mismatch,3,0.023931,0.0264231,0.0229211,0.0315097,-0.0284157,0,0,0.00196646,458.896,4480,nan,nan,nan,double
spm,SO-EKF,kalman,evtol,param_mismatch,3,0.0404113,0.0425771,0.0393586,0.0486107,-0.0419611,0.5,0,0.00210709,3936.77,4496,nan,nan,nan,double
spm,SageHusa-AKF,adaptive_kalman,evtol,param_mismatch,3,0.0158429,0.0176249,0.0153496,0.0220842,-0.0205969,0,0,0.00350634,504.726,4808,nan,nan,nan,double
spm,IAE-AKF,adaptive_kalman,evtol,param_mismatch,3,0.0157324,0.0175664,0.0152584,0.0220577,-0.0203795,0,0,0.00450379,473.493,5040,nan,nan,nan,double
spm,VB-AKF,adaptive_kalman,evtol,param_mismatch,3,0.00627775,0.00472488,0.00579277,0.0197853,-0.00568571,0,0,0.00373926,835.261,4408,nan,nan,nan,double
spm,STF,adaptive_kalman,evtol,param_mismatch,3,0.0267272,0.0178362,0.0208339,0.127762,0.00706074,0,0,0.00145451,506.35,4680,nan,nan,nan,double
spm,Fading-EKF,adaptive_kalman,evtol,param_mismatch,3,0.0226852,0.0202217,0.0215496,0.0465591,-0.0123071,0,0,0.00219733,479.901,4384,nan,nan,nan,double
spm,Fuzzy-AKF,adaptive_kalman,evtol,param_mismatch,3,0.0202023,0.0222333,0.0195873,0.0264149,-0.024011,0,0,0.00397256,701.066,4816,nan,nan,nan,double
spm,IMM,adaptive_kalman,evtol,param_mismatch,3,0.0153139,0.0167689,0.0146011,0.0179338,-0.0169194,0,0,0.00231684,1960.22,4976,nan,nan,nan,double
spm,MMAE,adaptive_kalman,evtol,param_mismatch,3,0.040644,0.0445765,0.0384313,0.0541,-0.0301016,0,0,0.00197098,1688.11,13200,-0.0463164,nan,nan,double
spm,Schmidt-KF,robust_kalman,evtol,param_mismatch,3,0.0115082,0.00834323,0.00954879,0.0260555,0.0146408,0,0,0.0140741,1227.44,8856,nan,nan,nan,double
spm,Hinf-EKF,robust_kalman,evtol,param_mismatch,3,0.0558915,0.0686064,0.0483513,0.153344,0.0666621,0,0,0.0019801,741.007,4408,nan,nan,nan,double
spm,Huber-EKF,robust_kalman,evtol,param_mismatch,3,0.0115431,0.0133061,0.0109632,0.0176968,-0.0170312,0,0,0.00301259,616.511,4368,nan,nan,nan,double
spm,MC-EKF,robust_kalman,evtol,param_mismatch,3,0.00685621,0.00833365,0.00622485,0.0132007,-0.0125877,0,0,0.00371354,950.174,4384,nan,nan,nan,double
spm,StudentT-KF,robust_kalman,evtol,param_mismatch,3,0.01579,0.0178443,0.0151169,0.022523,-0.0218246,0,0,0.00315364,683.972,4568,nan,nan,nan,double
spm,Constrained-EKF,robust_kalman,evtol,param_mismatch,3,0.023931,0.0264231,0.0229211,0.0315097,-0.0284157,0,0,0.00196646,554.848,4416,nan,nan,nan,double
spm,ReducedOrder-EKF,robust_kalman,evtol,param_mismatch,3,0.0212507,0.0130638,0.0179696,0.0482026,-0.0046021,0,0,0.00315254,308.149,4272,nan,nan,nan,double
spm,SVSF,robust_kalman,evtol,param_mismatch,3,0.0394898,0.0413223,0.0380407,0.0488882,-0.0374592,0,0,0.00171935,554.194,4376,nan,nan,nan,double
spm,Luenberger,observers,evtol,param_mismatch,3,0.0181159,0.0126891,0.0149096,0.0559402,0.000305682,0,0,0.00190958,324.464,4632,nan,nan,nan,double
spm,SSKF,observers,evtol,param_mismatch,3,0.0181159,0.0126891,0.0149096,0.0559402,0.000305682,0,0,0.00190958,319.245,4632,nan,nan,nan,double
spm,PI-Observer,observers,evtol,param_mismatch,3,0.0242981,0.0134364,0.0176552,0.0897694,0.00903441,0,0,0.00200227,1187.78,4824,nan,nan,nan,double
spm,SMO,observers,evtol,param_mismatch,3,0.0181454,0.0123972,0.0147324,0.0574644,0.000909017,0,0,0.00189232,338.638,4800,nan,nan,nan,double
spm,SMO-Adaptive,observers,evtol,param_mismatch,3,0.0181971,0.0125744,0.014883,0.0568857,0.000590441,0,0,0.00190072,329.467,4800,nan,nan,nan,double
spm,SuperTwisting-SMO,observers,evtol,param_mismatch,3,0.0241841,0.0130288,0.0175212,0.0793934,0.00913392,0,0,0.00460142,130.985,4280,nan,nan,nan,double
spm,HGO,observers,evtol,param_mismatch,3,0.0181159,0.0126891,0.0149096,0.0559402,0.000305682,0,0,0.00190958,329.092,4680,nan,nan,nan,double
spm,ESO,observers,evtol,param_mismatch,3,0.0242981,0.0134364,0.0176552,0.0897694,0.00903441,0,0,0.00200227,1382.06,4784,nan,nan,nan,double
spm,UIO,observers,evtol,param_mismatch,3,0.0119678,0.00959181,0.00995218,0.0379978,-0.00382993,0,0,0.00198007,421.859,5072,nan,nan,nan,double
spm,DOB,observers,evtol,param_mismatch,3,0.023503,0.013526,0.0177553,0.0771143,0.00461159,0,0,0.00172931,1033.74,4784,nan,nan,nan,double
spm,AdaptiveObserver,observers,evtol,param_mismatch,3,0.0162108,0.0101831,0.0130102,0.0520376,0.00189165,0,0,0.00170307,666.131,4864,0.000135595,nan,nan,double
spm,IntervalObserver,observers,evtol,param_mismatch,3,0.0181159,0.0126891,0.0149096,0.0559402,0.000305682,0,0,0.00190958,663.804,9024,nan,0,0.36703,double
spm,JointEKF,soh,evtol,param_mismatch,3,0.0303496,0.0267873,0.0280169,0.0538768,-0.0127479,0,0,0.000817695,1158.87,8752,0.0536936,nan,nan,double
spm,JointUKF,soh,evtol,param_mismatch,3,0.0214333,0.00917368,0.0163637,0.0555172,0.0190289,581,0,0.00114603,3024.79,9600,0.505384,nan,nan,double
spm,DualEKF,soh,evtol,param_mismatch,3,0.0178693,0.0115454,0.0154939,0.031499,0.00327747,0,0,0.000889919,1168.68,4752,0.42411,nan,nan,double
spm,DualUKF,soh,evtol,param_mismatch,3,0.034985,0.0233777,0.0316806,0.0598008,0.0107841,0.2,0,0.001194,2202.5,5512,1.21622,nan,nan,double
spm,RLS-EKF,soh,evtol,param_mismatch,3,0.03622,0.0381858,0.0348387,0.0402079,-0.0396392,0,0,0.0011962,465.853,8904,nan,nan,nan,double
spm,AWTLS,soh,evtol,param_mismatch,3,0.0203786,0.0201527,0.0195648,0.030165,-0.0190157,0,0,0.0019659,451.936,8776,0.0798353,nan,nan,double
spm,PF-Bootstrap,particle,evtol,param_mismatch,3,0.0246942,0.0167994,0.0208623,0.0700759,0.00323823,0,0,0.00222464,75074.7,46472,nan,nan,nan,double
spm,PF-Fast,particle,evtol,param_mismatch,3,0.0282547,0.0190056,0.0229627,0.0982431,0.0139186,0,0,0.00190741,15726.4,9664,nan,nan,nan,double
spm,PF-Regularized,particle,evtol,param_mismatch,3,0.0217824,0.0146994,0.015873,0.0749025,0.00301775,0,0,0.00222667,80640.2,46464,nan,nan,nan,double
spm,PF-Auxiliary,particle,evtol,param_mismatch,3,0.0177533,0.0115435,0.0143707,0.0568033,0.00586329,0,0,0.00253067,99846.2,54584,nan,nan,nan,double
spm,RBPF,particle,evtol,param_mismatch,3,0.0153822,0.0126035,0.0126691,0.0512698,0.00486336,0,0,0.00178885,39796.1,34016,nan,nan,nan,double
spm,UPF,particle,evtol,param_mismatch,3,0.0370687,0.0250317,0.0320172,0.122429,0.00026441,1599.8,0,0.00160219,18298.3,25360,nan,nan,nan,double
spm,EnKF,particle,evtol,param_mismatch,3,0.0659887,0.0700082,0.0623872,0.112188,-0.0833643,0.2,0,0.00207479,9969.7,6776,nan,nan,nan,double
spm,ETKF,particle,evtol,param_mismatch,3,0.031973,0.0317209,0.0315561,0.0564059,-0.0341339,-1,0,0.0019906,10463.7,5304,nan,nan,nan,double
spm,GSF,particle,evtol,param_mismatch,3,0.0302257,0.034032,0.0117895,0.15035,-0.00404523,0,0,0.00192629,1740.28,9192,nan,nan,nan,double
spm,NN-Direct,learning,evtol,param_mismatch,3,0.0425984,0.0517493,0.0377044,0.110653,0.0110407,0,0,nan,505.744,15152,nan,nan,nan,double
spm,NN-EKF,learning,evtol,param_mismatch,3,0.00708801,0.00869865,0.00527411,0.0183666,-0.0153632,0,0,0.0027354,1061.65,4376,nan,nan,nan,double
spm,ELM-RLS-EKF,learning,evtol,param_mismatch,3,0.025011,0.0275918,0.0240201,0.032199,-0.0298512,0,0,0.00161303,3232.62,11704,nan,nan,nan,double
spm,MHE-RTI,optimization,evtol,param_mismatch,3,0.0299804,0.0337997,0.0285582,0.0427235,-0.0360709,0,0,0.00187974,16628.4,26928,nan,nan,nan,double
spm,MHE,optimization,evtol,param_mismatch,3,0.0499815,0.0554125,0.0476454,0.068177,-0.0650373,0,0,0.00187102,28937,26928,nan,nan,nan,double
spm,ERTS,smoothers,evtol,param_mismatch,3,0.0256853,0.0271307,0.0256251,0.0284157,-0.0284157,-1,0,0.0017823,867.688,12547032,nan,nan,nan,double
spm,URTS,smoothers,evtol,param_mismatch,3,0.0456864,0.0462286,0.0456813,0.0470455,-0.0468665,-1,0,0.00180067,2355,12547056,nan,nan,nan,double
spm,Batch-NLS,smoothers,evtol,param_mismatch,3,0.0361367,0.0368971,0.0361246,0.0378403,-0.0377772,-1,0,0.0014872,4501.62,17371352,nan,nan,nan,double
spm,FixedLag-EKF,smoothers,evtol,param_mismatch,3,0.0235561,0.0260807,0.0225408,0.0304376,-0.0283638,0,0,0.00196646,10091.5,19992,nan,nan,nan,double
spm,CoulombCounting,baselines,evtol,sensor_dropout,1,0.00357694,0.00465034,0.00314312,0.00600629,-0.00600629,0,0,0.0103082,75.4534,4184,nan,nan,nan,double
spm,OCVLookup,baselines,evtol,sensor_dropout,1,0.0180783,0.0203936,0.0136334,0.0652273,0.0129894,0,0,0.012713,1308.84,4192,nan,nan,nan,double
spm,CoulombOCVHybrid,baselines,evtol,sensor_dropout,1,0.00563073,0.00674087,0.00533042,0.00834767,0.00642022,0,0,0.0109016,207.393,4192,nan,nan,nan,double
spm,EKF,kalman,evtol,sensor_dropout,1,0.0511999,0.052788,0.0488882,0.0586144,-0.0514521,0,0,0.00190663,457.593,4336,nan,nan,nan,double
spm,UKF,kalman,evtol,sensor_dropout,1,0.057557,0.0593759,0.0548395,0.0657825,-0.0570204,0.4,0,0.00207536,1370.68,4776,nan,nan,nan,double
spm,LKF,kalman,evtol,sensor_dropout,1,0.0130439,0.0171018,0.011031,0.0296896,-0.0269673,0,0,0.00187356,326.225,4680,nan,nan,nan,double
spm,IEKF,kalman,evtol,sensor_dropout,1,0.0471961,0.0488182,0.0450721,0.0537788,-0.046821,0,0,0.00191584,569.016,4336,nan,nan,nan,double
spm,CKF,kalman,evtol,sensor_dropout,1,0.0782083,0.0790755,0.075018,0.0922879,-0.0713752,0,0,0.00187597,1212,4560,nan,nan,nan,double
spm,SCKF,kalman,evtol,sensor_dropout,1,0.0782083,0.0790755,0.075018,0.0922879,-0.0713752,0,0,0.00187597,1501.52,4696,nan,nan,nan,double
spm,CKF5,kalman,evtol,sensor_dropout,1,0.0774626,0.0783736,0.0742829,0.0913045,-0.0710735,0.1,0,0.00188247,3765.57,5624,nan,nan,nan,double
spm,CDKF,kalman,evtol,sensor_dropout,1,0.0774626,0.0783736,0.0742829,0.0913045,-0.0710735,0.1,0,0.00188247,1303.98,4312,nan,nan,nan,double
spm,GHKF,kalman,evtol,sensor_dropout,1,0.0774626,0.0783736,0.0742829,0.0913045,-0.0710735,0.1,0,0.00188247,11419.5,10784,nan,nan,nan,double
spm,IPLF,kalman,evtol,sensor_dropout,1,0.0470764,0.0488076,0.0452577,0.0534188,-0.0471924,0.2,0,0.00209292,1924.24,4784,nan,nan,nan,double
spm,EIF,kalman,evtol,sensor_dropout,1,0.0511999,0.052788,0.0488882,0.0586144,-0.0514521,0,0,0.00190663,1192.52,4472,nan,nan,nan,double
spm,SR-EKF,kalman,evtol,sensor_dropout,1,0.0511999,0.052788,0.0488882,0.0586144,-0.0514521,0,0,0.00190663,789.303,4440,nan,nan,nan,double
spm,SR-UKF,kalman,evtol,sensor_dropout,1,0.057557,0.0593759,0.0548395,0.0657825,-0.0570204,0.4,0,0.00207536,1464.93,4896,nan,nan,nan,double
spm,UD-EKF,kalman,evtol,sensor_dropout,1,0.0511999,0.052788,0.0488882,0.0586144,-0.0514521,0,0,0.00190663,464.172,4480,nan,nan,nan,double
spm,SO-EKF,kalman,evtol,sensor_dropout,1,0.048058,0.0497312,0.0458626,0.0540705,-0.0475109,0.4,0,0.00205155,3959.98,4496,nan,nan,nan,double
spm,SageHusa-AKF,adaptive_kalman,evtol,sensor_dropout,1,0.0342115,0.0351527,0.0326989,0.0404607,-0.0328784,0,0,0.00213472,508.184,4808,nan,nan,nan,double
spm,IAE-AKF,adaptive_kalman,evtol,sensor_dropout,1,0.0296758,0.0306038,0.0283955,0.0360076,-0.0283329,0,0,0.00214165,465.72,5040,nan,nan,nan,double
spm,VB-AKF,adaptive_kalman,evtol,sensor_dropout,1,0.035031,0.0362485,0.0334764,0.0410461,-0.0345047,0,0,0.00211978,838.034,4408,nan,nan,nan,double
spm,STF,adaptive_kalman,evtol,sensor_dropout,1,0.0111528,0.00578103,0.00707388,0.0927138,0.00637336,0,0,0.00199871,503.993,4680,nan,nan,nan,double
spm,Fading-EKF,adaptive_kalman,evtol,sensor_dropout,1,0.00506937,0.00311615,0.003816,0.026329,0.00428086,0,0,0.00197804,477.402,4384,nan,nan,nan,double
spm,Fuzzy-AKF,adaptive_kalman,evtol,sensor_dropout,1,0.0370814,0.0374362,0.0353888,0.046442,-0.0347183,0,0,0.00183603,699.507,4816,nan,nan,nan,double
spm,IMM,adaptive_kalman,evtol,sensor_dropout,1,0.0111871,0.0112516,0.0107129,0.0169367,-0.00903412,0,0,0.00192416,1965.89,4976,nan,nan,nan,double
spm,MMAE,adaptive_kalman,evtol,sensor_dropout,1,0.0629214,0.0611612,0.0598129,0.0772347,-0.0528873,0,0,0.00190078,1699.31,13200,-0.0167179,nan,nan,double
spm,Schmidt-KF,robust_kalman,evtol,sensor_dropout,1,0.00675763,0.00520691,0.005612,0.0152145,0.00782075,0,0,0.00747087,1247.24,8856,nan,nan,nan,double
spm,Hinf-EKF,robust_kalman,evtol,sensor_dropout,1,0.0344104,0.0339838,0.032991,0.046993,0.0318961,0,0,0.00190676,752.273,4408,nan,nan,nan,double
spm,Huber-EKF,robust_kalman,evtol,sensor_dropout,1,0.0448232,0.0459343,0.0429842,0.0532593,-0.044186,0,0,0.00186209,618.169,4368,nan,nan,nan,double
spm,MC-EKF,robust_kalman,evtol,sensor_dropout,1,0.0419665,0.0431145,0.0400851,0.0488185,-0.0414363,0,0,0.00175461,952.654,4384,nan,nan,nan,double
spm,StudentT-KF,robust_kalman,evtol,sensor_dropout,1,0.0458146,0.0467384,0.0437812,0.054863,-0.0445,0,0,0.00182793,674.536,4568,nan,nan,nan,double
spm,Constrained-EKF,robust_kalman,evtol,sensor_dropout,1,0.0511999,0.052788,0.0488882,0.0586144,-0.0514521,0,0,0.00190663,563.211,4416,nan,nan,nan,double
spm,ReducedOrder-EKF,robust_kalman,evtol,sensor_dropout,1,0.00746607,0.00709786,0.00569141,0.0174447,0.0111768,0,0,0.00194861,311.948,4272,nan,nan,nan,double
spm,SVSF,robust_kalman,evtol,sensor_dropout,1,0.0658817,0.0678646,0.0628816,0.0754874,-0.0657633,0,0,0.00203863,559.827,4376,nan,nan,nan,double
spm,Luenberger,observers,evtol,sensor_dropout,1,0.00951461,0.00621268,0.00591099,0.0711122,0.0088577,0,0,0.00193285,338.579,4632,nan,nan,nan,double
spm,SSKF,observers,evtol,sensor_dropout,1,0.00951461,0.00621268,0.00591099,0.0711122,0.0088577,0,0,0.00193285,329.959,4632,nan,nan,nan,double
spm,PI-Observer,observers,evtol,sensor_dropout,1,0.011356,0.00997919,0.00773726,0.0759426,0.0114892,0,0,0.00193927,1300.56,4824,nan,nan,nan,double
spm,SMO,observers,evtol,sensor_dropout,1,0.00956507,0.00613817,0.00589335,0.0718652,0.0087067,0,0,0.00193003,357.274,4800,nan,nan,nan,double
spm,SMO-Adaptive,observers,evtol,sensor_dropout,1,0.00948507,0.00596961,0.00580677,0.0715425,0.00842565,0,0,0.00193088,345.131,4800,nan,nan,nan,double
spm,SuperTwisting-SMO,observers,evtol,sensor_dropout,1,0.0106865,0.00965824,0.00761088,0.049917,0.0118728,0,0,0.00293854,132.062,4280,nan,nan,nan,double
spm,HGO,observers,evtol,sensor_dropout,1,0.00951461,0.00621268,0.00591099,0.0711122,0.0088577,0,0,0.00193285,343.324,4680,nan,nan,nan,double
spm,ESO,observers,evtol,sensor_dropout,1,0.0105724,0.00971206,0.00741632,0.066849,0.0113386,0,0,0.00192326,1110.86,4784,nan,nan,nan,double
spm,UIO,observers,evtol,sensor_dropout,1,0.0100623,0.00514914,0.00777604,0.0295694,0.00600486,0,0,0.00201737,457.574,5072,nan,nan,nan,double
spm,DOB,observers,evtol,sensor_dropout,1,0.00972195,0.00700469,0.00647919,0.0710842,0.0115051,0,0,0.00190024,812.191,4784,nan,nan,nan,double
spm,AdaptiveObserver,observers,evtol,sensor_dropout,1,0.00939881,0.00493594,0.0059668,0.0683393,0.00774187,0,0,0.00189887,703.807,4864,0.000471959,nan,nan,double
spm,IntervalObserver,observers,evtol,sensor_dropout,1,0.00951461,0.00621268,0.00591099,0.0711122,0.0088577,0,0,0.00193285,679.405,9024,nan,0,0.338523,double
spm,JointEKF,soh,evtol,sensor_dropout,1,0.0392446,0.0282045,0.0353417,0.0824492,-0.0141143,0,0,0.00180015,1161.4,8752,0.233623,nan,nan,double
spm,JointUKF,soh,evtol,sensor_dropout,1,0.0438402,0.0321437,0.0388023,0.0886591,-0.0136108,0.4,0,0.0019432,3016.08,9600,0.258457,nan,nan,double
spm,DualEKF,soh,evtol,sensor_dropout,1,0.0349021,0.0203993,0.0289368,0.0599919,0.00750852,0,0,0.00191918,1169.05,4752,0.755165,nan,nan,double
spm,DualUKF,soh,evtol,sensor_dropout,1,0.0872362,0.0821319,0.0815287,0.107447,-0.049792,0.4,0,0.00219921,2280.87,5512,1.33193,nan,nan,double
spm,RLS-EKF,soh,evtol,sensor_dropout,1,0.0701906,0.0724745,0.0670796,0.0788132,-0.0662079,0,0,0.00189197,481.408,8904,nan,nan,nan,double
spm,AWTLS,soh,evtol,sensor_dropout,1,0.0459943,0.0431328,0.0434865,0.0586144,-0.0322189,0,0,0.00190378,471.743,8776,0.259532,nan,nan,double
spm,PF-Bootstrap,particle,evtol,sensor_dropout,1,0.0110736,0.0085934,0.00810919,0.0711713,0.010121,0,0,0.0019127,74451.6,46472,nan,nan,nan,double
spm,PF-Fast,particle,evtol,sensor_dropout,1,0.0162252,0.0162454,0.0131328,0.0821815,0.0136537,388.2,0,0.00199826,15498.2,9664,nan,nan,nan,double
spm,PF-Regularized,particle,evtol,sensor_dropout,1,0.00918368,0.00756557,0.00633698,0.0722888,0.0123926,0,0,0.00195102,79393.2,46464,nan,nan,nan,double
spm,PF-Auxiliary,particle,evtol,sensor_dropout,1,0.0108358,0.00763791,0.00850341,0.0316743,0.0128153,0,0,0.00187147,99530.2,54584,nan,nan,nan,double
spm,RBPF,particle,evtol,sensor_dropout,1,0.00795485,0.00659048,0.00649697,0.0749539,-0.00928992,0,0,0.00198455,39341.5,34016,nan,nan,nan,double
spm,UPF,particle,evtol,sensor_dropout,1,0.0199649,0.0156934,0.0155057,0.0823489,0.0108396,443.5,0,0.00218424,18376,25360,nan,nan,nan,double
spm,EnKF,particle,evtol,sensor_dropout,1,0.0361841,0.0154992,0.0277482,0.0853129,-0.00311561,0.1,0,0.00184957,9884.22,6776,nan,nan,nan,double
spm,ETKF,particle,evtol,sensor_dropout,1,0.071749,0.0757392,0.0698057,0.0787359,-0.074571,-1,0,0.00186213,10420.7,5304,nan,nan,nan,double
spm,GSF,particle,evtol,sensor_dropout,1,0.0294802,0.0171765,0.0209106,0.0949109,-0.0152379,0,0,0.00189145,1664.77,9192,nan,nan,nan,double
spm,NN-Direct,learning,evtol,sensor_dropout,1,0.0422187,0.0511721,0.0373158,0.110646,0.0103852,0,0,nan,490.46,15152,nan,nan,nan,double
spm,NN-EKF,learning,evtol,sensor_dropout,1,0.0289489,0.0301528,0.0284349,0.032615,-0.0287406,0.1,0,0.00202562,1035.83,4376,nan,nan,nan,double
spm,ELM-RLS-EKF,learning,evtol,sensor_dropout,1,0.0482962,0.049996,0.0460636,0.0547612,-0.0477433,0,0,0.00180688,3284.1,11704,nan,nan,nan,double
spm,MHE-RTI,optimization,evtol,sensor_dropout,1,0.0640585,0.0658209,0.0613551,0.0779292,-0.0645329,0,0,0.00200623,16581.8,26928,nan,nan,nan,double
spm,MHE,optimization,evtol,sensor_dropout,1,0.0531523,0.0550205,0.0506396,0.0624574,-0.0553603,0,0,0.00202328,28638.3,26928,nan,nan,nan,double
spm,ERTS,smoothers,evtol,sensor_dropout,1,0.0503075,0.0507374,0.050304,0.0514886,-0.0514521,-1,0,0.00522859,882.679,12547032,nan,nan,nan,double
spm,URTS,smoothers,evtol,sensor_dropout,1,0.056281,0.0564922,0.0562797,0.0571077,-0.0570204,-1,0,0.00556384,2367.35,12547056,nan,nan,nan,double
spm,Batch-NLS,smoothers,evtol,sensor_dropout,1,0.0337237,0.0342467,0.0337171,0.0350873,-0.0350873,-1,0,0.00170692,4174.97,17371352,nan,nan,nan,double
spm,FixedLag-EKF,smoothers,evtol,sensor_dropout,1,0.0508166,0.0524655,0.0485122,0.0580518,-0.0513946,0,0,0.00190663,9893.37,19992,nan,nan,nan,double
spm,CoulombCounting,baselines,evtol,sensor_dropout,2,0.00358497,0.00466531,0.00314699,0.00600104,-0.00600104,0,0,0.0101466,76.1228,4184,nan,nan,nan,double
spm,OCVLookup,baselines,evtol,sensor_dropout,2,0.0176435,0.0197399,0.0133017,0.0624143,0.0125599,0,0,0.0124913,1307.03,4192,nan,nan,nan,double
spm,CoulombOCVHybrid,baselines,evtol,sensor_dropout,2,0.00552726,0.00662201,0.00523045,0.00804922,0.00617026,0,0,0.0106563,206.507,4192,nan,nan,nan,double
spm,EKF,kalman,evtol,sensor_dropout,2,0.0456738,0.0473622,0.043575,0.051686,-0.0448587,0,0,0.00216631,452.704,4336,nan,nan,nan,double
spm,UKF,kalman,evtol,sensor_dropout,2,0.0751867,0.0777617,0.0715782,0.0844902,-0.0739343,0.4,0,0.00228057,1368.17,4776,nan,nan,nan,double
spm,LKF,kalman,evtol,sensor_dropout,2,0.0128074,0.0167412,0.0108068,0.0297185,-0.0264776,0,0,0.00210979,323.289,4680,nan,nan,nan,double
spm,IEKF,kalman,evtol,sensor_dropout,2,0.0402256,0.0417199,0.0384179,0.0454114,-0.0397638,0,0,0.00216692,565.702,4336,nan,nan,nan,double
spm,CKF,kalman,evtol,sensor_dropout,2,0.0810512,0.0826575,0.0775973,0.0940752,-0.0762664,0,0,0.00212527,1187,4560,nan,nan,nan,double
spm,SCKF,kalman,evtol,sensor_dropout,2,0.0810512,0.0826575,0.0775973,0.0940752,-0.0762664,0,0,0.00212527,1497.69,4696,nan,nan,nan,double
spm,CKF5,kalman,evtol,sensor_dropout,2,0.0813932,0.0830518,0.0779115,0.0943065,-0.0765805,0.1,0,0.00213116,3757.4,5624,nan,nan,nan,double
spm,CDKF,kalman,evtol,sensor_dropout,2,0.0813932,0.0830518,0.0779115,0.0943065,-0.0765805,0.1,0,0.00213116,1292.86,4312,nan,nan,nan,double
spm,GHKF,kalman,evtol,sensor_dropout,2,0.0813932,0.0830518,0.0779115,0.0943065,-0.0765805,0.1,0,0.00213116,11329.3,10784,nan,nan,nan,double
spm,IPLF,kalman,evtol,sensor_dropout,2,0.0691568,0.071865,0.0663884,0.0767247,-0.0708438,0.2,0,0.00222965,1938.27,4784,nan,nan,nan,double
spm,EIF,kalman,evtol,sensor_dropout,2,0.0456738,0.0473622,0.043575,0.051686,-0.0448587,0,0,0.00216631,1194.66,4472,nan,nan,nan,double
spm,SR-EKF,kalman,evtol,sensor_dropout,2,0.0456738,0.0473622,0.043575,0.051686,-0.0448587,0,0,0.00216631,789.122,4440,nan,nan,nan,double
spm,SR-UKF,kalman,evtol,sensor_dropout,2,0.0751867,0.0777617,0.0715782,0.0844902,-0.0739343,0.4,0,0.00228057,1461.06,4896,nan,nan,nan,double
spm,UD-EKF,kalman,evtol,sensor_dropout,2,0.0456738,0.0473622,0.043575,0.051686,-0.0448587,0,0,0.00216631,455.407,4480,nan,nan,nan,double
spm,SO-EKF,kalman,evtol,sensor_dropout,2,0.0391996,0.0405625,0.0374045,0.0450885,-0.0387255,0.5,0,0.00229145,3969.5,4496,nan,nan,nan,double
spm,SageHusa-AKF,adaptive_kalman,evtol,sensor_dropout,2,0.0362537,0.0373997,0.0346464,0.0425602,-0.0344532,0,0,0.00228297,508.652,4808,nan,nan,nan,double
spm,IAE-AKF,adaptive_kalman,evtol,sensor_dropout,2,0.0324576,0.0332525,0.0311679,0.0380021,-0.0307222,0,0,0.00197283,472.717,5040,nan,nan,nan,double
spm,VB-AKF,adaptive_kalman,evtol,sensor_dropout,2,0.0315811,0.032704,0.0302648,0.0363639,-0.0299133,0,0,0.00237039,839.105,4408,nan,nan,nan,double
spm,STF,adaptive_kalman,evtol,sensor_dropout,2,0.0125823,0.00541775,0.00867136,0.0938058,0.00533747,0,0,0.00229397,512.243,4680,nan,nan,nan,double
spm,Fading-EKF,adaptive_kalman,evtol,sensor_dropout,2,0.00518878,0.00309612,0.0038202,0.0285514,0.00422438,0,0,0.00219571,473.346,4384,nan,nan,nan,double
spm,Fuzzy-AKF,adaptive_kalman,evtol,sensor_dropout,2,0.0291645,0.0299204,0.027853,0.0360147,-0.0280014,0,0,0.00208495,694.234,4816,nan,nan,nan,double
spm,IMM,adaptive_kalman,evtol,sensor_dropout,2,0.0205815,0.0206865,0.0196152,0.0270599,-0.017105,0,0,0.00217089,1953.28,4976,nan,nan,nan,double
spm,MMAE,adaptive_kalman,evtol,sensor_dropout,2,0.0614805,0.0596907,0.0581692,0.077303,-0.0465187,0,0,0.00216013,1674.9,13200,-0.0216259,nan,nan,double
spm,Schmidt-KF,robust_kalman,evtol,sensor_dropout,2,0.00595384,0.00478221,0.0045647,0.015485,0.00741418,0,0,0.00726919,1230.24,8856,nan,nan,nan,double
spm,Hinf-EKF,robust_kalman,evtol,sensor_dropout,2,0.0612563,0.0567146,0.0553595,0.0771034,0.0160552,0,0,0.00214198,740.531,4408,nan,nan,nan,double
spm,Huber-EKF,robust_kalman,evtol,sensor_dropout,2,0.0362922,0.0374284,0.0346805,0.0424285,-0.0346693,0,0,0.00202911,616.059,4368,nan,nan,nan,double
spm,MC-EKF,robust_kalman,evtol,sensor_dropout,2,0.0409061,0.0424447,0.039058,0.0462544,-0.0397167,0,0,0.00208611,940.984,4384,nan,nan,nan,double
spm,StudentT-KF,robust_kalman,evtol,sensor_dropout,2,0.0462465,0.0471597,0.0443789,0.0550462,-0.0444828,0,0,0.00197292,672.603,4568,nan,nan,nan,double
spm,Constrained-EKF,robust_kalman,evtol,sensor_dropout,2,0.0456738,0.0473622,0.043575,0.051686,-0.0448587,0,0,0.00216631,549.924,4416,nan,nan,nan,double
spm,ReducedOrder-EKF,robust_kalman,evtol,sensor_dropout,2,0.00733339,0.00672092,0.00551375,0.0175604,0.0106845,0,0,0.00207976,306.421,4272,nan,nan,nan,double
spm,SVSF,robust_kalman,evtol,sensor_dropout,2,0.0598117,0.0617705,0.0571336,0.0678926,-0.0600096,0,0,0.00227041,552.384,4376,nan,nan,nan,double
spm,Luenberger,observers,evtol,sensor_dropout,2,0.00715231,0.00555867,0.0048261,0.0496749,0.00821015,0,0,0.00216873,315.438,4632,nan,nan,nan,double
spm,SSKF,observers,evtol,sensor_dropout,2,0.00715231,0.00555867,0.0048261,0.0496749,0.00821015,0,0,0.00216873,318.748,4632,nan,nan,nan,double
spm,PI-Observer,observers,evtol,sensor_dropout,2,0.0113153,0.00964282,0.00763789,0.0764441,0.0127194,0,0,0.00218815,1127.53,4824,nan,nan,nan,double
spm,SMO,observers,evtol,sensor_dropout,2,0.00748215,0.00590883,0.00504955,0.0514987,0.00858617,0,0,0.00216869,341.605,4800,nan,nan,nan,double
spm,SMO-Adaptive,observers,evtol,sensor_dropout,2,0.00739556,0.00558145,0.00499005,0.0507169,0.00820826,0,0,0.00216728,338.135,4800,nan,nan,nan,double
spm,SuperTwisting-SMO,observers,evtol,sensor_dropout,2,0.0105621,0.00925955,0.00745191,0.0501862,0.0113836,0,0,0.00284243,133.34,4280,nan,nan,nan,double
spm,HGO,observers,evtol,sensor_dropout,2,0.00715231,0.00555867,0.0048261,0.0496749,0.00821015,0,0,0.00216873,319.907,4680,nan,nan,nan,double
spm,ESO,observers,evtol,sensor_dropout,2,0.0105771,0.00921327,0.00733443,0.0672258,0.0109845,0,0,0.00216295,1157.91,4784,nan,nan,nan,double
spm,UIO,observers,evtol,sensor_dropout,2,0.0101199,0.0052072,0.00780933,0.0296891,0.00582373,0,0,0.00227706,440.825,5072,nan,nan,nan,double
spm,DOB,observers,evtol,sensor_dropout,2,0.00962092,0.00658446,0.00631967,0.0711166,0.0108821,0,0,0.00217168,819.482,4784,nan,nan,nan,double
spm,AdaptiveObserver,observers,evtol,sensor_dropout,2,0.0071368,0.00446867,0.00497204,0.0471188,0.00745366,0,0,0.00213727,693.422,4864,0.00112289,nan,nan,double
spm,IntervalObserver,observers,evtol,sensor_dropout,2,0.00715231,0.00555867,0.0048261,0.0496749,0.00821015,0,0,0.00216873,629.26,9024,nan,0,0.339153,double
spm,JointEKF,soh,evtol,sensor_dropout,2,0.0397996,0.0284743,0.0350446,0.0853156,-0.0127756,0,0,0.00202506,1142.89,8752,0.258124,nan,nan,double
spm,JointUKF,soh,evtol,sensor_dropout,2,0.0380273,0.0219191,0.0314191,0.0894396,-0.00376546,0.4,0,0.00217819,2981.19,9600,0.414316,nan,nan,double
spm,DualEKF,soh,evtol,sensor_dropout,2,0.0202597,0.00962022,0.0161233,0.0388709,0.00975466,0,0,0.00224464,1166.42,4752,0.455874,nan,nan,double
spm,DualUKF,soh,evtol,sensor_dropout,2,0.0851699,0.0769086,0.0791187,0.112666,-0.0416536,0.4,0,0.0024248,2246.73,5512,1.32975,nan,nan,double
spm,RLS-EKF,soh,evtol,sensor_dropout,2,0.0649301,0.0673945,0.0619112,0.0725724,-0.0646531,0,0,0.0022121,467.252,8904,nan,nan,nan,double
spm,AWTLS,soh,evtol,sensor_dropout,2,0.0413447,0.0394051,0.0391533,0.051686,-0.031178,0,0,0.00216386,454.45,8776,0.22579,nan,nan,double
spm,PF-Bootstrap,particle,evtol,sensor_dropout,2,0.00912171,0.00412613,0.00567325,0.0712181,0.00251795,0,0,0.00218795,75747.7,46472,nan,nan,nan,double
spm,PF-Fast,particle,evtol,sensor_dropout,2,0.0104394,0.00809182,0.00642173,0.0813266,0.0191348,0,0,0.00222714,15824.6,9664,nan,nan,nan,double
spm,PF-Regularized,particle,evtol,sensor_dropout,2,0.0125975,0.0078233,0.0104259,0.0566745,0.00879168,0,0,0.00221673,79813.2,46464,nan,nan,nan,double
spm,PF-Auxiliary,particle,evtol,sensor_dropout,2,0.0087802,0.00752431,0.00750061,0.0435248,0.0100604,0,0,0.00203026,101302,54584,nan,nan,nan,double
spm,RBPF,particle,evtol,sensor_dropout,2,0.0205058,0.0185552,0.0191938,0.0830624,0.0173329,0,0,0.00226243,39574.5,34016,nan,nan,nan,double
spm,UPF,particle,evtol,sensor_dropout,2,0.0160917,0.0135856,0.012444,0.0878601,0.00424631,0,0,0.00242713,18458.3,25360,nan,nan,nan,double
spm,EnKF,particle,evtol,sensor_dropout,2,0.0191665,0.0123632,0.0154224,0.0769893,0.00943058,485.8,0,0.00209947,10069.9,6776,nan,nan,nan,double
spm,ETKF,particle,evtol,sensor_dropout,2,0.00849252,0.00608652,0.00570656,0.0626386,-0.00793951,22.2,0,0.00212988,10355.8,5304,nan,nan,nan,double
spm,GSF,particle,evtol,sensor_dropout,2,0.0252558,0.0155094,0.0192629,0.0920549,-0.013816,0,0,0.00214358,1675.07,9192,nan,nan,nan,double
spm,NN-Direct,learning,evtol,sensor_dropout,2,0.0418399,0.0507041,0.0369465,0.109395,0.00834175,0,0,nan,492.191,15152,nan,nan,nan,double
spm,NN-EKF,learning,evtol,sensor_dropout,2,0.0321822,0.0333895,0.0315326,0.0364305,-0.0311719,0,0,0.00218942,1021.23,4376,nan,nan,nan,double
spm,ELM-RLS-EKF,learning,evtol,sensor_dropout,2,0.0373378,0.0386204,0.0356062,0.0426214,-0.0368651,0,0,0.00208909,3282.33,11704,nan,nan,nan,double
spm,MHE-RTI,optimization,evtol,sensor_dropout,2,0.0780815,0.0809532,0.074603,0.0903136,-0.0804976,0,0,0.00228192,16625.2,26928,nan,nan,nan,double
spm,MHE,optimization,evtol,sensor_dropout,2,0.0737451,0.0764604,0.070287,0.0843947,-0.077714,0,0,0.00228252,28366.6,26928,nan,nan,nan,double
spm,ERTS,smoothers,evtol,sensor_dropout,2,0.0438905,0.0442198,0.0438878,0.0448587,-0.0448587,-1,0,0.00468587,843.282,12547032,nan,nan,nan,double
spm,URTS,smoothers,evtol,sensor_dropout,2,0.0740277,0.0738755,0.074027,0.0747278,-0.0739343,-1,0,0.00754768,2330.79,12547056,nan,nan,nan,double
spm,Batch-NLS,smoothers,evtol,sensor_dropout,2,0.0230017,0.0236182,0.0229885,0.0244665,-0.0244665,-1,0,0.00193541,4340.31,17371352,nan,nan,nan,double
spm,FixedLag-EKF,smoothers,evtol,sensor_dropout,2,0.0452986,0.047043,0.0432147,0.0511733,-0.0448002,0,0,0.00216631,10074.7,19992,nan,nan,nan,double
spm,CoulombCounting,baselines,evtol,sensor_dropout,3,0.00360539,0.00468848,0.00316521,0.00605556,-0.00605556,0,0,0.0103367,74.849,4184,nan,nan,nan,double
spm,OCVLookup,baselines,evtol,sensor_dropout,3,0.0181997,0.0206406,0.0138146,0.0642929,0.0134521,0,0,0.0127776,1304.11,4192,nan,nan,nan,double
spm,CoulombOCVHybrid,baselines,evtol,sensor_dropout,3,0.00548974,0.00658555,0.00519224,0.00807308,0.00683958,0,0,0.0108469,204.764,4192,nan,nan,nan,double
spm,EKF,kalman,evtol,sensor_dropout,3,0.0571498,0.0590135,0.054832,0.0685548,-0.0560142,0,0,0.00178278,452.436,4336,nan,nan,nan,double
spm,UKF,kalman,evtol,sensor_dropout,3,0.0790825,0.0805959,0.0759104,0.0992155,-0.0712904,0.2,0,0.00193196,1345.95,4776,nan,nan,nan,double
spm,LKF,kalman,evtol,sensor_dropout,3,0.0131615,0.0172924,0.0111184,0.0304225,-0.0272054,0,0,0.00176563,324.116,4680,nan,nan,nan,double
spm,IEKF,kalman,evtol,sensor_dropout,3,0.0628877,0.0649724,0.0600335,0.0761806,-0.0601262,0,0,0.00177392,570.684,4336,nan,nan,nan,double
spm,CKF,kalman,evtol,sensor_dropout,3,0.0844168,0.0855353,0.0808842,0.106904,-0.0733161,0,0,0.00175874,1191.97,4560,nan,nan,nan,double
spm,SCKF,kalman,evtol,sensor_dropout,3,0.0844168,0.0855353,0.0808842,0.106904,-0.0733161,0,0,0.00175874,1506.07,4696,nan,nan,nan,double
spm,CKF5,kalman,evtol,sensor_dropout,3,0.0844514,0.0856393,0.0809902,0.106667,-0.0736639,0.1,0,0.00176298,3749.7,5624,nan,nan,nan,double
spm,CDKF,kalman,evtol,sensor_dropout,3,0.0844514,0.0856393,0.0809902,0.106667,-0.0736639,0.1,0,0.00176298,1295.67,4312,nan,nan,nan,double
spm,GHKF,kalman,evtol,sensor_dropout,3,0.0844514,0.0856393,0.0809902,0.106667,-0.0736639,0.1,0,0.00176298,11396.6,10784,nan,nan,nan,double
spm,IPLF,kalman,evtol,sensor_dropout,3,0.065928,0.0682707,0.062893,0.073755,-0.0649614,0.2,0,0.00194963,1914.99,4784,nan,nan,nan,double
spm,EIF,kalman,evtol,sensor_dropout,3,0.0571498,0.0590135,0.054832,0.0685548,-0.0560142,0,0,0.00178278,1167.29,4472,nan,nan,nan,double
spm,SR-EKF,kalman,evtol,sensor_dropout,3,0.0571498,0.0590135,0.054832,0.0685548,-0.0560142,0,0,0.00178278,769.267,4440,nan,nan,nan,double
spm,SR-UKF,kalman,evtol,sensor_dropout,3,0.0790825,0.0805959,0.0759104,0.0992155,-0.0712904,0.2,0,0.00193196,1450.66,4896,nan,nan,nan,double
spm,UD-EKF,kalman,evtol,sensor_dropout,3,0.0571498,0.0590135,0.054832,0.0685548,-0.0560142,0,0,0.00178278,450.616,4480,nan,nan,nan,double
spm,SO-EKF,kalman,evtol,sensor_dropout,3,0.061792,0.0637175,0.0594855,0.0704726,-0.0601671,0.2,0,0.00192885,3938.56,4496,nan,nan,nan,double
spm,SageHusa-AKF,adaptive_kalman,evtol,sensor_dropout,3,0.0341082,0.0346571,0.0328412,0.0429143,-0.0328505,0,0,0.00199363,506.286,4808,nan,nan,nan,double
spm,IAE-AKF,adaptive_kalman,evtol,sensor_dropout,3,0.031344,0.0318562,0.0300291,0.0395823,-0.0303337,0,0,0.00216618,471.91,5040,nan,nan,nan,double
spm,VB-AKF,adaptive_kalman,evtol,sensor_dropout,3,0.0356748,0.0364053,0.034369,0.0431682,-0.0346392,0,0,0.00197556,838.394,4408,nan,nan,nan,double
spm,STF,adaptive_kalman,evtol,sensor_dropout,3,0.0124754,0.00853997,0.00944472,0.0962182,0.0131566,0,0,0.00203263,502.145,4680,nan,nan,nan,double
spm,Fading-EKF,adaptive_kalman,evtol,sensor_dropout,3,0.00526399,0.00310955,0.00403928,0.0257311,0.0037654,0,0,0.00183794,489.289,4384,nan,nan,nan,double
spm,Fuzzy-AKF,adaptive_kalman,evtol,sensor_dropout,3,0.0327552,0.0334085,0.0312764,0.0413305,-0.0308319,0,0,0.00210745,707.18,4816,nan,nan,nan,double
spm,IMM,adaptive_kalman,evtol,sensor_dropout,3,0.0167222,0.0160418,0.0161731,0.0252295,-0.0139844,0,0,0.00187215,1965.27,4976,nan,nan,nan,double
spm,MMAE,adaptive_kalman,evtol,sensor_dropout,3,0.0701877,0.0695045,0.0668125,0.0822806,-0.0573103,0,0,0.00179248,1682.2,13200,-0.0185526,nan,nan,double
spm,Schmidt-KF,robust_kalman,evtol,sensor_dropout,3,0.0079264,0.00508592,0.00687067,0.0168314,0.00533344,0,0,0.00769579,1220.87,8856,nan,nan,nan,double
spm,Hinf-EKF,robust_kalman,evtol,sensor_dropout,3,0.0614091,0.0611226,0.0589521,0.0765085,-0.0621191,0,0,0.00177788,739.103,4408,nan,nan,nan,double
spm,Huber-EKF,robust_kalman,evtol,sensor_dropout,3,0.0415336,0.0427285,0.0400739,0.048361,-0.041324,0,0,0.00171878,617.727,4368,nan,nan,nan,double
spm,MC-EKF,robust_kalman,evtol,sensor_dropout,3,0.0358752,0.037101,0.0343897,0.0420762,-0.036087,0,0,0.00203062,935.559,4384,nan,nan,nan,double
spm,StudentT-KF,robust_kalman,evtol,sensor_dropout,3,0.044333,0.0453681,0.0425269,0.0529387,-0.0433385,0,0,0.00170906,663.394,4568,nan,nan,nan,double
spm,Constrained-EKF,robust_kalman,evtol,sensor_dropout,3,0.0571498,0.0590135,0.054832,0.0685548,-0.0560142,0,0,0.00178278,554.872,4416,nan,nan,nan,double
spm,ReducedOrder-EKF,robust_kalman,evtol,sensor_dropout,3,0.00742437,0.00717664,0.00567981,0.0172793,0.0114219,0,0,0.00187043,309.472,4272,nan,nan,nan,double
spm,SVSF,robust_kalman,evtol,sensor_dropout,3,0.0507712,0.0522088,0.0484186,0.06003,-0.050611,0,0,0.00190161,551.249,4376,nan,nan,nan,double
spm,Luenberger,observers,evtol,sensor_dropout,3,0.00937215,0.00635734,0.00588875,0.0728744,0.00887201,0,0,0.00183237,344.962,4632,nan,nan,nan,double
spm,SSKF,observers,evtol,sensor_dropout,3,0.00937215,0.00635734,0.00588875,0.0728744,0.00887201,0,0,0.00183237,334.244,4632,nan,nan,nan,double
spm,PI-Observer,observers,evtol,sensor_dropout,3,0.0114777,0.00999486,0.00783222,0.0812603,0.0124633,0,0,0.00188657,1119.19,4824,nan,nan,nan,double
spm,SMO,observers,evtol,sensor_dropout,3,0.00948157,0.00644016,0.00598298,0.0736087,0.00895187,0,0,0.00183592,359.747,4800,nan,nan,nan,double
spm,SMO-Adaptive,observers,evtol,sensor_dropout,3,0.00948676,0.00646272,0.00597981,0.0733155,0.00904025,0,0,0.00183256,336.48,4800,nan,nan,nan,double
spm,SuperTwisting-SMO,observers,evtol,sensor_dropout,3,0.0105783,0.00975419,0.00760807,0.0492433,0.0122644,0,0,0.00295464,132.318,4280,nan,nan,nan,double
spm,HGO,observers,evtol,sensor_dropout,3,0.00937215,0.00635734,0.00588875,0.0728744,0.00887201,0,0,0.00183237,350.48,4680,nan,nan,nan,double
spm,ESO,observers,evtol,sensor_dropout,3,0.0105811,0.0101383,0.00759337,0.0702626,0.0119423,0,0,0.00182996,1297.39,4784,nan,nan,nan,double
spm,UIO,observers,evtol,sensor_dropout,3,0.0100282,0.00512196,0.00775538,0.029636,0.00559487,0,0,0.00196265,419.443,5072,nan,nan,nan,double
spm,DOB,observers,evtol,sensor_dropout,3,0.0096233,0.00722395,0.00649147,0.0723562,0.0121496,0,0,0.00183914,949.79,4784,nan,nan,nan,double
spm,AdaptiveObserver,observers,evtol,sensor_dropout,3,0.00902338,0.00508649,0.00563455,0.070603,0.00775223,0,0,0.00179505,714.493,4864,0.000905281,nan,nan,double
spm,IntervalObserver,observers,evtol,sensor_dropout,3,0.00937215,0.00635734,0.00588875,0.0728744,0.00887201,0,0,0.00183237,680.581,9024,nan,0,0.337981,double
spm,JointEKF,soh,evtol,sensor_dropout,3,0.0294414,0.0108191,0.0217616,0.0816605,0.00524278,0,0,0.00172043,1178.94,8752,0.533398,nan,nan,double
spm,JointUKF,soh,evtol,sensor_dropout,3,0.0278335,0.0119396,0.0199622,0.0845914,0.0181881,0.2,0,0.00188024,2981.41,9600,0.80377,nan,nan,double
spm,DualEKF,soh,evtol,sensor_dropout,3,0.0370745,0.0207554,0.0309113,0.0653425,0.00909724,0,0,0.00177543,1159.01,4752,0.796639,nan,nan,double
spm,DualUKF,soh,evtol,sensor_dropout,3,0.0533339,0.0340436,0.0459459,0.0936386,0.00829681,0.2,0,0.00198325,2220.13,5512,1.49098,nan,nan,double
spm,RLS-EKF,soh,evtol,sensor_dropout,3,0.0754557,0.0763808,0.072097,0.0901363,-0.0640547,0,0,0.00187389,465.084,8904,nan,nan,nan,double
spm,AWTLS,soh,evtol,sensor_dropout,3,0.0527154,0.0508436,0.0503322,0.0685548,-0.0422369,0,0,0.00177948,455.19,8776,0.233447,nan,nan,double
spm,PF-Bootstrap,particle,evtol,sensor_dropout,3,0.0123022,0.00922971,0.00993867,0.0647152,0.0145649,0,0,0.0019211,74067.8,46472,nan,nan,nan,double
spm,PF-Fast,particle,evtol,sensor_dropout,3,0.0128801,0.0071812,0.00964645,0.082559,0.0112109,0,0,0.00203365,15598.9,9664,nan,nan,nan,double
spm,PF-Regularized,particle,evtol,sensor_dropout,3,0.00878579,0.00573408,0.00567463,0.0778772,0.00494618,0,0,0.00194574,80189.5,46464,nan,nan,nan,double
spm,PF-Auxiliary,particle,evtol,sensor_dropout,3,0.0121735,0.00542847,0.00924653,0.0404885,-0.00269636,0,0,0.00174447,101052,54584,nan,nan,nan,double
spm,RBPF,particle,evtol,sensor_dropout,3,0.011903,0.0081859,0.00971322,0.0784219,0.00140388,0,0,0.00200603,40970.5,34016,nan,nan,nan,double
spm,UPF,particle,evtol,sensor_dropout,3,0.0183723,0.0109584,0.0130257,0.0840718,0.00547468,396,0,0.0021529,18439.1,25360,nan,nan,nan,double
spm,EnKF,particle,evtol,sensor_dropout,3,0.0218694,0.0261165,0.0176485,0.0538948,-0.0466639,0.1,0,0.00180346,10146.9,6776,nan,nan,nan,double
spm,ETKF,particle,evtol,sensor_dropout,3,0.0193589,0.019426,0.0192117,0.0413191,0.0211112,0.1,0,0.00186519,10506.4,5304,nan,nan,nan,double
spm,GSF,particle,evtol,sensor_dropout,3,0.0305139,0.0228218,0.0221001,0.10201,-0.0163399,0,0,0.00183176,1668.12,9192,nan,nan,nan,double
spm,NN-Direct,learning,evtol,sensor_dropout,3,0.0426161,0.0517493,0.0377213,0.110653,0.0110407,0,0,nan,487.255,15152,nan,nan,nan,double
spm,NN-EKF,learning,evtol,sensor_dropout,3,0.0300929,0.0313024,0.0295127,0.034207,-0.0302891,0.1,0,0.00184398,1024.72,4376,nan,nan,nan,double
spm,ELM-RLS-EKF,learning,evtol,sensor_dropout,3,0.0523047,0.0540501,0.05006,0.0594366,-0.0503109,0,0,0.00172278,3228.16,11704,nan,nan,nan,double
spm,MHE-RTI,optimization,evtol,sensor_dropout,3,0.0812497,0.0828619,0.0774141,0.0953009,-0.0790557,0,0,0.00195081,16709.5,26928,nan,nan,nan,double
spm,MHE,optimization,evtol,sensor_dropout,3,0.0430126,0.0450636,0.041538,0.0492408,-0.0445798,0,0,0.00198199,28569.6,26928,nan,nan,nan,double
spm,ERTS,smoothers,evtol,sensor_dropout,3,0.0555598,0.0556492,0.0555591,0.0561505,-0.0560142,-1,0,0.00470283,854.722,12547032,nan,nan,nan,double
spm,URTS,smoothers,evtol,sensor_dropout,3,0.073128,0.0721992,0.0731205,0.0748704,-0.0712904,-1,0,0.00530098,2308.94,12547056,nan,nan,nan,double
spm,Batch-NLS,smoothers,evtol,sensor_dropout,3,0.0281027,0.0288507,0.0280872,0.0298563,-0.0298563,-1,0,0.00154923,4213.59,17371352,nan,nan,nan,double
spm,FixedLag-EKF,smoothers,evtol,sensor_dropout,3,0.0567645,0.0586854,0.0544514,0.0674391,-0.0559619,0,0,0.00178278,10013.7,19992,nan,nan,nan,double
