plant,estimator,group,profile,scenario,seed,rmse,rmse_ss,mae,max_err,final_err,conv_time,diverged,rmse_v,ns_per_step,bytes,capacity_err_end,bound_violation,bound_width,real_type
ecm,CoulombCounting,baselines,evtol,nominal,1,0.00277138,0.00355927,0.00247159,0.00443065,-0.00443065,0,0,0.00340291,78.7773,4184,nan,nan,nan,double
ecm,OCVLookup,baselines,evtol,nominal,1,0.0153592,0.013122,0.0128298,0.0426444,0.00259155,0,0,0.0117887,1309.55,4192,nan,nan,nan,double
ecm,CoulombOCVHybrid,baselines,evtol,nominal,1,0.00277808,0.001657,0.00251776,0.00493218,0.000571711,0,0,0.00178049,210.992,4192,nan,nan,nan,double
ecm,EKF,kalman,evtol,nominal,1,0.00131538,0.000559237,0.000791801,0.0131962,-0.000746449,0,0,0.000791586,480.556,4336,nan,nan,nan,double
ecm,UKF,kalman,evtol,nominal,1,0.00220111,0.000425253,0.00111323,0.0400167,-0.000659761,0.4,0,0.00108186,1444.76,4776,nan,nan,nan,double
ecm,LKF,kalman,evtol,nominal,1,0.0323967,0.0118853,0.0244269,0.0630802,-0.0101933,0,0,0.00112211,333.555,4680,nan,nan,nan,double
ecm,IEKF,kalman,evtol,nominal,1,0.00531638,0.00133868,0.00372443,0.0149121,0.000250139,0,0,0.000794912,595.989,4336,nan,nan,nan,double
ecm,CKF,kalman,evtol,nominal,1,0.000644927,0.000520435,0.000469459,0.010206,-0.000717884,0,0,0.000800653,1251.79,4560,nan,nan,nan,double
ecm,SCKF,kalman,evtol,nominal,1,0.000644927,0.000520435,0.000469459,0.010206,-0.000717884,0,0,0.000800653,1581.13,4696,nan,nan,nan,double
ecm,CKF5,kalman,evtol,nominal,1,0.000670086,0.000504954,0.000476707,0.0148211,-0.000726924,0,0,0.000808462,4041.97,5624,nan,nan,nan,double
ecm,CDKF,kalman,evtol,nominal,1,0.000670086,0.000504954,0.000476707,0.0148211,-0.000726924,0,0,0.000808462,1379.35,4312,nan,nan,nan,double
ecm,GHKF,kalman,evtol,nominal,1,0.000670086,0.000504954,0.000476707,0.0148211,-0.000726924,0,0,0.000808462,11944.7,10784,nan,nan,nan,double
ecm,IPLF,kalman,evtol,nominal,1,0.00521255,0.000666603,0.00299546,0.0346797,-0.000144109,0.3,0,0.00109318,2016.72,4784,nan,nan,nan,double
ecm,EIF,kalman,evtol,nominal,1,0.00131538,0.000559237,0.000791801,0.0131962,-0.000746449,0,0,0.000791586,1220.95,4472,nan,nan,nan,double
ecm,SR-EKF,kalman,evtol,nominal,1,0.00131538,0.000559237,0.000791801,0.0131962,-0.000746449,0,0,0.000791586,821.162,4440,nan,nan,nan,double
ecm,SR-UKF,kalman,evtol,nominal,1,0.00220111,0.000425253,0.00111323,0.0400167,-0.000659761,0.4,0,0.00108186,1557.66,4896,nan,nan,nan,double
ecm,UD-EKF,kalman,evtol,nominal,1,0.00131538,0.000559237,0.000791801,0.0131962,-0.000746449,0,0,0.000791586,484.832,4480,nan,nan,nan,double
ecm,SO-EKF,kalman,evtol,nominal,1,0.00299008,0.000294019,0.00171828,0.0391218,-0.000464696,0.4,0,0.00104519,4201.71,4496,nan,nan,nan,double
ecm,SageHusa-AKF,adaptive_kalman,evtol,nominal,1,0.00140587,0.000465442,0.000885979,0.0131962,-0.000657492,0,0,0.000790335,546.114,4808,nan,nan,nan,double
ecm,IAE-AKF,adaptive_kalman,evtol,nominal,1,0.00242409,0.000292716,0.00148664,0.0131962,-0.000445382,0,0,0.00079085,501.187,5040,nan,nan,nan,double
ecm,VB-AKF,adaptive_kalman,evtol,nominal,1,0.0013929,0.000488104,0.000876712,0.0131962,-0.000706052,0,0,0.000789386,879.967,4408,nan,nan,nan,double
ecm,STF,adaptive_kalman,evtol,nominal,1,0.00236532,0.000938353,0.0014772,0.0305789,-0.000898339,0,0,0.000903069,539.602,4680,nan,nan,nan,double
ecm,Fading-EKF,adaptive_kalman,evtol,nominal,1,0.00194693,0.000559516,0.00125797,0.0131962,0.000380075,0,0,0.000773192,502.712,4384,nan,nan,nan,double
ecm,Fuzzy-AKF,adaptive_kalman,evtol,nominal,1,0.00122288,0.000438818,0.000751339,0.0131962,-0.000589978,0,0,0.000790192,726.903,4816,nan,nan,nan,double
ecm,IMM,adaptive_kalman,evtol,nominal,1,0.00121254,0.000596446,0.000745913,0.0125792,-0.000794638,0,0,0.000791176,2076.26,4976,nan,nan,nan,double
ecm,MMAE,adaptive_kalman,evtol,nominal,1,0.00426058,0.00327172,0.00404589,0.0131962,-0.00166712,0,0,0.000800432,1752.05,13200,-0.000721937,nan,nan,double
ecm,Schmidt-KF,robust_kalman,evtol,nominal,1,0.0039036,0.00511204,0.00332698,0.0131824,-0.00593957,0,0,0.00378412,1293.13,8856,nan,nan,nan,double
ecm,Hinf-EKF,robust_kalman,evtol,nominal,1,0.000934897,0.00029506,0.00049492,0.0132241,-0.000512344,0,0,0.000791881,802.851,4408,nan,nan,nan,double
ecm,Huber-EKF,robust_kalman,evtol,nominal,1,0.00109221,0.000585179,0.000678704,0.0131962,-0.000728015,0,0,0.000780151,645.374,4368,nan,nan,nan,double
ecm,MC-EKF,robust_kalman,evtol,nominal,1,0.00111442,0.00076368,0.000829322,0.0131962,-0.000914646,0,0,0.00078701,1000.63,4384,nan,nan,nan,double
ecm,StudentT-KF,robust_kalman,evtol,nominal,1,0.00107081,0.000433486,0.000715954,0.0131962,-0.000627599,0,0,0.000766248,695.806,4568,nan,nan,nan,double
ecm,Constrained-EKF,robust_kalman,evtol,nominal,1,0.00131649,0.000564339,0.000794848,0.0131962,-0.000747384,0,0,0.000791591,586.408,4416,nan,nan,nan,double
ecm,ReducedOrder-EKF,robust_kalman,evtol,nominal,1,0.00230164,0.000759964,0.00149936,0.0132455,0.000585696,0,0,0.000745653,332.381,4272,nan,nan,nan,double
ecm,SVSF,robust_kalman,evtol,nominal,1,0.00183736,0.000409842,0.00102846,0.00678109,-0.000609971,0,0,0.000771212,584.268,4376,nan,nan,nan,double
ecm,Luenberger,observers,evtol,nominal,1,0.00198881,0.000796348,0.00140306,0.00584353,0.000599251,0,0,0.000814989,478.33,4632,nan,nan,nan,double
ecm,SSKF,observers,evtol,nominal,1,0.00198881,0.000796348,0.00140306,0.00584353,0.000599251,0,0,0.000814989,415.68,4632,nan,nan,nan,double
ecm,PI-Observer,observers,evtol,nominal,1,0.00255938,0.000906441,0.00159054,0.0124344,0.00063242,0,0,0.000873848,1280.01,4824,nan,nan,nan,double
ecm,SMO,observers,evtol,nominal,1,0.00199457,0.000815903,0.00140689,0.00592843,0.000605301,0,0,0.000822091,517.139,4800,nan,nan,nan,double
ecm,SMO-Adaptive,observers,evtol,nominal,1,0.00199126,0.000809212,0.00140531,0.00591551,0.000600177,0,0,0.000818543,511.067,4800,nan,nan,nan,double
ecm,SuperTwisting-SMO,observers,evtol,nominal,1,0.00268217,0.000922095,0.00166364,0.0142786,0.000586051,0,0,0.000791609,142.248,4280,nan,nan,nan,double
ecm,HGO,observers,evtol,nominal,1,0.00198881,0.000796348,0.00140306,0.00584353,0.000599251,0,0,0.000814989,479.13,4680,nan,nan,nan,double
ecm,ESO,observers,evtol,nominal,1,0.00257396,0.000985585,0.00163569,0.0124344,0.000622723,0,0,0.000816593,1391.67,4784,nan,nan,nan,double
ecm,UIO,observers,evtol,nominal,1,0.00181438,0.000694344,0.00117218,0.00801694,-0.000785657,0,0,0.00381369,608.591,5072,nan,nan,nan,double
ecm,DOB,observers,evtol,nominal,1,0.00074835,0.000221339,0.000478973,0.00264753,-0.000102507,0,0,0.000899262,569.574,4784,nan,nan,nan,double
ecm,AdaptiveObserver,observers,evtol,nominal,1,0.00186794,0.000519667,0.00115311,0.00580585,0.000452012,0,0,0.000813527,899.931,4864,0.0160938,nan,nan,double
ecm,IntervalObserver,observers,evtol,nominal,1,0.00198881,0.000796348,0.00140306,0.00584353,0.000599251,0,0,0.000814989,807.688,9024,nan,0,0.273836,double
ecm,JointEKF,soh,evtol,nominal,1,0.00116055,0.000535578,0.000713095,0.0131651,0.000684749,0,0,0.000809036,1236.94,8752,0.0485809,nan,nan,double
ecm,JointUKF,soh,evtol,nominal,1,0.00181456,0.00105818,0.0012152,0.0400056,-0.000181791,0.4,0,0.00108604,3206.58,9600,0.0312423,nan,nan,double
ecm,DualEKF,soh,evtol,nominal,1,0.000989779,0.000152145,0.000436425,0.0131962,0.000269436,0,0,0.00079147,1275.47,4752,0.0489267,nan,nan,double
ecm,DualUKF,soh,evtol,nominal,1,0.00200574,0.000626949,0.00125895,0.0400284,-0.000777011,0.4,0,0.00110391,2390.51,5512,0.0287685,nan,nan,double
ecm,RLS-EKF,soh,evtol,nominal,1,0.00790337,0.00541264,0.00711647,0.0154559,0.00490518,0,0,0.00139287,498.174,8904,nan,nan,nan,double
ecm,AWTLS,soh,evtol,nominal,1,0.00125773,0.000127723,0.000571064,0.0131962,0.000192798,0,0,0.000791509,482.929,8776,0.0406033,nan,nan,double
ecm,PF-Bootstrap,particle,evtol,nominal,1,0.00142455,0.00175178,0.00111311,0.00673335,0.000745689,0,0,0.000841455,76520.8,46472,nan,nan,nan,double
ecm,PF-Fast,particle,evtol,nominal,1,0.00223805,0.00222887,0.00180934,0.00989326,0.00127698,0,0,0.000913632,15960.4,9664,nan,nan,nan,double
ecm,PF-Regularized,particle,evtol,nominal,1,0.00125421,0.000911663,0.000925292,0.00671296,-0.000889046,0,0,0.000834291,81623.6,46464,nan,nan,nan,double
ecm,PF-Auxiliary,particle,evtol,nominal,1,0.00172939,0.00129632,0.00133683,0.00709985,0.00208336,0,0,0.000865406,104236,54584,nan,nan,nan,double
ecm,RBPF,particle,evtol,nominal,1,0.00105768,0.00062747,0.000629173,0.0087835,-0.00138487,0,0,0.000798406,39895.5,34016,nan,nan,nan,double
ecm,UPF,particle,evtol,nominal,1,0.00542416,0.00415321,0.00385052,0.0337205,-0.00157894,0,0,0.00125573,18613.9,25360,nan,nan,nan,double
ecm,EnKF,particle,evtol,nominal,1,0.00273952,0.00247204,0.00210318,0.025925,0.0011701,0.1,0,0.000814813,10283,6776,nan,nan,nan,double
ecm,ETKF,particle,evtol,nominal,1,0.00218184,0.00259797,0.00187674,0.0285345,-0.00285887,0.1,0,0.000821683,10551.4,5304,nan,nan,nan,double
ecm,GSF,particle,evtol,nominal,1,0.00121073,0.000579577,0.000760151,0.00513755,-0.000792917,0,0,0.000825406,1748.71,9192,nan,nan,nan,double
ecm,NN-Direct,learning,evtol,nominal,1,0.00868969,0.011748,0.00540237,0.0417983,-0.018842,0,0,nan,483.825,15152,nan,nan,nan,double
ecm,NN-EKF,learning,evtol,nominal,1,0.00839396,0.00280353,0.00596785,0.0361187,-0.00630603,196.5,0,0.000855379,1059.44,4376,nan,nan,nan,double
ecm,ELM-RLS-EKF,learning,evtol,nominal,1,0.00169315,0.000220947,0.00106261,0.0131962,-0.000325265,0,0,0.000781185,3291.72,11704,nan,nan,nan,double
ecm,MHE-RTI,optimization,evtol,nominal,1,0.00452423,0.000779833,0.00190939,0.0176332,-0.00158681,0,0,0.000850094,17270.2,26928,nan,nan,nan,double
ecm,MHE,optimization,evtol,nominal,1,0.00389736,0.00101237,0.00176014,0.0155796,-0.00195848,0,0,0.000848635,32402.7,26928,nan,nan,nan,double
ecm,ERTS,smoothers,evtol,nominal,1,0.00119707,0.000386634,0.000908495,0.00277374,-0.000746449,0,0,0.00072793,906.693,12547032,nan,nan,nan,double
ecm,URTS,smoothers,evtol,nominal,1,0.00133947,0.000409766,0.00102282,0.0030569,-0.000659761,0,0,0.000730673,2473.07,12547056,nan,nan,nan,double
ecm,Batch-NLS,smoothers,evtol,nominal,1,0.00132931,0.000401052,0.000996542,0.00308345,-0.000765283,0,0,0.000727775,4662.17,17371352,nan,nan,nan,double
ecm,FixedLag-EKF,smoothers,evtol,nominal,1,0.00146556,0.000414387,0.000890732,0.0131962,-0.00068854,0,0,0.000791586,9859.55,19992,nan,nan,nan,double
ecm,CoulombCounting,baselines,evtol,nominal,2,0.00279832,0.0035998,0.00249178,0.0044623,-0.0044623,0,0,0.00344801,79.4005,4184,nan,nan,nan,double
ecm,OCVLookup,baselines,evtol,nominal,2,0.0151034,0.0128218,0.0126816,0.041927,0.0026521,0,0,0.0115674,1309.91,4192,nan,nan,nan,double
ecm,CoulombOCVHybrid,baselines,evtol,nominal,2,0.00280723,0.00165994,0.00254279,0.0049648,0.000639137,0,0,0.00177968,209.629,4192,nan,nan,nan,double
ecm,EKF,kalman,evtol,nominal,2,0.00198801,0.00045044,0.00105464,0.00922286,-0.000643991,0,0,0.000786299,476.839,4336,nan,nan,nan,double
ecm,UKF,kalman,evtol,nominal,2,0.00186588,0.000488954,0.000999478,0.0397385,-0.000642348,0.5,0,0.0010695,1441.54,4776,nan,nan,nan,double
ecm,LKF,kalman,evtol,nominal,2,0.0318496,0.0118822,0.0240697,0.0617976,-0.0103445,0,0,0.00110864,334.279,4680,nan,nan,nan,double
ecm,IEKF,kalman,evtol,nominal,2,0.00205814,0.000507177,0.00110352,0.0101276,-0.000746287,0,0,0.000786198,595.6,4336,nan,nan,nan,double
ecm,CKF,kalman,evtol,nominal,2,0.000813328,0.000545076,0.000515686,0.0143757,-0.000655554,0,0,0.000796835,1258.44,4560,nan,nan,nan,double
ecm,SCKF,kalman,evtol,nominal,2,0.000813328,0.000545076,0.000515686,0.0143757,-0.000655554,0,0,0.000796835,1590.03,4696,nan,nan,nan,double
ecm,CKF5,kalman,evtol,nominal,2,0.000937545,0.000559137,0.000571945,0.0190057,-0.000665109,0,0,0.000804504,4014.48,5624,nan,nan,nan,double
ecm,CDKF,kalman,evtol,nominal,2,0.000937545,0.000559137,0.000571945,0.0190057,-0.000665109,0,0,0.000804504,1373.94,4312,nan,nan,nan,double
ecm,GHKF,kalman,evtol,nominal,2,0.000937545,0.000559137,0.000571945,0.0190057,-0.000665109,0,0,0.000804504,11999.8,10784,nan,nan,nan,double
ecm,IPLF,kalman,evtol,nominal,2,0.00243692,0.00104656,0.00144192,0.0357796,-0.001055,0.3,0,0.00107795,2031.9,4784,nan,nan,nan,double
ecm,EIF,kalman,evtol,nominal,2,0.00198801,0.00045044,0.00105464,0.00922286,-0.000643991,0,0,0.000786299,1221.75,4472,nan,nan,nan,double
ecm,SR-EKF,kalman,evtol,nominal,2,0.00198801,0.00045044,0.00105464,0.00922286,-0.000643991,0,0,0.000786299,819.024,4440,nan,nan,nan,double
ecm,SR-UKF,kalman,evtol,nominal,2,0.00186588,0.000488954,0.000999478,0.0397385,-0.000642348,0.5,0,0.0010695,1554.47,4896,nan,nan,nan,double
ecm,UD-EKF,kalman,evtol,nominal,2,0.00198801,0.00045044,0.00105464,0.00922286,-0.000643991,0,0,0.000786299,483.806,4480,nan,nan,nan,double
ecm,SO-EKF,kalman,evtol,nominal,2,0.00141451,0.000583645,0.000835229,0.0392474,-0.000707507,0.4,0,0.0010329,4204.34,4496,nan,nan,nan,double
ecm,SageHusa-AKF,adaptive_kalman,evtol,nominal,2,0.0033432,0.000480989,0.00208952,0.00958177,-0.000128007,0,0,0.000785228,545.023,4808,nan,nan,nan,double
ecm,IAE-AKF,adaptive_kalman,evtol,nominal,2,0.001956,0.000450334,0.0010867,0.00943612,-0.000644128,0,0,0.000784202,500.186,5040,nan,nan,nan,double
ecm,VB-AKF,adaptive_kalman,evtol,nominal,2,0.00217482,0.000574364,0.00118002,0.0104351,-0.000663386,0,0,0.000784199,871.473,4408,nan,nan,nan,double
ecm,STF,adaptive_kalman,evtol,nominal,2,0.00223986,0.000940858,0.00137838,0.0238525,0.000308653,0,0,0.000900319,528.343,4680,nan,nan,nan,double
ecm,Fading-EKF,adaptive_kalman,evtol,nominal,2,0.00222312,0.00054115,0.00138374,0.00777207,0.000709202,0,0,0.000768514,500.423,4384,nan,nan,nan,double
ecm,Fuzzy-AKF,adaptive_kalman,evtol,nominal,2,0.00345206,0.000410466,0.0020283,0.0116089,-0.000137396,0,0,0.000785724,729.44,4816,nan,nan,nan,double
ecm,IMM,adaptive_kalman,evtol,nominal,2,0.0020092,0.000348645,0.0010819,0.00923598,-0.000518143,0,0,0.000786151,2077.72,4976,nan,nan,nan,double
ecm,MMAE,adaptive_kalman,evtol,nominal,2,0.00420724,0.00325606,0.00397416,0.00923648,-0.0015899,0,0,0.000801033,1776.14,13200,-0.00161992,nan,nan,double
ecm,Schmidt-KF,robust_kalman,evtol,nominal,2,0.00359341,0.00433876,0.00306319,0.00844,-0.00376434,0,0,0.00366528,1301.99,8856,nan,nan,nan,double
ecm,Hinf-EKF,robust_kalman,evtol,nominal,2,0.00186372,0.000327347,0.000925445,0.00948237,-0.000369472,0,0,0.000786542,798.294,4408,nan,nan,nan,double
ecm,Huber-EKF,robust_kalman,evtol,nominal,2,0.00145089,0.000350768,0.000912146,0.00827881,-0.000528421,0,0,0.000776776,642.049,4368,nan,nan,nan,double
ecm,MC-EKF,robust_kalman,evtol,nominal,2,0.00200817,0.000349425,0.0011036,0.00906392,-0.00052027,0,0,0.000782089,998.049,4384,nan,nan,nan,double
ecm,StudentT-KF,robust_kalman,evtol,nominal,2,0.00168889,0.000493965,0.000979333,0.00827881,-0.000668664,0,0,0.000762994,695.936,4568,nan,nan,nan,double
ecm,Constrained-EKF,robust_kalman,evtol,nominal,2,0.00198802,0.000450735,0.00105471,0.00922286,-0.000644311,0,0,0.000786304,585.481,4416,nan,nan,nan,double
ecm,ReducedOrder-EKF,robust_kalman,evtol,nominal,2,0.00220944,0.000694112,0.00143949,0.00872276,0.000640629,0,0,0.00073708,330.279,4272,nan,nan,nan,double
ecm,SVSF,robust_kalman,evtol,nominal,2,0.0015826,0.000436169,0.000916935,0.00660304,-0.000571992,0,0,0.000769422,582.625,4376,nan,nan,nan,double
ecm,Luenberger,observers,evtol,nominal,2,0.00189865,0.000749944,0.00133384,0.00582461,0.000988851,0,0,0.000810549,472.069,4632,nan,nan,nan,double
ecm,SSKF,observers,evtol,nominal,2,0.00189865,0.000749944,0.00133384,0.00582461,0.000988851,0,0,0.000810549,411.699,4632,nan,nan,nan,double
ecm,PI-Observer,observers,evtol,nominal,2,0.0025161,0.00088217,0.00156051,0.0113019,0.00134815,0,0,0.000892142,1472.93,4824,nan,nan,nan,double
ecm,SMO,observers,evtol,nominal,2,0.00193442,0.000767888,0.00135845,0.00598324,0.000987785,0,0,0.00081751,534.049,4800,nan,nan,nan,double
ecm,SMO-Adaptive,observers,evtol,nominal,2,0.00192605,0.000761408,0.00135293,0.00597097,0.000990226,0,0,0.000814003,514.94,4800,nan,nan,nan,double
ecm,SuperTwisting-SMO,observers,evtol,nominal,2,0.00263285,0.000844909,0.00162848,0.0126056,0.00079037,0,0,0.000783352,142.263,4280,nan,nan,nan,double
ecm,HGO,observers,evtol,nominal,2,0.00189865,0.000749944,0.00133384,0.00582461,0.000988851,0,0,0.000810549,476.223,4680,nan,nan,nan,double
ecm,ESO,observers,evtol,nominal,2,0.00252365,0.000924315,0.00159654,0.0113019,0.00131821,0,0,0.000814684,1557.3,4784,nan,nan,nan,double
ecm,UIO,observers,evtol,nominal,2,0.00177021,0.000618502,0.00111183,0.00844561,-0.000701249,0,0,0.00394674,580.757,5072,nan,nan,nan,double
ecm,DOB,observers,evtol,nominal,2,0.000740571,0.000223942,0.000477878,0.00267632,6.38532e-05,0,0,0.000892874,611.921,4784,nan,nan,nan,double
ecm,AdaptiveObserver,observers,evtol,nominal,2,0.0017646,0.000423538,0.00104373,0.00582071,0.000833716,0,0,0.000808272,926.008,4864,0.0158467,nan,nan,double
ecm,IntervalObserver,observers,evtol,nominal,2,0.00189865,0.000749944,0.00133384,0.00582461,0.000988851,0,0,0.000810549,798.181,9024,nan,0,0.27449,double
ecm,JointEKF,soh,evtol,nominal,2,0.00112399,0.000700986,0.00081846,0.00859916,0.000560899,0,0,0.000800442,1214.76,8752,0.0461548,nan,nan,double
ecm,JointUKF,soh,evtol,nominal,2,0.00133182,0.00119596,0.00100734,0.0398016,0.000153505,0.5,0,0.00107281,3098.31,9600,0.0397424,nan,nan,double
ecm,DualEKF,soh,evtol,nominal,2,0.00296477,0.00183389,0.0022196,0.00919322,-0.000864761,0,0,0.000786427,1271.98,4752,0.060848,nan,nan,double
ecm,DualUKF,soh,evtol,nominal,2,0.00165607,0.000702852,0.00123889,0.0397455,0.000286218,0.5,0,0.00109545,2370.7,5512,0.0371681,nan,nan,double
ecm,RLS-EKF,soh,evtol,nominal,2,0.00691302,0.00476198,0.00636932,0.0127497,0.00452128,0,0,0.00128937,496.431,8904,nan,nan,nan,double
ecm,AWTLS,soh,evtol,nominal,2,0.00198945,0.000480539,0.00106645,0.00922286,-0.000383741,0,0,0.000786361,519.973,8776,0.0297547,nan,nan,double
ecm,PF-Bootstrap,particle,evtol,nominal,2,0.00203128,0.00157179,0.00146314,0.00784156,-9.27377e-05,0,0,0.000835036,76386.7,46472,nan,nan,nan,double
ecm,PF-Fast,particle,evtol,nominal,2,0.00215164,0.00126194,0.00157811,0.00873471,-0.00051546,0,0,0.000902969,15997.8,9664,nan,nan,nan,double
ecm,PF-Regularized,particle,evtol,nominal,2,0.00195464,0.00182407,0.00140138,0.00871707,0.00146419,0,0,0.000824969,81850,46464,nan,nan,nan,double
ecm,PF-Auxiliary,particle,evtol,nominal,2,0.00174137,0.00134516,0.00128991,0.00880802,0.000542626,0,0,0.000857245,104352,54584,nan,nan,nan,double
ecm,RBPF,particle,evtol,nominal,2,0.00165112,0.000749681,0.00107385,0.00539568,-0.00103625,0,0,0.00079525,39833.1,34016,nan,nan,nan,double
ecm,UPF,particle,evtol,nominal,2,0.00757786,0.00338997,0.00434716,0.0502977,0.00413984,0,0,0.00126523,18518.4,25360,nan,nan,nan,double
ecm,EnKF,particle,evtol,nominal,2,0.00450055,0.001789,0.00266248,0.0351459,0.000363124,0.1,0,0.000810785,10271.5,6776,nan,nan,nan,double
ecm,ETKF,particle,evtol,nominal,2,0.00839598,0.00943839,0.00821168,0.0348696,-0.0112949,0.1,0,0.000836422,10512.6,5304,nan,nan,nan,double
ecm,GSF,particle,evtol,nominal,2,0.00270088,0.000402607,0.00147804,0.0104341,-0.000642127,0,0,0.000821205,1743.3,9192,nan,nan,nan,double
ecm,NN-Direct,learning,evtol,nominal,2,0.00892686,0.0121622,0.00536325,0.0437653,-0.0204286,0,0,nan,481.465,15152,nan,nan,nan,double
ecm,NN-EKF,learning,evtol,nominal,2,0.00871597,0.00273982,0.00612798,0.0289832,-0.00606881,200.4,0,0.000827524,1058.66,4376,nan,nan,nan,double
ecm,ELM-RLS-EKF,learning,evtol,nominal,2,0.00209694,0.000301731,0.00118834,0.00922286,-0.000319632,0,0,0.000773996,3276.21,11704,nan,nan,nan,double
ecm,MHE-RTI,optimization,evtol,nominal,2,0.00292043,0.000958973,0.00185193,0.012781,-0.00133543,0,0,0.000843245,17214.6,26928,nan,nan,nan,double
ecm,MHE,optimization,evtol,nominal,2,0.00254713,0.00147316,0.00180217,0.00970427,-0.00176813,0,0,0.000843059,32279.9,26928,nan,nan,nan,double
ecm,ERTS,smoothers,evtol,nominal,2,0.00133888,0.000395836,0.00101783,0.00304781,-0.000643991,0,0,0.000729419,902.622,12547032,nan,nan,nan,double
ecm,URTS,smoothers,evtol,nominal,2,0.00132081,0.000387062,0.00100087,0.00301239,-0.000642348,0,0,0.000732262,2461.78,12547056,nan,nan,nan,double
ecm,Batch-NLS,smoothers,evtol,nominal,2,0.00141863,0.000426837,0.00109101,0.0031416,-0.000549551,0,0,0.000726238,4693.87,17371352,nan,nan,nan,double
ecm,FixedLag-EKF,smoothers,evtol,nominal,2,0.00215717,0.000368938,0.00122066,0.00927776,-0.000585502,0,0,0.000786299,9915.15,19992,nan,nan,nan,double
ecm,CoulombCounting,baselines,evtol,nominal,3,0.00278581,0.00357847,0.00248219,0.00445006,-0.00445006,0,0,0.00339272,78.3608,4184,nan,nan,nan,double
ecm,OCVLookup,baselines,evtol,nominal,3,0.0154825,0.0131926,0.0129218,0.0442907,0.00270195,0,0,0.0118783,1306.59,4192,nan,nan,nan,double
ecm,CoulombOCVHybrid,baselines,evtol,nominal,3,0.00284768,0.00171805,0.0025892,0.00501049,0.000665013,0,0,0.00181857,211.631,4192,nan,nan,nan,double
ecm,EKF,kalman,evtol,nominal,3,0.00129554,0.000555418,0.000788199,0.00964518,-0.000851062,0,0,0.000798701,476.165,4336,nan,nan,nan,double
ecm,UKF,kalman,evtol,nominal,3,0.00201588,0.000429758,0.00109978,0.0407864,-0.000774618,0.5,0,0.00108016,1439.02,4776,nan,nan,nan,double
ecm,LKF,kalman,evtol,nominal,3,0.0326937,0.0118851,0.024599,0.0636792,-0.0101137,0,0,0.00114943,327.006,4680,nan,nan,nan,double
ecm,IEKF,kalman,evtol,nominal,3,0.00155893,0.000428862,0.000971381,0.00957108,-0.00080986,0,0,0.000798516,592.28,4336,nan,nan,nan,double
ecm,CKF,kalman,evtol,nominal,3,0.000882519,0.00054023,0.000558716,0.0124226,-0.000790107,0,0,0.000807872,1250.7,4560,nan,nan,nan,double
ecm,SCKF,kalman,evtol,nominal,3,0.000882519,0.00054023,0.000558716,0.0124226,-0.000790107,0,0,0.000807872,1578.46,4696,nan,nan,nan,double
ecm,CKF5,kalman,evtol,nominal,3,0.00082621,0.000558476,0.000518215,0.0170456,-0.000797037,0,0,0.000815496,4012.49,5624,nan,nan,nan,double
ecm,CDKF,kalman,evtol,nominal,3,0.00082621,0.000558476,0.000518215,0.0170456,-0.000797037,0,0,0.000815496,1375.18,4312,nan,nan,nan,double
ecm,GHKF,kalman,evtol,nominal,3,0.00082621,0.000558476,0.000518215,0.0170456,-0.000797037,0,0,0.000815496,11989.9,10784,nan,nan,nan,double
ecm,IPLF,kalman,evtol,nominal,3,0.00323293,0.000575477,0.00144605,0.0365461,-0.000863748,0.2,0,0.00108436,2033.02,4784,nan,nan,nan,double
ecm,EIF,kalman,evtol,nominal,3,0.00129554,0.000555418,0.000788199,0.00964518,-0.000851062,0,0,0.000798701,1220.97,4472,nan,nan,nan,double
ecm,SR-EKF,kalman,evtol,nominal,3,0.00129554,0.000555418,0.000788199,0.00964518,-0.000851062,0,0,0.000798701,824.033,4440,nan,nan,nan,double
ecm,SR-UKF,kalman,evtol,nominal,3,0.00201588,0.000429758,0.00109978,0.0407864,-0.000774618,0.5,0,0.00108016,1551.7,4896,nan,nan,nan,double
ecm,UD-EKF,kalman,evtol,nominal,3,0.00129554,0.000555418,0.000788199,0.00964518,-0.000851062,0,0,0.000798701,483.326,4480,nan,nan,nan,double
ecm,SO-EKF,kalman,evtol,nominal,3,0.00345342,0.000459215,0.00211653,0.0401818,-0.000486115,0.5,0,0.00104402,4188.97,4496,nan,nan,nan,double
ecm,SageHusa-AKF,adaptive_kalman,evtol,nominal,3,0.00233192,0.000389043,0.00138517,0.00964518,-0.000746573,0,0,0.000798583,541.075,4808,nan,nan,nan,double
ecm,IAE-AKF,adaptive_kalman,evtol,nominal,3,0.00214928,0.000387693,0.00126833,0.00964518,-0.000748469,0,0,0.000796608,497.235,5040,nan,nan,nan,double
ecm,VB-AKF,adaptive_kalman,evtol,nominal,3,0.00117177,0.000538495,0.000732451,0.00964518,-0.000828947,0,0,0.000796924,871.7,4408,nan,nan,nan,double
ecm,STF,adaptive_kalman,evtol,nominal,3,0.00245118,0.00110408,0.00158039,0.0228104,0.00115237,0,0,0.000902603,532.424,4680,nan,nan,nan,double
ecm,Fading-EKF,adaptive_kalman,evtol,nominal,3,0.00203557,0.000537191,0.00125692,0.00964518,0.000363632,0,0,0.00078087,500.597,4384,nan,nan,nan,double
ecm,Fuzzy-AKF,adaptive_kalman,evtol,nominal,3,0.00104461,0.000513858,0.000638324,0.00964518,-0.000790487,0,0,0.000798069,724.2,4816,nan,nan,nan,double
ecm,IMM,adaptive_kalman,evtol,nominal,3,0.00216148,0.000401094,0.00127597,0.00919419,-0.000780779,0,0,0.000798697,2055.42,4976,nan,nan,nan,double
ecm,MMAE,adaptive_kalman,evtol,nominal,3,0.00416063,0.00347997,0.00398071,0.00964518,-0.00172059,0,0,0.000808303,1749.72,13200,-0.00165213,nan,nan,double
ecm,Schmidt-KF,robust_kalman,evtol,nominal,3,0.0039589,0.00436907,0.00376683,0.00963274,-0.00401735,0,0,0.00406945,1285.4,8856,nan,nan,nan,double
ecm,Hinf-EKF,robust_kalman,evtol,nominal,3,0.00131665,0.000431553,0.000721599,0.00966553,-0.000743372,0,0,0.00079865,794.816,4408,nan,nan,nan,double
ecm,Huber-EKF,robust_kalman,evtol,nominal,3,0.00143119,0.00056989,0.00083761,0.00964518,-0.000854689,0,0,0.000786976,639.833,4368,nan,nan,nan,double
ecm,MC-EKF,robust_kalman,evtol,nominal,3,0.00173861,0.000399234,0.00107029,0.00964519,-0.000767271,0,0,0.000794274,998.184,4384,nan,nan,nan,double
ecm,StudentT-KF,robust_kalman,evtol,nominal,3,0.00161882,0.000358056,0.00104118,0.00964518,-0.000677716,0,0,0.000772456,695.756,4568,nan,nan,nan,double
ecm,Constrained-EKF,robust_kalman,evtol,nominal,3,0.00129802,0.000566843,0.000794591,0.00964518,-0.000869497,0,0,0.00079871,585.999,4416,nan,nan,nan,double
ecm,ReducedOrder-EKF,robust_kalman,evtol,nominal,3,0.00229499,0.000727426,0.00147376,0.0096812,0.000576263,0,0,0.000753298,331.37,4272,nan,nan,nan,double
ecm,SVSF,robust_kalman,evtol,nominal,3,0.00194778,0.000445162,0.00107828,0.00704485,-0.000744015,0,0,0.000786421,578.94,4376,nan,nan,nan,double
ecm,Luenberger,observers,evtol,nominal,3,0.00196097,0.000768433,0.0013631,0.00599836,0.000448424,0,0,0.000823743,487.433,4632,nan,nan,nan,double
ecm,SSKF,observers,evtol,nominal,3,0.00196097,0.000768433,0.0013631,0.00599836,0.000448424,0,0,0.000823743,423.049,4632,nan,nan,nan,double
ecm,PI-Observer,observers,evtol,nominal,3,0.00277884,0.00146138,0.00180618,0.013783,0.000483451,0,0,0.00137431,1372.63,4824,nan,nan,nan,double
ecm,SMO,observers,evtol,nominal,3,0.00198301,0.00078543,0.00137285,0.00615428,0.000419168,0,0,0.000830503,515.329,4800,nan,nan,nan,double
ecm,SMO-Adaptive,observers,evtol,nominal,3,0.00198175,0.000775855,0.00137331,0.00613729,0.000429758,0,0,0.000827084,503.207,4800,nan,nan,nan,double
ecm,SuperTwisting-SMO,observers,evtol,nominal,3,0.00268616,0.000879447,0.00164086,0.0142166,0.000721991,0,0,0.000803569,141.758,4280,nan,nan,nan,double
ecm,HGO,observers,evtol,nominal,3,0.00196097,0.000768433,0.0013631,0.00599836,0.000448424,0,0,0.000823743,495.547,4680,nan,nan,nan,double
ecm,ESO,observers,evtol,nominal,3,0.00253823,0.000957979,0.00160241,0.011855,0.000480937,0,0,0.000827399,1479.1,4784,nan,nan,nan,double
ecm,UIO,observers,evtol,nominal,3,0.00179825,0.000706616,0.00116553,0.00835327,-0.00103562,0,0,0.00394478,564.787,5072,nan,nan,nan,double
ecm,DOB,observers,evtol,nominal,3,0.000756648,0.000224288,0.000484634,0.00285998,-0.000382393,0,0,0.000904504,586.745,4784,nan,nan,nan,double
ecm,AdaptiveObserver,observers,evtol,nominal,3,0.00183957,0.000498674,0.00111084,0.00599438,0.000255105,0,0,0.000821464,884.123,4864,0.0162358,nan,nan,double
ecm,IntervalObserver,observers,evtol,nominal,3,0.00196097,0.000768433,0.0013631,0.00599836,0.000448424,0,0,0.000823743,807.545,9024,nan,0,0.273235,double
ecm,JointEKF,soh,evtol,nominal,3,0.00104004,0.000308324,0.000575424,0.00961724,0.000493207,0,0,0.000837386,1209.21,8752,0.0540277,nan,nan,double
ecm,JointUKF,soh,evtol,nominal,3,0.0013922,0.00107952,0.00105581,0.0408425,-0.000479969,0.5,0,0.0010976,3103.36,9600,0.0232756,nan,nan,double
ecm,DualEKF,soh,evtol,nominal,3,0.001004,0.00049168,0.000589518,0.00964518,-0.000654003,0,0,0.000800228,1269.06,4752,0.036639,nan,nan,double
ecm,DualUKF,soh,evtol,nominal,3,0.00227877,0.00128466,0.00193649,0.0407973,-2.41441e-05,0.5,0,0.0011208,2368.86,5512,0.0217994,nan,nan,double
ecm,RLS-EKF,soh,evtol,nominal,3,0.00679962,0.00485777,0.0062086,0.0135183,0.00426238,0,0,0.00136985,495.005,8904,nan,nan,nan,double
ecm,AWTLS,soh,evtol,nominal,3,0.00123666,6.18036e-05,0.000572699,0.00964518,-1.67859e-05,0,0,0.000798555,475.971,8776,0.0367235,nan,nan,double
ecm,PF-Bootstrap,particle,evtol,nominal,3,0.00152109,0.00140299,0.00123179,0.00788422,0.001501,0,0,0.000853805,76444.3,46472,nan,nan,nan,double
ecm,PF-Fast,particle,evtol,nominal,3,0.0018968,0.00199687,0.00143737,0.00930437,0.000723079,0,0,0.000935242,15872.1,9664,nan,nan,nan,double
ecm,PF-Regularized,particle,evtol,nominal,3,0.0016952,0.000988149,0.00118186,0.00860912,0.00011632,0,0,0.000843673,82238.3,46464,nan,nan,nan,double
ecm,PF-Auxiliary,particle,evtol,nominal,3,0.00182009,0.00179333,0.00134364,0.0103465,-0.00100132,0,0,0.000875217,105139,54584,nan,nan,nan,double
ecm,RBPF,particle,evtol,nominal,3,0.00159858,0.000309851,0.00101661,0.00587876,-0.00031009,0,0,0.00081991,40757.8,34016,nan,nan,nan,double
ecm,UPF,particle,evtol,nominal,3,0.00497779,0.00388714,0.00381629,0.0286901,-0.00383552,0,0,0.00127482,18714.4,25360,nan,nan,nan,double
ecm,EnKF,particle,evtol,nominal,3,0.00321859,0.00371795,0.00270421,0.0340663,-0.0030771,0.1,0,0.000844597,10526,6776,nan,nan,nan,double
ecm,ETKF,particle,evtol,nominal,3,0.000940046,0.000868789,0.000729978,0.0340599,-0.00107774,0.1,0,0.000823429,10620.7,5304,nan,nan,nan,double
ecm,GSF,particle,evtol,nominal,3,0.00220255,0.000404845,0.00132351,0.00793736,-0.000791886,0,0,0.000831736,1749.15,9192,nan,nan,nan,double
ecm,NN-Direct,learning,evtol,nominal,3,0.00839596,0.0112486,0.00534269,0.0396258,-0.0180116,0,0,nan,485.207,15152,nan,nan,nan,double
ecm,NN-EKF,learning,evtol,nominal,3,0.0083035,0.0030008,0.0058784,0.0322143,-0.00669183,197.1,0,0.000850024,1060.7,4376,nan,nan,nan,double
ecm,ELM-RLS-EKF,learning,evtol,nominal,3,0.0015985,0.000313506,0.00105027,0.00964518,-0.000580743,0,0,0.00078754,3365.62,11704,nan,nan,nan,double
ecm,MHE-RTI,optimization,evtol,nominal,3,0.00326083,0.000598475,0.00146068,0.0169975,-0.000966549,0,0,0.000855846,17537.2,26928,nan,nan,nan,double
ecm,MHE,optimization,evtol,nominal,3,0.00343059,0.0009232,0.00169683,0.0172714,-0.000971186,0,0,0.000855688,32888.3,26928,nan,nan,nan,double
ecm,ERTS,smoothers,evtol,nominal,3,0.00121684,0.000425383,0.000930372,0.00279706,-0.000851062,0,0,0.000738439,937.521,12547032,nan,nan,nan,double
ecm,URTS,smoothers,evtol,nominal,3,0.00137097,0.000434714,0.00104821,0.00310332,-0.000774618,0,0,0.000744775,2513.01,12547056,nan,nan,nan,double
ecm,Batch-NLS,smoothers,evtol,nominal,3,0.00137575,0.000476357,0.00104982,0.00315102,-0.000939541,0,0,0.000738291,4583.6,17371352,nan,nan,nan,double
ecm,FixedLag-EKF,smoothers,evtol,nominal,3,0.00146465,0.000423806,0.000919334,0.00964518,-0.000798607,0,0,0.000798701,10187.6,19992,nan,nan,nan,double
ecm,CoulombCounting,baselines,evtol,init_error,1,0.352474,0.35352,0.352472,0.354431,-0.354431,-1,1,8.19844,78.8548,4184,nan,nan,nan,double
ecm,OCVLookup,baselines,evtol,init_error,1,0.0332669,0.013122,0.0171732,0.348799,0.00259155,76.8,0,0.0234799,1325.9,4192,nan,nan,nan,double
ecm,CoulombOCVHybrid,baselines,evtol,init_error,1,0.0598021,0.0443067,0.0500246,0.349399,-0.00999737,-1,0,0.0469434,212.386,4192,nan,nan,nan,double
ecm,EKF,kalman,evtol,init_error,1,0.00161164,0.000488749,0.000912502,0.00828788,-0.000702388,0,0,0.002117,483.628,4336,nan,nan,nan,double
ecm,UKF,kalman,evtol,init_error,1,0.00120242,0.000640147,0.000709125,0.02994,-0.000799577,0.1,0,0.00205007,1457.68,4776,nan,nan,nan,double
ecm,LKF,kalman,evtol,init_error,1,0.0344991,0.0219857,0.0299197,0.0603853,0.0120093,0,0,0.00223682,331.778,4680,nan,nan,nan,double
ecm,IEKF,kalman,evtol,init_error,1,0.0016486,0.000653855,0.000870141,0.00962843,-0.000869014,0,0,0.00211737,596.868,4336,nan,nan,nan,double
ecm,CKF,kalman,evtol,init_error,1,0.0157614,0.000876157,0.00610983,0.0632882,-0.000962302,219.2,0,0.00210484,1263.32,4560,nan,nan,nan,double
ecm,SCKF,kalman,evtol,init_error,1,0.0157614,0.000876157,0.00610983,0.0632882,-0.000962302,219.2,0,0.00210484,1587.14,4696,nan,nan,nan,double
ecm,CKF5,kalman,evtol,init_error,1,0.0179813,0.00110213,0.00727454,0.0700468,-0.00112211,227.4,0,0.0021058,4035.55,5624,nan,nan,nan,double
ecm,CDKF,kalman,evtol,init_error,1,0.0179813,0.00110213,0.00727454,0.0700468,-0.00112211,227.4,0,0.0021058,1403.91,4312,nan,nan,nan,double
ecm,GHKF,kalman,evtol,init_error,1,0.0179813,0.00110213,0.00727454,0.0700468,-0.00112211,227.4,0,0.0021058,12116.7,10784,nan,nan,nan,double
ecm,IPLF,kalman,evtol,init_error,1,0.00298573,0.000303417,0.00155629,0.0107495,-0.000548504,0,0,0.00204702,2023.39,4784,nan,nan,nan,double
ecm,EIF,kalman,evtol,init_error,1,0.00161164,0.000488749,0.000912502,0.00828788,-0.000702388,0,0,0.002117,1225.74,4472,nan,nan,nan,double
ecm,SR-EKF,kalman,evtol,init_error,1,0.00161164,0.000488749,0.000912502,0.00828788,-0.000702388,0,0,0.002117,827.448,4440,nan,nan,nan,double
ecm,SR-UKF,kalman,evtol,init_error,1,0.00120242,0.000640147,0.000709125,0.02994,-0.000799577,0.1,0,0.00205007,1591.92,4896,nan,nan,nan,double
ecm,UD-EKF,kalman,evtol,init_error,1,0.00161164,0.000488749,0.000912502,0.00828788,-0.000702388,0,0,0.002117,502.776,4480,nan,nan,nan,double
ecm,SO-EKF,kalman,evtol,init_error,1,0.0015005,0.000756698,0.000984935,0.027822,-0.000907362,0.1,0,0.00204019,4279.25,4496,nan,nan,nan,double
ecm,SageHusa-AKF,adaptive_kalman,evtol,init_error,1,0.00140662,0.000574318,0.000802702,0.00828886,-0.000794084,0,0,0.00211647,550.211,4808,nan,nan,nan,double
ecm,IAE-AKF,adaptive_kalman,evtol,init_error,1,0.00135668,0.000582459,0.000776317,0.00828886,-0.000769266,0,0,0.00211613,520.841,5040,nan,nan,nan,double
ecm,VB-AKF,adaptive_kalman,evtol,init_error,1,0.00207552,0.000295061,0.00124459,0.00807153,-0.000518706,0,0,0.00211638,889.712,4408,nan,nan,nan,double
ecm,STF,adaptive_kalman,evtol,init_error,1,0.00229844,0.000938363,0.00144313,0.0308533,-0.000898338,0,0,0.00216191,541.078,4680,nan,nan,nan,double
ecm,Fading-EKF,adaptive_kalman,evtol,init_error,1,0.00168313,0.000556977,0.00112915,0.00519083,0.000379874,0,0,0.00211027,507.511,4384,nan,nan,nan,double
ecm,Fuzzy-AKF,adaptive_kalman,evtol,init_error,1,0.00186448,0.000249164,0.00113011,0.00828788,-0.000434079,0,0,0.00211669,737.342,4816,nan,nan,nan,double
ecm,IMM,adaptive_kalman,evtol,init_error,1,0.00189268,0.000273152,0.00116697,0.0139115,-0.000482363,0,0,0.00211878,2107.66,4976,nan,nan,nan,double
ecm,MMAE,adaptive_kalman,evtol,init_error,1,0.00430573,0.00371727,0.00415999,0.00829042,-0.00166436,0,0,0.00212018,1801.49,13200,-0.00412611,nan,nan,double
ecm,Schmidt-KF,robust_kalman,evtol,init_error,1,0.00402207,0.00511123,0.00351878,0.00848082,-0.00594043,0,0,0.00433996,1323.54,8856,nan,nan,nan,double
ecm,Hinf-EKF,robust_kalman,evtol,init_error,1,0.00217141,0.000226934,0.00129352,0.00874695,-0.000325148,0,0,0.00211738,801.13,4408,nan,nan,nan,double
ecm,Huber-EKF,robust_kalman,evtol,init_error,1,0.00191442,0.000270089,0.00116023,0.00769397,-0.000469628,0,0,0.00211299,644.482,4368,nan,nan,nan,double
ecm,MC-EKF,robust_kalman,evtol,init_error,1,0.00157179,0.000288738,0.000975456,0.00845303,-0.00051928,0,0,0.00211544,1007.32,4384,nan,nan,nan,double
ecm,StudentT-KF,robust_kalman,evtol,init_error,1,0.0015721,0.000366489,0.000925892,0.0069135,-0.000589646,0,0,0.00210771,692.076,4568,nan,nan,nan,double
ecm,Constrained-EKF,robust_kalman,evtol,init_error,1,0.00161168,0.000489113,0.000912606,0.00828788,-0.000702988,0,0,0.002117,588.954,4416,nan,nan,nan,double
ecm,ReducedOrder-EKF,robust_kalman,evtol,init_error,1,0.00218156,0.000759964,0.00145035,0.00859458,0.000585696,0,0,0.00210011,339.197,4272,nan,nan,nan,double
ecm,SVSF,robust_kalman,evtol,init_error,1,0.00178016,0.00043082,0.0010132,0.0065469,-0.000627542,0,0,0.00210836,598.536,4376,nan,nan,nan,double
ecm,Luenberger,observers,evtol,init_error,1,0.0413855,0.000767186,0.016477,0.336852,0.000590615,333.4,0,0.00526935,517.733,4632,nan,nan,nan,double
ecm,SSKF,observers,evtol,init_error,1,0.0413855,0.000767186,0.016477,0.336852,0.000590615,333.4,0,0.00526935,444.959,4632,nan,nan,nan,double
ecm,PI-Observer,observers,evtol,init_error,1,0.014769,0.000906342,0.00385438,0.330481,0.00063242,93.6,0,0.00547539,1446.84,4824,nan,nan,nan,double
ecm,SMO,observers,evtol,init_error,1,0.0405506,0.000796234,0.0160099,0.336822,0.000605092,323.4,0,0.00525833,551.356,4800,nan,nan,nan,double
ecm,SMO-Adaptive,observers,evtol,init_error,1,0.0395207,0.000783947,0.0155426,0.336822,0.000598606,322.1,0,0.00525303,574.698,4800,nan,nan,nan,double
ecm,SuperTwisting-SMO,observers,evtol,init_error,1,0.0516964,0.00092446,0.0134065,0.3496,0.000586086,125,0,0.0364902,139.701,4280,nan,nan,nan,double
ecm,HGO,observers,evtol,init_error,1,0.0392422,0.000767477,0.015711,0.336852,0.000590608,328.3,0,0.00562255,543.89,4680,nan,nan,nan,double
ecm,ESO,observers,evtol,init_error,1,0.0147716,0.000985492,0.00389953,0.330481,0.000622723,93.6,0,0.00546655,1533.17,4784,nan,nan,nan,double
ecm,UIO,observers,evtol,init_error,1,0.0646772,0.000671656,0.0236927,0.35,-0.000613507,347.1,0,0.00537557,578.715,5072,nan,nan,nan,double
ecm,DOB,observers,evtol,init_error,1,0.0399556,0.00241819,0.0181057,0.335487,-0.00114632,340.4,0,0.00484865,614.218,4784,nan,nan,nan,double
ecm,AdaptiveObserver,observers,evtol,init_error,1,0.0416706,0.000488138,0.0167159,0.336852,0.000282759,341.8,0,0.00526657,963.554,4864,0.0181934,nan,nan,double
ecm,IntervalObserver,observers,evtol,init_error,1,0.0413855,0.000767186,0.016477,0.336852,0.000590615,333.4,0,0.00526935,827.255,9024,nan,0,0.296586,double
ecm,JointEKF,soh,evtol,init_error,1,0.00237028,0.000530896,0.00112482,0.0101999,0.000709215,0,0,0.00212406,1226.12,8752,0.0496601,nan,nan,double
ecm,JointUKF,soh,evtol,init_error,1,0.0073205,0.000881406,0.00316244,0.0349348,0.0014326,180,0,0.00205601,3160.85,9600,0.0684169,nan,nan,double
ecm,DualEKF,soh,evtol,init_error,1,0.00116347,0.000785841,0.000876364,0.00543079,-0.000216478,0,0,0.00211756,1274.24,4752,0.0553119,nan,nan,double
ecm,DualUKF,soh,evtol,init_error,1,0.00465328,0.000507421,0.00225393,0.02994,0.00013684,0.1,0,0.00206695,2392.98,5512,0.0401342,nan,nan,double
ecm,RLS-EKF,soh,evtol,init_error,1,0.00670839,0.00491157,0.00616458,0.0124906,0.00476826,0,0,0.00239552,511.892,8904,nan,nan,nan,double
ecm,AWTLS,soh,evtol,init_error,1,0.00157825,0.0001322,0.000761275,0.00828788,0.000171532,0,0,0.00211698,507.117,8776,0.0379494,nan,nan,double
ecm,PF-Bootstrap,particle,evtol,init_error,1,0.00197533,0.000906371,0.00116739,0.0339432,0.00126736,2.1,0,0.0021446,77552.8,46472,nan,nan,nan,double
ecm,PF-Fast,particle,evtol,init_error,1,0.00454636,0.00163796,0.00187684,0.11973,0.00152511,6.5,0,0.00260487,16211.4,9664,nan,nan,nan,double
ecm,PF-Regularized,particle,evtol,init_error,1,0.00213903,0.00108441,0.00135751,0.0339432,0.00045953,2.5,0,0.0021513,82418.9,46464,nan,nan,nan,double
ecm,PF-Auxiliary,particle,evtol,init_error,1,0.00389956,0.00141473,0.00209751,0.033964,0.00071333,9.6,0,0.00219749,104054,54584,nan,nan,nan,double
ecm,RBPF,particle,evtol,init_error,1,0.024266,0.00369411,0.0135822,0.0704245,-0.00256474,323.4,0,0.0021327,39634.5,34016,nan,nan,nan,double
ecm,UPF,particle,evtol,init_error,1,0.00816193,0.00411635,0.00474026,0.160599,0.00249079,200.8,0,0.00258747,18528.3,25360,nan,nan,nan,double
ecm,EnKF,particle,evtol,init_error,1,0.0130755,0.00249872,0.00581997,0.0611492,0.00117366,222.7,0,0.00210653,10315,6776,nan,nan,nan,double
ecm,ETKF,particle,evtol,init_error,1,0.0187213,0.00880092,0.0135539,0.0630449,-0.00818882,249.2,0,0.0021009,10494.5,5304,nan,nan,nan,double
ecm,GSF,particle,evtol,init_error,1,0.00222273,0.00112268,0.00157304,0.0707117,-0.00120772,0.1,0,0.00208706,1743.21,9192,nan,nan,nan,double
ecm,NN-Direct,learning,evtol,init_error,1,0.00868969,0.011748,0.00540237,0.0417983,-0.018842,0,0,nan,485.56,15152,nan,nan,nan,double
ecm,NN-EKF,learning,evtol,init_error,1,0.00868966,0.00280482,0.00610609,0.0228645,-0.00630684,198.5,0,0.00214192,1055.03,4376,nan,nan,nan,double
ecm,ELM-RLS-EKF,learning,evtol,init_error,1,0.00225164,0.000230307,0.00139158,0.00828788,-0.000255268,0,0,0.00211335,3279.48,11704,nan,nan,nan,double
ecm,MHE-RTI,optimization,evtol,init_error,1,0.00271159,0.00126322,0.00171114,0.0153706,-0.0019094,0,0,0.0021394,17175.4,26928,nan,nan,nan,double
ecm,MHE,optimization,evtol,init_error,1,0.0018148,0.000969879,0.000983985,0.00933938,-0.00176007,0,0,0.00213973,32311.9,26928,nan,nan,nan,double
ecm,ERTS,smoothers,evtol,init_error,1,0.00127441,0.000395129,0.000970613,0.00291587,-0.000702388,0,0,0.000728299,898.15,12547032,nan,nan,nan,double
ecm,URTS,smoothers,evtol,init_error,1,0.0011157,0.000391134,0.00085174,0.00256761,-0.000799577,0,0,0.000741837,2646.68,12547056,nan,nan,nan,double
ecm,Batch-NLS,smoothers,evtol,init_error,1,0.00131506,0.000400958,0.000993137,0.00301093,-0.000747575,0,0,0.000727769,4600.49,17371352,nan,nan,nan,double
ecm,FixedLag-EKF,smoothers,evtol,init_error,1,0.00178273,0.000392472,0.00107368,0.0083154,-0.000644476,0,0,0.002117,10063,19992,nan,nan,nan,double
ecm,CoulombCounting,baselines,evtol,init_error,2,0.352494,0.353562,0.352492,0.354462,-0.354462,-1,1,7.38769,78.9104,4184,nan,nan,nan,double
ecm,OCVLookup,baselines,evtol,init_error,2,0.0331405,0.0128218,0.0170243,0.348816,0.0026521,77,0,0.0233611,1305.35,4192,nan,nan,nan,double
ecm,CoulombOCVHybrid,baselines,evtol,init_error,2,0.0597292,0.0441636,0.0499269,0.349408,-0.00980736,-1,0,0.0468785,211.398,4192,nan,nan,nan,double
ecm,EKF,kalman,evtol,init_error,2,0.000902153,0.00068722,0.000610473,0.00430324,-0.000815956,0,0,0.00212221,476.003,4336,nan,nan,nan,double
ecm,UKF,kalman,evtol,init_error,2,0.00279912,0.000928129,0.00156379,0.035849,-0.00095652,0.1,0,0.00205584,1447.26,4776,nan,nan,nan,double
ecm,LKF,kalman,evtol,init_error,2,0.0338585,0.0216593,0.029377,0.0590682,0.0115172,0,0,0.00223806,334.49,4680,nan,nan,nan,double
ecm,IEKF,kalman,evtol,init_error,2,0.00218736,0.000401124,0.0012906,0.0077843,-0.000647134,0,0,0.00212139,592.35,4336,nan,nan,nan,double
ecm,CKF,kalman,evtol,init_error,2,0.0170895,0.000891358,0.00657019,0.0700293,-0.000870078,222.8,0,0.00211102,1262.89,4560,nan,nan,nan,double
ecm,SCKF,kalman,evtol,init_error,2,0.0170895,0.000891358,0.00657019,0.0700293,-0.000870078,222.8,0,0.00211102,1576.62,4696,nan,nan,nan,double
ecm,CKF5,kalman,evtol,init_error,2,0.0192382,0.00117183,0.00779178,0.0772417,-0.00105063,229.8,0,0.00211269,4014.17,5624,nan,nan,nan,double
ecm,CDKF,kalman,evtol,init_error,2,0.0192382,0.00117183,0.00779178,0.0772417,-0.00105063,229.8,0,0.00211269,1383.11,4312,nan,nan,nan,double
ecm,GHKF,kalman,evtol,init_error,2,0.0192382,0.00117183,0.00779178,0.0772417,-0.00105063,229.8,0,0.00211269,12099.2,10784,nan,nan,nan,double
ecm,IPLF,kalman,evtol,init_error,2,0.00150179,0.00117558,0.00133787,0.0088835,-0.00114161,0,0,0.00205133,2032.94,4784,nan,nan,nan,double
ecm,EIF,kalman,evtol,init_error,2,0.000902153,0.00068722,0.000610473,0.00430324,-0.000815956,0,0,0.00212221,1294.96,4472,nan,nan,nan,double
ecm,SR-EKF,kalman,evtol,init_error,2,0.000902153,0.00068722,0.000610473,0.00430324,-0.000815956,0,0,0.00212221,820.146,4440,nan,nan,nan,double
ecm,SR-UKF,kalman,evtol,init_error,2,0.00279912,0.000928129,0.00156379,0.035849,-0.00095652,0.1,0,0.00205584,1553.74,4896,nan,nan,nan,double
ecm,UD-EKF,kalman,evtol,init_error,2,0.000902153,0.00068722,0.000610473,0.00430324,-0.000815956,0,0,0.00212221,482.175,4480,nan,nan,nan,double
ecm,SO-EKF,kalman,evtol,init_error,2,0.00127419,0.00105995,0.000972196,0.0338015,-0.00118529,0.1,0,0.00204585,4191.8,4496,nan,nan,nan,double
ecm,SageHusa-AKF,adaptive_kalman,evtol,init_error,2,0.00122683,0.00103945,0.00103126,0.00471842,-0.001078,0,0,0.00212203,541.27,4808,nan,nan,nan,double
ecm,IAE-AKF,adaptive_kalman,evtol,init_error,2,0.000987269,0.00107795,0.000922034,0.00371758,-0.00118747,0,0,0.00212162,497.06,5040,nan,nan,nan,double
ecm,VB-AKF,adaptive_kalman,evtol,init_error,2,0.00124531,0.00107181,0.00105591,0.00475343,-0.00115726,0,0,0.00212174,870.469,4408,nan,nan,nan,double
ecm,STF,adaptive_kalman,evtol,init_error,2,0.00204121,0.000940852,0.00129382,0.0234764,0.000308653,0,0,0.00216721,530.88,4680,nan,nan,nan,double
ecm,Fading-EKF,adaptive_kalman,evtol,init_error,2,0.00202145,0.000537263,0.00129111,0.00683158,0.000708893,0,0,0.00211522,499.987,4384,nan,nan,nan,double
ecm,Fuzzy-AKF,adaptive_kalman,evtol,init_error,2,0.00172196,0.00108595,0.00131554,0.00709003,-0.00119455,0,0,0.00212243,724.786,4816,nan,nan,nan,double
ecm,IMM,adaptive_kalman,evtol,init_error,2,0.0015415,0.000451214,0.0009296,0.0198499,-0.000645015,0,0,0.0021268,2042.43,4976,nan,nan,nan,double
ecm,MMAE,adaptive_kalman,evtol,init_error,2,0.00422933,0.00363215,0.00394395,0.00693081,-0.0017556,0,0,0.00212808,1776.38,13200,-0.00278214,nan,nan,double
ecm,Schmidt-KF,robust_kalman,evtol,init_error,2,0.00499179,0.00446554,0.00428061,0.0105999,-0.00376465,0,0,0.00491754,1294.11,8856,nan,nan,nan,double
ecm,Hinf-EKF,robust_kalman,evtol,init_error,2,0.00136045,0.000280722,0.00087166,0.0106288,-0.000278692,0,0,0.00212196,789.687,4408,nan,nan,nan,double
ecm,Huber-EKF,robust_kalman,evtol,init_error,2,0.000880325,0.000965299,0.00079248,0.00371758,-0.000982715,0,0,0.00211914,645.934,4368,nan,nan,nan,double
ecm,MC-EKF,robust_kalman,evtol,init_error,2,0.000932777,0.000776498,0.000690944,0.0103624,-0.000900478,0,0,0.00212068,996.224,4384,nan,nan,nan,double
ecm,StudentT-KF,robust_kalman,evtol,init_error,2,0.00145772,0.000472338,0.000916453,0.00561108,-0.000637412,0,0,0.00211341,695.995,4568,nan,nan,nan,double
ecm,Constrained-EKF,robust_kalman,evtol,init_error,2,0.000902689,0.000688616,0.00061107,0.00430324,-0.000821828,0,0,0.00212221,583.125,4416,nan,nan,nan,double
ecm,ReducedOrder-EKF,robust_kalman,evtol,init_error,2,0.00221944,0.000694112,0.00144919,0.00853958,0.000640629,0,0,0.00210428,327.7,4272,nan,nan,nan,double
ecm,SVSF,robust_kalman,evtol,init_error,2,0.00155437,0.000440097,0.000919372,0.00655837,-0.000584474,0,0,0.00211618,581.997,4376,nan,nan,nan,double
ecm,Luenberger,observers,evtol,init_error,2,0.0413667,0.000720315,0.0165201,0.337099,0.00098841,335.8,0,0.00526706,510.781,4632,nan,nan,nan,double
ecm,SSKF,observers,evtol,init_error,2,0.0413667,0.000720315,0.0165201,0.337099,0.00098841,335.8,0,0.00526706,440.374,4632,nan,nan,nan,double
ecm,PI-Observer,observers,evtol,init_error,2,0.0147196,0.000882122,0.00373711,0.330817,0.00134815,92.8,0,0.00548782,1528.34,4824,nan,nan,nan,double
ecm,SMO,observers,evtol,init_error,2,0.0406512,0.000749012,0.0161014,0.337069,0.00099571,325.5,0,0.00525618,562.984,4800,nan,nan,nan,double
ecm,SMO-Adaptive,observers,evtol,init_error,2,0.0395406,0.000735259,0.0155698,0.337069,0.00099001,318.5,0,0.00525077,538.038,4800,nan,nan,nan,double
ecm,SuperTwisting-SMO,observers,evtol,init_error,2,0.051697,0.000847162,0.0133884,0.349604,0.000790402,125,0,0.0364876,143.145,4280,nan,nan,nan,double
ecm,HGO,observers,evtol,init_error,2,0.0394585,0.000713499,0.015858,0.337099,0.000980806,331.2,0,0.005625,527.925,4680,nan,nan,nan,double
ecm,ESO,observers,evtol,init_error,2,0.0147631,0.000924253,0.00387022,0.330817,0.00131821,92.8,0,0.0054637,1699.53,4784,nan,nan,nan,double
ecm,UIO,observers,evtol,init_error,2,0.0648362,0.000587122,0.0239208,0.35,-0.000700826,358,0,0.00541726,557.985,5072,nan,nan,nan,double
ecm,DOB,observers,evtol,init_error,2,0.0401222,0.00245807,0.0182546,0.335833,-0.000971292,342.7,0,0.00485595,612.621,4784,nan,nan,nan,double
ecm,AdaptiveObserver,observers,evtol,init_error,2,0.0416563,0.000553661,0.0168221,0.337099,0.000624815,343.3,0,0.00526362,960.151,4864,0.0179469,nan,nan,double
ecm,IntervalObserver,observers,evtol,init_error,2,0.0413667,0.000720315,0.0165201,0.337099,0.00098841,335.8,0,0.00526706,820.093,9024,nan,0,0.290658,double
ecm,JointEKF,soh,evtol,init_error,2,0.0027636,0.00072847,0.00165707,0.011228,0.00115314,0,0,0.00212804,1215.5,8752,0.0581291,nan,nan,double
ecm,JointUKF,soh,evtol,init_error,2,0.0108433,0.000478401,0.00398806,0.0408605,0.000929626,204.4,0,0.00205973,3098.54,9600,0.0607298,nan,nan,double
ecm,DualEKF,soh,evtol,init_error,2,0.00207349,0.000623258,0.00128037,0.00762183,4.01602e-05,0,0,0.002123,1269.59,4752,0.0298058,nan,nan,double
ecm,DualUKF,soh,evtol,init_error,2,0.00844608,0.000772466,0.00365527,0.035849,0.000311156,210,0,0.00207603,2376.91,5512,0.0361248,nan,nan,double
ecm,RLS-EKF,soh,evtol,init_error,2,0.00614348,0.00434825,0.00550421,0.0122325,0.00416831,0,0,0.00235808,499.772,8904,nan,nan,nan,double
ecm,AWTLS,soh,evtol,init_error,2,0.000783958,0.000289923,0.000376311,0.00430324,0.000569955,0,0,0.00212205,477.525,8776,0.0475974,nan,nan,double
ecm,PF-Bootstrap,particle,evtol,init_error,2,0.00632461,0.00147141,0.00289013,0.0527953,0.00117365,15.5,0,0.00221337,76795.4,46472,nan,nan,nan,double
ecm,PF-Fast,particle,evtol,init_error,2,0.00385722,0.00235795,0.00236775,0.0854173,0.0026942,4.2,0,0.00235835,16017.6,9664,nan,nan,nan,double
ecm,PF-Regularized,particle,evtol,init_error,2,0.00551244,0.00102192,0.00263131,0.0527953,0.00111795,9.9,0,0.0022099,81138.4,46464,nan,nan,nan,double
ecm,PF-Auxiliary,particle,evtol,init_error,2,0.0121393,0.00120306,0.00509427,0.0528442,0.00146627,224.4,0,0.0022507,104429,54584,nan,nan,nan,double
ecm,RBPF,particle,evtol,init_error,2,0.0246972,0.00309126,0.0133345,0.0730814,-0.00223051,287.7,0,0.00214516,40111.6,34016,nan,nan,nan,double
ecm,UPF,particle,evtol,init_error,2,0.00640507,0.00438823,0.00391424,0.0854367,-0.0034629,3.6,0,0.00238071,18780.3,25360,nan,nan,nan,double
ecm,EnKF,particle,evtol,init_error,2,0.0165747,0.00176025,0.00632581,0.0850409,0.000363322,209.1,0,0.00214421,10316.4,6776,nan,nan,nan,double
ecm,ETKF,particle,evtol,init_error,2,0.0201238,0.00942689,0.0135025,0.0799234,-0.0112976,237.6,0,0.002109,10580.8,5304,nan,nan,nan,double
ecm,GSF,particle,evtol,init_error,2,0.00462435,0.00123592,0.00268086,0.0757608,-0.00118613,1.1,0,0.00209393,1751.23,9192,nan,nan,nan,double
ecm,NN-Direct,learning,evtol,init_error,2,0.00892686,0.0121622,0.00536325,0.0437653,-0.0204286,0,0,nan,482.291,15152,nan,nan,nan,double
ecm,NN-EKF,learning,evtol,init_error,2,0.00898543,0.00271986,0.0062655,0.0232941,-0.00601994,201.2,0,0.00213973,1104.54,4376,nan,nan,nan,double
ecm,ELM-RLS-EKF,learning,evtol,init_error,2,0.0014589,0.00111171,0.00116964,0.0063713,-0.000967592,0,0,0.00211811,3407.74,11704,nan,nan,nan,double
ecm,MHE-RTI,optimization,evtol,init_error,2,0.00203187,0.00129524,0.00169599,0.0082023,-0.00133408,0,0,0.00214359,17279.6,26928,nan,nan,nan,double
ecm,MHE,optimization,evtol,init_error,2,0.00189051,0.00106147,0.00120164,0.00997498,-0.00176621,0,0,0.00214305,32507.8,26928,nan,nan,nan,double
ecm,ERTS,smoothers,evtol,init_error,2,0.0011244,0.00039254,0.000855049,0.00258654,-0.000815956,0,0,0.000727565,902.505,12547032,nan,nan,nan,double
ecm,URTS,smoothers,evtol,init_error,2,0.000974582,0.000458731,0.000746606,0.00227612,-0.00095652,0,0,0.000801472,2475.54,12547056,nan,nan,nan,double
ecm,Batch-NLS,smoothers,evtol,init_error,2,0.00135371,0.000398792,0.00103275,0.00302218,-0.000615746,0,0,0.000726237,4488.3,17371352,nan,nan,nan,double
ecm,FixedLag-EKF,smoothers,evtol,init_error,2,0.000853875,0.000491528,0.000570896,0.00418771,-0.00075747,0,0,0.00212221,10002,19992,nan,nan,nan,double
ecm,CoulombCounting,baselines,evtol,init_error,3,0.352484,0.353539,0.352482,0.35445,-0.35445,-1,1,8.87566,79.5369,4184,nan,nan,nan,double
ecm,OCVLookup,baselines,evtol,init_error,3,0.0333136,0.0131926,0.017254,0.348808,0.00270195,76.6,0,0.0235182,1311.78,4192,nan,nan,nan,double
ecm,CoulombOCVHybrid,baselines,evtol,init_error,3,0.0596881,0.0440888,0.0498737,0.349404,-0.00979891,-1,0,0.0469203,209.102,4192,nan,nan,nan,double
ecm,EKF,kalman,evtol,init_error,3,0.00154716,0.000397832,0.000978831,0.00596636,-0.000781463,0,0,0.00212852,477.6,4336,nan,nan,nan,double
ecm,UKF,kalman,evtol,init_error,3,0.00124682,0.000629023,0.000766076,0.0330832,-0.000871498,0.1,0,0.00206247,1444.36,4776,nan,nan,nan,double
ecm,LKF,kalman,evtol,init_error,3,0.0348715,0.0221813,0.0302406,0.0607764,0.0123341,0,0,0.0022585,332.262,4680,nan,nan,nan,double
ecm,IEKF,kalman,evtol,init_error,3,0.00152553,0.000609801,0.000950872,0.00893235,-0.000880513,0,0,0.00212817,594.05,4336,nan,nan,nan,double
ecm,CKF,kalman,evtol,init_error,3,0.0163395,0.000947493,0.00639831,0.0654415,-0.00105773,221.4,0,0.00211662,1252.41,4560,nan,nan,nan,double
ecm,SCKF,kalman,evtol,init_error,3,0.0163395,0.000947493,0.00639831,0.0654415,-0.00105773,221.4,0,0.00211662,1580.67,4696,nan,nan,nan,double
ecm,CKF5,kalman,evtol,init_error,3,0.0183893,0.00117757,0.00752085,0.0725553,-0.00119562,228.6,0,0.00211761,4026.82,5624,nan,nan,nan,double
ecm,CDKF,kalman,evtol,init_error,3,0.0183893,0.00117757,0.00752085,0.0725553,-0.00119562,228.6,0,0.00211761,1374.29,4312,nan,nan,nan,double
ecm,GHKF,kalman,evtol,init_error,3,0.0183893,0.00117757,0.00752085,0.0725553,-0.00119562,228.6,0,0.00211761,12038.2,10784,nan,nan,nan,double
ecm,IPLF,kalman,evtol,init_error,3,0.00501605,0.000492576,0.00282551,0.0155659,-0.000475762,0,0,0.00205863,2104.31,4784,nan,nan,nan,double
ecm,EIF,kalman,evtol,init_error,3,0.00154716,0.000397832,0.000978831,0.00596636,-0.000781463,0,0,0.00212852,1238.59,4472,nan,nan,nan,double
ecm,SR-EKF,kalman,evtol,init_error,3,0.00154716,0.000397832,0.000978831,0.00596636,-0.000781463,0,0,0.00212852,822.719,4440,nan,nan,nan,double
ecm,SR-UKF,kalman,evtol,init_error,3,0.00124682,0.000629023,0.000766076,0.0330832,-0.000871498,0.1,0,0.00206247,1557.14,4896,nan,nan,nan,double
ecm,UD-EKF,kalman,evtol,init_error,3,0.00154716,0.000397832,0.000978831,0.00596636,-0.000781463,0,0,0.00212852,486.071,4480,nan,nan,nan,double
ecm,SO-EKF,kalman,evtol,init_error,3,0.000985081,0.000549957,0.000621608,0.0310025,-0.000843022,0.1,0,0.00205206,4196.34,4496,nan,nan,nan,double
ecm,SageHusa-AKF,adaptive_kalman,evtol,init_error,3,0.00119803,0.000546388,0.000740494,0.00596664,-0.000827809,0,0,0.00212813,544.739,4808,nan,nan,nan,double
ecm,IAE-AKF,adaptive_kalman,evtol,init_error,3,0.0011324,0.000543256,0.000687906,0.00596664,-0.000840962,0,0,0.00212758,499.2,5040,nan,nan,nan,double
ecm,VB-AKF,adaptive_kalman,evtol,init_error,3,0.00112974,0.000537363,0.000681335,0.0059695,-0.000827437,0,0,0.0021278,874.185,4408,nan,nan,nan,double
ecm,STF,adaptive_kalman,evtol,init_error,3,0.00223933,0.00110392,0.00148065,0.0225314,0.00115237,0,0,0.00217,531.494,4680,nan,nan,nan,double
ecm,Fading-EKF,adaptive_kalman,evtol,init_error,3,0.00183392,0.00053769,0.00117783,0.0057551,0.000363677,0,0,0.00212171,496.434,4384,nan,nan,nan,double
ecm,Fuzzy-AKF,adaptive_kalman,evtol,init_error,3,0.00134055,0.000999173,0.0010997,0.00596636,-0.00105586,0,0,0.00212831,729.366,4816,nan,nan,nan,double
ecm,IMM,adaptive_kalman,evtol,init_error,3,0.00122611,0.000541864,0.000726596,0.0170569,-0.000843972,0,0,0.00213087,2077.11,4976,nan,nan,nan,double
ecm,MMAE,adaptive_kalman,evtol,init_error,3,0.00396025,0.00339013,0.00380498,0.00647934,-0.00165861,0,0,0.00213176,1786.46,13200,-0.00224583,nan,nan,double
ecm,Schmidt-KF,robust_kalman,evtol,init_error,3,0.00380936,0.00436772,0.00359299,0.00643335,-0.00401738,0,0,0.00442959,1333.4,8856,nan,nan,nan,double
ecm,Hinf-EKF,robust_kalman,evtol,init_error,3,0.00111019,0.000533605,0.000685006,0.00782602,-0.000745175,0,0,0.00212842,795.92,4408,nan,nan,nan,double
ecm,Huber-EKF,robust_kalman,evtol,init_error,3,0.00139525,0.000379043,0.000871118,0.00596636,-0.00073308,0,0,0.00212414,642.012,4368,nan,nan,nan,double
ecm,MC-EKF,robust_kalman,evtol,init_error,3,0.00182447,0.000400329,0.00101664,0.0090949,-0.000779221,0,0,0.00212675,995.657,4384,nan,nan,nan,double
ecm,StudentT-KF,robust_kalman,evtol,init_error,3,0.00142315,0.000386331,0.000881424,0.00564481,-0.000701492,0,0,0.00211871,703.364,4568,nan,nan,nan,double
ecm,Constrained-EKF,robust_kalman,evtol,init_error,3,0.00154701,0.000397051,0.00097633,0.00596636,-0.000784569,0,0,0.00212853,582.294,4416,nan,nan,nan,double
ecm,ReducedOrder-EKF,robust_kalman,evtol,init_error,3,0.00220101,0.000727426,0.00143303,0.00920962,0.000576263,0,0,0.00211175,328.025,4272,nan,nan,nan,double
ecm,SVSF,robust_kalman,evtol,init_error,3,0.0018491,0.000446131,0.0010294,0.00787587,-0.000745203,0,0,0.00212314,585.268,4376,nan,nan,nan,double
ecm,Luenberger,observers,evtol,init_error,3,0.0413766,0.000740538,0.0164535,0.336978,0.00044818,333.5,0,0.00527459,497.629,4632,nan,nan,nan,double
ecm,SSKF,observers,evtol,init_error,3,0.0413766,0.000740538,0.0164535,0.336978,0.00044818,333.5,0,0.00527459,431.509,4632,nan,nan,nan,double
ecm,PI-Observer,observers,evtol,init_error,3,0.0147837,0.00146147,0.00403156,0.330664,0.000483452,91.7,0,0.00558291,1454.58,4824,nan,nan,nan,double
ecm,SMO,observers,evtol,init_error,3,0.0405498,0.000761425,0.015928,0.336948,0.000419243,320.3,0,0.00526315,531.048,4800,nan,nan,nan,double
ecm,SMO-Adaptive,observers,evtol,init_error,3,0.0395036,0.000752954,0.0154767,0.336948,0.000430293,313.8,0,0.00525817,540.436,4800,nan,nan,nan,double
ecm,SuperTwisting-SMO,observers,evtol,init_error,3,0.0516954,0.000881937,0.0133874,0.349602,0.000722032,125,0,0.0364839,141.641,4280,nan,nan,nan,double
ecm,HGO,observers,evtol,init_error,3,0.039158,0.000739738,0.015633,0.336978,0.00044768,326.9,0,0.00562984,522.442,4680,nan,nan,nan,double
ecm,ESO,observers,evtol,init_error,3,0.0147631,0.000958142,0.00387851,0.330664,0.000480937,91.7,0,0.00547401,1604.01,4784,nan,nan,nan,double
ecm,UIO,observers,evtol,init_error,3,0.0650827,0.000556824,0.0239001,0.35,-0.00128594,352.9,0,0.00552688,554.197,5072,nan,nan,nan,double
ecm,DOB,observers,evtol,init_error,3,0.0398582,0.0024272,0.0180471,0.335553,-0.00144045,341.5,0,0.00484655,694.958,4784,nan,nan,nan,double
ecm,AdaptiveObserver,observers,evtol,init_error,3,0.0416169,0.000666903,0.0167338,0.336978,6.97826e-05,342.3,0,0.00527147,937.15,4864,0.0183701,nan,nan,double
ecm,IntervalObserver,observers,evtol,init_error,3,0.0413766,0.000740538,0.0164535,0.336978,0.00044818,333.5,0,0.00527459,809.48,9024,nan,0,0.297278,double
ecm,JointEKF,soh,evtol,init_error,3,0.00313043,0.000834614,0.00174389,0.0123535,0.000951086,0,0,0.00214432,1234.75,8752,0.0702134,nan,nan,double
ecm,JointUKF,soh,evtol,init_error,3,0.00478617,0.000190458,0.00181793,0.0381687,0.00027151,0.4,0,0.00207524,3122.61,9600,0.0505274,nan,nan,double
ecm,DualEKF,soh,evtol,init_error,3,0.00151898,0.00105652,0.00121288,0.00526877,-0.000791369,0,0,0.00213116,1271.61,4752,0.0458499,nan,nan,double
ecm,DualUKF,soh,evtol,init_error,3,0.0056943,0.00230605,0.00391137,0.0330832,0.000507486,0.1,0,0.00209731,2365.99,5512,0.0135337,nan,nan,double
ecm,RLS-EKF,soh,evtol,init_error,3,0.00784067,0.00529597,0.00705546,0.0165357,0.00482042,0,0,0.0024008,497.614,8904,nan,nan,nan,double
ecm,AWTLS,soh,evtol,init_error,3,0.0015527,0.000463072,0.00100689,0.00596636,-0.000703799,0,0,0.00212852,478.017,8776,0.0229163,nan,nan,double
ecm,PF-Bootstrap,particle,evtol,init_error,3,0.00751004,0.00148567,0.00349093,0.0636437,0.000732647,200.4,0,0.00226363,76497.8,46472,nan,nan,nan,double
ecm,PF-Fast,particle,evtol,init_error,3,0.00403061,0.00145484,0.00187612,0.098709,0.000691603,4.6,0,0.00245914,15919.6,9664,nan,nan,nan,double
ecm,PF-Regularized,particle,evtol,init_error,3,0.00627451,0.00113563,0.00305613,0.0636437,1.53098e-05,15.4,0,0.00226551,81719.5,46464,nan,nan,nan,double
ecm,PF-Auxiliary,particle,evtol,init_error,3,0.0127666,0.00106356,0.00541824,0.0636376,-0.000265111,231.6,0,0.00233888,103530,54584,nan,nan,nan,double
ecm,RBPF,particle,evtol,init_error,3,0.0307817,0.00365652,0.0158784,0.0986221,-0.00216638,314.9,0,0.00209234,39619.8,34016,nan,nan,nan,double
ecm,UPF,particle,evtol,init_error,3,0.00666031,0.00372077,0.00415064,0.0986067,-0.00398462,2.7,0,0.00243335,18516.4,25360,nan,nan,nan,double
ecm,EnKF,particle,evtol,init_error,3,0.015392,0.00371471,0.00675078,0.0771151,-0.00307582,212.3,0,0.00201423,10295.3,6776,nan,nan,nan,double
ecm,ETKF,particle,evtol,init_error,3,0.0186786,0.00771634,0.0130988,0.065632,-0.00749233,243.6,0,0.00210623,10547,5304,nan,nan,nan,double
ecm,GSF,particle,evtol,init_error,3,0.00134537,0.000523606,0.000677005,0.0733962,-0.000820239,0.1,0,0.00209943,1743.06,9192,nan,nan,nan,double
ecm,NN-Direct,learning,evtol,init_error,3,0.00839596,0.0112486,0.00534269,0.0396258,-0.0180116,0,0,nan,482.094,15152,nan,nan,nan,double
ecm,NN-EKF,learning,evtol,init_error,3,0.00873336,0.00295706,0.0061303,0.0227202,-0.00661359,201.3,0,0.00215067,1059.68,4376,nan,nan,nan,double
ecm,ELM-RLS-EKF,learning,evtol,init_error,3,0.0015167,0.000319153,0.001016,0.00596636,-0.000615939,0,0,0.00212435,3306.47,11704,nan,nan,nan,double
ecm,MHE-RTI,optimization,evtol,init_error,3,0.00219651,0.000599215,0.00107354,0.0111048,-0.000969018,0,0,0.00215055,17257.6,26928,nan,nan,nan,double
ecm,MHE,optimization,evtol,init_error,3,0.00233611,0.000977052,0.00144717,0.0117234,-0.000953899,0,0,0.00215028,32449.6,26928,nan,nan,nan,double
ecm,ERTS,smoothers,evtol,init_error,3,0.00141475,0.000450158,0.00108567,0.00316071,-0.000781463,0,0,0.000738708,915.684,12547032,nan,nan,nan,double
ecm,URTS,smoothers,evtol,init_error,3,0.00111996,0.000424,0.000864709,0.00253886,-0.000871498,0,0,0.000754801,2477.59,12547056,nan,nan,nan,double
ecm,Batch-NLS,smoothers,evtol,init_error,3,0.00128852,0.000465993,0.000986822,0.00293769,-0.00093554,0,0,0.000738281,4601.06,17371352,nan,nan,nan,double
ecm,FixedLag-EKF,smoothers,evtol,init_error,3,0.00182089,0.000426036,0.00121246,0.00699892,-0.000729007,0,0,0.00212852,9986.91,19992,nan,nan,nan,double
ecm,CoulombCounting,baselines,evtol,current_bias,1,0.0244227,0.0319763,0.0213628,0.041402,-0.041402,0,0,0.0280691,79.6551,4184,nan,nan,nan,double
ecm,OCVLookup,baselines,evtol,current_bias,1,0.0248497,0.021385,0.021929,0.0756984,0.00945369,0,0,0.0119825,1309.57,4192,nan,nan,nan,double
ecm,CoulombOCVHybrid,baselines,evtol,current_bias,1,0.014382,0.0194365,0.0118838,0.0287442,-0.00138283,0,0,0.0185119,210.613,4192,nan,nan,nan,double
ecm,EKF,kalman,evtol,current_bias,1,0.00527836,0.0062584,0.00457929,0.0171529,-0.00827688,0,0,0.000857918,478.449,4336,nan,nan,nan,double
ecm,UKF,kalman,evtol,current_bias,1,0.00603332,0.00552778,0.00497854,0.0382117,-0.00780652,0.4,0,0.00111436,1438.8,4776,nan,nan,nan,double
ecm,LKF,kalman,evtol,current_bias,1,0.0374624,0.013622,0.0289378,0.0716128,-0.0142895,0,0,0.00111735,335.276,4680,nan,nan,nan,double
ecm,IEKF,kalman,evtol,current_bias,1,0.00577684,0.0065105,0.00486736,0.0135944,-0.008429,0,0,0.000856537,607.333,4336,nan,nan,nan,double
ecm,CKF,kalman,evtol,current_bias,1,0.0046377,0.00544236,0.00393741,0.0123377,-0.00746792,0,0,0.000859144,1285.95,4560,nan,nan,nan,double
ecm,SCKF,kalman,evtol,current_bias,1,0.0046377,0.00544236,0.00393741,0.0123377,-0.00746792,0,0,0.000859144,1618.81,4696,nan,nan,nan,double
ecm,CKF5,kalman,evtol,current_bias,1,0.00464438,0.00549469,0.00393678,0.0128556,-0.00752587,0,0,0.000865933,4025.66,5624,nan,nan,nan,double
ecm,CDKF,kalman,evtol,current_bias,1,0.00464438,0.00549469,0.00393678,0.0128556,-0.00752587,0,0,0.000865933,1370.25,4312,nan,nan,nan,double
ecm,GHKF,kalman,evtol,current_bias,1,0.00464438,0.00549469,0.00393678,0.0128556,-0.00752587,0,0,0.000865933,12028.2,10784,nan,nan,nan,double
ecm,IPLF,kalman,evtol,current_bias,1,0.00781491,0.00556884,0.005917,0.032647,-0.00793992,0.3,0,0.00112517,2049.09,4784,nan,nan,nan,double
ecm,EIF,kalman,evtol,current_bias,1,0.00527836,0.0062584,0.00457929,0.0171529,-0.00827688,0,0,0.000857918,1227.68,4472,nan,nan,nan,double
ecm,SR-EKF,kalman,evtol,current_bias,1,0.00527836,0.0062584,0.00457929,0.0171529,-0.00827688,0,0,0.000857918,824.561,4440,nan,nan,nan,double
ecm,SR-UKF,kalman,evtol,current_bias,1,0.00603332,0.00552778,0.00497854,0.0382117,-0.00780652,0.4,0,0.00111436,1564.79,4896,nan,nan,nan,double
ecm,UD-EKF,kalman,evtol,current_bias,1,0.00527836,0.0062584,0.00457929,0.0171529,-0.00827688,0,0,0.000857918,487.587,4480,nan,nan,nan,double
ecm,SO-EKF,kalman,evtol,current_bias,1,0.00633589,0.00583747,0.00525184,0.0369804,-0.00806553,0.4,0,0.00107957,4224.42,4496,nan,nan,nan,double
ecm,SageHusa-AKF,adaptive_kalman,evtol,current_bias,1,0.00521319,0.00626804,0.00448698,0.0171529,-0.00827552,0,0,0.000859715,544.143,4808,nan,nan,nan,double
ecm,IAE-AKF,adaptive_kalman,evtol,current_bias,1,0.00520618,0.00626846,0.0044788,0.0171529,-0.00827451,0,0,0.000863562,507.811,5040,nan,nan,nan,double
ecm,VB-AKF,adaptive_kalman,evtol,current_bias,1,0.00521806,0.00627517,0.00449175,0.0171529,-0.00827263,0,0,0.000859957,897.092,4408,nan,nan,nan,double
ecm,STF,adaptive_kalman,evtol,current_bias,1,0.0108973,0.00789907,0.00918155,0.0669109,0.00480721,0,0,0.000938464,537.311,4680,nan,nan,nan,double
ecm,Fading-EKF,adaptive_kalman,evtol,current_bias,1,0.00697834,0.00662613,0.00673743,0.0171529,0.00568081,0,0,0.000822867,502.747,4384,nan,nan,nan,double
ecm,Fuzzy-AKF,adaptive_kalman,evtol,current_bias,1,0.00521222,0.00615686,0.00452217,0.0171529,-0.00815642,0,0,0.000864498,728.271,4816,nan,nan,nan,double
ecm,IMM,adaptive_kalman,evtol,current_bias,1,0.00554642,0.00635435,0.00477227,0.0163508,-0.00833081,0,0,0.000857768,2058.44,4976,nan,nan,nan,double
ecm,MMAE,adaptive_kalman,evtol,current_bias,1,0.005974,0.00718723,0.0053921,0.0171529,-0.00918307,0,0,0.000875006,1774.84,13200,0.00107651,nan,nan,double
ecm,Schmidt-KF,robust_kalman,evtol,current_bias,1,0.00333102,0.00330488,0.00290384,0.017125,-0.00188359,0,0,0.0092066,1305.74,8856,nan,nan,nan,double
ecm,Hinf-EKF,robust_kalman,evtol,current_bias,1,0.00532045,0.00380996,0.0041753,0.0187579,-0.004906,0,0,0.000850545,794.208,4408,nan,nan,nan,double
ecm,Huber-EKF,robust_kalman,evtol,current_bias,1,0.00562787,0.00647496,0.0048233,0.0171529,-0.00843913,0,0,0.000869555,640.907,4368,nan,nan,nan,double
ecm,MC-EKF,robust_kalman,evtol,current_bias,1,0.00519362,0.00630494,0.00453163,0.0171529,-0.00829492,0,0,0.000859372,995.575,4384,nan,nan,nan,double
ecm,StudentT-KF,robust_kalman,evtol,current_bias,1,0.00538761,0.00640116,0.00458807,0.0171529,-0.00843298,0,0,0.00089387,697.724,4568,nan,nan,nan,double
ecm,Constrained-EKF,robust_kalman,evtol,current_bias,1,0.00527836,0.0062584,0.00457929,0.0171529,-0.00827688,0,0,0.000857918,581.723,4416,nan,nan,nan,double
ecm,ReducedOrder-EKF,robust_kalman,evtol,current_bias,1,0.010829,0.00858373,0.00980274,0.0319459,0.00691793,0,0,0.00130364,331.298,4272,nan,nan,nan,double
ecm,SVSF,robust_kalman,evtol,current_bias,1,0.00571751,0.00550172,0.00474098,0.0150588,-0.00762359,0,0,0.00088961,583.948,4376,nan,nan,nan,double
ecm,Luenberger,observers,evtol,current_bias,1,0.00869194,0.00851779,0.00850661,0.0164873,0.00691341,0,0,0.000856403,463.737,4632,nan,nan,nan,double
ecm,SSKF,observers,evtol,current_bias,1,0.00869194,0.00851779,0.00850661,0.0164873,0.00691341,0,0,0.000856403,410.866,4632,nan,nan,nan,double
ecm,PI-Observer,observers,evtol,current_bias,1,0.0127171,0.00991884,0.0110519,0.0519815,0.00740052,0,0,0.000881365,1313.97,4824,nan,nan,nan,double
ecm,SMO,observers,evtol,current_bias,1,0.00899261,0.00868819,0.00876536,0.0183802,0.00697364,0,0,0.000861591,538.837,4800,nan,nan,nan,double
ecm,SMO-Adaptive,observers,evtol,current_bias,1,0.00887571,0.00860559,0.00866206,0.0176783,0.00693936,0,0,0.000858693,514.813,4800,nan,nan,nan,double
ecm,SuperTwisting-SMO,observers,evtol,current_bias,1,0.0126645,0.00993254,0.010946,0.052879,0.00737086,0,0,0.00139481,141.841,4280,nan,nan,nan,double
ecm,HGO,observers,evtol,current_bias,1,0.00869194,0.00851779,0.00850661,0.0164873,0.00691341,0,0,0.000856403,473.384,4680,nan,nan,nan,double
ecm,ESO,observers,evtol,current_bias,1,0.012721,0.00992887,0.0110559,0.0519815,0.00740142,0,0,0.000860882,1511.95,4784,nan,nan,nan,double
ecm,UIO,observers,evtol,current_bias,1,0.00586753,0.00707098,0.00547158,0.0104777,0.00510554,0,0,0.0038318,589.235,5072,nan,nan,nan,double
ecm,DOB,observers,evtol,current_bias,1,0.00402178,0.00180131,0.00321242,0.0135416,0.00178067,0,0,0.000915739,560.997,4784,nan,nan,nan,double
ecm,AdaptiveObserver,observers,evtol,current_bias,1,0.0078369,0.00744947,0.00764136,0.0155324,0.00640946,0,0,0.00083932,866.176,4864,0.0163942,nan,nan,double
ecm,IntervalObserver,observers,evtol,current_bias,1,0.00869194,0.00851779,0.00850661,0.0164873,0.00691341,0,0,0.000856403,787.678,9024,nan,0,0.273991,double
ecm,JointEKF,soh,evtol,current_bias,1,0.00581204,0.00667972,0.00554612,0.0170903,0.00755143,0,0,0.000816338,1222.17,8752,0.329149,nan,nan,double
ecm,JointUKF,soh,evtol,current_bias,1,0.00582309,0.00605459,0.00571044,0.0381272,0.00702999,0.4,0,0.00107481,3099.19,9600,0.312144,nan,nan,double
ecm,DualEKF,soh,evtol,current_bias,1,0.0067452,0.0080796,0.00604785,0.0171529,0.0111613,0,0,0.000798268,1271.78,4752,0.426264,nan,nan,double
ecm,DualUKF,soh,evtol,current_bias,1,0.00639157,0.00645464,0.006264,0.0382339,0.00727923,0.4,0,0.00108937,2378.53,5512,0.329373,nan,nan,double
ecm,RLS-EKF,soh,evtol,current_bias,1,0.00660823,0.00303866,0.00555822,0.0171529,-0.00469905,0,0,0.00139244,496.717,8904,nan,nan,nan,double
ecm,AWTLS,soh,evtol,current_bias,1,0.00326183,0.00226007,0.00242037,0.0171529,0.00396072,0,0,0.000836013,479.745,8776,0.304676,nan,nan,double
ecm,PF-Bootstrap,particle,evtol,current_bias,1,0.00898934,0.00878593,0.0085058,0.0256017,0.00752029,0,0,0.00086684,77193.5,46472,nan,nan,nan,double
ecm,PF-Fast,particle,evtol,current_bias,1,0.0098074,0.00890394,0.00923113,0.0321846,0.00778424,0,0,0.000940556,16189,9664,nan,nan,nan,double
ecm,PF-Regularized,particle,evtol,current_bias,1,0.00937212,0.00864455,0.00899313,0.024456,0.00663363,0,0,0.000863129,82043.2,46464,nan,nan,nan,double
ecm,PF-Auxiliary,particle,evtol,current_bias,1,0.00908212,0.00885503,0.00868064,0.0236736,0.00778663,0,0,0.000890327,104084,54584,nan,nan,nan,double
ecm,RBPF,particle,evtol,current_bias,1,0.004027,0.00133588,0.00271276,0.0119229,-0.000995993,0,0,0.000847392,39816.2,34016,nan,nan,nan,double
ecm,UPF,particle,evtol,current_bias,1,0.0122407,0.00937112,0.00995588,0.0570063,0.00783792,0,0,0.00128378,18577.9,25360,nan,nan,nan,double
ecm,EnKF,particle,evtol,current_bias,1,0.0074675,0.00789369,0.00675242,0.0228697,0.00764105,0.1,0,0.000843392,10257.8,6776,nan,nan,nan,double
ecm,ETKF,particle,evtol,current_bias,1,0.0120419,0.0164137,0.00987749,0.0254554,-0.0218285,0.1,0,0.000931376,10546,5304,nan,nan,nan,double
ecm,GSF,particle,evtol,current_bias,1,0.00486744,0.00565469,0.00421134,0.0100722,-0.00791328,0,0,0.000880435,1755.21,9192,nan,nan,nan,double
ecm,NN-Direct,learning,evtol,current_bias,1,0.00943429,0.012641,0.00651701,0.0424088,-0.0216004,0,0,nan,487.336,15152,nan,nan,nan,double
ecm,NN-EKF,learning,evtol,current_bias,1,0.0106269,0.008224,0.00853092,0.0398249,-0.0141535,197.7,0,0.000865309,1058.86,4376,nan,nan,nan,double
ecm,ELM-RLS-EKF,learning,evtol,current_bias,1,0.0054336,0.00632682,0.00473345,0.0171529,-0.00854417,0,0,0.000828115,3301.32,11704,nan,nan,nan,double
ecm,MHE-RTI,optimization,evtol,current_bias,1,0.00502627,0.00115598,0.00319923,0.017809,0.00180002,0,0,0.000876039,17292.4,26928,nan,nan,nan,double
ecm,MHE,optimization,evtol,current_bias,1,0.00635411,0.00115364,0.003691,0.0255747,0.00178979,0,0,0.000874612,32042.1,26928,nan,nan,nan,double
ecm,ERTS,smoothers,evtol,current_bias,1,0.0103503,0.00409126,0.0082676,0.0223225,-0.00827688,161.6,0,0.000932345,896.982,12547032,nan,nan,nan,double
ecm,URTS,smoothers,evtol,current_bias,1,0.0110332,0.00414114,0.00880978,0.0235781,-0.00780652,206.7,0,0.000817625,2499.45,12547056,nan,nan,nan,double
ecm,Batch-NLS,smoothers,evtol,current_bias,1,0.0107808,0.00408844,0.00861048,0.0231284,-0.00783402,192.9,0,0.00120031,3837.32,17371352,nan,nan,nan,double
ecm,FixedLag-EKF,smoothers,evtol,current_bias,1,0.00521108,0.00593826,0.00454006,0.0171529,-0.0082056,0,0,0.000857918,10057.4,19992,nan,nan,nan,double
ecm,CoulombCounting,baselines,evtol,current_bias,2,0.0243735,0.0319228,0.0213103,0.0413132,-0.0413132,0,0,0.0279913,80.6481,4184,nan,nan,nan,double
ecm,OCVLookup,baselines,evtol,current_bias,2,0.0246375,0.0210915,0.0217794,0.0750801,0.00935192,0,0,0.0117608,1314.23,4192,nan,nan,nan,double
ecm,CoulombOCVHybrid,baselines,evtol,current_bias,2,0.014283,0.0192977,0.0118113,0.0284039,-0.00135358,0,0,0.0184521,210.939,4192,nan,nan,nan,double
ecm,EKF,kalman,evtol,current_bias,2,0.00535009,0.00605926,0.00452677,0.0112511,-0.00792493,0,0,0.000863182,482.539,4336,nan,nan,nan,double
ecm,UKF,kalman,evtol,current_bias,2,0.00554566,0.00583064,0.00460056,0.0378561,-0.00770354,0.4,0,0.00111203,1441.55,4776,nan,nan,nan,double
ecm,LKF,kalman,evtol,current_bias,2,0.0368938,0.0136271,0.0285733,0.0704503,-0.0144133,0,0,0.00110981,337.374,4680,nan,nan,nan,double
ecm,IEKF,kalman,evtol,current_bias,2,0.00644945,0.00588589,0.00529744,0.0168497,-0.00787569,0,0,0.000860726,597.013,4336,nan,nan,nan,double
ecm,CKF,kalman,evtol,current_bias,2,0.00481731,0.00560703,0.00395891,0.0118773,-0.00744452,0,0,0.000868208,1255.55,4560,nan,nan,nan,double
ecm,SCKF,kalman,evtol,current_bias,2,0.00481731,0.00560703,0.00395891,0.0118773,-0.00744452,0,0,0.000868208,1579.5,4696,nan,nan,nan,double
ecm,CKF5,kalman,evtol,current_bias,2,0.00486221,0.00556939,0.00399762,0.0164983,-0.00742072,0,0,0.000874033,4031.59,5624,nan,nan,nan,double
ecm,CDKF,kalman,evtol,current_bias,2,0.00486221,0.00556939,0.00399762,0.0164983,-0.00742072,0,0,0.000874033,1418.25,4312,nan,nan,nan,double
ecm,GHKF,kalman,evtol,current_bias,2,0.00486221,0.00556939,0.00399762,0.0164983,-0.00742072,0,0,0.000874033,12004.7,10784,nan,nan,nan,double
ecm,IPLF,kalman,evtol,current_bias,2,0.00596286,0.00612021,0.0048439,0.033497,-0.00791075,0.3,0,0.00111783,1984.66,4784,nan,nan,nan,double
ecm,EIF,kalman,evtol,current_bias,2,0.00535009,0.00605926,0.00452677,0.0112511,-0.00792493,0,0,0.000863182,1222.65,4472,nan,nan,nan,double
ecm,SR-EKF,kalman,evtol,current_bias,2,0.00535009,0.00605926,0.00452677,0.0112511,-0.00792493,0,0,0.000863182,822.699,4440,nan,nan,nan,double
ecm,SR-UKF,kalman,evtol,current_bias,2,0.00554566,0.00583064,0.00460056,0.0378561,-0.00770354,0.4,0,0.00111203,1554.86,4896,nan,nan,nan,double
ecm,UD-EKF,kalman,evtol,current_bias,2,0.00535009,0.00605926,0.00452677,0.0112511,-0.00792493,0,0,0.000863182,487.425,4480,nan,nan,nan,double
ecm,SO-EKF,kalman,evtol,current_bias,2,0.00613676,0.00586246,0.00507638,0.0371167,-0.00786846,0.5,0,0.00107655,4197.23,4496,nan,nan,nan,double
ecm,SageHusa-AKF,adaptive_kalman,evtol,current_bias,2,0.00546695,0.0060586,0.00460487,0.0120057,-0.00790338,0,0,0.000865972,546.829,4808,nan,nan,nan,double
ecm,IAE-AKF,adaptive_kalman,evtol,current_bias,2,0.00533226,0.00603137,0.00451276,0.0112209,-0.0078772,0,0,0.00087105,496.702,5040,nan,nan,nan,double
ecm,VB-AKF,adaptive_kalman,evtol,current_bias,2,0.00529734,0.00602608,0.00448827,0.0112085,-0.00788014,0,0,0.000866399,872.592,4408,nan,nan,nan,double
ecm,STF,adaptive_kalman,evtol,current_bias,2,0.0104418,0.00853602,0.0092272,0.0579242,0.00726216,0,0,0.000942546,528.913,4680,nan,nan,nan,double
ecm,Fading-EKF,adaptive_kalman,evtol,current_bias,2,0.00708303,0.00658568,0.00679423,0.0150513,0.00591161,0,0,0.000826433,499.266,4384,nan,nan,nan,double
ecm,Fuzzy-AKF,adaptive_kalman,evtol,current_bias,2,0.00568329,0.00681851,0.00459331,0.0111986,-0.00846387,0,0,0.000877111,732.839,4816,nan,nan,nan,double
ecm,IMM,adaptive_kalman,evtol,current_bias,2,0.00535876,0.00606574,0.00453352,0.0112636,-0.00792158,0,0,0.000863202,2061.08,4976,nan,nan,nan,double
ecm,MMAE,adaptive_kalman,evtol,current_bias,2,0.00609627,0.00707679,0.00551666,0.0113554,-0.00888418,0,0,0.00088467,1787.45,13200,0.000867448,nan,nan,double
ecm,Schmidt-KF,robust_kalman,evtol,current_bias,2,0.00366158,0.00342927,0.00287801,0.0114456,-3.65996e-05,0,0,0.00878277,1301.11,8856,nan,nan,nan,double
ecm,Hinf-EKF,robust_kalman,evtol,current_bias,2,0.00492886,0.00416038,0.00384209,0.0147259,-0.00520493,0,0,0.000856594,795.849,4408,nan,nan,nan,double
ecm,Huber-EKF,robust_kalman,evtol,current_bias,2,0.00558636,0.00638531,0.00473332,0.011657,-0.00820998,0,0,0.000877715,642.526,4368,nan,nan,nan,double
ecm,MC-EKF,robust_kalman,evtol,current_bias,2,0.00549046,0.00630414,0.00468507,0.0112495,-0.00808631,0,0,0.000866261,993.645,4384,nan,nan,nan,double
ecm,StudentT-KF,robust_kalman,evtol,current_bias,2,0.00594125,0.00578027,0.00497108,0.0146106,-0.00777712,0,0,0.000897667,697.584,4568,nan,nan,nan,double
ecm,Constrained-EKF,robust_kalman,evtol,current_bias,2,0.00535009,0.00605926,0.00452677,0.0112511,-0.00792491,0,0,0.000863183,582.425,4416,nan,nan,nan,double
ecm,ReducedOrder-EKF,robust_kalman,evtol,current_bias,2,0.0107915,0.00848496,0.0097684,0.0316459,0.00680306,0,0,0.0012959,328.84,4272,nan,nan,nan,double
ecm,SVSF,robust_kalman,evtol,current_bias,2,0.00559423,0.00558482,0.00464496,0.0145104,-0.00749246,0,0,0.000901844,583.854,4376,nan,nan,nan,double
ecm,Luenberger,observers,evtol,current_bias,2,0.00860146,0.00842545,0.00842662,0.0161113,0.0071589,0,0,0.000857927,500.751,4632,nan,nan,nan,double
ecm,SSKF,observers,evtol,current_bias,2,0.00860146,0.00842545,0.00842662,0.0161113,0.0071589,0,0,0.000857927,431.094,4632,nan,nan,nan,double
ecm,PI-Observer,observers,evtol,current_bias,2,0.0127013,0.00990886,0.0110136,0.0528871,0.00798393,0,0,0.000934934,1368.05,4824,nan,nan,nan,double
ecm,SMO,observers,evtol,current_bias,2,0.00901978,0.00857487,0.0087705,0.0194362,0.00721575,0,0,0.000862859,520.653,4800,nan,nan,nan,double
ecm,SMO-Adaptive,observers,evtol,current_bias,2,0.00879072,0.00850272,0.00858742,0.0172874,0.00719066,0,0,0.000859982,510.069,4800,nan,nan,nan,double
ecm,SuperTwisting-SMO,observers,evtol,current_bias,2,0.0126316,0.00982001,0.0108996,0.0541804,0.00739379,0,0,0.00134737,141.222,4280,nan,nan,nan,double
ecm,HGO,observers,evtol,current_bias,2,0.00860146,0.00842545,0.00842662,0.0161113,0.0071589,0,0,0.000857927,504.546,4680,nan,nan,nan,double
ecm,ESO,observers,evtol,current_bias,2,0.0126567,0.00979399,0.0109614,0.0528871,0.00796097,0,0,0.000862691,1545.75,4784,nan,nan,nan,double
ecm,UIO,observers,evtol,current_bias,2,0.00589077,0.00703391,0.00550821,0.00994283,0.00529066,0,0,0.00368248,595.32,5072,nan,nan,nan,double
ecm,DOB,observers,evtol,current_bias,2,0.00394702,0.00171531,0.00314508,0.0131358,0.00183333,0,0,0.000913249,584.922,4784,nan,nan,nan,double
ecm,AdaptiveObserver,observers,evtol,current_bias,2,0.00770097,0.00734063,0.00752516,0.0146652,0.00666007,0,0,0.000839598,921.939,4864,0.0162429,nan,nan,double
ecm,IntervalObserver,observers,evtol,current_bias,2,0.00860146,0.00842545,0.00842662,0.0161113,0.0071589,0,0,0.000857927,813.686,9024,nan,0,0.274637,double
ecm,JointEKF,soh,evtol,current_bias,2,0.00549696,0.00603852,0.00527695,0.0108024,0.00713673,0,0,0.000810143,1220.22,8752,0.322255,nan,nan,double
ecm,JointUKF,soh,evtol,current_bias,2,0.00536221,0.00557027,0.00522758,0.037824,0.0068893,0.4,0,0.00106427,3095.67,9600,0.314707,nan,nan,double
ecm,DualEKF,soh,evtol,current_bias,2,0.00660244,0.00777325,0.00610055,0.0118963,0.0101704,0,0,0.000793306,1285.94,4752,0.398585,nan,nan,double
ecm,DualUKF,soh,evtol,current_bias,2,0.00690762,0.00745322,0.00668818,0.0378726,0.00808459,0.5,0,0.00108087,2372.78,5512,0.335985,nan,nan,double
ecm,RLS-EKF,soh,evtol,current_bias,2,0.00618188,0.00299666,0.00511132,0.0128404,-0.00387494,0,0,0.00131987,497.27,8904,nan,nan,nan,double
ecm,AWTLS,soh,evtol,current_bias,2,0.00384782,0.00300157,0.00297408,0.0112511,0.00498769,0,0,0.000838726,477.921,8776,0.321592,nan,nan,double
ecm,PF-Bootstrap,particle,evtol,current_bias,2,0.00906491,0.00914557,0.00875806,0.0194141,0.00696534,0,0,0.000861776,76567.7,46472,nan,nan,nan,double
ecm,PF-Fast,particle,evtol,current_bias,2,0.00933188,0.0102462,0.00875594,0.024656,0.0080832,0,0,0.000929252,15973.3,9664,nan,nan,nan,double
ecm,PF-Regularized,particle,evtol,current_bias,2,0.00994316,0.00947027,0.00946028,0.0249516,0.00710199,0,0,0.00086031,81549.3,46464,nan,nan,nan,double
ecm,PF-Auxiliary,particle,evtol,current_bias,2,0.00897592,0.00930281,0.00862154,0.0217019,0.0057009,0,0,0.000887908,104413,54584,nan,nan,nan,double
ecm,RBPF,particle,evtol,current_bias,2,0.00327606,0.00111567,0.00210143,0.0106757,0.00113217,0,0,0.00085175,39448.7,34016,nan,nan,nan,double
ecm,UPF,particle,evtol,current_bias,2,0.0113546,0.0099674,0.00976019,0.0459385,0.00495242,0,0,0.00126974,18593.5,25360,nan,nan,nan,double
ecm,EnKF,particle,evtol,current_bias,2,0.00584831,0.00765741,0.00504702,0.0319455,0.00641682,0.1,0,0.000851433,10257.8,6776,nan,nan,nan,double
ecm,ETKF,particle,evtol,current_bias,2,0.0214361,0.02776,0.0191366,0.0372953,-0.0363608,0.1,0,0.00104166,10491.2,5304,nan,nan,nan,double
ecm,GSF,particle,evtol,current_bias,2,0.00480117,0.00535639,0.00360286,0.0112668,-0.00746266,0,0,0.000886215,1754.97,9192,nan,nan,nan,double
ecm,NN-Direct,learning,evtol,current_bias,2,0.00975305,0.0131747,0.00663888,0.0436906,-0.0237737,0,0,nan,488.1,15152,nan,nan,nan,double
ecm,NN-EKF,learning,evtol,current_bias,2,0.0108858,0.00806106,0.00859076,0.0327364,-0.0137878,198.7,0,0.000857491,1059.52,4376,nan,nan,nan,double
ecm,ELM-RLS-EKF,learning,evtol,current_bias,2,0.00565216,0.00650929,0.0048392,0.0112511,-0.00850308,0,0,0.000832108,3272.64,11704,nan,nan,nan,double
ecm,MHE-RTI,optimization,evtol,current_bias,2,0.0064173,0.000705806,0.00338882,0.0220481,0.000701207,179.7,0,0.00087608,17379.2,26928,nan,nan,nan,double
ecm,MHE,optimization,evtol,current_bias,2,0.00427184,0.000719329,0.00236344,0.0165419,0.000553365,0,0,0.000876182,32104.6,26928,nan,nan,nan,double
ecm,ERTS,smoothers,evtol,current_bias,2,0.0104674,0.00403942,0.00836885,0.0224755,-0.00792493,169.3,0,0.00090073,917.646,12547032,nan,nan,nan,double
ecm,URTS,smoothers,evtol,current_bias,2,0.0107546,0.00405617,0.00859043,0.0230417,-0.00770354,191.6,0,0.000878597,2487.44,12547056,nan,nan,nan,double
ecm,Batch-NLS,smoothers,evtol,current_bias,2,0.0109827,0.00407669,0.00877813,0.0234122,-0.00745803,201.7,0,0.00128246,4464.86,17371352,nan,nan,nan,double
ecm,FixedLag-EKF,smoothers,evtol,current_bias,2,0.00528754,0.00574283,0.00449587,0.0114011,-0.00785299,0,0,0.000863182,9963.8,19992,nan,nan,nan,double
ecm,CoulombCounting,baselines,evtol,current_bias,3,0.0244928,0.0320676,0.0214224,0.0415274,-0.0415274,0,0,0.0283096,81.0405,4184,nan,nan,nan,double
ecm,OCVLookup,baselines,evtol,current_bias,3,0.0249719,0.0214887,0.0220202,0.0776744,0.00968109,0,0,0.0120732,1307.75,4192,nan,nan,nan,double
ecm,CoulombOCVHybrid,baselines,evtol,current_bias,3,0.0144003,0.0194572,0.0118974,0.0288024,-0.001199,0,0,0.0185479,209.059,4192,nan,nan,nan,double
ecm,EKF,kalman,evtol,current_bias,3,0.00551179,0.00607663,0.00478402,0.0134471,-0.00817075,0,0,0.000865654,476.93,4336,nan,nan,nan,double
ecm,UKF,kalman,evtol,current_bias,3,0.00570504,0.00575803,0.00482029,0.0389294,-0.00786957,0.5,0,0.00111496,1442.61,4776,nan,nan,nan,double
ecm,LKF,kalman,evtol,current_bias,3,0.037763,0.0136202,0.0291111,0.0725785,-0.0142411,0,0,0.00114794,330.809,4680,nan,nan,nan,double
ecm,IEKF,kalman,evtol,current_bias,3,0.00606655,0.00690857,0.00493095,0.0135273,-0.00893052,0,0,0.000869352,599.904,4336,nan,nan,nan,double
ecm,CKF,kalman,evtol,current_bias,3,0.00487056,0.00554952,0.00408567,0.0113912,-0.00763281,0,0,0.000869287,1252.17,4560,nan,nan,nan,double
ecm,SCKF,kalman,evtol,current_bias,3,0.00487056,0.00554952,0.00408567,0.0113912,-0.00763281,0,0,0.000869287,1615.65,4696,nan,nan,nan,double
ecm,CKF5,kalman,evtol,current_bias,3,0.00490814,0.00549905,0.00414809,0.014664,-0.00759752,0,0,0.000875371,4033.61,5624,nan,nan,nan,double
ecm,CDKF,kalman,evtol,current_bias,3,0.00490814,0.00549905,0.00414809,0.014664,-0.00759752,0,0,0.000875371,1374.17,4312,nan,nan,nan,double
ecm,GHKF,kalman,evtol,current_bias,3,0.00490814,0.00549905,0.00414809,0.014664,-0.00759752,0,0,0.000875371,12045,10784,nan,nan,nan,double
ecm,IPLF,kalman,evtol,current_bias,3,0.00711252,0.00529926,0.00562601,0.0342676,-0.0076155,0.2,0,0.00111915,2042.43,4784,nan,nan,nan,double
ecm,EIF,kalman,evtol,current_bias,3,0.00551179,0.00607663,0.00478402,0.0134471,-0.00817075,0,0,0.000865654,1223.4,4472,nan,nan,nan,double
ecm,SR-EKF,kalman,evtol,current_bias,3,0.00551179,0.00607663,0.00478402,0.0134471,-0.00817075,0,0,0.000865654,825.302,4440,nan,nan,nan,double
ecm,SR-UKF,kalman,evtol,current_bias,3,0.00570504,0.00575803,0.00482029,0.0389294,-0.00786957,0.5,0,0.00111496,1557.88,4896,nan,nan,nan,double
ecm,UD-EKF,kalman,evtol,current_bias,3,0.00551179,0.00607663,0.00478402,0.0134471,-0.00817075,0,0,0.000865654,484.431,4480,nan,nan,nan,double
ecm,SO-EKF,kalman,evtol,current_bias,3,0.00580876,0.00680296,0.00478998,0.0379934,-0.00881616,0.5,0,0.00108363,4199.64,4496,nan,nan,nan,double
ecm,SageHusa-AKF,adaptive_kalman,evtol,current_bias,3,0.00532907,0.00626398,0.00450775,0.0134471,-0.00828042,0,0,0.0008695,545.754,4808,nan,nan,nan,double
ecm,IAE-AKF,adaptive_kalman,evtol,current_bias,3,0.00545862,0.0062732,0.00469293,0.0134471,-0.00829732,0,0,0.000876479,499.177,5040,nan,nan,nan,double
ecm,VB-AKF,adaptive_kalman,evtol,current_bias,3,0.00542498,0.00604004,0.00470062,0.0134471,-0.00811242,0,0,0.00086882,874.411,4408,nan,nan,nan,double
ecm,STF,adaptive_kalman,evtol,current_bias,3,0.0112466,0.00866489,0.00963422,0.059154,0.00794683,0,0,0.000943295,534.467,4680,nan,nan,nan,double
ecm,Fading-EKF,adaptive_kalman,evtol,current_bias,3,0.0070196,0.00659471,0.00675585,0.0146681,0.00561727,0,0,0.000831731,502.397,4384,nan,nan,nan,double
ecm,Fuzzy-AKF,adaptive_kalman,evtol,current_bias,3,0.00544431,0.00627467,0.00459029,0.0134471,-0.00829729,0,0,0.000879197,725.535,4816,nan,nan,nan,double
ecm,IMM,adaptive_kalman,evtol,current_bias,3,0.00556642,0.00611962,0.00483439,0.0128183,-0.00817078,0,0,0.000867275,2057.85,4976,nan,nan,nan,double
ecm,MMAE,adaptive_kalman,evtol,current_bias,3,0.00588341,0.00698185,0.00517718,0.0134471,-0.00902536,0,0,0.000882061,1772.37,13200,0.00123678,nan,nan,double
ecm,Schmidt-KF,robust_kalman,evtol,current_bias,3,0.00302047,0.00311974,0.00252522,0.0134216,0.000658725,0,0,0.00931185,1298.71,8856,nan,nan,nan,double
ecm,Hinf-EKF,robust_kalman,evtol,current_bias,3,0.00500145,0.0036222,0.00407324,0.0160824,-0.00494319,0,0,0.000858204,797.377,4408,nan,nan,nan,double
ecm,Huber-EKF,robust_kalman,evtol,current_bias,3,0.00527664,0.00594099,0.004606,0.0134471,-0.00801452,0,0,0.000876216,642.59,4368,nan,nan,nan,double
ecm,MC-EKF,robust_kalman,evtol,current_bias,3,0.00536335,0.00608853,0.00469409,0.0134471,-0.00818002,0,0,0.000867319,994.272,4384,nan,nan,nan,double
ecm,StudentT-KF,robust_kalman,evtol,current_bias,3,0.00542462,0.00629959,0.00468455,0.0134471,-0.00835714,0,0,0.000903181,699.166,4568,nan,nan,nan,double
ecm,Constrained-EKF,robust_kalman,evtol,current_bias,3,0.00551179,0.00607665,0.00478402,0.0134471,-0.00817076,0,0,0.000865655,582.439,4416,nan,nan,nan,double
ecm,ReducedOrder-EKF,robust_kalman,evtol,current_bias,3,0.0107965,0.0085681,0.0097845,0.0321145,0.00705313,0,0,0.00131483,330.853,4272,nan,nan,nan,double
ecm,SVSF,robust_kalman,evtol,current_bias,3,0.00594951,0.00545449,0.00492947,0.0158239,-0.00767225,0,0,0.000902258,584.384,4376,nan,nan,nan,double
ecm,Luenberger,observers,evtol,current_bias,3,0.00876236,0.00851187,0.00855936,0.0175545,0.00682601,0,0,0.000866948,470.449,4632,nan,nan,nan,double
ecm,SSKF,observers,evtol,current_bias,3,0.00876236,0.00851187,0.00855936,0.0175545,0.00682601,0,0,0.000866948,410.161,4632,nan,nan,nan,double
ecm,PI-Observer,observers,evtol,current_bias,3,0.0126193,0.0100025,0.0110019,0.0522387,0.00743062,0,0,0.000955955,1324.26,4824,nan,nan,nan,double
ecm,SMO,observers,evtol,current_bias,3,0.00897653,0.00866839,0.0087495,0.0186064,0.00685241,0,0,0.000871702,549.508,4800,nan,nan,nan,double
ecm,SMO-Adaptive,observers,evtol,current_bias,3,0.0088841,0.00859544,0.00866844,0.0180061,0.00684263,0,0,0.000868927,510.169,4800,nan,nan,nan,double
ecm,SuperTwisting-SMO,observers,evtol,current_bias,3,0.012649,0.0099111,0.010924,0.0541155,0.00763374,0,0,0.00144067,141.848,4280,nan,nan,nan,double
ecm,HGO,observers,evtol,current_bias,3,0.00876236,0.00851187,0.00855936,0.0175545,0.00682601,0,0,0.000866948,474.799,4680,nan,nan,nan,double
ecm,ESO,observers,evtol,current_bias,3,0.012648,0.00991457,0.0109761,0.0528595,0.00743385,0,0,0.000874648,1416.79,4784,nan,nan,nan,double
ecm,UIO,observers,evtol,current_bias,3,0.00593339,0.0070821,0.00553301,0.0100672,0.00535924,0,0,0.00377758,624.929,5072,nan,nan,nan,double
ecm,DOB,observers,evtol,current_bias,3,0.00409556,0.00177734,0.00326694,0.0140024,0.00138938,0,0,0.000922203,578.439,4784,nan,nan,nan,double
ecm,AdaptiveObserver,observers,evtol,current_bias,3,0.0077925,0.00738499,0.00759157,0.0155366,0.00628929,0,0,0.000846378,904.027,4864,0.0165124,nan,nan,double
ecm,IntervalObserver,observers,evtol,current_bias,3,0.00876236,0.00851187,0.00855936,0.0175545,0.00682601,0,0,0.000866948,796.062,9024,nan,0,0.273379,double
ecm,JointEKF,soh,evtol,current_bias,3,0.00558751,0.00606223,0.00536459,0.0133899,0.00701912,0,0,0.00084778,1214.6,8752,0.314189,nan,nan,double
ecm,JointUKF,soh,evtol,current_bias,3,0.005513,0.00575715,0.00540523,0.0388268,0.00666573,0.5,0,0.00109073,3107.01,9600,0.304789,nan,nan,double
ecm,DualEKF,soh,evtol,current_bias,3,0.00636323,0.00788763,0.00565863,0.0134471,0.0108824,0,0,0.000804195,1271.8,4752,0.419892,nan,nan,double
ecm,DualUKF,soh,evtol,current_bias,3,0.00746757,0.00751109,0.00730067,0.0389507,0.00776619,0.5,0,0.00111223,2375.8,5512,0.320486,nan,nan,double
ecm,RLS-EKF,soh,evtol,current_bias,3,0.00653212,0.00304292,0.00549835,0.0136655,-0.00465702,0,0,0.00139688,495.849,8904,nan,nan,nan,double
ecm,AWTLS,soh,evtol,current_bias,3,0.0035852,0.00144813,0.00229088,0.0134471,0.00264953,0,0,0.000845693,478.521,8776,0.276328,nan,nan,double
ecm,PF-Bootstrap,particle,evtol,current_bias,3,0.00807506,0.00825875,0.007896,0.0172057,0.0080869,0,0,0.000876106,76600.1,46472,nan,nan,nan,double
ecm,PF-Fast,particle,evtol,current_bias,3,0.0105796,0.00821842,0.00923487,0.0407645,0.00863221,0,0,0.000961898,15971.9,9664,nan,nan,nan,double
ecm,PF-Regularized,particle,evtol,current_bias,3,0.00941499,0.00888831,0.00886521,0.026661,0.00709766,0,0,0.000872087,81892.9,46464,nan,nan,nan,double
ecm,PF-Auxiliary,particle,evtol,current_bias,3,0.00859996,0.00915711,0.00840434,0.0223333,0.00583989,0,0,0.000898147,105002,54584,nan,nan,nan,double
ecm,RBPF,particle,evtol,current_bias,3,0.00413481,0.00125535,0.00270286,0.0174764,-0.00212829,0,0,0.00086592,39901.4,34016,nan,nan,nan,double
ecm,UPF,particle,evtol,current_bias,3,0.00935756,0.0103179,0.0079854,0.0323429,0.00694635,0,0,0.00129211,18671,25360,nan,nan,nan,double
ecm,EnKF,particle,evtol,current_bias,3,0.0103842,0.00975695,0.00948938,0.0312023,0.00330438,0.1,0,0.000880891,10319.2,6776,nan,nan,nan,double
ecm,ETKF,particle,evtol,current_bias,3,0.0137637,0.0183745,0.011635,0.0310183,-0.0241816,0.1,0,0.00095483,10556.4,5304,nan,nan,nan,double
ecm,GSF,particle,evtol,current_bias,3,0.00479133,0.00559618,0.00412372,0.010454,-0.00775319,0,0,0.000888811,1765.85,9192,nan,nan,nan,double
ecm,NN-Direct,learning,evtol,current_bias,3,0.00916945,0.0121843,0.00649968,0.0402438,-0.020556,0,0,nan,494.906,15152,nan,nan,nan,double
ecm,NN-EKF,learning,evtol,current_bias,3,0.0107724,0.0082879,0.00861809,0.0357734,-0.0142668,202,0,0.000871366,1060.22,4376,nan,nan,nan,double
ecm,ELM-RLS-EKF,learning,evtol,current_bias,3,0.00549959,0.00645106,0.00470443,0.0134471,-0.00875708,0,0,0.0008358,3307.38,11704,nan,nan,nan,double
ecm,MHE-RTI,optimization,evtol,current_bias,3,0.00490288,0.00126358,0.0029941,0.020056,0.0011045,17,0,0.000883824,17253.7,26928,nan,nan,nan,double
ecm,MHE,optimization,evtol,current_bias,3,0.00563244,0.000940941,0.00350263,0.0199962,0.001109,0,0,0.000883583,32985.2,26928,nan,nan,nan,double
ecm,ERTS,smoothers,evtol,current_bias,3,0.0105353,0.00410563,0.00841054,0.0227041,-0.00817075,183.6,0,0.000919164,908.116,12547032,nan,nan,nan,double
ecm,URTS,smoothers,evtol,current_bias,3,0.0108864,0.00411725,0.00868635,0.0233475,-0.00786957,201.1,0,0.00088379,2460.42,12547056,nan,nan,nan,double
ecm,Batch-NLS,smoothers,evtol,current_bias,3,0.0108498,0.00416067,0.00867888,0.0232394,-0.00800548,196.7,0,0.00124083,4763.15,17371352,nan,nan,nan,double
ecm,FixedLag-EKF,smoothers,evtol,current_bias,3,0.00549558,0.00575436,0.00475391,0.0134471,-0.00810514,0,0,0.000865654,10017.8,19992,nan,nan,nan,double
ecm,CoulombCounting,baselines,evtol,noise_step,1,0.00277138,0.00355927,0.00247159,0.00443065,-0.00443065,0,0,0.00340291,79.3298,4184,nan,nan,nan,double
ecm,OCVLookup,baselines,evtol,noise_step,1,0.0154101,0.0133651,0.0128195,0.0426444,0.00177492,0,0,0.0118241,1311.57,4192,nan,nan,nan,double
ecm,CoulombOCVHybrid,baselines,evtol,noise_step,1,0.00277657,0.00165192,0.00250606,0.00493218,-0.000233255,0,0,0.0017856,208.218,4192,nan,nan,nan,double
ecm,EKF,kalman,evtol,noise_step,1,0.00143899,0.000907634,0.00102068,0.0131962,0.000790693,0,0,0.00286687,476.199,4336,nan,nan,nan,double
ecm,UKF,kalman,evtol,noise_step,1,0.00243521,0.00123573,0.00170443,0.0400167,0.000690219,0.4,0,0.00295978,1443.62,4776,nan,nan,nan,double
ecm,LKF,kalman,evtol,noise_step,1,0.0323737,0.0118777,0.0244055,0.0630802,-0.0101066,0,0,0.00297063,331.656,4680,nan,nan,nan,double
ecm,IEKF,kalman,evtol,noise_step,1,0.00526029,0.00187764,0.00357728,0.0149121,-0.00117123,0,0,0.00286791,593.571,4336,nan,nan,nan,double
ecm,CKF,kalman,evtol,noise_step,1,0.00129644,0.00137432,0.00111105,0.010206,-0.00112109,0,0,0.00286955,1250.25,4560,nan,nan,nan,double
ecm,SCKF,kalman,evtol,noise_step,1,0.00129644,0.00137432,0.00111105,0.010206,-0.00112109,0,0,0.00286955,1570.69,4696,nan,nan,nan,double
ecm,CKF5,kalman,evtol,noise_step,1,0.0011947,0.0012449,0.00100938,0.0148211,-0.000975321,0,0,0.00287174,3991.52,5624,nan,nan,nan,double
ecm,CDKF,kalman,evtol,noise_step,1,0.0011947,0.0012449,0.00100938,0.0148211,-0.000975321,0,0,0.00287174,1373.49,4312,nan,nan,nan,double
ecm,GHKF,kalman,evtol,noise_step,1,0.0011947,0.0012449,0.00100938,0.0148211,-0.000975321,0,0,0.00287174,11985.5,10784,nan,nan,nan,double
ecm,IPLF,kalman,evtol,noise_step,1,0.00520965,0.00107063,0.00299662,0.0346797,0.000268541,0.3,0,0.00296463,2087.81,4784,nan,nan,nan,double
ecm,EIF,kalman,evtol,noise_step,1,0.00143899,0.000907634,0.00102068,0.0131962,0.000790693,0,0,0.00286687,1224.13,4472,nan,nan,nan,double
ecm,SR-EKF,kalman,evtol,noise_step,1,0.00143899,0.000907634,0.00102068,0.0131962,0.000790693,0,0,0.00286687,825.978,4440,nan,nan,nan,double
ecm,SR-UKF,kalman,evtol,noise_step,1,0.00243521,0.00123573,0.00170443,0.0400167,0.000690219,0.4,0,0.00295978,1584.73,4896,nan,nan,nan,double
ecm,UD-EKF,kalman,evtol,noise_step,1,0.00143899,0.000907634,0.00102068,0.0131962,0.000790693,0,0,0.00286687,514.693,4480,nan,nan,nan,double
ecm,SO-EKF,kalman,evtol,noise_step,1,0.00306792,0.00111281,0.00199244,0.0391218,0.00113912,0.4,0,0.00294682,4181.32,4496,nan,nan,nan,double
ecm,SageHusa-AKF,adaptive_kalman,evtol,noise_step,1,0.00139363,0.000377819,0.000850255,0.0131962,-0.000623975,0,0,0.000976534,529.297,4808,nan,nan,nan,double
ecm,IAE-AKF,adaptive_kalman,evtol,noise_step,1,0.00242128,0.000271824,0.00146786,0.0131962,-0.00042627,0,0,0.000969427,499.896,5040,nan,nan,nan,double
ecm,VB-AKF,adaptive_kalman,evtol,noise_step,1,0.00137688,0.000381606,0.000832237,0.0131962,-0.000626535,0,0,0.000973012,870.806,4408,nan,nan,nan,double
ecm,STF,adaptive_kalman,evtol,noise_step,1,0.0193877,0.0234911,0.0137828,0.0986879,-0.00445818,0,0,0.0160128,559.393,4680,nan,nan,nan,double
ecm,Fading-EKF,adaptive_kalman,evtol,noise_step,1,0.00226036,0.00154468,0.00169916,0.0131962,6.97205e-05,0,0,0.00253178,498.087,4384,nan,nan,nan,double
ecm,Fuzzy-AKF,adaptive_kalman,evtol,noise_step,1,0.00123115,0.000499724,0.000768377,0.0131962,-0.000769062,0,0,0.000988914,728.314,4816,nan,nan,nan,double
ecm,IMM,adaptive_kalman,evtol,noise_step,1,0.00120232,0.00055111,0.000728529,0.0125792,-0.000752529,0,0,0.000994576,2092.2,4976,nan,nan,nan,double
ecm,MMAE,adaptive_kalman,evtol,noise_step,1,0.00428847,0.00301587,0.00386803,0.0131962,-0.000186893,0,0,0.00287157,1786.3,13200,-0.00500303,nan,nan,double
ecm,Schmidt-KF,robust_kalman,evtol,noise_step,1,0.00918794,0.0124927,0.00677921,0.0342405,-0.018329,0,0,0.00765206,1307.07,8856,nan,nan,nan,double
ecm,Hinf-EKF,robust_kalman,evtol,noise_step,1,0.00148967,0.00162558,0.00106712,0.0132241,0.0010459,0,0,0.00286799,859.975,4408,nan,nan,nan,double
ecm,Huber-EKF,robust_kalman,evtol,noise_step,1,0.00103942,0.000334832,0.00054472,0.0131962,-0.000548181,0,0,0.00154453,700.383,4368,nan,nan,nan,double
ecm,MC-EKF,robust_kalman,evtol,noise_step,1,0.00102102,0.000446886,0.000624413,0.0131962,-0.000661073,0,0,0.00209488,1225.18,4384,nan,nan,nan,double
ecm,StudentT-KF,robust_kalman,evtol,noise_step,1,0.00105284,0.000360443,0.000661061,0.0131962,-0.000546365,0,0,0.00143052,793.227,4568,nan,nan,nan,double
ecm,Constrained-EKF,robust_kalman,evtol,noise_step,1,0.00143868,0.000923002,0.00100817,0.0131962,0.000740137,0,0,0.00286701,627.765,4416,nan,nan,nan,double
ecm,ReducedOrder-EKF,robust_kalman,evtol,noise_step,1,0.0023821,0.0011628,0.00157113,0.0132455,2.87942e-05,0,0,0.00141146,357.469,4272,nan,nan,nan,double
ecm,SVSF,robust_kalman,evtol,noise_step,1,0.0138027,0.0169791,0.00994829,0.0426784,0.010662,0,0,0.00884125,631.106,4376,nan,nan,nan,double
ecm,Luenberger,observers,evtol,noise_step,1,0.00317925,0.00317856,0.00260783,0.0112315,-0.00128534,0,0,0.00320185,2159.06,4632,nan,nan,nan,double
ecm,SSKF,observers,evtol,noise_step,1,0.00317925,0.00317856,0.00260783,0.0112315,-0.00128534,0,0,0.00320185,1714.91,4632,nan,nan,nan,double
ecm,PI-Observer,observers,evtol,noise_step,1,0.00414607,0.00415676,0.00317055,0.0186041,-0.000742819,0,0,0.00346902,6965.55,4824,nan,nan,nan,double
ecm,SMO,observers,evtol,noise_step,1,0.0032236,0.0032604,0.00263876,0.0120787,-0.00124622,0,0,0.00322608,2223.39,4800,nan,nan,nan,double
ecm,SMO-Adaptive,observers,evtol,noise_step,1,0.00390722,0.00421305,0.00319518,0.0147915,-0.00108595,0,0,0.00338688,2800.09,4800,nan,nan,nan,double
ecm,SuperTwisting-SMO,observers,evtol,noise_step,1,0.00296507,0.00195403,0.00201592,0.0142786,0.00050746,0,0,0.00110594,138.276,4280,nan,nan,nan,double
ecm,HGO,observers,evtol,noise_step,1,0.00317605,0.00317217,0.00260482,0.0112315,-0.00127339,0,0,0.00320185,2131.12,4680,nan,nan,nan,double
ecm,ESO,observers,evtol,noise_step,1,0.00427201,0.00440443,0.00332654,0.0186564,-0.000741486,0,0,0.00321592,8568.52,4784,nan,nan,nan,double
ecm,UIO,observers,evtol,noise_step,1,0.0029108,0.00296207,0.00236614,0.0103636,-0.000291837,0,0,0.00520962,1857.35,5072,nan,nan,nan,double
ecm,DOB,observers,evtol,noise_step,1,0.00202893,0.00231385,0.00159524,0.00957617,-0.000287046,0,0,0.00437565,2571.31,4784,nan,nan,nan,double
ecm,AdaptiveObserver,observers,evtol,noise_step,1,0.00316633,0.00315897,0.00257637,0.0112611,-0.00136568,0,0,0.0032025,2539.14,4864,0.0156022,nan,nan,double
ecm,IntervalObserver,observers,evtol,noise_step,1,0.00317925,0.00317856,0.00260783,0.0112315,-0.00128534,0,0,0.00320185,2086.56,9024,nan,0,0.273831,double
ecm,JointEKF,soh,evtol,noise_step,1,0.00477531,0.00525017,0.00384706,0.0131651,0.0017874,0,0,0.00289789,1215.05,8752,0.0924823,nan,nan,double
ecm,JointUKF,soh,evtol,noise_step,1,0.00454258,0.00524361,0.00364541,0.0400056,0.000743039,0.4,0,0.00298716,3119.48,9600,0.0755817,nan,nan,double
ecm,DualEKF,soh,evtol,noise_step,1,0.00140194,0.0010812,0.00111531,0.0131962,0.000741205,0,0,0.00287358,1338.64,4752,0.0538393,nan,nan,double
ecm,DualUKF,soh,evtol,noise_step,1,0.00276801,0.00251445,0.00234748,0.0400284,-0.000677134,0.4,0,0.0029827,2370.17,5512,0.0478501,nan,nan,double
ecm,RLS-EKF,soh,evtol,noise_step,1,0.00776884,0.00565784,0.00695751,0.0154559,0.00673231,0,0,0.00307912,493.96,8904,nan,nan,nan,double
ecm,AWTLS,soh,evtol,noise_step,1,0.00158777,0.00133765,0.00114459,0.0131962,0.00195415,0,0,0.00286729,494.001,8776,0.0565417,nan,nan,double
ecm,PF-Bootstrap,particle,evtol,noise_step,1,0.00485862,0.00593151,0.00361725,0.0190004,0.00427517,0,0,0.002924,89782.3,46472,nan,nan,nan,double
ecm,PF-Fast,particle,evtol,noise_step,1,0.00635286,0.0076391,0.00482376,0.0259273,0.00743845,0,0,0.00385288,18897.5,9664,nan,nan,nan,double
ecm,PF-Regularized,particle,evtol,noise_step,1,0.00434904,0.00539882,0.00329418,0.0197254,-0.00172056,0,0,0.00290027,95646.2,46464,nan,nan,nan,double
ecm,PF-Auxiliary,particle,evtol,noise_step,1,0.00306095,0.00283906,0.00246425,0.0105678,0.00177509,0,0,0.00232972,105445,54584,nan,nan,nan,double
ecm,RBPF,particle,evtol,noise_step,1,0.013961,0.0143595,0.00965742,0.0482327,0.00110645,0,0,0.00469871,43451.4,34016,nan,nan,nan,double
ecm,UPF,particle,evtol,noise_step,1,0.00832948,0.00886474,0.00632051,0.0348532,0.000110657,0,0,0.00548223,18602.9,25360,nan,nan,nan,double
ecm,EnKF,particle,evtol,noise_step,1,0.015436,0.0177586,0.0116866,0.0622593,-0.0140801,0.1,0,0.00289975,10357.8,6776,nan,nan,nan,double
ecm,ETKF,particle,evtol,noise_step,1,0.00566512,0.00768051,0.00459058,0.0285345,-0.00667805,0.1,0,0.00291218,10582.9,5304,nan,nan,nan,double
ecm,GSF,particle,evtol,noise_step,1,0.00130832,0.000808923,0.000908414,0.00513755,0.000739754,0,0,0.00287642,1755.78,9192,nan,nan,nan,double
ecm,NN-Direct,learning,evtol,noise_step,1,0.00983529,0.0131873,0.00663418,0.05195,-0.0188322,0,0,nan,492.733,15152,nan,nan,nan,double
ecm,NN-EKF,learning,evtol,noise_step,1,0.00833596,0.00267219,0.00584525,0.0361187,-0.00600953,196.5,0,0.00192775,1063.03,4376,nan,nan,nan,double
ecm,ELM-RLS-EKF,learning,evtol,noise_step,1,0.00184033,0.00106954,0.00139327,0.0131962,0.000876422,0,0,0.00289666,2252.62,11704,nan,nan,nan,double
ecm,MHE-RTI,optimization,evtol,noise_step,1,0.0095617,0.0112806,0.00765549,0.025136,-0.0173879,0,0,0.00373447,17270.2,26928,nan,nan,nan,double
ecm,MHE,optimization,evtol,noise_step,1,0.00702564,0.00761936,0.00480194,0.0199978,-0.0135392,0,0,0.00373405,36492.4,26928,nan,nan,nan,double
ecm,ERTS,smoothers,evtol,noise_step,1,0.00188465,0.00133326,0.00177512,0.00338383,0.000790693,0,0,0.00215764,916.888,12547032,nan,nan,nan,double
ecm,URTS,smoothers,evtol,noise_step,1,0.00145587,0.00107812,0.0013482,0.0029105,0.000690219,0,0,0.00215869,2472.73,12547056,nan,nan,nan,double
ecm,Batch-NLS,smoothers,evtol,noise_step,1,0.00126044,0.000404331,0.000938327,0.00300156,-0.000793056,0,0,0.00215717,4622.61,17371352,nan,nan,nan,double
ecm,FixedLag-EKF,smoothers,evtol,noise_step,1,0.00166003,0.00112745,0.00121194,0.0131962,0.00084749,0,0,0.00286687,9977.81,19992,nan,nan,nan,double
ecm,CoulombCounting,baselines,evtol,noise_step,2,0.00279832,0.0035998,0.00249178,0.0044623,-0.0044623,0,0,0.00344801,80.2033,4184,nan,nan,nan,double
ecm,OCVLookup,baselines,evtol,noise_step,2,0.0150573,0.0127202,0.0124515,0.041927,0.00142708,0,0,0.0115444,1302.36,4192,nan,nan,nan,double
ecm,CoulombOCVHybrid,baselines,evtol,noise_step,2,0.00280355,0.00164746,0.002528,0.0049648,-0.000338739,0,0,0.00178348,211.476,4192,nan,nan,nan,double
ecm,EKF,kalman,evtol,noise_step,2,0.00239533,0.00176356,0.00182901,0.00922286,-0.000721806,0,0,0.00291753,480.234,4336,nan,nan,nan,double
ecm,UKF,kalman,evtol,noise_step,2,0.0021151,0.00128819,0.00153035,0.0397385,-0.000543696,0.5,0,0.0030058,1442.1,4776,nan,nan,nan,double
ecm,LKF,kalman,evtol,noise_step,2,0.0318794,0.0118453,0.0240887,0.0617976,-0.0101716,0,0,0.00298672,331.767,4680,nan,nan,nan,double
ecm,IEKF,kalman,evtol,noise_step,2,0.00319522,0.00336843,0.00271281,0.0101276,-0.00408801,0,0,0.00291777,595.731,4336,nan,nan,nan,double
ecm,CKF,kalman,evtol,noise_step,2,0.00174125,0.00187734,0.00148911,0.0143757,-0.00129163,0,0,0.00292048,1252.85,4560,nan,nan,nan,double
ecm,SCKF,kalman,evtol,noise_step,2,0.00174125,0.00187734,0.00148911,0.0143757,-0.00129163,0,0,0.00292048,1582.78,4696,nan,nan,nan,double
ecm,CKF5,kalman,evtol,noise_step,2,0.00180837,0.00190814,0.00154941,0.0190057,-0.00129824,0,0,0.00292263,4016.8,5624,nan,nan,nan,double
ecm,CDKF,kalman,evtol,noise_step,2,0.00180837,0.00190814,0.00154941,0.0190057,-0.00129824,0,0,0.00292263,1354.26,4312,nan,nan,nan,double
ecm,GHKF,kalman,evtol,noise_step,2,0.00180837,0.00190814,0.00154941,0.0190057,-0.00129824,0,0,0.00292263,11778.4,10784,nan,nan,nan,double
ecm,IPLF,kalman,evtol,noise_step,2,0.00273386,0.00182265,0.0019029,0.0357796,0.0017767,0.3,0,0.0030086,2071.59,4784,nan,nan,nan,double
ecm,EIF,kalman,evtol,noise_step,2,0.00239533,0.00176356,0.00182901,0.00922286,-0.000721806,0,0,0.00291753,1221.94,4472,nan,nan,nan,double
ecm,SR-EKF,kalman,evtol,noise_step,2,0.00239533,0.00176356,0.00182901,0.00922286,-0.000721806,0,0,0.00291753,822.663,4440,nan,nan,nan,double
ecm,SR-UKF,kalman,evtol,noise_step,2,0.0021151,0.00128819,0.00153035,0.0397385,-0.000543696,0.5,0,0.0030058,1556.07,4896,nan,nan,nan,double
ecm,UD-EKF,kalman,evtol,noise_step,2,0.00239533,0.00176356,0.00182901,0.00922286,-0.000721806,0,0,0.00291753,478.786,4480,nan,nan,nan,double
ecm,SO-EKF,kalman,evtol,noise_step,2,0.00228613,0.00227933,0.00202107,0.0392474,-0.00195092,0.4,0,0.00299333,4198.46,4496,nan,nan,nan,double
ecm,SageHusa-AKF,adaptive_kalman,evtol,noise_step,2,0.00335532,0.000460456,0.002107,0.00958177,-0.00021503,0,0,0.0010398,543.413,4808,nan,nan,nan,double
ecm,IAE-AKF,adaptive_kalman,evtol,noise_step,2,0.00197317,0.000562817,0.00116333,0.00943612,-0.000702199,0,0,0.00103931,496.906,5040,nan,nan,nan,double
ecm,VB-AKF,adaptive_kalman,evtol,noise_step,2,0.00217819,0.000559465,0.0012049,0.0104351,-0.000701204,0,0,0.00104173,882.041,4408,nan,nan,nan,double
ecm,STF,adaptive_kalman,evtol,noise_step,2,0.0192837,0.0233023,0.0134895,0.0946079,0.00150665,0,0,0.0160217,561.511,4680,nan,nan,nan,double
ecm,Fading-EKF,adaptive_kalman,evtol,noise_step,2,0.00255824,0.00171166,0.00189766,0.00777207,0.00206199,0,0,0.00258917,501.045,4384,nan,nan,nan,double
ecm,Fuzzy-AKF,adaptive_kalman,evtol,noise_step,2,0.00345722,0.000360061,0.00203312,0.0116089,-0.000333322,0,0,0.00104982,727.018,4816,nan,nan,nan,double
ecm,IMM,adaptive_kalman,evtol,noise_step,2,0.00203084,0.000561267,0.00117704,0.00923598,-0.000708429,0,0,0.00106871,2082.24,4976,nan,nan,nan,double
ecm,MMAE,adaptive_kalman,evtol,noise_step,2,0.00505991,0.00462235,0.00479968,0.00923648,-0.00170328,0,0,0.00292567,1782.26,13200,-0.0059559,nan,nan,double
ecm,Schmidt-KF,robust_kalman,evtol,noise_step,2,0.00764087,0.0102235,0.00553345,0.0383281,-0.0105246,0,0,0.00659876,1334.33,8856,nan,nan,nan,double
ecm,Hinf-EKF,robust_kalman,evtol,noise_step,2,0.00243071,0.00187977,0.00190526,0.00948237,-0.000996426,0,0,0.00291838,838.163,4408,nan,nan,nan,double
ecm,Huber-EKF,robust_kalman,evtol,noise_step,2,0.00154356,0.000859915,0.00112605,0.00827881,-0.000869245,0,0,0.00163487,677.89,4368,nan,nan,nan,double
ecm,MC-EKF,robust_kalman,evtol,noise_step,2,0.00210279,0.000985461,0.00135693,0.00906392,-0.000906867,0,0,0.00210344,1139.09,4384,nan,nan,nan,double
ecm,StudentT-KF,robust_kalman,evtol,noise_step,2,0.00176349,0.000878854,0.0011557,0.00827881,-0.000853448,0,0,0.00152906,763.522,4568,nan,nan,nan,double
ecm,Constrained-EKF,robust_kalman,evtol,noise_step,2,0.00219258,0.00115059,0.00154737,0.00922286,0.000158358,0,0,0.00291728,583.577,4416,nan,nan,nan,double
ecm,ReducedOrder-EKF,robust_kalman,evtol,noise_step,2,0.00224414,0.000701932,0.00144374,0.00872276,0.000405234,0,0,0.00145214,330.978,4272,nan,nan,nan,double
ecm,SVSF,robust_kalman,evtol,noise_step,2,0.0124637,0.0141176,0.00915596,0.0452202,0.0069993,0,0,0.00881282,581.554,4376,nan,nan,nan,double
ecm,Luenberger,observers,evtol,noise_step,2,0.00328202,0.0034549,0.00268392,0.0127083,0.00143411,0,0,0.00324662,2186.42,4632,nan,nan,nan,double
ecm,SSKF,observers,evtol,noise_step,2,0.00328202,0.0034549,0.00268392,0.0127083,0.00143411,0,0,0.00324662,1755.14,4632,nan,nan,nan,double
ecm,PI-Observer,observers,evtol,noise_step,2,0.00569053,0.00679447,0.00411704,0.022659,0.00499588,0,0,0.00755826,6958.3,4824,nan,nan,nan,double
ecm,SMO,observers,evtol,noise_step,2,0.0033027,0.00344551,0.00270416,0.0126792,0.00154335,0,0,0.0032714,2248.98,4800,nan,nan,nan,double
ecm,SMO-Adaptive,observers,evtol,noise_step,2,0.00382548,0.00433474,0.00313254,0.0135974,0.00209165,0,0,0.0034345,2737.91,4800,nan,nan,nan,double
ecm,SuperTwisting-SMO,observers,evtol,noise_step,2,0.00275252,0.0012404,0.00179938,0.0126056,-4.92081e-05,0,0,0.00113731,136.793,4280,nan,nan,nan,double
ecm,HGO,observers,evtol,noise_step,2,0.00321805,0.00333237,0.00263971,0.0127083,0.00145651,0,0,0.00324632,2138.7,4680,nan,nan,nan,double
ecm,ESO,observers,evtol,noise_step,2,0.00423035,0.00414635,0.00330507,0.0165065,0.00513534,0,0,0.00327634,8418.11,4784,nan,nan,nan,double
ecm,UIO,observers,evtol,noise_step,2,0.00292027,0.00300365,0.00233829,0.0114685,0.000489261,0,0,0.00530186,1761.4,5072,nan,nan,nan,double
ecm,DOB,observers,evtol,noise_step,2,0.00189656,0.00211063,0.00150921,0.0087877,0.00184936,0,0,0.00438719,2641.58,4784,nan,nan,nan,double
ecm,AdaptiveObserver,observers,evtol,noise_step,2,0.00325459,0.00339992,0.0026246,0.013319,0.00159132,0,0,0.00324499,2483.22,4864,0.0152996,nan,nan,double
ecm,IntervalObserver,observers,evtol,noise_step,2,0.00328202,0.0034549,0.00268392,0.0127083,0.00143411,0,0,0.00324662,2136.94,9024,nan,0,0.274489,double
ecm,JointEKF,soh,evtol,noise_step,2,0.00647332,0.00635743,0.005213,0.0162582,-0.00261239,0,0,0.0029485,1214.62,8752,0.0509279,nan,nan,double
ecm,JointUKF,soh,evtol,noise_step,2,0.00604734,0.00721065,0.00476855,0.0398016,0.000132947,0.5,0,0.0030363,3096.03,9600,0.0818144,nan,nan,double
ecm,DualEKF,soh,evtol,noise_step,2,0.00633416,0.00732396,0.00581766,0.00919322,-0.00594323,0,0,0.00292523,1277.19,4752,-0.0123257,nan,nan,double
ecm,DualUKF,soh,evtol,noise_step,2,0.00323843,0.00393937,0.00287758,0.0397455,-0.00303056,0.5,0,0.00302133,2376.68,5512,0.0134328,nan,nan,double
ecm,RLS-EKF,soh,evtol,noise_step,2,0.00635761,0.00372525,0.00559572,0.0127497,0.00235273,0,0,0.00305217,502.774,8904,nan,nan,nan,double
ecm,AWTLS,soh,evtol,noise_step,2,0.00244045,0.00189702,0.00186909,0.00922286,3.93646e-05,0,0,0.00291798,477.835,8776,0.033137,nan,nan,double
ecm,PF-Bootstrap,particle,evtol,noise_step,2,0.00415378,0.00463035,0.00316195,0.0190699,0.00588688,0,0,0.00301724,89726.8,46472,nan,nan,nan,double
ecm,PF-Fast,particle,evtol,noise_step,2,0.00544735,0.00648133,0.00419946,0.0233275,0.00761279,0,0,0.00391731,18962,9664,nan,nan,nan,double
ecm,PF-Regularized,particle,evtol,noise_step,2,0.00434915,0.0052257,0.00319698,0.0192005,0.00176049,0,0,0.00300072,96537.6,46464,nan,nan,nan,double
ecm,PF-Auxiliary,particle,evtol,noise_step,2,0.00312283,0.00299142,0.00242505,0.0123095,0.00560006,0,0,0.00240417,105784,54584,nan,nan,nan,double
ecm,RBPF,particle,evtol,noise_step,2,0.00810489,0.010021,0.00600614,0.0349642,0.00187695,0,0,0.00477178,43531.5,34016,nan,nan,nan,double
ecm,UPF,particle,evtol,noise_step,2,0.00990759,0.00857091,0.00700095,0.0502977,0.00490678,0,0,0.00551088,18489.7,25360,nan,nan,nan,double
ecm,EnKF,particle,evtol,noise_step,2,0.0166149,0.0195962,0.012344,0.0667994,-0.0133727,0.1,0,0.00300726,10396.1,6776,nan,nan,nan,double
ecm,ETKF,particle,evtol,noise_step,2,0.0207191,0.0278817,0.0175682,0.0413366,-0.0360285,0.1,0,0.00296195,10595.6,5304,nan,nan,nan,double
ecm,GSF,particle,evtol,noise_step,2,0.00284491,0.00120391,0.00190841,0.0104341,-0.000171681,0,0,0.00292676,1753.39,9192,nan,nan,nan,double
ecm,NN-Direct,learning,evtol,noise_step,2,0.0100639,0.013597,0.00669132,0.0563095,-0.0193145,0,0,nan,491.652,15152,nan,nan,nan,double
ecm,NN-EKF,learning,evtol,noise_step,2,0.00872702,0.00271426,0.00616007,0.0289832,-0.00576066,200.4,0,0.00195508,1061.06,4376,nan,nan,nan,double
ecm,ELM-RLS-EKF,learning,evtol,noise_step,2,0.00231694,0.00133712,0.00173279,0.00922286,0.00118834,0,0,0.00294101,2253.94,11704,nan,nan,nan,double
ecm,MHE-RTI,optimization,evtol,noise_step,2,0.0115512,0.015003,0.0099094,0.0225474,-0.0118796,0,0,0.00378288,17291.9,26928,nan,nan,nan,double
ecm,MHE,optimization,evtol,noise_step,2,0.00685712,0.00889115,0.00540294,0.017925,-0.00675406,0,0,0.00378182,36395.8,26928,nan,nan,nan,double
ecm,ERTS,smoothers,evtol,noise_step,2,0.000829511,0.000335984,0.000559933,0.00223345,-0.000721806,0,0,0.00224467,886.839,12547032,nan,nan,nan,double
ecm,URTS,smoothers,evtol,noise_step,2,0.000976818,0.000239615,0.000668669,0.00249146,-0.000543696,0,0,0.00224481,2492.83,12547056,nan,nan,nan,double
ecm,Batch-NLS,smoothers,evtol,noise_step,2,0.00158433,0.000500946,0.00124338,0.00336849,-0.000577862,0,0,0.00224082,4454.91,17371352,nan,nan,nan,double
ecm,FixedLag-EKF,smoothers,evtol,noise_step,2,0.00245294,0.00160004,0.00186215,0.00927776,-0.000659252,0,0,0.00291753,9977.78,19992,nan,nan,nan,double
ecm,CoulombCounting,baselines,evtol,noise_step,3,0.00278581,0.00357847,0.00248219,0.00445006,-0.00445006,0,0,0.00339272,79.9244,4184,nan,nan,nan,double
ecm,OCVLookup,baselines,evtol,noise_step,3,0.0154088,0.0131457,0.0128843,0.0442907,0.00291397,0,0,0.0117797,1306.76,4192,nan,nan,nan,double
ecm,CoulombOCVHybrid,baselines,evtol,noise_step,3,0.00285166,0.0017312,0.00260004,0.00501049,0.000877539,0,0,0.0018198,209.426,4192,nan,nan,nan,double
ecm,EKF,kalman,evtol,noise_step,3,0.00145918,0.000820503,0.00107378,0.00964518,-0.000273224,0,0,0.0028823,479.112,4336,nan,nan,nan,double
ecm,UKF,kalman,evtol,noise_step,3,0.00214862,0.000820125,0.00143775,0.0407864,-0.000336266,0.5,0,0.00297254,1444.72,4776,nan,nan,nan,double
ecm,LKF,kalman,evtol,noise_step,3,0.032688,0.011866,0.0246044,0.0636792,-0.010184,0,0,0.00298761,329.581,4680,nan,nan,nan,double
ecm,IEKF,kalman,evtol,noise_step,3,0.00270154,0.00297956,0.00243342,0.00957108,-0.00436678,0,0,0.00288379,597.44,4336,nan,nan,nan,double
ecm,CKF,kalman,evtol,noise_step,3,0.00125257,0.0011235,0.00101372,0.0124226,-0.000919863,0,0,0.00288502,1248.05,4560,nan,nan,nan,double
ecm,SCKF,kalman,evtol,noise_step,3,0.00125257,0.0011235,0.00101372,0.0124226,-0.000919863,0,0,0.00288502,1577.48,4696,nan,nan,nan,double
ecm,CKF5,kalman,evtol,noise_step,3,0.00111166,0.000964292,0.000858355,0.0170456,-0.00081198,0,0,0.00288716,4014.8,5624,nan,nan,nan,double
ecm,CDKF,kalman,evtol,noise_step,3,0.00111166,0.000964292,0.000858355,0.0170456,-0.00081198,0,0,0.00288716,1372,4312,nan,nan,nan,double
ecm,GHKF,kalman,evtol,noise_step,3,0.00111166,0.000964292,0.000858355,0.0170456,-0.00081198,0,0,0.00288716,12041.1,10784,nan,nan,nan,double
ecm,IPLF,kalman,evtol,noise_step,3,0.00380063,0.00269059,0.00255917,0.0365461,-0.00381422,0.2,0,0.00297674,2077.19,4784,nan,nan,nan,double
ecm,EIF,kalman,evtol,noise_step,3,0.00145918,0.000820503,0.00107378,0.00964518,-0.000273224,0,0,0.0028823,1225.5,4472,nan,nan,nan,double
ecm,SR-EKF,kalman,evtol,noise_step,3,0.00145918,0.000820503,0.00107378,0.00964518,-0.000273224,0,0,0.0028823,826.591,4440,nan,nan,nan,double
ecm,SR-UKF,kalman,evtol,noise_step,3,0.00214862,0.000820125,0.00143775,0.0407864,-0.000336266,0.5,0,0.00297254,1560.16,4896,nan,nan,nan,double
ecm,UD-EKF,kalman,evtol,noise_step,3,0.00145918,0.000820503,0.00107378,0.00964518,-0.000273224,0,0,0.0028823,483.859,4480,nan,nan,nan,double
ecm,SO-EKF,kalman,evtol,noise_step,3,0.00347283,0.000820603,0.00222945,0.0401818,-0.000271344,0.5,0,0.00295971,4195.81,4496,nan,nan,nan,double
ecm,SageHusa-AKF,adaptive_kalman,evtol,noise_step,3,0.00233777,0.000340164,0.00138872,0.00964518,-0.000572103,0,0,0.00100916,544.221,4808,nan,nan,nan,double
ecm,IAE-AKF,adaptive_kalman,evtol,noise_step,3,0.0021538,0.000362586,0.00127152,0.00964518,-0.000627948,0,0,0.00100776,499.022,5040,nan,nan,nan,double
ecm,VB-AKF,adaptive_kalman,evtol,noise_step,3,0.00117506,0.000546447,0.000739936,0.00964518,-0.000814689,0,0,0.00101261,879.888,4408,nan,nan,nan,double
ecm,STF,adaptive_kalman,evtol,noise_step,3,0.0194334,0.023498,0.013737,0.0991817,-0.0254094,0,0,0.0160824,562.756,4680,nan,nan,nan,double
ecm,Fading-EKF,adaptive_kalman,evtol,noise_step,3,0.00235909,0.00155582,0.00173236,0.00964518,-0.000226496,0,0,0.00255526,499.047,4384,nan,nan,nan,double
ecm,Fuzzy-AKF,adaptive_kalman,evtol,noise_step,3,0.00106136,0.00057191,0.000667009,0.00964518,-0.000848595,0,0,0.00102216,728.781,4816,nan,nan,nan,double
ecm,IMM,adaptive_kalman,evtol,noise_step,3,0.00215273,0.000360337,0.0012366,0.00919419,-0.000628889,0,0,0.00108479,2079.51,4976,nan,nan,nan,double
ecm,MMAE,adaptive_kalman,evtol,noise_step,3,0.00449482,0.00368677,0.00412824,0.00964518,-0.00144696,0,0,0.00288853,1773.12,13200,-0.004149,nan,nan,double
ecm,Schmidt-KF,robust_kalman,evtol,noise_step,3,0.0091962,0.0115046,0.00737354,0.0315491,-0.00550487,0,0,0.00745567,1299,8856,nan,nan,nan,double
ecm,Hinf-EKF,robust_kalman,evtol,noise_step,3,0.00238251,0.00252573,0.0020608,0.00966553,-0.00149614,0,0,0.0028833,793.188,4408,nan,nan,nan,double
ecm,Huber-EKF,robust_kalman,evtol,noise_step,3,0.0014292,0.000547476,0.000797203,0.00964518,-0.00097499,0,0,0.00147472,649.627,4368,nan,nan,nan,double
ecm,MC-EKF,robust_kalman,evtol,noise_step,3,0.00178892,0.000518953,0.00120019,0.00964519,-0.000806209,0,0,0.00197756,1115.84,4384,nan,nan,nan,double
ecm,StudentT-KF,robust_kalman,evtol,noise_step,3,0.00164705,0.000488979,0.00109389,0.00964518,-0.000896413,0,0,0.00138043,738.8,4568,nan,nan,nan,double
ecm,Constrained-EKF,robust_kalman,evtol,noise_step,3,0.00146094,0.000823798,0.00107499,0.00964518,-0.00027444,0,0,0.0028826,586.055,4416,nan,nan,nan,double
ecm,ReducedOrder-EKF,robust_kalman,evtol,noise_step,3,0.00235016,0.00102239,0.00151459,0.0096812,0.000395102,0,0,0.0014232,329.594,4272,nan,nan,nan,double
ecm,SVSF,robust_kalman,evtol,noise_step,3,0.0153157,0.0203294,0.010743,0.0486192,0.0182189,0,0,0.00886421,584.787,4376,nan,nan,nan,double
ecm,Luenberger,observers,evtol,noise_step,3,0.00327197,0.00334575,0.00266592,0.0107258,-0.000988676,0,0,0.00320928,2130.31,4632,nan,nan,nan,double
ecm,SSKF,observers,evtol,noise_step,3,0.00327197,0.00334575,0.00266592,0.0107258,-0.000988676,0,0,0.00320928,1700.62,4632,nan,nan,nan,double
ecm,PI-Observer,observers,evtol,noise_step,3,0.00439053,0.00449826,0.00347707,0.0138475,-0.00103199,0,0,0.00441039,6514.94,4824,nan,nan,nan,double
ecm,SMO,observers,evtol,noise_step,3,0.00325685,0.0032736,0.00265369,0.0109963,-0.00111703,0,0,0.0032313,2232.96,4800,nan,nan,nan,double
ecm,SMO-Adaptive,observers,evtol,noise_step,3,0.00346323,0.00348818,0.00282608,0.0132219,-0.00190961,0,0,0.00337646,2724.41,4800,nan,nan,nan,double
ecm,SuperTwisting-SMO,observers,evtol,noise_step,3,0.00283798,0.00154877,0.0018418,0.0142166,0.000723435,0,0,0.00106433,138.568,4280,nan,nan,nan,double
ecm,HGO,observers,evtol,noise_step,3,0.00327461,0.00335092,0.00266793,0.0107228,-0.000988763,0,0,0.00320923,2138.54,4680,nan,nan,nan,double
ecm,ESO,observers,evtol,noise_step,3,0.00415693,0.00419145,0.00327378,0.013871,-0.00101092,0,0,0.00324664,8519.96,4784,nan,nan,nan,double
ecm,UIO,observers,evtol,noise_step,3,0.00290726,0.00286147,0.00235484,0.00991721,-8.36702e-05,0,0,0.00527118,1809.36,5072,nan,nan,nan,double
ecm,DOB,observers,evtol,noise_step,3,0.00187172,0.00208403,0.00150072,0.00742285,-0.00167241,0,0,0.00434762,2581.63,4784,nan,nan,nan,double
ecm,AdaptiveObserver,observers,evtol,noise_step,3,0.0030833,0.00302558,0.00249213,0.0112086,-0.00136124,0,0,0.00320518,2538.77,4864,0.0159217,nan,nan,double
ecm,IntervalObserver,observers,evtol,noise_step,3,0.00327197,0.00334575,0.00266592,0.0107258,-0.000988676,0,0,0.00320928,2084.66,9024,nan,0,0.27326,double
ecm,JointEKF,soh,evtol,noise_step,3,0.00220741,0.00143206,0.00155411,0.00961724,-0.000250571,0,0,0.0029151,1212.65,8752,0.0594604,nan,nan,double
ecm,JointUKF,soh,evtol,noise_step,3,0.00350754,0.00393726,0.00274464,0.0408425,-0.000696136,0.5,0,0.00299968,3087.86,9600,0.0392339,nan,nan,double
ecm,DualEKF,soh,evtol,noise_step,3,0.00116649,0.000745607,0.000825003,0.00964518,0.000436695,0,0,0.00287837,1272.93,4752,0.0635906,nan,nan,double
ecm,DualUKF,soh,evtol,noise_step,3,0.00220298,0.0017248,0.00189344,0.0407973,-0.0023961,0.5,0,0.00299458,2368.38,5512,-0.0013281,nan,nan,double
ecm,RLS-EKF,soh,evtol,noise_step,3,0.00662816,0.00515027,0.00609009,0.0135183,0.00475357,0,0,0.00312995,498.488,8904,nan,nan,nan,double
ecm,AWTLS,soh,evtol,noise_step,3,0.00146103,0.000845835,0.00108498,0.00964518,0.000152003,0,0,0.00288239,479.012,8776,0.0448292,nan,nan,double
ecm,PF-Bootstrap,particle,evtol,noise_step,3,0.00389976,0.00468561,0.00293316,0.0151123,-0.00360562,0,0,0.00288604,89289,46472,nan,nan,nan,double
ecm,PF-Fast,particle,evtol,noise_step,3,0.00516408,0.00622572,0.00383012,0.0212683,-0.00664872,0,0,0.00383164,18680,9664,nan,nan,nan,double
ecm,PF-Regularized,particle,evtol,noise_step,3,0.00378901,0.00422986,0.00292772,0.0144262,0.00167265,0,0,0.00292342,95191.5,46464,nan,nan,nan,double
ecm,PF-Auxiliary,particle,evtol,noise_step,3,0.00398301,0.00451236,0.00309736,0.0138327,-0.00316473,0,0,0.00230681,105099,54584,nan,nan,nan,double
ecm,RBPF,particle,evtol,noise_step,3,0.00742714,0.0092466,0.00561838,0.0295302,0.00346971,0,0,0.00466313,43592.7,34016,nan,nan,nan,double
ecm,UPF,particle,evtol,noise_step,3,0.00758016,0.00831366,0.00586474,0.0310277,-0.00792559,0,0,0.00541227,19205.5,25360,nan,nan,nan,double
ecm,EnKF,particle,evtol,noise_step,3,0.0167122,0.0223209,0.0125583,0.047385,-0.00386264,0.1,0,0.002928,10335.3,6776,nan,nan,nan,double
ecm,ETKF,particle,evtol,noise_step,3,0.0113486,0.0159435,0.00849714,0.0340599,0.017578,0.1,0,0.0028773,10655.5,5304,nan,nan,nan,double
ecm,GSF,particle,evtol,noise_step,3,0.00230934,0.000636004,0.00157185,0.00793736,-0.000273647,0,0,0.00289141,1741.08,9192,nan,nan,nan,double
ecm,NN-Direct,learning,evtol,noise_step,3,0.00952584,0.0126637,0.00657704,0.0480638,-0.0219993,0,0,nan,486.456,15152,nan,nan,nan,double
ecm,NN-EKF,learning,evtol,noise_step,3,0.00832874,0.00326924,0.00594239,0.0322143,-0.00700287,197.1,0,0.00194147,1056.9,4376,nan,nan,nan,double
ecm,ELM-RLS-EKF,learning,evtol,noise_step,3,0.00174919,0.000615164,0.00132429,0.00964518,0.000265867,0,0,0.0028855,2258.77,11704,nan,nan,nan,double
ecm,MHE-RTI,optimization,evtol,noise_step,3,0.00849036,0.0107054,0.00696454,0.0218485,-0.0168074,0,0,0.00373373,17349.6,26928,nan,nan,nan,double
ecm,MHE,optimization,evtol,noise_step,3,0.00979446,0.0129051,0.00662838,0.0299111,-0.0267837,0,0,0.00373525,35846.5,26928,nan,nan,nan,double
ecm,ERTS,smoothers,evtol,noise_step,3,0.00118884,0.000553105,0.000975277,0.00268669,-0.000273224,0,0,0.00220974,895.501,12547032,nan,nan,nan,double
ecm,URTS,smoothers,evtol,noise_step,3,0.00121037,0.000515363,0.000975747,0.00279525,-0.000336266,0,0,0.00221195,2462.7,12547056,nan,nan,nan,double
ecm,Batch-NLS,smoothers,evtol,noise_step,3,0.00123707,0.00109862,0.00101874,0.00251598,-0.0018935,0,0,0.00220859,4516.49,17371352,nan,nan,nan,double
ecm,FixedLag-EKF,smoothers,evtol,noise_step,3,0.00160425,0.000875045,0.00117376,0.00964518,-0.000214261,0,0,0.0028823,9970.3,19992,nan,nan,nan,double
ecm,CoulombCounting,baselines,evtol,outliers,1,0.0027673,0.00355043,0.00246929,0.00440485,-0.00440443,0,0,0.00338107,79.7715,4184,nan,nan,nan,double
ecm,OCVLookup,baselines,evtol,outliers,1,0.0152836,0.0131136,0.012646,0.0421195,0.00282017,0,0,0.0118502,1304.41,4192,nan,nan,nan,double
ecm,CoulombOCVHybrid,baselines,evtol,outliers,1,0.00126129,0.000550596,0.000991485,0.00340799,0.000416213,0,0,0.00144863,208.628,4192,nan,nan,nan,double
ecm,EKF,kalman,evtol,outliers,1,0.00154389,0.000249749,0.000798682,0.0176538,-0.000539372,0,0,0.00209358,477.802,4336,nan,nan,nan,double
ecm,UKF,kalman,evtol,outliers,1,0.00433129,0.00203089,0.00337514,0.0486379,-0.00214313,0.3,0,0.00227813,1438.33,4776,nan,nan,nan,double
ecm,LKF,kalman,evtol,outliers,1,0.032495,0.0119404,0.0244963,0.064031,-0.0103047,0.5,0,0.00226269,331.003,4680,nan,nan,nan,double
ecm,IEKF,kalman,evtol,outliers,1,0.0102704,0.00477093,0.00858684,0.0494153,-0.00378475,259.6,0,0.0021184,593.865,4336,nan,nan,nan,double
ecm,CKF,kalman,evtol,outliers,1,0.00455987,0.000963449,0.0030615,0.0537554,1.81167e-05,0.3,0,0.00214416,1250.52,4560,nan,nan,nan,double
ecm,SCKF,kalman,evtol,outliers,1,0.00455987,0.000963449,0.0030615,0.0537554,1.81167e-05,0.3,0,0.00214416,1574.45,4696,nan,nan,nan,double
ecm,CKF5,kalman,evtol,outliers,1,0.00274328,0.000574476,0.00177921,0.058987,-0.000263095,0.3,0,0.00216509,3996.07,5624,nan,nan,nan,double
ecm,CDKF,kalman,evtol,outliers,1,0.00274328,0.000574476,0.00177921,0.058987,-0.000263095,0.3,0,0.00216509,1371.37,4312,nan,nan,nan,double
ecm,GHKF,kalman,evtol,outliers,1,0.00274328,0.000574476,0.00177921,0.058987,-0.000263095,0.3,0,0.00216509,11947.8,10784,nan,nan,nan,double
ecm,IPLF,kalman,evtol,outliers,1,0.0056026,0.000881384,0.00343973,0.0431786,-0.000454791,2.7,0,0.00225976,1962.05,4784,nan,nan,nan,double
ecm,EIF,kalman,evtol,outliers,1,0.00154389,0.000249749,0.000798682,0.0176538,-0.000539372,0,0,0.00209358,1218.07,4472,nan,nan,nan,double
ecm,SR-EKF,kalman,evtol,outliers,1,0.00154389,0.000249749,0.000798682,0.0176538,-0.000539372,0,0,0.00209358,825.343,4440,nan,nan,nan,double
ecm,SR-UKF,kalman,evtol,outliers,1,0.00433129,0.00203089,0.00337514,0.0486379,-0.00214313,0.3,0,0.00227813,1553.57,4896,nan,nan,nan,double
ecm,UD-EKF,kalman,evtol,outliers,1,0.00154389,0.000249749,0.000798682,0.0176538,-0.000539372,0,0,0.00209358,484.245,4480,nan,nan,nan,double
ecm,SO-EKF,kalman,evtol,outliers,1,0.00685945,0.00344419,0.00557155,0.0385803,-0.00312605,0.3,0,0.0022487,4189.42,4496,nan,nan,nan,double
ecm,SageHusa-AKF,adaptive_kalman,evtol,outliers,1,0.00226279,0.000770797,0.00134083,0.0132453,-0.000953478,0,0,0.00116464,540.918,4808,nan,nan,nan,double
ecm,IAE-AKF,adaptive_kalman,evtol,outliers,1,0.00188718,0.0011068,0.00151357,0.0176589,-0.00120087,0,0,0.00103005,500.992,5040,nan,nan,nan,double
ecm,VB-AKF,adaptive_kalman,evtol,outliers,1,0.000650432,0.000519979,0.000456956,0.0132453,-0.000756412,0,0,0.00102001,872.382,4408,nan,nan,nan,double
ecm,STF,adaptive_kalman,evtol,outliers,1,0.0145162,0.0136438,0.00617091,0.140429,-0.000487655,-1,0,0.0118222,550.51,4680,nan,nan,nan,double
ecm,Fading-EKF,adaptive_kalman,evtol,outliers,1,0.00267857,0.000949123,0.00178405,0.0295875,-0.000490927,0.3,0,0.00188143,501.843,4384,nan,nan,nan,double
ecm,Fuzzy-AKF,adaptive_kalman,evtol,outliers,1,0.0018599,0.000912828,0.00134286,0.0176538,-0.00125236,0,0,0.00147715,723.45,4816,nan,nan,nan,double
ecm,IMM,adaptive_kalman,evtol,outliers,1,0.00287855,0.00129692,0.00232331,0.0253082,0.000894735,0.3,0,0.000953628,2076.83,4976,nan,nan,nan,double
ecm,MMAE,adaptive_kalman,evtol,outliers,1,0.00386244,0.00169025,0.00315216,0.0176935,-0.00171808,0,0,0.00210025,1766.91,13200,-0.000860739,nan,nan,double
ecm,Schmidt-KF,robust_kalman,evtol,outliers,1,0.00603428,0.00607339,0.00522096,0.0203693,-0.0120034,4,0,0.00561437,1292.72,8856,nan,nan,nan,double
ecm,Hinf-EKF,robust_kalman,evtol,outliers,1,0.00215327,0.000333699,0.00107276,0.0177738,1.26456e-05,0,0,0.00209493,795.221,4408,nan,nan,nan,double
ecm,Huber-EKF,robust_kalman,evtol,outliers,1,0.00120222,0.000811807,0.000878366,0.0132453,-0.000900437,0,0,0.00081219,628.683,4368,nan,nan,nan,double
ecm,MC-EKF,robust_kalman,evtol,outliers,1,0.000825777,0.000817113,0.000657556,0.0132453,-0.000884107,0,0,0.000805857,977.881,4384,nan,nan,nan,double
ecm,StudentT-KF,robust_kalman,evtol,outliers,1,0.00207452,0.000278856,0.00121277,0.0132453,-0.000454411,0,0,0.00079615,701.677,4568,nan,nan,nan,double
ecm,Constrained-EKF,robust_kalman,evtol,outliers,1,0.00152217,0.00025135,0.000778495,0.0176538,-0.000542516,0,0,0.00209366,581.866,4416,nan,nan,nan,double
ecm,ReducedOrder-EKF,robust_kalman,evtol,outliers,1,0.00204823,0.00073657,0.0013489,0.0260095,0.000825882,0.3,0,0.00119667,333.169,4272,nan,nan,nan,double
ecm,SVSF,robust_kalman,evtol,outliers,1,0.0402818,0.0314195,0.0372937,0.0759071,0.0180407,4.1,0,0.00923726,588.589,4376,nan,nan,nan,double
ecm,Luenberger,observers,evtol,outliers,1,0.0017113,0.00176692,0.00133748,0.00813619,-0.000993347,0,0,0.00229947,989.442,4632,nan,nan,nan,double
ecm,SSKF,observers,evtol,outliers,1,0.0017113,0.00176692,0.00133748,0.00813619,-0.000993347,0,0,0.00229947,823.069,4632,nan,nan,nan,double
ecm,PI-Observer,observers,evtol,outliers,1,0.00348312,0.00405265,0.00253025,0.0134184,-0.00107289,0,0,0.00322667,3051.67,4824,nan,nan,nan,double
ecm,SMO,observers,evtol,outliers,1,0.00185307,0.00184188,0.00143689,0.0087046,-0.00150298,0,0,0.00226473,1024.47,4800,nan,nan,nan,double
ecm,SMO-Adaptive,observers,evtol,outliers,1,0.00193249,0.00192805,0.0015075,0.00902865,-0.00140577,0,0,0.00226148,1074.99,4800,nan,nan,nan,double
ecm,SuperTwisting-SMO,observers,evtol,outliers,1,0.00261256,0.000971653,0.00162694,0.0135278,0.000619797,0,0,0.000829696,142.718,4280,nan,nan,nan,double
ecm,HGO,observers,evtol,outliers,1,0.0017113,0.00176692,0.00133748,0.00813619,-0.000993347,0,0,0.00229947,1005.89,4680,nan,nan,nan,double
ecm,ESO,observers,evtol,outliers,1,0.00266256,0.00251755,0.00206872,0.0134184,-0.00109846,0,0,0.00232159,3416.44,4784,nan,nan,nan,double
ecm,UIO,observers,evtol,outliers,1,0.00157535,0.00126188,0.0011133,0.00844985,-0.000885493,0,0,0.00515287,959.27,5072,nan,nan,nan,double
ecm,DOB,observers,evtol,outliers,1,0.00161337,0.0012087,0.00119961,0.00741218,-0.000627453,0,0,0.00309528,1220.17,4784,nan,nan,nan,double
ecm,AdaptiveObserver,observers,evtol,outliers,1,0.00166344,0.00172679,0.00129747,0.00794216,-0.00102085,0,0,0.00229984,1362.18,4864,0.016434,nan,nan,double
ecm,IntervalObserver,observers,evtol,outliers,1,0.0017113,0.00176692,0.00133748,0.00813619,-0.000993347,0,0,0.00229947,1200.85,9024,nan,0,0.273923,double
ecm,JointEKF,soh,evtol,outliers,1,0.00857956,0.00107247,0.00496139,0.0334426,0.000454895,0,0,0.00215973,1209.65,8752,-0.00813955,nan,nan,double
ecm,JointUKF,soh,evtol,outliers,1,0.0118751,0.00189318,0.00730707,0.0510376,0.00163805,282.4,0,0.00233539,3099.72,9600,0.0457537,nan,nan,double
ecm,DualEKF,soh,evtol,outliers,1,0.00157889,0.000316459,0.000858772,0.0176414,0.000211094,0,0,0.00210464,1275.35,4752,0.0527305,nan,nan,double
ecm,DualUKF,soh,evtol,outliers,1,0.0099127,0.0107021,0.00948912,0.0482851,0.00944571,0.3,0,0.00232982,2357.75,5512,0.108687,nan,nan,double
ecm,RLS-EKF,soh,evtol,outliers,1,0.00737125,0.00510605,0.00661326,0.0188098,0.00485694,0,0,0.00243842,493.11,8904,nan,nan,nan,double
ecm,AWTLS,soh,evtol,outliers,1,0.0015934,0.000512434,0.000977492,0.0176538,0.000229468,0,0,0.00209393,477.529,8776,0.0455929,nan,nan,double
ecm,PF-Bootstrap,particle,evtol,outliers,1,0.00551449,0.00328878,0.00370579,0.0204431,0.00352672,0.3,0,0.00158334,78823.6,46472,nan,nan,nan,double
ecm,PF-Fast,particle,evtol,outliers,1,0.00433041,0.00398374,0.00352562,0.0169677,-0.00364912,0,0,0.00154874,16469.1,9664,nan,nan,nan,double
ecm,PF-Regularized,particle,evtol,outliers,1,0.00580349,0.00278638,0.00392729,0.0251389,-0.00212763,0.3,0,0.00159857,84666.5,46464,nan,nan,nan,double
ecm,PF-Auxiliary,particle,evtol,outliers,1,0.0042608,0.00376154,0.00327792,0.0163102,-0.00448223,0,0,0.00172311,104046,54584,nan,nan,nan,double
ecm,RBPF,particle,evtol,outliers,1,0.00765886,0.00553676,0.0057814,0.0260131,-0.0156993,206.8,0,0.00202489,40190.8,34016,nan,nan,nan,double
ecm,UPF,particle,evtol,outliers,1,0.00785833,0.00495096,0.00522224,0.0440326,-0.00259743,278.9,0,0.0037512,18528.6,25360,nan,nan,nan,double
ecm,EnKF,particle,evtol,outliers,1,0.00824274,0.00928279,0.00658861,0.0744531,-0.00165843,0.3,0,0.00227049,10425.2,6776,nan,nan,nan,double
ecm,ETKF,particle,evtol,outliers,1,0.0111008,0.00763819,0.0104415,0.0772027,0.00773854,0.3,0,0.00222717,10535.6,5304,nan,nan,nan,double
ecm,GSF,particle,evtol,outliers,1,0.0101199,0.000248168,0.00143189,0.127288,-0.000539727,33.9,0,0.00212399,1758.16,9192,nan,nan,nan,double
ecm,NN-Direct,learning,evtol,outliers,1,0.00897762,0.0120751,0.00568631,0.0500486,-0.0195844,0,0,nan,487.73,15152,nan,nan,nan,double
ecm,NN-EKF,learning,evtol,outliers,1,0.00770749,0.00285209,0.00557301,0.0361603,-0.006487,78.3,0,0.00152188,1057.39,4376,nan,nan,nan,double
ecm,ELM-RLS-EKF,learning,evtol,outliers,1,0.00150778,0.00035865,0.000763914,0.0176538,-0.000472173,0,0,0.00206737,3179.05,11704,nan,nan,nan,double
ecm,MHE-RTI,optimization,evtol,outliers,1,0.00853712,0.00847495,0.00763247,0.0255809,-0.0113208,0.3,0,0.00267686,17342,26928,nan,nan,nan,double
ecm,MHE,optimization,evtol,outliers,1,0.0121402,0.00522139,0.00798093,0.0396516,-0.00742191,279.9,0,0.0026761,34325,26928,nan,nan,nan,double
ecm,ERTS,smoothers,evtol,outliers,1,0.00136401,0.000485974,0.00108381,0.00278322,-0.000539372,0,0,0.00162886,918.016,12547032,nan,nan,nan,double
ecm,URTS,smoothers,evtol,outliers,1,0.0011532,0.00151435,0.00100175,0.00214411,-0.00214313,0,0,0.00163534,2531.33,12547056,nan,nan,nan,double
ecm,Batch-NLS,smoothers,evtol,outliers,1,0.000899755,0.00073928,0.000725777,0.00204251,-0.00131996,0,0,0.00163023,4466.67,17371352,nan,nan,nan,double
ecm,FixedLag-EKF,smoothers,evtol,outliers,1,0.00160637,0.000404512,0.000958031,0.0175956,-0.000481413,0,0,0.00209358,10002.5,19992,nan,nan,nan,double
ecm,CoulombCounting,baselines,evtol,outliers,2,0.00275068,0.0035347,0.00245046,0.0043878,-0.0043878,0,0,0.00339044,79.0461,4184,nan,nan,nan,double
ecm,OCVLookup,baselines,evtol,outliers,2,0.0150735,0.0128545,0.0125587,0.041446,0.00174613,0,0,0.0116703,1308.6,4192,nan,nan,nan,double
ecm,CoulombOCVHybrid,baselines,evtol,outliers,2,0.0014578,0.000459386,0.00112995,0.00368963,-0.00014771,0,0,0.00137825,209.452,4192,nan,nan,nan,double
ecm,EKF,kalman,evtol,outliers,2,0.00886153,0.00416084,0.00749664,0.0230757,0.00228085,47.8,0,0.00198618,475.828,4336,nan,nan,nan,double
ecm,UKF,kalman,evtol,outliers,2,0.0030316,0.00161765,0.00217824,0.041818,-0.000750807,8.4,0,0.00210982,1447.35,4776,nan,nan,nan,double
ecm,LKF,kalman,evtol,outliers,2,0.0319126,0.0119109,0.0241119,0.063379,-0.0102273,0,0,0.00214721,328.679,4680,nan,nan,nan,double
ecm,IEKF,kalman,evtol,outliers,2,0.0114108,0.00428264,0.00920241,0.0694533,0.00217311,266.9,0,0.00205135,596.345,4336,nan,nan,nan,double
ecm,CKF,kalman,evtol,outliers,2,0.00347445,0.000885125,0.00250704,0.0261581,5.85386e-05,11.3,0,0.00198705,1259.21,4560,nan,nan,nan,double
ecm,SCKF,kalman,evtol,outliers,2,0.00347445,0.000885125,0.00250704,0.0261581,5.85386e-05,11.3,0,0.00198705,1586.33,4696,nan,nan,nan,double
ecm,CKF5,kalman,evtol,outliers,2,0.00355134,0.00140148,0.00245136,0.0190929,-0.00112542,0,0,0.00198976,4020.96,5624,nan,nan,nan,double
ecm,CDKF,kalman,evtol,outliers,2,0.00355134,0.00140148,0.00245136,0.0190929,-0.00112542,0,0,0.00198976,1372.31,4312,nan,nan,nan,double
ecm,GHKF,kalman,evtol,outliers,2,0.00355134,0.00140148,0.00245136,0.0190929,-0.00112542,0,0,0.00198976,12001.6,10784,nan,nan,nan,double
ecm,IPLF,kalman,evtol,outliers,2,0.0112057,0.00436854,0.00896285,0.0742308,0.00391152,266.9,0,0.00217986,2024.55,4784,nan,nan,nan,double
ecm,EIF,kalman,evtol,outliers,2,0.00886153,0.00416084,0.00749664,0.0230757,0.00228085,47.8,0,0.00198618,1217.54,4472,nan,nan,nan,double
ecm,SR-EKF,kalman,evtol,outliers,2,0.00886153,0.00416084,0.00749664,0.0230757,0.00228085,47.8,0,0.00198618,828.772,4440,nan,nan,nan,double
ecm,SR-UKF,kalman,evtol,outliers,2,0.0030316,0.00161765,0.00217824,0.041818,-0.000750807,8.4,0,0.00210982,1551.1,4896,nan,nan,nan,double
ecm,UD-EKF,kalman,evtol,outliers,2,0.00886153,0.00416084,0.00749664,0.0230757,0.00228085,47.8,0,0.00198618,484.752,4480,nan,nan,nan,double
ecm,SO-EKF,kalman,evtol,outliers,2,0.00359964,0.00183781,0.00284565,0.0414298,-0.00151298,0.5,0,0.00209183,4196.55,4496,nan,nan,nan,double
ecm,SageHusa-AKF,adaptive_kalman,evtol,outliers,2,0.000741501,0.000590824,0.000515703,0.0104184,-0.000777746,0,0,0.00105054,544.968,4808,nan,nan,nan,double
ecm,IAE-AKF,adaptive_kalman,evtol,outliers,2,0.00672419,0.00177672,0.00481793,0.0231039,0.000596037,6,0,0.00107591,499.008,5040,nan,nan,nan,double
ecm,VB-AKF,adaptive_kalman,evtol,outliers,2,0.000880721,0.000517657,0.000580481,0.00637706,-0.000723126,0,0,0.000978123,872.986,4408,nan,nan,nan,double
ecm,STF,adaptive_kalman,evtol,outliers,2,0.0137526,0.0136835,0.00576384,0.131048,-0.00190032,-1,0,0.011462,551.728,4680,nan,nan,nan,double
ecm,Fading-EKF,adaptive_kalman,evtol,outliers,2,0.00190545,0.000849446,0.00126784,0.00796019,0.000317688,0,0,0.00177251,502.946,4384,nan,nan,nan,double
ecm,Fuzzy-AKF,adaptive_kalman,evtol,outliers,2,0.00218642,0.000339682,0.0012001,0.0105103,-0.000529602,0,0,0.00143971,727.767,4816,nan,nan,nan,double
ecm,IMM,adaptive_kalman,evtol,outliers,2,0.00121127,0.000674609,0.000892838,0.00607885,-0.00111333,0,0,0.000905684,2074.73,4976,nan,nan,nan,double
ecm,MMAE,adaptive_kalman,evtol,outliers,2,0.00533582,0.0029549,0.00365964,0.0230453,0.00077054,6,0,0.00198657,1780.72,13200,-0.0158099,nan,nan,double
ecm,Schmidt-KF,robust_kalman,evtol,outliers,2,0.00820324,0.00702694,0.00718757,0.0238364,-0.000130148,19.9,0,0.00633496,1300.36,8856,nan,nan,nan,double
ecm,Hinf-EKF,robust_kalman,evtol,outliers,2,0.00466329,0.00143089,0.00342647,0.019425,0.000947437,0,0,0.00198158,796.736,4408,nan,nan,nan,double
ecm,Huber-EKF,robust_kalman,evtol,outliers,2,0.00219978,0.000318982,0.00139414,0.006929,-0.000361603,0,0,0.000796206,642.902,4368,nan,nan,nan,double
ecm,MC-EKF,robust_kalman,evtol,outliers,2,0.00124683,0.000778327,0.000911393,0.00637707,-0.000926861,0,0,0.000794041,995.058,4384,nan,nan,nan,double
ecm,StudentT-KF,robust_kalman,evtol,outliers,2,0.00132804,0.000530212,0.000830485,0.00637706,-0.000759113,0,0,0.000780098,702.708,4568,nan,nan,nan,double
ecm,Constrained-EKF,robust_kalman,evtol,outliers,2,0.0088833,0.00416068,0.00751667,0.0230757,0.0022855,47.8,0,0.00198621,585.481,4416,nan,nan,nan,double
ecm,ReducedOrder-EKF,robust_kalman,evtol,outliers,2,0.0215214,0.000806622,0.00718975,0.0873095,0.000482662,228.4,0,0.00370026,330.491,4272,nan,nan,nan,double
ecm,SVSF,robust_kalman,evtol,outliers,2,0.0170468,0.0137588,0.0157546,0.0798474,0.00518629,8.5,0,0.00891732,586.792,4376,nan,nan,nan,double
ecm,Luenberger,observers,evtol,outliers,2,0.00191218,0.00160865,0.00149886,0.00851973,0.00111888,0,0,0.00219328,911.022,4632,nan,nan,nan,double
ecm,SSKF,observers,evtol,outliers,2,0.00191218,0.00160865,0.00149886,0.00851973,0.00111888,0,0,0.00219328,752.715,4632,nan,nan,nan,double
ecm,PI-Observer,observers,evtol,outliers,2,0.00327274,0.00333141,0.00252154,0.0142145,0.00212255,0,0,0.00326864,2929.19,4824,nan,nan,nan,double
ecm,SMO,observers,evtol,outliers,2,0.00211515,0.00171189,0.00162494,0.0097633,0.00130534,0,0,0.00216094,993.274,4800,nan,nan,nan,double
ecm,SMO-Adaptive,observers,evtol,outliers,2,0.00209998,0.00167828,0.00160463,0.00967958,0.00193586,0,0,0.00216975,973.933,4800,nan,nan,nan,double
ecm,SuperTwisting-SMO,observers,evtol,outliers,2,0.00266416,0.000917335,0.00164217,0.0136022,-8.6014e-05,0,0,0.000815721,142.045,4280,nan,nan,nan,double
ecm,HGO,observers,evtol,outliers,2,0.00191218,0.00160865,0.00149886,0.00851973,0.00111888,0,0,0.00219328,919.45,4680,nan,nan,nan,double
ecm,ESO,observers,evtol,outliers,2,0.00280693,0.00233116,0.00216248,0.0142145,0.00246583,0,0,0.00220895,3293.45,4784,nan,nan,nan,double
ecm,UIO,observers,evtol,outliers,2,0.00190783,0.00120158,0.00121888,0.0122342,0.000941247,0,0,0.00513472,969.333,5072,nan,nan,nan,double
ecm,DOB,observers,evtol,outliers,2,0.00192954,0.00125106,0.00143601,0.00840955,0.00268692,0,0,0.00296172,1203.96,4784,nan,nan,nan,double
ecm,AdaptiveObserver,observers,evtol,outliers,2,0.00185775,0.00163265,0.00143771,0.00851364,0.00120727,0,0,0.00219392,1332.48,4864,0.016097,nan,nan,double
ecm,IntervalObserver,observers,evtol,outliers,2,0.00191218,0.00160865,0.00149886,0.00851973,0.00111888,0,0,0.00219328,1133.87,9024,nan,0,0.274586,double
ecm,JointEKF,soh,evtol,outliers,2,0.0155411,0.00382554,0.0089464,0.0466138,-0.00219248,332.8,0,0.00213147,1217.73,8752,-0.0584842,nan,nan,double
ecm,JointUKF,soh,evtol,outliers,2,0.0142735,0.00535872,0.00975568,0.0556143,-0.00474476,416.5,0,0.00221621,3095.41,9600,-0.15975,nan,nan,double
ecm,DualEKF,soh,evtol,outliers,2,0.00677215,0.00494846,0.0055846,0.0265263,-0.00551552,8.5,0,0.00199754,1271.06,4752,-0.0275789,nan,nan,double
ecm,DualUKF,soh,evtol,outliers,2,0.00606529,0.00511213,0.00576248,0.041825,0.00386326,0.4,0,0.00224089,2373.84,5512,0.0373555,nan,nan,double
ecm,RLS-EKF,soh,evtol,outliers,2,0.0123194,0.00805034,0.0115561,0.0230757,0.00719698,47.8,0,0.00238389,494.661,8904,nan,nan,nan,double
ecm,AWTLS,soh,evtol,outliers,2,0.00841495,0.00313504,0.00644436,0.0230757,-0.00557836,47.8,0,0.00198621,479.752,8776,-0.118254,nan,nan,double
ecm,PF-Bootstrap,particle,evtol,outliers,2,0.00554851,0.00325918,0.00390708,0.02057,0.00313961,0,0,0.0015226,78017.5,46472,nan,nan,nan,double
ecm,PF-Fast,particle,evtol,outliers,2,0.003677,0.00345635,0.00300835,0.0162711,0.00454015,0,0,0.00148595,16221.3,9664,nan,nan,nan,double
ecm,PF-Regularized,particle,evtol,outliers,2,0.00399864,0.003757,0.00308789,0.0159868,0.00527886,0,0,0.00150291,83773.4,46464,nan,nan,nan,double
ecm,PF-Auxiliary,particle,evtol,outliers,2,0.00392693,0.00273358,0.00273422,0.014834,0.000971639,0,0,0.00162964,104018,54584,nan,nan,nan,double
ecm,RBPF,particle,evtol,outliers,2,0.0118139,0.00797501,0.0095874,0.0336808,-0.00381842,122.1,0,0.00193575,40608.5,34016,nan,nan,nan,double
ecm,UPF,particle,evtol,outliers,2,0.00797112,0.00678724,0.00590964,0.0428657,0.0139718,274.4,0,0.0036049,18336.8,25360,nan,nan,nan,double
ecm,EnKF,particle,evtol,outliers,2,0.0101401,0.0101125,0.0085626,0.035257,0.0126511,86,0,0.00203468,10306.6,6776,nan,nan,nan,double
ecm,ETKF,particle,evtol,outliers,2,0.0187469,0.0199786,0.0180181,0.0349795,0.0181536,0.1,0,0.00205107,10747.8,5304,nan,nan,nan,double
ecm,GSF,particle,evtol,outliers,2,0.00713356,0.00203809,0.00520493,0.0551002,-3.52616e-05,55.4,0,0.00200132,1746.41,9192,nan,nan,nan,double
ecm,NN-Direct,learning,evtol,outliers,2,0.00920842,0.012466,0.00568136,0.0529643,-0.0215275,0,0,nan,491.447,15152,nan,nan,nan,double
ecm,NN-EKF,learning,evtol,outliers,2,0.00622357,0.00314237,0.0046302,0.0288625,-0.00684344,4.4,0,0.00143154,1063.88,4376,nan,nan,nan,double
ecm,ELM-RLS-EKF,learning,evtol,outliers,2,0.0110164,0.00553724,0.00960777,0.0230757,0.0041673,47.8,0,0.00196008,3311.31,11704,nan,nan,nan,double
ecm,MHE-RTI,optimization,evtol,outliers,2,0.00793535,0.00606703,0.00628024,0.0273349,-0.00463923,143.6,0,0.00253901,17338.4,26928,nan,nan,nan,double
ecm,MHE,optimization,evtol,outliers,2,0.0172794,0.00306607,0.0106529,0.0476546,0.00237912,477.4,0,0.00254362,35482.7,26928,nan,nan,nan,double
ecm,ERTS,smoothers,evtol,outliers,2,0.00570713,0.00348571,0.00525395,0.00998182,0.00228085,0,0,0.00156682,956.234,12547032,nan,nan,nan,double
ecm,URTS,smoothers,evtol,outliers,2,0.000541274,0.000370053,0.000422493,0.00122508,-0.000750807,0,0,0.00156124,2486.44,12547056,nan,nan,nan,double
ecm,Batch-NLS,smoothers,evtol,outliers,2,0.000814276,0.000750712,0.000649028,0.00175891,-0.00129984,0,0,0.00153857,4564.56,17371352,nan,nan,nan,double
ecm,FixedLag-EKF,smoothers,evtol,outliers,2,0.00921042,0.00447575,0.00787004,0.0231351,0.00233132,47.8,0,0.00198618,9984.4,19992,nan,nan,nan,double
ecm,CoulombCounting,baselines,evtol,outliers,3,0.00277539,0.00355777,0.00247814,0.00443717,-0.00443717,0,0,0.00338677,80.3838,4184,nan,nan,nan,double
ecm,OCVLookup,baselines,evtol,outliers,3,0.0155691,0.0133749,0.012867,0.0452053,0.00291314,0,0,0.011969,1305.34,4192,nan,nan,nan,double
ecm,CoulombOCVHybrid,baselines,evtol,outliers,3,0.0013784,0.000478854,0.0010777,0.00327732,0.000282685,0,0,0.00138793,210.182,4192,nan,nan,nan,double
ecm,EKF,kalman,evtol,outliers,3,0.00525976,0.00181404,0.00412089,0.0469808,0.000978156,0.3,0,0.00207145,477.467,4336,nan,nan,nan,double
ecm,UKF,kalman,evtol,outliers,3,0.00714048,0.00169569,0.00509153,0.0578695,0.000935437,14.7,0,0.00225586,1451.7,4776,nan,nan,nan,double
ecm,LKF,kalman,evtol,outliers,3,0.0328059,0.0119293,0.0246587,0.0650364,-0.00969803,0.5,0,0.00217844,331.761,4680,nan,nan,nan,double
ecm,IEKF,kalman,evtol,outliers,3,0.0100854,0.0016076,0.00622134,0.0693456,0.000927434,200.8,0,0.00209873,595.653,4336,nan,nan,nan,double
ecm,CKF,kalman,evtol,outliers,3,0.00244826,0.00040011,0.00137952,0.0561614,-7.02568e-05,0.3,0,0.00211563,1249.34,4560,nan,nan,nan,double
ecm,SCKF,kalman,evtol,outliers,3,0.00244826,0.00040011,0.00137952,0.0561614,-7.02568e-05,0.3,0,0.00211563,1579.14,4696,nan,nan,nan,double
ecm,CKF5,kalman,evtol,outliers,3,0.00290333,0.000430926,0.00170253,0.0616997,2.31731e-06,0.3,0,0.00213851,4029.32,5624,nan,nan,nan,double
ecm,CDKF,kalman,evtol,outliers,3,0.00290333,0.000430926,0.00170253,0.0616997,2.31731e-06,0.3,0,0.00213851,1377.48,4312,nan,nan,nan,double
ecm,GHKF,kalman,evtol,outliers,3,0.00290333,0.000430926,0.00170253,0.0616997,2.31731e-06,0.3,0,0.00213851,11964.3,10784,nan,nan,nan,double
ecm,IPLF,kalman,evtol,outliers,3,0.0115225,0.00267044,0.00775984,0.0558326,0.000977511,252,0,0.00224319,2026.36,4784,nan,nan,nan,double
ecm,EIF,kalman,evtol,outliers,3,0.00525976,0.00181404,0.00412089,0.0469808,0.000978156,0.3,0,0.00207145,1218.09,4472,nan,nan,nan,double
ecm,SR-EKF,kalman,evtol,outliers,3,0.00525976,0.00181404,0.00412089,0.0469808,0.000978156,0.3,0,0.00207145,851.879,4440,nan,nan,nan,double
ecm,SR-UKF,kalman,evtol,outliers,3,0.00714049,0.00169569,0.00509154,0.0578695,0.000935437,14.7,0,0.00225586,1555.39,4896,nan,nan,nan,double
ecm,UD-EKF,kalman,evtol,outliers,3,0.00525976,0.00181404,0.00412089,0.0469808,0.000978156,0.3,0,0.00207145,485.248,4480,nan,nan,nan,double
ecm,SO-EKF,kalman,evtol,outliers,3,0.00885118,0.00377939,0.00681833,0.0466186,-0.00245715,219.8,0,0.00221938,4197.37,4496,nan,nan,nan,double
ecm,SageHusa-AKF,adaptive_kalman,evtol,outliers,3,0.00374548,0.000432988,0.00219645,0.0469553,-0.000240647,0.3,0,0.00110862,546.448,4808,nan,nan,nan,double
ecm,IAE-AKF,adaptive_kalman,evtol,outliers,3,0.00379617,0.000448844,0.00224135,0.0469553,-0.000145484,0.3,0,0.00102902,506.312,5040,nan,nan,nan,double
ecm,VB-AKF,adaptive_kalman,evtol,outliers,3,0.00201807,0.000353487,0.00109765,0.0282738,-0.00059084,0.3,0,0.00100414,873.587,4408,nan,nan,nan,double
ecm,STF,adaptive_kalman,evtol,outliers,3,0.0148571,0.0139682,0.00665906,0.15684,0.0010761,-1,0,0.0120906,551.511,4680,nan,nan,nan,double
ecm,Fading-EKF,adaptive_kalman,evtol,outliers,3,0.00297964,0.00100004,0.00191863,0.0329904,0.00190791,0.4,0,0.00185153,498.942,4384,nan,nan,nan,double
ecm,Fuzzy-AKF,adaptive_kalman,evtol,outliers,3,0.00334454,0.00033273,0.0018715,0.0469808,6.89833e-05,0.3,0,0.00148366,725.922,4816,nan,nan,nan,double
ecm,IMM,adaptive_kalman,evtol,outliers,3,0.001293,0.000426083,0.000894375,0.0267501,-0.000124629,0.3,0,0.000942347,2057.94,4976,nan,nan,nan,double
ecm,MMAE,adaptive_kalman,evtol,outliers,3,0.00298941,0.00143968,0.00241418,0.0469829,2.48066e-05,0.3,0,0.00207345,1774.29,13200,-0.000663492,nan,nan,double
ecm,Schmidt-KF,robust_kalman,evtol,outliers,3,0.00877526,0.011814,0.00615845,0.0506994,-0.00913869,0.3,0,0.00774135,1296.76,8856,nan,nan,nan,double
ecm,Hinf-EKF,robust_kalman,evtol,outliers,3,0.00353929,0.00134031,0.00281816,0.0471091,0.00103153,0.3,0,0.00207148,796.227,4408,nan,nan,nan,double
ecm,Huber-EKF,robust_kalman,evtol,outliers,3,0.0012009,0.000712591,0.000831311,0.00988023,-0.000908385,0,0,0.000805735,641.437,4368,nan,nan,nan,double
ecm,MC-EKF,robust_kalman,evtol,outliers,3,0.00163518,0.000355134,0.00104764,0.00988024,-0.000656971,0,0,0.000799495,1006.45,4384,nan,nan,nan,double
ecm,StudentT-KF,robust_kalman,evtol,outliers,3,0.00120389,0.00066398,0.000761603,0.00988023,-0.000862668,0,0,0.000788925,702.324,4568,nan,nan,nan,double
ecm,Constrained-EKF,robust_kalman,evtol,outliers,3,0.00528403,0.00186889,0.00415902,0.0469808,0.000972209,0.3,0,0.00207162,582.445,4416,nan,nan,nan,double
ecm,ReducedOrder-EKF,robust_kalman,evtol,outliers,3,0.00309648,0.000857562,0.00176476,0.0311355,0.000546856,0.3,0,0.00115924,327.652,4272,nan,nan,nan,double
ecm,SVSF,robust_kalman,evtol,outliers,3,0.0119417,0.00868217,0.0109073,0.0395376,0.00473034,13.6,0,0.00910015,582.385,4376,nan,nan,nan,double
ecm,Luenberger,observers,evtol,outliers,3,0.00193587,0.00181901,0.00153083,0.00928746,0.00334206,0,0,0.00225449,981.015,4632,nan,nan,nan,double
ecm,SSKF,observers,evtol,outliers,3,0.00193587,0.00181901,0.00153083,0.00928746,0.00334206,0,0,0.00225449,803.248,4632,nan,nan,nan,double
ecm,PI-Observer,observers,evtol,outliers,3,0.00342273,0.00374078,0.00258692,0.0129259,0.00496035,0,0,0.00309603,2775.67,4824,nan,nan,nan,double
ecm,SMO,observers,evtol,outliers,3,0.00180236,0.00165583,0.00138653,0.00962416,0.00347779,0,0,0.00222023,1046.57,4800,nan,nan,nan,double
ecm,SMO-Adaptive,observers,evtol,outliers,3,0.0018199,0.00164197,0.00139295,0.00959572,0.00339343,0,0,0.00222787,1034.52,4800,nan,nan,nan,double
ecm,SuperTwisting-SMO,observers,evtol,outliers,3,0.00268113,0.000950823,0.00162693,0.0138409,0.00105953,0,0,0.000821301,143.109,4280,nan,nan,nan,double
ecm,HGO,observers,evtol,outliers,3,0.00193587,0.00181901,0.00153083,0.00928746,0.00334206,0,0,0.00225449,983.456,4680,nan,nan,nan,double
ecm,ESO,observers,evtol,outliers,3,0.00282282,0.00256122,0.00215225,0.0131708,0.00495096,0,0,0.0022793,3207.64,4784,nan,nan,nan,double
ecm,UIO,observers,evtol,outliers,3,0.00153388,0.00132451,0.00108793,0.00829049,0.00178181,0,0,0.00513368,928.191,5072,nan,nan,nan,double
ecm,DOB,observers,evtol,outliers,3,0.00217696,0.00120223,0.00151262,0.00974806,0.0010791,0,0,0.00303275,1219.85,4784,nan,nan,nan,double
ecm,AdaptiveObserver,observers,evtol,outliers,3,0.00193049,0.00160586,0.00149903,0.00932647,0.00284579,0,0,0.00225403,1413.36,4864,0.0167472,nan,nan,double
ecm,IntervalObserver,observers,evtol,outliers,3,0.00193587,0.00181901,0.00153083,0.00928746,0.00334206,0,0,0.00225449,1183.89,9024,nan,0,0.273194,double
ecm,JointEKF,soh,evtol,outliers,3,0.00483757,0.00243494,0.00339027,0.031165,-0.00221085,0.3,0,0.00210446,1210.91,8752,0.0190282,nan,nan,double
ecm,JointUKF,soh,evtol,outliers,3,0.00615837,0.00397401,0.00437482,0.0584532,-0.00252982,13.6,0,0.00229549,3095.86,9600,-0.0469735,nan,nan,double
ecm,DualEKF,soh,evtol,outliers,3,0.00442638,0.00486134,0.00395544,0.0469463,-0.00513733,0.3,0,0.00208622,1273.04,4752,-0.0100106,nan,nan,double
ecm,DualUKF,soh,evtol,outliers,3,0.0085078,0.00729483,0.00705999,0.0574769,-0.0107363,15,0,0.0022931,2369,5512,-0.167588,nan,nan,double
ecm,RLS-EKF,soh,evtol,outliers,3,0.00759806,0.00481985,0.00685244,0.0469808,0.00357229,0.3,0,0.00234408,496.571,8904,nan,nan,nan,double
ecm,AWTLS,soh,evtol,outliers,3,0.00519541,0.00213191,0.00394184,0.0469808,-0.00360346,0.3,0,0.00207073,480.919,8776,-0.0611791,nan,nan,double
ecm,PF-Bootstrap,particle,evtol,outliers,3,0.00368964,0.00413742,0.0028914,0.0146789,0.00127306,0,0,0.00157065,78744.2,46472,nan,nan,nan,double
ecm,PF-Fast,particle,evtol,outliers,3,0.00358297,0.00417951,0.00279405,0.0164999,-0.00468192,0,0,0.00153549,16453.9,9664,nan,nan,nan,double
ecm,PF-Regularized,particle,evtol,outliers,3,0.00430058,0.00360071,0.00334137,0.0152412,0.0034368,0,0,0.00157446,84233.9,46464,nan,nan,nan,double
ecm,PF-Auxiliary,particle,evtol,outliers,3,0.0081399,0.0042856,0.00526342,0.0275227,0.00103308,248.5,0,0.00172055,104311,54584,nan,nan,nan,double
ecm,RBPF,particle,evtol,outliers,3,0.00686148,0.00702874,0.00545765,0.0227063,0.0195046,0,0,0.00197759,40696,34016,nan,nan,nan,double
ecm,UPF,particle,evtol,outliers,3,0.00684784,0.00645013,0.00505616,0.0417216,0.00377844,227.1,0,0.00364423,18523.1,25360,nan,nan,nan,double
ecm,EnKF,particle,evtol,outliers,3,0.0149558,0.00943668,0.0120153,0.0819975,-0.0140822,241.2,0,0.0022548,10307.4,6776,nan,nan,nan,double
ecm,ETKF,particle,evtol,outliers,3,0.00773729,0.00586536,0.00615241,0.0874451,0.00561626,80.8,0,0.00220905,10548.4,5304,nan,nan,nan,double
ecm,GSF,particle,evtol,outliers,3,0.0148449,0.00125457,0.00498893,0.123514,0.000293737,81.7,0,0.00209515,1758.56,9192,nan,nan,nan,double
ecm,NN-Direct,learning,evtol,outliers,3,0.00883329,0.0117839,0.00569304,0.0499524,-0.0172909,0,0,nan,486.317,15152,nan,nan,nan,double
ecm,NN-EKF,learning,evtol,outliers,3,0.00726262,0.00299676,0.00522356,0.0365369,-0.00654895,39.8,0,0.0014847,1056.9,4376,nan,nan,nan,double
ecm,ELM-RLS-EKF,learning,evtol,outliers,3,0.00346056,0.00131233,0.00229494,0.0469808,-0.00135227,0.3,0,0.00203899,3184.93,11704,nan,nan,nan,double
ecm,MHE-RTI,optimization,evtol,outliers,3,0.00981935,0.00636268,0.00682003,0.0339031,-0.0070459,212.8,0,0.00263189,17330.2,26928,nan,nan,nan,double
ecm,MHE,optimization,evtol,outliers,3,0.0137022,0.00627621,0.00913105,0.0426467,-0.0073767,261.2,0,0.0026311,33812.8,26928,nan,nan,nan,double
ecm,ERTS,smoothers,evtol,outliers,3,0.00354322,0.00189617,0.00314577,0.00665228,0.000978156,0,0,0.00161356,913.88,12547032,nan,nan,nan,double
ecm,URTS,smoothers,evtol,outliers,3,0.00384931,0.00179284,0.00328216,0.00815454,0.000935437,0,0,0.00164656,2506.17,12547056,nan,nan,nan,double
ecm,Batch-NLS,smoothers,evtol,outliers,3,0.0014702,0.000532862,0.00116852,0.00322891,-0.000250529,0,0,0.0015981,4455.34,17371352,nan,nan,nan,double
ecm,FixedLag-EKF,smoothers,evtol,outliers,3,0.00561027,0.00215398,0.00450183,0.0469923,0.00102785,0.3,0,0.00207145,9976.98,19992,nan,nan,nan,double
ecm,CoulombCounting,baselines,evtol,cold,1,0.00335634,0.00435084,0.0029604,0.00557393,-0.00557393,0,0,0.00616219,78.5985,4184,nan,nan,nan,double
ecm,OCVLookup,baselines,evtol,cold,1,0.0181972,0.0157332,0.0155311,0.0531894,0.00422927,0,0,0.0119356,1309.84,4192,nan,nan,nan,double
ecm,CoulombOCVHybrid,baselines,evtol,cold,1,0.00342104,0.00204413,0.0031056,0.00599622,0.00181886,0,0,0.00259612,208.124,4192,nan,nan,nan,double
ecm,EKF,kalman,evtol,cold,1,0.00139346,0.000698524,0.000965789,0.0126636,-0.00116665,0,0,0.00188429,477.158,4336,nan,nan,nan,double
ecm,UKF,kalman,evtol,cold,1,0.00299898,0.00047581,0.00150671,0.0407671,-0.000581089,0.4,0,0.00202587,1437.54,4776,nan,nan,nan,double
ecm,LKF,kalman,evtol,cold,1,0.131469,0.125251,0.12385,0.190187,0.118421,0,0,0.00388389,328.213,4680,nan,nan,nan,double
ecm,IEKF,kalman,evtol,cold,1,0.00331742,0.000748955,0.0016651,0.0147904,-0.00118157,0,0,0.00188388,592.969,4336,nan,nan,nan,double
ecm,CKF,kalman,evtol,cold,1,0.000835296,0.000771086,0.000655447,0.0105713,-0.00107863,0,0,0.00188856,1257.27,4560,nan,nan,nan,double
ecm,SCKF,kalman,evtol,cold,1,0.000835296,0.000771086,0.000655447,0.0105713,-0.00107863,0,0,0.00188856,1604.65,4696,nan,nan,nan,double
ecm,CKF5,kalman,evtol,cold,1,0.000836179,0.000855334,0.000652886,0.0151888,-0.00115388,0,0,0.00189193,4017.59,5624,nan,nan,nan,double
ecm,CDKF,kalman,evtol,cold,1,0.000836179,0.000855334,0.000652886,0.0151888,-0.00115388,0,0,0.00189193,1373.11,4312,nan,nan,nan,double
ecm,GHKF,kalman,evtol,cold,1,0.000836179,0.000855334,0.000652886,0.0151888,-0.00115388,0,0,0.00189193,11949.5,10784,nan,nan,nan,double
ecm,IPLF,kalman,evtol,cold,1,0.00564,0.00493698,0.0053492,0.0352865,-0.00439506,0.3,0,0.00203088,2040.75,4784,nan,nan,nan,double
ecm,EIF,kalman,evtol,cold,1,0.00139346,0.000698524,0.000965789,0.0126636,-0.00116665,0,0,0.00188429,1231.46,4472,nan,nan,nan,double
ecm,SR-EKF,kalman,evtol,cold,1,0.00139346,0.000698524,0.000965789,0.0126636,-0.00116665,0,0,0.00188429,817.719,4440,nan,nan,nan,double
ecm,SR-UKF,kalman,evtol,cold,1,0.00299898,0.00047581,0.00150671,0.0407671,-0.000581089,0.4,0,0.00202587,1566.21,4896,nan,nan,nan,double
ecm,UD-EKF,kalman,evtol,cold,1,0.00139346,0.000698524,0.000965789,0.0126636,-0.00116665,0,0,0.00188429,489.941,4480,nan,nan,nan,double
ecm,SO-EKF,kalman,evtol,cold,1,0.0027202,0.000581742,0.00145581,0.0399209,-0.000584573,0.4,0,0.0020057,4229.89,4496,nan,nan,nan,double
ecm,SageHusa-AKF,adaptive_kalman,evtol,cold,1,0.00202498,0.00232481,0.00192606,0.0126636,-0.00250189,0,0,0.00187776,564.177,4808,nan,nan,nan,double
ecm,IAE-AKF,adaptive_kalman,evtol,cold,1,0.00134117,0.00131019,0.00119098,0.0126636,-0.0015922,0,0,0.00187731,514.993,5040,nan,nan,nan,double
ecm,VB-AKF,adaptive_kalman,evtol,cold,1,0.00214545,0.000470191,0.00136974,0.0126636,-0.000667096,0,0,0.00187893,885.213,4408,nan,nan,nan,double
ecm,STF,adaptive_kalman,evtol,cold,1,0.00472315,0.0051161,0.00402831,0.0385833,0.00228187,0,0,0.00212557,534.317,4680,nan,nan,nan,double
ecm,Fading-EKF,adaptive_kalman,evtol,cold,1,0.00321626,0.00249986,0.00291591,0.0126636,0.00212254,0,0,0.0018708,499.849,4384,nan,nan,nan,double
ecm,Fuzzy-AKF,adaptive_kalman,evtol,cold,1,0.00127783,0.00119695,0.00108578,0.0126636,-0.00145564,0,0,0.00187826,724.421,4816,nan,nan,nan,double
ecm,IMM,adaptive_kalman,evtol,cold,1,0.00122766,0.00120177,0.00103721,0.0117534,-0.00137213,0,0,0.0018863,2125.45,4976,nan,nan,nan,double
ecm,MMAE,adaptive_kalman,evtol,cold,1,0.010571,0.0118834,0.0100477,0.013609,-0.00716106,0,0,0.00188929,1772.88,13200,-0.0739273,nan,nan,double
ecm,Schmidt-KF,robust_kalman,evtol,cold,1,0.0156641,0.0169881,0.0154071,0.0211274,-0.0180167,0,0,0.0170365,1300.87,8856,nan,nan,nan,double
ecm,Hinf-EKF,robust_kalman,evtol,cold,1,0.00587495,0.00728504,0.00467742,0.0454693,-0.00395279,0,0,0.00188686,796.068,4408,nan,nan,nan,double
ecm,Huber-EKF,robust_kalman,evtol,cold,1,0.00262582,0.000513403,0.00156878,0.0126636,-0.000967913,0,0,0.00187807,642.213,4368,nan,nan,nan,double
ecm,MC-EKF,robust_kalman,evtol,cold,1,0.00148824,0.00126622,0.00121609,0.0126636,-0.00142301,0,0,0.00188057,1006.63,4384,nan,nan,nan,double
ecm,StudentT-KF,robust_kalman,evtol,cold,1,0.00138897,0.00124224,0.00112691,0.0126636,-0.00158092,0,0,0.00186968,700.015,4568,nan,nan,nan,double
ecm,Constrained-EKF,robust_kalman,evtol,cold,1,0.00139346,0.000698584,0.000965784,0.0126636,-0.00116664,0,0,0.00188429,581.457,4416,nan,nan,nan,double
ecm,ReducedOrder-EKF,robust_kalman,evtol,cold,1,0.00406917,0.00332036,0.00371896,0.0127109,0.00281554,0,0,0.00186926,330.57,4272,nan,nan,nan,double
ecm,SVSF,robust_kalman,evtol,cold,1,0.0019612,0.000559982,0.00112814,0.00837209,-0.000842582,0,0,0.00188922,583.786,4376,nan,nan,nan,double
ecm,Luenberger,observers,evtol,cold,1,0.0174117,0.00415256,0.0112902,0.0683813,0.00226653,0,0,0.00247564,363.063,4632,nan,nan,nan,double
ecm,SSKF,observers,evtol,cold,1,0.00399233,0.00307614,0.00365326,0.011691,0.00223804,0,0,0.00189627,446.175,4632,nan,nan,nan,double
ecm,PI-Observer,observers,evtol,cold,1,0.00894355,0.00746589,0.0072441,0.0299755,0.00378153,0,0,0.00408312,726.033,4824,nan,nan,nan,double
ecm,SMO,observers,evtol,cold,1,0.0178366,0.00486063,0.0120261,0.0713332,0.00293739,0,0,0.00226833,389.336,4800,nan,nan,nan,double
ecm,SMO-Adaptive,observers,evtol,cold,1,0.0163677,0.0045334,0.011014,0.0674061,0.00252552,0,0,0.00231206,397.5,4800,nan,nan,nan,double
ecm,SuperTwisting-SMO,observers,evtol,cold,1,0.00561225,0.00378359,0.0044337,0.0281838,0.00208137,0,0,0.00194292,142.704,4280,nan,nan,nan,double
ecm,HGO,observers,evtol,cold,1,0.0174117,0.00415256,0.0112902,0.0683813,0.00226653,0,0,0.00247564,368.527,4680,nan,nan,nan,double
ecm,ESO,observers,evtol,cold,1,0.00624568,0.004018,0.00440633,0.0299521,-0.00150353,0,0,0.00214655,833.95,4784,nan,nan,nan,double
ecm,UIO,observers,evtol,cold,1,0.00260575,0.00185469,0.00190871,0.00740101,-0.000243345,0,0,0.00403202,554.197,5072,nan,nan,nan,double
ecm,DOB,observers,evtol,cold,1,0.00035512,0.000195182,0.000290338,0.00118379,5.57178e-05,0,0,0.00195182,408.075,4784,nan,nan,nan,double
ecm,AdaptiveObserver,observers,evtol,cold,1,0.00864094,0.00246475,0.0051639,0.068342,0.00143021,0,0,0.00191293,1589.71,4864,0.0124788,nan,nan,double
ecm,IntervalObserver,observers,evtol,cold,1,0.00399233,0.00307614,0.00365326,0.011691,0.00223804,0,0,0.00189627,838.662,9024,nan,0,0.367769,double
ecm,JointEKF,soh,evtol,cold,1,0.00302467,0.000925005,0.0016124,0.0125104,0.00179682,0,0,0.00195186,1274.34,8752,0.0685713,nan,nan,double
ecm,JointUKF,soh,evtol,cold,1,0.00203861,0.00149793,0.00154568,0.0402674,-0.00183592,0.7,0,0.00207394,3130.25,9600,-0.00068756,nan,nan,double
ecm,DualEKF,soh,evtol,cold,1,0.00425017,0.00516772,0.00383953,0.0126636,-0.00541506,0,0,0.00188159,1280.11,4752,0.0324975,nan,nan,double
ecm,DualUKF,soh,evtol,cold,1,0.00798289,0.00779701,0.00776001,0.040861,0.0069334,0.4,0,0.00218643,2378.59,5512,0.0614837,nan,nan,double
ecm,RLS-EKF,soh,evtol,cold,1,0.0103576,0.0113331,0.00975699,0.0304374,-0.0150313,0,0,0.0056038,498.22,8904,nan,nan,nan,double
ecm,AWTLS,soh,evtol,cold,1,0.00153262,0.00103625,0.00126058,0.0126636,0.00129202,0,0,0.00188415,477.655,8776,0.0470627,nan,nan,double
ecm,PF-Bootstrap,particle,evtol,cold,1,0.00215851,0.00157889,0.00165504,0.0173226,0.00170385,0,0,0.00192549,77053.2,46472,nan,nan,nan,double
ecm,PF-Fast,particle,evtol,cold,1,0.00744618,0.00639114,0.00594541,0.0266721,0.00154337,0,0,0.00195655,15986.7,9664,nan,nan,nan,double
ecm,PF-Regularized,particle,evtol,cold,1,0.00326483,0.00380268,0.00270309,0.00936642,0.00520338,0,0,0.0019059,84352.8,46464,nan,nan,nan,double
ecm,PF-Auxiliary,particle,evtol,cold,1,0.00291261,0.00336267,0.00234267,0.0116297,0.00277675,0,0,0.0019213,104802,54584,nan,nan,nan,double
ecm,RBPF,particle,evtol,cold,1,0.00243701,0.00271236,0.00216757,0.00833269,-0.0024696,0,0,0.00188726,40038.8,34016,nan,nan,nan,double
ecm,UPF,particle,evtol,cold,1,0.00910851,0.00871793,0.00613798,0.0436333,0.0102581,0,0,0.00219341,18763,25360,nan,nan,nan,double
ecm,EnKF,particle,evtol,cold,1,0.00707443,0.00833104,0.00541587,0.0263997,-0.00191758,0.1,0,0.00189501,10318.3,6776,nan,nan,nan,double
ecm,ETKF,particle,evtol,cold,1,0.00313974,0.00317345,0.00267126,0.0290286,-0.00390308,0.1,0,0.00189622,10748,5304,nan,nan,nan,double
ecm,GSF,particle,evtol,cold,1,0.00128005,0.00118137,0.00106202,0.00466376,-0.00136335,0,0,0.00189831,1751.4,9192,nan,nan,nan,double
ecm,NN-Direct,learning,evtol,cold,1,0.00531235,0.00707154,0.00352281,0.0263308,-0.00436229,0,0,nan,498.937,15152,nan,nan,nan,double
ecm,NN-EKF,learning,evtol,cold,1,0.00716231,0.00170221,0.00493053,0.0338718,-0.00242362,0.1,0,0.00186393,1089.67,4376,nan,nan,nan,double
ecm,ELM-RLS-EKF,learning,evtol,cold,1,0.00100473,0.000560121,0.000749094,0.0126636,-0.000724005,0,0,0.00184881,3286.55,11704,nan,nan,nan,double
ecm,MHE-RTI,optimization,evtol,cold,1,0.00859209,0.00905668,0.00809773,0.0212613,-0.0081287,0,0,0.00192138,17371.8,26928,nan,nan,nan,double
ecm,MHE,optimization,evtol,cold,1,0.00954101,0.0109368,0.00922998,0.0177121,-0.0126423,0,0,0.00192061,32957.3,26928,nan,nan,nan,double
ecm,ERTS,smoothers,evtol,cold,1,0.00180927,0.000642701,0.00142522,0.00382767,-0.00116665,0,0,0.00180275,907.635,12547032,nan,nan,nan,double
ecm,URTS,smoothers,evtol,cold,1,0.00214922,0.000830037,0.00175689,0.00433607,-0.000581089,0,0,0.00180561,2490.97,12547056,nan,nan,nan,double
ecm,Batch-NLS,smoothers,evtol,cold,1,0.00185194,0.00248128,0.00157028,0.00354349,-0.00354349,0,0,0.00180277,3849.42,17371352,nan,nan,nan,double
ecm,FixedLag-EKF,smoothers,evtol,cold,1,0.00162829,0.000580918,0.00112378,0.0126636,-0.00110862,0,0,0.00188429,10103.1,19992,nan,nan,nan,double
ecm,CoulombCounting,baselines,evtol,cold,2,0.0033718,0.00437586,0.00297059,0.00558312,-0.00558312,0,0,0.00622892,80.2045,4184,nan,nan,nan,double
ecm,OCVLookup,baselines,evtol,cold,2,0.0179911,0.0154426,0.0154111,0.0530821,0.00446111,0,0,0.0117212,1306.27,4192,nan,nan,nan,double
ecm,CoulombOCVHybrid,baselines,evtol,cold,2,0.00347058,0.00207807,0.00315553,0.00604762,0.00199288,0,0,0.00258868,208.472,4192,nan,nan,nan,double
ecm,EKF,kalman,evtol,cold,2,0.002708,0.00273125,0.00258106,0.0099887,-0.00270558,0,0,0.00189326,477.063,4336,nan,nan,nan,double
ecm,UKF,kalman,evtol,cold,2,0.00268039,0.000371773,0.00155076,0.0397652,-0.000268703,0.5,0,0.00202461,1450.19,4776,nan,nan,nan,double
ecm,LKF,kalman,evtol,cold,2,0.128191,0.122075,0.120791,0.181625,0.114986,0,0,0.00372711,331.592,4680,nan,nan,nan,double
ecm,IEKF,kalman,evtol,cold,2,0.00296577,0.003027,0.00281206,0.00832597,-0.00314483,0,0,0.00189322,602.217,4336,nan,nan,nan,double
ecm,CKF,kalman,evtol,cold,2,0.00175137,0.000661498,0.00104706,0.0122408,-0.000763451,0,0,0.001896,1254.12,4560,nan,nan,nan,double
ecm,SCKF,kalman,evtol,cold,2,0.00175137,0.000661498,0.00104706,0.0122408,-0.000763451,0,0,0.001896,1573.35,4696,nan,nan,nan,double
ecm,CKF5,kalman,evtol,cold,2,0.00195774,0.000480999,0.00116428,0.0168643,-0.000596801,0,0,0.00189899,4010.48,5624,nan,nan,nan,double
ecm,CDKF,kalman,evtol,cold,2,0.00195774,0.000480999,0.00116428,0.0168643,-0.000596801,0,0,0.00189899,1369.9,4312,nan,nan,nan,double
ecm,GHKF,kalman,evtol,cold,2,0.00195774,0.000480999,0.00116428,0.0168643,-0.000596801,0,0,0.00189899,11973,10784,nan,nan,nan,double
ecm,IPLF,kalman,evtol,cold,2,0.00468787,0.00438942,0.00454262,0.0355775,-0.00397636,0.3,0,0.00202825,2026.21,4784,nan,nan,nan,double
ecm,EIF,kalman,evtol,cold,2,0.002708,0.00273125,0.00258106,0.0099887,-0.00270558,0,0,0.00189326,1227.94,4472,nan,nan,nan,double
ecm,SR-EKF,kalman,evtol,cold,2,0.002708,0.00273125,0.00258106,0.0099887,-0.00270558,0,0,0.00189326,823.852,4440,nan,nan,nan,double
ecm,SR-UKF,kalman,evtol,cold,2,0.00268039,0.000371773,0.00155076,0.0397652,-0.000268703,0.5,0,0.00202461,1555.72,4896,nan,nan,nan,double
ecm,UD-EKF,kalman,evtol,cold,2,0.002708,0.00273125,0.00258106,0.0099887,-0.00270558,0,0,0.00189326,482.972,4480,nan,nan,nan,double
ecm,SO-EKF,kalman,evtol,cold,2,0.00445954,0.00176644,0.00354855,0.0391027,0.00102091,0.5,0,0.00200554,4211.13,4496,nan,nan,nan,double
ecm,SageHusa-AKF,adaptive_kalman,evtol,cold,2,0.00204084,0.00232573,0.00183983,0.0099887,-0.00237024,0,0,0.00188713,543.231,4808,nan,nan,nan,double
ecm,IAE-AKF,adaptive_kalman,evtol,cold,2,0.00221188,0.00214128,0.00188331,0.0099887,-0.0023029,0,0,0.00188803,498.119,5040,nan,nan,nan,double
ecm,VB-AKF,adaptive_kalman,evtol,cold,2,0.00185459,0.00208247,0.00166517,0.0099887,-0.00212297,0,0,0.00188675,870.175,4408,nan,nan,nan,double
ecm,STF,adaptive_kalman,evtol,cold,2,0.00366656,0.00249159,0.00263721,0.0351295,0.000889382,0,0,0.00214184,532.079,4680,nan,nan,nan,double
ecm,Fading-EKF,adaptive_kalman,evtol,cold,2,0.00354389,0.0025268,0.00310828,0.0107869,0.00263715,0,0,0.00187997,499.695,4384,nan,nan,nan,double
ecm,Fuzzy-AKF,adaptive_kalman,evtol,cold,2,0.00202788,0.00213375,0.00179845,0.0099887,-0.00227931,0,0,0.00188961,725.125,4816,nan,nan,nan,double
ecm,IMM,adaptive_kalman,evtol,cold,2,0.0029366,0.00290379,0.00281773,0.00926276,-0.00275375,0,0,0.00189334,2057.84,4976,nan,nan,nan,double
ecm,MMAE,adaptive_kalman,evtol,cold,2,0.0122834,0.0135971,0.0116346,0.0156577,-0.00851814,0,0,0.00190206,1782.62,13200,-0.0677245,nan,nan,double
ecm,Schmidt-KF,robust_kalman,evtol,cold,2,0.0139351,0.014938,0.0136188,0.0182902,-0.0169039,0,0,0.0156311,1299.8,8856,nan,nan,nan,double
ecm,Hinf-EKF,robust_kalman,evtol,cold,2,0.011558,0.0159752,0.00512739,0.0951372,-0.0417227,0,0,0.00189829,795.513,4408,nan,nan,nan,double
ecm,Huber-EKF,robust_kalman,evtol,cold,2,0.0019213,0.00102375,0.00122483,0.0099887,-0.00135056,0,0,0.00188693,647.435,4368,nan,nan,nan,double
ecm,MC-EKF,robust_kalman,evtol,cold,2,0.00201861,0.00214504,0.00176414,0.00998871,-0.00219753,0,0,0.00188994,999.755,4384,nan,nan,nan,double
ecm,StudentT-KF,robust_kalman,evtol,cold,2,0.00249909,0.00210547,0.00206344,0.0099887,-0.00227977,0,0,0.00188001,699.16,4568,nan,nan,nan,double
ecm,Constrained-EKF,robust_kalman,evtol,cold,2,0.00270801,0.00273125,0.00258107,0.0099887,-0.00270554,0,0,0.00189326,589.45,4416,nan,nan,nan,double
ecm,ReducedOrder-EKF,robust_kalman,evtol,cold,2,0.00411631,0.00326201,0.0037501,0.013037,0.0028487,0,0,0.00187801,330.278,4272,nan,nan,nan,double
ecm,SVSF,robust_kalman,evtol,cold,2,0.00402008,0.00181761,0.00332146,0.0122689,0.00108844,0,0,0.00190088,587.45,4376,nan,nan,nan,double
ecm,Luenberger,observers,evtol,cold,2,0.0157071,0.0038916,0.0102774,0.0623509,0.00231679,0,0,0.00261031,354.504,4632,nan,nan,nan,double
ecm,SSKF,observers,evtol,cold,2,0.00406835,0.00306856,0.00371956,0.0114039,0.0027467,0,0,0.00190462,457.591,4632,nan,nan,nan,double
ecm,PI-Observer,observers,evtol,cold,2,0.00929826,0.0107183,0.00741661,0.0304428,-0.00849479,0,0,0.00343146,698.841,4824,nan,nan,nan,double
ecm,SMO,observers,evtol,cold,2,0.0161337,0.00438342,0.0109251,0.0633685,0.00303794,0,0,0.00215692,395.372,4800,nan,nan,nan,double
ecm,SMO-Adaptive,observers,evtol,cold,2,0.0163949,0.0043682,0.0109953,0.0661085,0.00313656,0,0,0.00227579,387.839,4800,nan,nan,nan,double
ecm,SuperTwisting-SMO,observers,evtol,cold,2,0.0056501,0.00373198,0.00444162,0.0286715,0.00263871,0,0,0.00194535,143.711,4280,nan,nan,nan,double
ecm,HGO,observers,evtol,cold,2,0.0157071,0.0038916,0.0102774,0.0623509,0.00231679,0,0,0.00261031,358.042,4680,nan,nan,nan,double
ecm,ESO,observers,evtol,cold,2,0.00756423,0.00781439,0.00602989,0.0262618,0.00748011,0,0,0.00230758,656.593,4784,nan,nan,nan,double
ecm,UIO,observers,evtol,cold,2,0.00226375,0.00166222,0.00153726,0.00715036,-0.000441059,0,0,0.00401489,533.723,5072,nan,nan,nan,double
ecm,DOB,observers,evtol,cold,2,0.000354025,0.00017628,0.000285143,0.00123637,0.000136539,0,0,0.00196069,406.25,4784,nan,nan,nan,double
ecm,AdaptiveObserver,observers,evtol,cold,2,0.0112956,0.00240542,0.00588766,0.0895805,0.00252661,0,0,0.00193407,1700.69,4864,0.0111536,nan,nan,double
ecm,IntervalObserver,observers,evtol,cold,2,0.00406835,0.00306856,0.00371956,0.0114039,0.0027467,0,0,0.00190462,841.543,9024,nan,0,0.369375,double
ecm,JointEKF,soh,evtol,cold,2,0.00270165,0.00109456,0.00212605,0.0097574,-0.00118242,0,0,0.0019412,1213.26,8752,-0.00629302,nan,nan,double
ecm,JointUKF,soh,evtol,cold,2,0.00465717,0.00246586,0.00332202,0.0392638,0.00271576,0.7,0,0.00206712,3095.99,9600,0.0732219,nan,nan,double
ecm,DualEKF,soh,evtol,cold,2,0.00181976,0.00187267,0.00147392,0.0099887,-0.00165356,0,0,0.0019013,1271.43,4752,0.048903,nan,nan,double
ecm,DualUKF,soh,evtol,cold,2,0.0200672,0.0249748,0.0180274,0.0398516,0.0257509,0.7,0,0.00239245,2373.26,5512,0.136991,nan,nan,double
ecm,RLS-EKF,soh,evtol,cold,2,0.0134202,0.0140717,0.012635,0.0268272,-0.00520499,0,0,0.00545445,500.76,8904,nan,nan,nan,double
ecm,AWTLS,soh,evtol,cold,2,0.00193859,0.00111613,0.00148843,0.0099887,0.00225485,0,0,0.00189296,483.61,8776,0.0924353,nan,nan,double
ecm,PF-Bootstrap,particle,evtol,cold,2,0.00643198,0.00507035,0.00465967,0.038149,0.00114927,0,0,0.00194314,76829.2,46472,nan,nan,nan,double
ecm,PF-Fast,particle,evtol,cold,2,0.00669424,0.00755958,0.00564552,0.0230433,0.00167726,0,0,0.00195771,15936.6,9664,nan,nan,nan,double
ecm,PF-Regularized,particle,evtol,cold,2,0.00252475,0.00133067,0.00153722,0.01014,-8.60387e-05,0,0,0.00191307,81836.1,46464,nan,nan,nan,double
ecm,PF-Auxiliary,particle,evtol,cold,2,0.00327524,0.00244773,0.00263972,0.0133968,0.00180161,0,0,0.0019294,103968,54584,nan,nan,nan,double
ecm,RBPF,particle,evtol,cold,2,0.0021359,0.000733134,0.00148173,0.00885537,0.0002029,0,0,0.00189603,40126.7,34016,nan,nan,nan,double
ecm,UPF,particle,evtol,cold,2,0.0121407,0.00790734,0.00785364,0.0570014,0.00200255,0,0,0.00219456,18635.7,25360,nan,nan,nan,double
ecm,EnKF,particle,evtol,cold,2,0.0102819,0.0123965,0.00793241,0.0425078,0.000580179,0.1,0,0.00190254,10272.7,6776,nan,nan,nan,double
ecm,ETKF,particle,evtol,cold,2,0.0138572,0.0164648,0.0130496,0.0321774,-0.0208185,0.1,0,0.00191043,10592.7,5304,nan,nan,nan,double
ecm,GSF,particle,evtol,cold,2,0.00256441,0.00252801,0.00223595,0.00851762,-0.0027112,0,0,0.00190548,1788.66,9192,nan,nan,nan,double
ecm,NN-Direct,learning,evtol,cold,2,0.00488354,0.00655009,0.00325935,0.0244395,-0.00484451,0,0,nan,502.943,15152,nan,nan,nan,double
ecm,NN-EKF,learning,evtol,cold,2,0.00747895,0.00182495,0.00521197,0.030953,-0.00214161,0.3,0,0.00187104,1089.52,4376,nan,nan,nan,double
ecm,ELM-RLS-EKF,learning,evtol,cold,2,0.00169242,0.000375328,0.00114983,0.0099887,-0.000404111,0,0,0.00185872,3273.49,11704,nan,nan,nan,double
ecm,MHE-RTI,optimization,evtol,cold,2,0.00826331,0.00865075,0.00798381,0.0166105,-0.00895969,0,0,0.00193,17328,26928,nan,nan,nan,double
ecm,MHE,optimization,evtol,cold,2,0.00699926,0.00485893,0.00484632,0.0376275,-0.00896718,0,0,0.00193017,32937.4,26928,nan,nan,nan,double
ecm,ERTS,smoothers,evtol,cold,2,0.00137235,0.00173004,0.00115884,0.00270558,-0.00270558,0,0,0.00181133,897.226,12547032,nan,nan,nan,double
ecm,URTS,smoothers,evtol,cold,2,0.00246565,0.00106259,0.00205586,0.00475146,-0.000268703,0,0,0.00181637,2469.47,12547056,nan,nan,nan,double
ecm,Batch-NLS,smoothers,evtol,cold,2,0.00138057,0.001813,0.00117032,0.00273192,-0.00273192,0,0,0.00181115,4526.84,17371352,nan,nan,nan,double
ecm,FixedLag-EKF,smoothers,evtol,cold,2,0.00236253,0.00245438,0.00221666,0.0099887,-0.00264706,0,0,0.00189326,9966.76,19992,nan,nan,nan,double
ecm,CoulombCounting,baselines,evtol,cold,3,0.00337921,0.00438143,0.00297792,0.0056117,-0.0056117,0,0,0.00613948,79.3035,4184,nan,nan,nan,double
ecm,OCVLookup,baselines,evtol,cold,3,0.0182883,0.0157505,0.0155978,0.0551411,0.00432134,0,0,0.0120366,1307.71,4192,nan,nan,nan,double
ecm,CoulombOCVHybrid,baselines,evtol,cold,3,0.00349061,0.00210618,0.00317716,0.00608043,0.00188904,0,0,0.00257048,209.271,4192,nan,nan,nan,double
ecm,EKF,kalman,evtol,cold,3,0.00178958,0.00149469,0.00134699,0.0124995,-0.00212418,0,0,0.00191205,476.505,4336,nan,nan,nan,double
ecm,UKF,kalman,evtol,cold,3,0.00245183,0.00124849,0.00141432,0.0400638,-0.00199742,0.5,0,0.0020383,1439.34,4776,nan,nan,nan,double
ecm,LKF,kalman,evtol,cold,3,0.1338,0.127346,0.12599,0.19609,0.120923,0,0,0.00398261,329.694,4680,nan,nan,nan,double
ecm,IEKF,kalman,evtol,cold,3,0.00402953,0.000684943,0.00232258,0.0150786,-0.00113967,0,0,0.00191247,590.732,4336,nan,nan,nan,double
ecm,CKF,kalman,evtol,cold,3,0.00205818,0.00176908,0.00166714,0.0106737,-0.00215894,0,0,0.00191426,1239.32,4560,nan,nan,nan,double
ecm,SCKF,kalman,evtol,cold,3,0.00205818,0.00176908,0.00166714,0.0106737,-0.00215894,0,0,0.00191426,1574.04,4696,nan,nan,nan,double
ecm,CKF5,kalman,evtol,cold,3,0.00194536,0.0013271,0.00128691,0.0152915,-0.00180622,0,0,0.00191718,4012.55,5624,nan,nan,nan,double
ecm,CDKF,kalman,evtol,cold,3,0.00194536,0.0013271,0.00128691,0.0152915,-0.00180622,0,0,0.00191718,1372.11,4312,nan,nan,nan,double
ecm,GHKF,kalman,evtol,cold,3,0.00194536,0.0013271,0.00128691,0.0152915,-0.00180622,0,0,0.00191718,11886.2,10784,nan,nan,nan,double
ecm,IPLF,kalman,evtol,cold,3,0.00592055,0.00557149,0.00582533,0.0349141,-0.00552492,0.3,0,0.00204315,2043.17,4784,nan,nan,nan,double
ecm,EIF,kalman,evtol,cold,3,0.00178958,0.00149469,0.00134699,0.0124995,-0.00212418,0,0,0.00191205,1228.74,4472,nan,nan,nan,double
ecm,SR-EKF,kalman,evtol,cold,3,0.00178958,0.00149469,0.00134699,0.0124995,-0.00212418,0,0,0.00191205,823.078,4440,nan,nan,nan,double
ecm,SR-UKF,kalman,evtol,cold,3,0.00245183,0.00124849,0.00141432,0.0400638,-0.00199742,0.5,0,0.0020383,1550.56,4896,nan,nan,nan,double
ecm,UD-EKF,kalman,evtol,cold,3,0.00178958,0.00149469,0.00134699,0.0124995,-0.00212418,0,0,0.00191205,480.893,4480,nan,nan,nan,double
ecm,SO-EKF,kalman,evtol,cold,3,0.00289166,0.00146948,0.00171981,0.0392156,-0.00212591,0.5,0,0.00201975,4195.15,4496,nan,nan,nan,double
ecm,SageHusa-AKF,adaptive_kalman,evtol,cold,3,0.00210628,0.00195516,0.00187748,0.0124995,-0.00250205,0,0,0.00190475,542.235,4808,nan,nan,nan,double
ecm,IAE-AKF,adaptive_kalman,evtol,cold,3,0.0022799,0.0012332,0.00132424,0.0124995,-0.00201295,0,0,0.00190474,497.816,5040,nan,nan,nan,double
ecm,VB-AKF,adaptive_kalman,evtol,cold,3,0.00281953,0.00280556,0.0027436,0.0124995,-0.00293499,0,0,0.00190464,870.248,4408,nan,nan,nan,double
ecm,STF,adaptive_kalman,evtol,cold,3,0.00447445,0.00311163,0.00321123,0.0502209,0.00340038,0,0,0.00216051,530.292,4680,nan,nan,nan,double
ecm,Fading-EKF,adaptive_kalman,evtol,cold,3,0.00321433,0.00241712,0.00283256,0.0124995,0.00200755,0,0,0.00189796,499.434,4384,nan,nan,nan,double
ecm,Fuzzy-AKF,adaptive_kalman,evtol,cold,3,0.00272778,0.00272129,0.00259317,0.0124995,-0.00295221,0,0,0.0019055,726.961,4816,nan,nan,nan,double
ecm,IMM,adaptive_kalman,evtol,cold,3,0.00289999,0.00129478,0.002399,0.0116003,0.000146702,0,0,0.00191625,2064.26,4976,nan,nan,nan,double
ecm,MMAE,adaptive_kalman,evtol,cold,3,0.0108322,0.0115608,0.0103871,0.0136718,-0.00575003,0,0,0.00191765,1780.8,13200,-0.0496906,nan,nan,double
ecm,Schmidt-KF,robust_kalman,evtol,cold,3,0.0130603,0.014188,0.0127617,0.0187983,-0.0133172,0,0,0.0149715,1292.57,8856,nan,nan,nan,double
ecm,Hinf-EKF,robust_kalman,evtol,cold,3,0.0144568,0.0203622,0.00595882,0.118653,-0.0247204,0,0,0.00191929,795.731,4408,nan,nan,nan,double
ecm,Huber-EKF,robust_kalman,evtol,cold,3,0.00260616,0.00249317,0.002483,0.0124995,-0.00256572,0,0,0.00190475,639.231,4368,nan,nan,nan,double
ecm,MC-EKF,robust_kalman,evtol,cold,3,0.00245827,0.00144268,0.0015562,0.0124995,-0.00210048,0,0,0.00190908,999.799,4384,nan,nan,nan,double
ecm,StudentT-KF,robust_kalman,evtol,cold,3,0.00227675,0.00219851,0.00211507,0.0124995,-0.00249504,0,0,0.00189764,702.058,4568,nan,nan,nan,double
ecm,Constrained-EKF,robust_kalman,evtol,cold,3,0.00178962,0.00149479,0.00134705,0.0124995,-0.00212426,0,0,0.00191205,598.884,4416,nan,nan,nan,double
ecm,ReducedOrder-EKF,robust_kalman,evtol,cold,3,0.00414506,0.00325548,0.00372907,0.01292,0.00265481,0,0,0.00189438,328.257,4272,nan,nan,nan,double
ecm,SVSF,robust_kalman,evtol,cold,3,0.00327569,0.000974514,0.00241461,0.0111078,-0.000129778,0,0,0.00191989,583.377,4376,nan,nan,nan,double
ecm,Luenberger,observers,evtol,cold,3,0.0147587,0.00405097,0.0100216,0.0569909,0.00227479,0,0,0.00232588,362.224,4632,nan,nan,nan,double
ecm,SSKF,observers,evtol,cold,3,0.00406732,0.00301524,0.00370329,0.0120993,0.00195282,0,0,0.00192432,399.042,4632,nan,nan,nan,double
ecm,PI-Observer,observers,evtol,cold,3,0.00652151,0.00501533,0.00535116,0.0232716,0.00155336,0,0,0.00335705,678.685,4824,nan,nan,nan,double
ecm,SMO,observers,evtol,cold,3,0.0129099,0.00442355,0.0092157,0.0517108,0.00295219,0,0,0.00208302,393.653,4800,nan,nan,nan,double
ecm,SMO-Adaptive,observers,evtol,cold,3,0.014046,0.00435458,0.00979128,0.0561494,0.0027303,0,0,0.00218039,369.301,4800,nan,nan,nan,double
ecm,SuperTwisting-SMO,observers,evtol,cold,3,0.00561156,0.0037076,0.00438879,0.0302492,0.0022887,0,0,0.00198238,142.771,4280,nan,nan,nan,double
ecm,HGO,observers,evtol,cold,3,0.0147587,0.00405097,0.0100216,0.0569909,0.00227479,0,0,0.00232588,366.554,4680,nan,nan,nan,double
ecm,ESO,observers,evtol,cold,3,0.00853801,0.0106324,0.00629779,0.0296056,0.00760017,0,0,0.00211276,922.973,4784,nan,nan,nan,double
ecm,UIO,observers,evtol,cold,3,0.00242579,0.00176588,0.00178702,0.00721007,-0.000576859,0,0,0.00429157,540.939,5072,nan,nan,nan,double
ecm,DOB,observers,evtol,cold,3,0.000351199,0.000177522,0.000281795,0.00132463,-9.84542e-05,0,0,0.00198051,399.288,4784,nan,nan,nan,double
ecm,AdaptiveObserver,observers,evtol,cold,3,0.00733063,0.00267103,0.0050402,0.042987,0.00206202,0,0,0.00193245,1364.9,4864,0.0138281,nan,nan,double
ecm,IntervalObserver,observers,evtol,cold,3,0.00406732,0.00301524,0.00370329,0.0120993,0.00195282,0,0,0.00192432,791.033,9024,nan,0,0.366411,double
ecm,JointEKF,soh,evtol,cold,3,0.00246073,0.00158294,0.00188882,0.0121971,-0.000950546,0,0,0.00201921,1218.87,8752,0.0157261,nan,nan,double
ecm,JointUKF,soh,evtol,cold,3,0.00243644,0.000772362,0.0014024,0.0394468,-0.000385011,0.8,0,0.00213816,3051.4,9600,0.0369578,nan,nan,double
ecm,DualEKF,soh,evtol,cold,3,0.00421679,0.00537896,0.00374149,0.0124995,-0.00698445,0,0,0.00192507,1229.38,4752,-0.00192234,nan,nan,double
ecm,DualUKF,soh,evtol,cold,3,0.0132114,0.0156341,0.0124274,0.0401765,0.0139298,0.6,0,0.00283037,2374.29,5512,0.0553107,nan,nan,double
ecm,RLS-EKF,soh,evtol,cold,3,0.00525699,0.00543154,0.00465452,0.0190314,0.000896811,0,0,0.00591935,494.431,8904,nan,nan,nan,double
ecm,AWTLS,soh,evtol,cold,3,0.00155512,0.000830119,0.00101481,0.0124995,-0.00107232,0,0,0.00191197,480.499,8776,0.0253135,nan,nan,double
ecm,PF-Bootstrap,particle,evtol,cold,3,0.00315202,0.0032743,0.00234459,0.0142539,0.00390841,0,0,0.00195044,77468.3,46472,nan,nan,nan,double
ecm,PF-Fast,particle,evtol,cold,3,0.0044843,0.0030584,0.00363656,0.0160249,-0.00368109,0,0,0.00199189,15945.2,9664,nan,nan,nan,double
ecm,PF-Regularized,particle,evtol,cold,3,0.00335516,0.0021736,0.00234355,0.0154528,0.00204053,0,0,0.00193346,81458.8,46464,nan,nan,nan,double
ecm,PF-Auxiliary,particle,evtol,cold,3,0.00390784,0.00423856,0.00330876,0.0123405,0.00454126,0,0,0.00194854,104450,54584,nan,nan,nan,double
ecm,RBPF,particle,evtol,cold,3,0.0022421,0.00204308,0.00169755,0.0076488,-0.0030392,0,0,0.00191952,40042,34016,nan,nan,nan,double
ecm,UPF,particle,evtol,cold,3,0.0122404,0.00562105,0.00785194,0.0674948,-0.00133904,0.1,0,0.002234,18712.7,25360,nan,nan,nan,double
ecm,EnKF,particle,evtol,cold,3,0.00834943,0.0113893,0.00589143,0.031975,-0.00494009,0.1,0,0.00193029,10476.4,6776,nan,nan,nan,double
ecm,ETKF,particle,evtol,cold,3,0.00272597,0.00175807,0.00190031,0.0318584,-0.00271091,0.1,0,0.00192137,10647.7,5304,nan,nan,nan,double
ecm,GSF,particle,evtol,cold,3,0.00286916,0.000644834,0.00187171,0.010534,-0.00111773,0,0,0.00192374,1751.01,9192,nan,nan,nan,double
ecm,NN-Direct,learning,evtol,cold,3,0.00544062,0.00716372,0.00361467,0.0286948,-0.00449028,0,0,nan,503.826,15152,nan,nan,nan,double
ecm,NN-EKF,learning,evtol,cold,3,0.00760688,0.00206511,0.00544596,0.0335367,-0.00207495,0.2,0,0.00189336,1085.89,4376,nan,nan,nan,double
ecm,ELM-RLS-EKF,learning,evtol,cold,3,0.00177836,0.000828862,0.00129312,0.0124995,-0.00135971,0,0,0.00187894,3299.7,11704,nan,nan,nan,double
ecm,MHE-RTI,optimization,evtol,cold,3,0.00560502,0.0049824,0.0046146,0.0178239,-0.00670428,0,0,0.00194895,17239.2,26928,nan,nan,nan,double
ecm,MHE,optimization,evtol,cold,3,0.00805185,0.00722601,0.00715764,0.0254346,-0.0066812,0,0,0.00194898,32828.3,26928,nan,nan,nan,double
ecm,ERTS,smoothers,evtol,cold,3,0.00144033,0.00114923,0.00118515,0.00296884,-0.00212418,0,0,0.00182874,908.418,12547032,nan,nan,nan,double
ecm,URTS,smoothers,evtol,cold,3,0.00149584,0.00103877,0.00122152,0.00316676,-0.00199742,0,0,0.00183117,2486.28,12547056,nan,nan,nan,double
ecm,Batch-NLS,smoothers,evtol,cold,3,0.00154564,0.000842957,0.00123201,0.00338335,-0.00171281,0,0,0.00182853,4472.85,17371352,nan,nan,nan,double
ecm,FixedLag-EKF,smoothers,evtol,cold,3,0.00184867,0.00123249,0.00132096,0.0124995,-0.00207163,0,0,0.00191205,10007.3,19992,nan,nan,nan,double
ecm,CoulombCounting,baselines,evtol,hot,1,0.00193498,0.00242332,0.00176614,0.00278268,-0.00278262,0,0,0.00224354,79.9822,4184,nan,nan,nan,double
ecm,OCVLookup,baselines,evtol,hot,1,0.0145187,0.0124364,0.0120888,0.0393769,0.0022087,0,0,0.0118121,1312.31,4192,nan,nan,nan,double
ecm,CoulombOCVHybrid,baselines,evtol,hot,1,0.00305859,0.00239839,0.00294642,0.00468751,0.000592511,0,0,0.00240719,209.575,4192,nan,nan,nan,double
ecm,EKF,kalman,evtol,hot,1,0.0015677,0.000310974,0.000844081,0.012093,-0.000395078,0,0,0.000543763,477.715,4336,nan,nan,nan,double
ecm,UKF,kalman,evtol,hot,1,0.00276494,0.000245146,0.00140834,0.0404441,-0.000372218,0.4,0,0.000915907,1443.83,4776,nan,nan,nan,double
ecm,LKF,kalman,evtol,hot,1,0.0214836,0.0161976,0.0181849,0.039172,-0.0317857,0,0,0.00102213,330.015,4680,nan,nan,nan,double
ecm,IEKF,kalman,evtol,hot,1,0.00108907,0.000370064,0.000597161,0.00996107,-0.000436178,0,0,0.000541536,601.166,4336,nan,nan,nan,double
ecm,CKF,kalman,evtol,hot,1,0.000767008,0.000342891,0.000478994,0.0108731,-0.000383501,0,0,0.000557882,1254.5,4560,nan,nan,nan,double
ecm,SCKF,kalman,evtol,hot,1,0.000767008,0.000342891,0.000478994,0.0108731,-0.000383501,0,0,0.000557882,1582.31,4696,nan,nan,nan,double
ecm,CKF5,kalman,evtol,hot,1,0.000745555,0.000345684,0.000458243,0.0154894,-0.000385605,0,0,0.000569074,4019.36,5624,nan,nan,nan,double
ecm,CDKF,kalman,evtol,hot,1,0.000745555,0.000345684,0.000458243,0.0154894,-0.000385605,0,0,0.000569074,1375.64,4312,nan,nan,nan,double
ecm,GHKF,kalman,evtol,hot,1,0.000745555,0.000345684,0.000458243,0.0154894,-0.000385605,0,0,0.000569074,12037.9,10784,nan,nan,nan,double
ecm,IPLF,kalman,evtol,hot,1,0.00489871,0.000260256,0.00253602,0.0353035,-0.00027651,0.3,0,0.000929144,2040.1,4784,nan,nan,nan,double
ecm,EIF,kalman,evtol,hot,1,0.0015677,0.000310974,0.000844081,0.012093,-0.000395078,0,0,0.000543763,1196.06,4472,nan,nan,nan,double
ecm,SR-EKF,kalman,evtol,hot,1,0.0015677,0.000310974,0.000844081,0.012093,-0.000395078,0,0,0.000543763,820.969,4440,nan,nan,nan,double
ecm,SR-UKF,kalman,evtol,hot,1,0.00276494,0.000245146,0.00140834,0.0404441,-0.000372218,0.4,0,0.000915907,1552.04,4896,nan,nan,nan,double
ecm,UD-EKF,kalman,evtol,hot,1,0.0015677,0.000310974,0.000844081,0.012093,-0.000395078,0,0,0.000543763,482.764,4480,nan,nan,nan,double
ecm,SO-EKF,kalman,evtol,hot,1,0.00271322,0.000233203,0.00146584,0.0396462,-0.000346643,0.4,0,0.000872076,4189.92,4496,nan,nan,nan,double
ecm,SageHusa-AKF,adaptive_kalman,evtol,hot,1,0.00179332,0.000254845,0.00102575,0.012093,-0.000375843,0,0,0.000544949,542.035,4808,nan,nan,nan,double
ecm,IAE-AKF,adaptive_kalman,evtol,hot,1,0.00144799,0.000307951,0.000798618,0.012093,-0.000384556,0,0,0.000542805,495.734,5040,nan,nan,nan,double
ecm,VB-AKF,adaptive_kalman,evtol,hot,1,0.00167259,0.000284363,0.000907898,0.012093,-0.0003939,0,0,0.000542937,872.961,4408,nan,nan,nan,double
ecm,STF,adaptive_kalman,evtol,hot,1,0.00202061,0.000737098,0.00111193,0.0236278,-0.000441098,0,0,0.000666026,529.482,4680,nan,nan,nan,double
ecm,Fading-EKF,adaptive_kalman,evtol,hot,1,0.00176966,0.000216339,0.000853637,0.012093,2.21608e-05,0,0,0.000524536,503.273,4384,nan,nan,nan,double
ecm,Fuzzy-AKF,adaptive_kalman,evtol,hot,1,0.00201303,0.000262815,0.00111942,0.012093,-0.000391666,0,0,0.000545725,726.569,4816,nan,nan,nan,double
ecm,IMM,adaptive_kalman,evtol,hot,1,0.00205002,0.000237679,0.00115324,0.0115551,-0.00036374,0,0,0.000545203,2064.89,4976,nan,nan,nan,double
ecm,MMAE,adaptive_kalman,evtol,hot,1,0.00267282,0.0013879,0.00237442,0.012093,-0.00105948,0,0,0.000552896,1774.59,13200,0.0177741,nan,nan,double
ecm,Schmidt-KF,robust_kalman,evtol,hot,1,0.00238888,0.00239353,0.00210703,0.0120884,-0.00292281,0,0,0.00182414,1302.45,8856,nan,nan,nan,double
ecm,Hinf-EKF,robust_kalman,evtol,hot,1,0.00143984,0.000301339,0.000758153,0.0121184,-0.000370573,0,0,0.000543811,800.343,4408,nan,nan,nan,double
ecm,Huber-EKF,robust_kalman,evtol,hot,1,0.00195967,0.000229607,0.00111391,0.012093,-0.000350309,0,0,0.000532467,654.157,4368,nan,nan,nan,double
ecm,MC-EKF,robust_kalman,evtol,hot,1,0.00157298,0.000305683,0.00084459,0.012093,-0.000391891,0,0,0.000538204,993.453,4384,nan,nan,nan,double
ecm,StudentT-KF,robust_kalman,evtol,hot,1,0.00134169,0.000297137,0.00074989,0.012093,-0.000374574,0,0,0.000510801,695.778,4568,nan,nan,nan,double
ecm,Constrained-EKF,robust_kalman,evtol,hot,1,0.00156773,0.000311576,0.000844287,0.012093,-0.000395572,0,0,0.000543772,585.862,4416,nan,nan,nan,double
ecm,ReducedOrder-EKF,robust_kalman,evtol,hot,1,0.00168737,0.000228167,0.000797757,0.0121382,7.37115e-05,0,0,0.000467493,329.523,4272,nan,nan,nan,double
ecm,SVSF,robust_kalman,evtol,hot,1,0.00182558,0.000315495,0.000939706,0.00667667,-0.000400345,0,0,0.00051987,580.41,4376,nan,nan,nan,double
ecm,Luenberger,observers,evtol,hot,1,0.00172843,0.000355744,0.000906361,0.00576429,0.000202678,0,0,0.00057922,514.987,4632,nan,nan,nan,double
ecm,SSKF,observers,evtol,hot,1,0.00172843,0.000355744,0.000906361,0.00576429,0.000202678,0,0,0.00057922,452.818,4632,nan,nan,nan,double
ecm,PI-Observer,observers,evtol,hot,1,0.0019682,0.000514167,0.00100306,0.00808217,0.000281605,0,0,0.000579894,1383.55,4824,nan,nan,nan,double
ecm,SMO,observers,evtol,hot,1,0.00174809,0.000376967,0.000920378,0.00588444,0.000223947,0,0,0.000588536,519.685,4800,nan,nan,nan,double
ecm,SMO-Adaptive,observers,evtol,hot,1,0.00174589,0.000366288,0.000915724,0.00586943,0.000214831,0,0,0.000583845,521.091,4800,nan,nan,nan,double
ecm,SuperTwisting-SMO,observers,evtol,hot,1,0.00202296,0.000362403,0.00095797,0.00871534,0.000260315,0,0,0.000535999,141.217,4280,nan,nan,nan,double
ecm,HGO,observers,evtol,hot,1,0.00172843,0.000355744,0.000906361,0.00576429,0.000202678,0,0,0.00057922,522.38,4680,nan,nan,nan,double
ecm,ESO,observers,evtol,hot,1,0.0019682,0.000514167,0.00100306,0.00808217,0.000281605,0,0,0.000579894,1360.27,4784,nan,nan,nan,double
ecm,UIO,observers,evtol,hot,1,0.00153985,0.000527692,0.000957815,0.00800817,-0.00108449,0,0,0.00385186,607.828,5072,nan,nan,nan,double
ecm,DOB,observers,evtol,hot,1,0.000975841,0.000359508,0.000581294,0.003622,-2.59113e-05,0,0,0.000687634,744.266,4784,nan,nan,nan,double
ecm,AdaptiveObserver,observers,evtol,hot,1,0.00171646,0.000355277,0.000886763,0.00576294,0.000200663,0,0,0.000579224,913.845,4864,0.0327354,nan,nan,double
ecm,IntervalObserver,observers,evtol,hot,1,0.00172843,0.000355744,0.000906361,0.00576429,0.000202678,0,0,0.00057922,841.947,9024,nan,0,0.251607,double
ecm,JointEKF,soh,evtol,hot,1,0.000812097,0.000424047,0.000508476,0.0120827,0.000332234,0,0,0.000553644,1209.02,8752,0.049529,nan,nan,double
ecm,JointUKF,soh,evtol,hot,1,0.00185652,0.000683456,0.00105953,0.0405058,0.000102475,0.4,0,0.000911626,3066.49,9600,0.041981,nan,nan,double
ecm,DualEKF,soh,evtol,hot,1,0.00132802,0.000423102,0.000829106,0.012093,0.000236041,0,0,0.000545945,1269.89,4752,0.0579457,nan,nan,double
ecm,DualUKF,soh,evtol,hot,1,0.00149826,0.000582412,0.000901082,0.0404481,-0.000444219,0.4,0,0.000920766,2371.7,5512,0.0389149,nan,nan,double
ecm,RLS-EKF,soh,evtol,hot,1,0.00580339,0.00404603,0.00532945,0.012093,0.00394967,0,0,0.000863363,497.051,8904,nan,nan,nan,double
ecm,AWTLS,soh,evtol,hot,1,0.00160358,0.000565692,0.000985816,0.012093,-0.000549223,0,0,0.000543787,477.63,8776,0.0314456,nan,nan,double
ecm,PF-Bootstrap,particle,evtol,hot,1,0.00145799,0.000733146,0.000926754,0.00677049,-0.000432295,0,0,0.000608847,76492.9,46472,nan,nan,nan,double
ecm,PF-Fast,particle,evtol,hot,1,0.00161063,0.00137105,0.00121567,0.0102447,0.000984562,0,0,0.00071015,15992.4,9664,nan,nan,nan,double
ecm,PF-Regularized,particle,evtol,hot,1,0.00113154,0.000554307,0.000679693,0.00730872,-5.49397e-05,0,0,0.000604823,81384.2,46464,nan,nan,nan,double
ecm,PF-Auxiliary,particle,evtol,hot,1,0.0011117,0.000724927,0.000742463,0.00924541,-0.000545926,0,0,0.000647904,104272,54584,nan,nan,nan,double
ecm,RBPF,particle,evtol,hot,1,0.00175199,0.000673505,0.000992842,0.00817869,-0.00094054,0,0,0.000554626,39922.5,34016,nan,nan,nan,double
ecm,UPF,particle,evtol,hot,1,0.00333352,0.00322032,0.00264886,0.0160115,-0.00470191,0,0,0.00113162,18604.9,25360,nan,nan,nan,double
ecm,EnKF,particle,evtol,hot,1,0.0019653,0.00116041,0.00141014,0.0267359,0.000357179,0.1,0,0.000576785,10268.3,6776,nan,nan,nan,double
ecm,ETKF,particle,evtol,hot,1,0.00131389,0.00140546,0.00108563,0.0293423,-0.000611768,0.1,0,0.00058658,10525.1,5304,nan,nan,nan,double
ecm,GSF,particle,evtol,hot,1,0.00156277,0.000311021,0.0008425,0.00565128,-0.000395105,0,0,0.000592815,1754.36,9192,nan,nan,nan,double
ecm,NN-Direct,learning,evtol,hot,1,0.00281927,0.00303881,0.00189459,0.0163074,0.00505778,0,0,nan,486.229,15152,nan,nan,nan,double
ecm,NN-EKF,learning,evtol,hot,1,0.0091191,0.00434572,0.00666978,0.0351744,-0.00892664,225.1,0,0.000718898,1089.01,4376,nan,nan,nan,double
ecm,ELM-RLS-EKF,learning,evtol,hot,1,0.0016023,0.000277466,0.000870495,0.012093,-0.000331482,0,0,0.000540951,3302.41,11704,nan,nan,nan,double
ecm,MHE-RTI,optimization,evtol,hot,1,0.00236399,0.000384817,0.00109277,0.0123494,-0.000349693,0,0,0.000623931,17210.1,26928,nan,nan,nan,double
ecm,MHE,optimization,evtol,hot,1,0.00279583,0.000396096,0.00126629,0.012819,-0.000346213,0,0,0.000622757,31940.1,26928,nan,nan,nan,double
ecm,ERTS,smoothers,evtol,hot,1,0.00076936,0.000217659,0.000533777,0.00203891,-0.000395078,0,0,0.000479711,900.863,12547032,nan,nan,nan,double
ecm,URTS,smoothers,evtol,hot,1,0.00097017,0.00021486,0.000672562,0.00251642,-0.000372218,0,0,0.000485792,2478,12547056,nan,nan,nan,double
ecm,Batch-NLS,smoothers,evtol,hot,1,0.000743057,0.00024792,0.000527031,0.00195374,-0.000440172,0,0,0.000478439,5075.2,17371352,nan,nan,nan,double
ecm,FixedLag-EKF,smoothers,evtol,hot,1,0.00177975,0.00028933,0.00101544,0.012093,-0.000337375,0,0,0.000543763,9978.69,19992,nan,nan,nan,double
ecm,CoulombCounting,baselines,evtol,hot,2,0.0019769,0.00248468,0.00179976,0.00284428,-0.00284428,0,0,0.002286,80.1251,4184,nan,nan,nan,double
ecm,OCVLookup,baselines,evtol,hot,2,0.0142513,0.0121426,0.0119336,0.038429,0.00223717,0,0,0.011588,1309.72,4192,nan,nan,nan,double
ecm,CoulombOCVHybrid,baselines,evtol,hot,2,0.00307465,0.00238027,0.00295779,0.00472255,0.000624228,0,0,0.0024059,210.042,4192,nan,nan,nan,double
ecm,EKF,kalman,evtol,hot,2,0.00260697,0.000241332,0.00138977,0.00912678,-0.000228032,0,0,0.000539226,475.795,4336,nan,nan,nan,double
ecm,UKF,kalman,evtol,hot,2,0.00158381,0.000388951,0.000859477,0.0396515,-0.000335422,0.5,0,0.000905353,1438.8,4776,nan,nan,nan,double
ecm,LKF,kalman,evtol,hot,2,0.02127,0.015929,0.0179841,0.0386741,-0.0314269,0,0,0.0010097,328.441,4680,nan,nan,nan,double
ecm,IEKF,kalman,evtol,hot,2,0.0016371,0.000400644,0.000899697,0.00746657,-0.000385445,0,0,0.000538897,592.939,4336,nan,nan,nan,double
ecm,CKF,kalman,evtol,hot,2,0.000734503,0.000417381,0.000448908,0.0145482,-0.00036234,0,0,0.000555272,1253.86,4560,nan,nan,nan,double
ecm,SCKF,kalman,evtol,hot,2,0.000734503,0.000417381,0.000448908,0.0145482,-0.00036234,0,0,0.000555272,1579.7,4696,nan,nan,nan,double
ecm,CKF5,kalman,evtol,hot,2,0.00082738,0.000415411,0.000492927,0.0191777,-0.000359191,0,0,0.000566376,4035.49,5624,nan,nan,nan,double
ecm,CDKF,kalman,evtol,hot,2,0.00082738,0.000415411,0.000492927,0.0191777,-0.000359191,0,0,0.000566376,1372.43,4312,nan,nan,nan,double
ecm,GHKF,kalman,evtol,hot,2,0.00082738,0.000415411,0.000492927,0.0191777,-0.000359191,0,0,0.000566376,12013.6,10784,nan,nan,nan,double
ecm,IPLF,kalman,evtol,hot,2,0.00362529,0.000224622,0.00179635,0.0357928,-0.000240434,0.3,0,0.000913593,2045.9,4784,nan,nan,nan,double
ecm,EIF,kalman,evtol,hot,2,0.00260697,0.000241332,0.00138977,0.00912678,-0.000228032,0,0,0.000539226,1219.43,4472,nan,nan,nan,double
ecm,SR-EKF,kalman,evtol,hot,2,0.00260697,0.000241332,0.00138977,0.00912678,-0.000228032,0,0,0.000539226,825.622,4440,nan,nan,nan,double
ecm,SR-UKF,kalman,evtol,hot,2,0.00158381,0.000388951,0.000859477,0.0396515,-0.000335422,0.5,0,0.000905353,1552.79,4896,nan,nan,nan,double
ecm,UD-EKF,kalman,evtol,hot,2,0.00260697,0.000241332,0.00138977,0.00912678,-0.000228032,0,0,0.000539226,484.611,4480,nan,nan,nan,double
ecm,SO-EKF,kalman,evtol,hot,2,0.00156274,0.000370456,0.000846388,0.039162,-0.000315167,0.5,0,0.000860453,4210.04,4496,nan,nan,nan,double
ecm,SageHusa-AKF,adaptive_kalman,evtol,hot,2,0.00158739,0.000369489,0.000877415,0.00876132,-0.000311157,0,0,0.000538797,543.33,4808,nan,nan,nan,double
ecm,IAE-AKF,adaptive_kalman,evtol,hot,2,0.00240313,0.000306135,0.00124209,0.00908347,-0.000305295,0,0,0.000537943,498.664,5040,nan,nan,nan,double
ecm,VB-AKF,adaptive_kalman,evtol,hot,2,0.00239898,0.000301295,0.00123436,0.00917941,-0.00029179,0,0,0.000537784,874.157,4408,nan,nan,nan,double
ecm,STF,adaptive_kalman,evtol,hot,2,0.00195536,0.00090435,0.00117529,0.0172654,0.000521467,0,0,0.000682523,529.431,4680,nan,nan,nan,double
ecm,Fading-EKF,adaptive_kalman,evtol,hot,2,0.00198349,0.000184737,0.000921441,0.0079882,0.000269411,0,0,0.000520431,501.017,4384,nan,nan,nan,double
ecm,Fuzzy-AKF,adaptive_kalman,evtol,hot,2,0.00237217,0.000238944,0.00129103,0.00876171,-0.000229071,0,0,0.000539496,726.397,4816,nan,nan,nan,double
ecm,IMM,adaptive_kalman,evtol,hot,2,0.00260711,0.000241385,0.00138974,0.00913252,-0.000228069,0,0,0.000539194,2057,4976,nan,nan,nan,double
ecm,MMAE,adaptive_kalman,evtol,hot,2,0.00244008,0.00120127,0.00213115,0.00876231,-0.000922289,0,0,0.000556026,1773.71,13200,0.0174394,nan,nan,double
ecm,Schmidt-KF,robust_kalman,evtol,hot,2,0.00266655,0.00236415,0.0022133,0.00884866,-0.00102827,0,0,0.00236567,1299.79,8856,nan,nan,nan,double
ecm,Hinf-EKF,robust_kalman,evtol,hot,2,0.00231028,0.000300831,0.00118461,0.00877485,-0.000276008,0,0,0.00053905,808.916,4408,nan,nan,nan,double
ecm,Huber-EKF,robust_kalman,evtol,hot,2,0.00152836,0.000343225,0.000857464,0.00876171,-0.000309947,0,0,0.000527678,644.68,4368,nan,nan,nan,double
ecm,MC-EKF,robust_kalman,evtol,hot,2,0.00148877,0.000389848,0.000853773,0.00876303,-0.000341663,0,0,0.000533835,997.132,4384,nan,nan,nan,double
ecm,StudentT-KF,robust_kalman,evtol,hot,2,0.00183101,0.000342142,0.000964629,0.00876171,-0.000318266,0,0,0.000509506,694.55,4568,nan,nan,nan,double
ecm,Constrained-EKF,robust_kalman,evtol,hot,2,0.00260686,0.00024147,0.00138944,0.00912678,-0.000228411,0,0,0.000539245,584.905,4416,nan,nan,nan,double
ecm,ReducedOrder-EKF,robust_kalman,evtol,hot,2,0.0017605,0.000163494,0.000794783,0.00760869,0.000110512,0,0,0.000459761,330.253,4272,nan,nan,nan,double
ecm,SVSF,robust_kalman,evtol,hot,2,0.00166937,0.000358242,0.000896749,0.00652201,-0.000331751,0,0,0.000515521,590.445,4376,nan,nan,nan,double
ecm,Luenberger,observers,evtol,hot,2,0.00170921,0.000321963,0.000887671,0.0056986,0.000521683,0,0,0.000574914,496.584,4632,nan,nan,nan,double
ecm,SSKF,observers,evtol,hot,2,0.00170921,0.000321963,0.000887671,0.0056986,0.000521683,0,0,0.000574914,434.684,4632,nan,nan,nan,double
ecm,PI-Observer,observers,evtol,hot,2,0.00194906,0.000480479,0.00100028,0.00845865,0.000867998,0,0,0.000579327,1357.13,4824,nan,nan,nan,double
ecm,SMO,observers,evtol,hot,2,0.00172626,0.000345671,0.000903047,0.00582238,0.000545429,0,0,0.000584176,523.993,4800,nan,nan,nan,double
ecm,SMO-Adaptive,observers,evtol,hot,2,0.00172737,0.00033379,0.000898232,0.00580708,0.000537532,0,0,0.000579545,517.559,4800,nan,nan,nan,double
ecm,SuperTwisting-SMO,observers,evtol,hot,2,0.00199153,0.000309009,0.000934806,0.00822193,0.00032509,0,0,0.000530689,141.321,4280,nan,nan,nan,double
ecm,HGO,observers,evtol,hot,2,0.00170921,0.000321963,0.000887671,0.0056986,0.000521683,0,0,0.000574914,499.122,4680,nan,nan,nan,double
ecm,ESO,observers,evtol,hot,2,0.00194906,0.000480479,0.00100028,0.00845865,0.000867998,0,0,0.000579327,1370.72,4784,nan,nan,nan,double
ecm,UIO,observers,evtol,hot,2,0.0016103,0.000507519,0.0010317,0.00754258,-0.000789038,0,0,0.00318985,591.945,5072,nan,nan,nan,double
ecm,DOB,observers,evtol,hot,2,0.000973448,0.000381095,0.000584635,0.00354277,7.57679e-05,0,0,0.000681878,785.808,4784,nan,nan,nan,double
ecm,AdaptiveObserver,observers,evtol,hot,2,0.00168821,0.000355124,0.000863315,0.00569713,0.000498634,0,0,0.000574708,905.88,4864,0.0324431,nan,nan,double
ecm,IntervalObserver,observers,evtol,hot,2,0.00170921,0.000321963,0.000887671,0.0056986,0.000521683,0,0,0.000574914,817.689,9024,nan,0,0.252102,double
ecm,JointEKF,soh,evtol,hot,2,0.00278887,0.00186922,0.00213178,0.00908836,-0.000613975,0,0,0.000551313,1212.53,8752,0.0167825,nan,nan,double
ecm,JointUKF,soh,evtol,hot,2,0.00132155,0.000932461,0.000893814,0.0397549,0.000160214,0.4,0,0.000905333,3096.17,9600,0.0449028,nan,nan,double
ecm,DualEKF,soh,evtol,hot,2,0.00281953,0.000964613,0.00174345,0.00967792,-0.000112499,0,0,0.000540712,1273.06,4752,0.0592528,nan,nan,double
ecm,DualUKF,soh,evtol,hot,2,0.00109924,0.000194065,0.000576223,0.0396539,0.000157685,0.5,0,0.000916581,2377.34,5512,0.0493248,nan,nan,double
ecm,RLS-EKF,soh,evtol,hot,2,0.00551141,0.00344831,0.00509016,0.00985893,0.00345852,0,0,0.00079131,495.265,8904,nan,nan,nan,double
ecm,AWTLS,soh,evtol,hot,2,0.00283049,0.00157884,0.00204809,0.00912678,-0.00166841,0,0,0.000541317,477.339,8776,0.00543125,nan,nan,double
ecm,PF-Bootstrap,particle,evtol,hot,2,0.000919548,0.000910132,0.000679386,0.00715589,0.000318981,0,0,0.000601171,76440.1,46472,nan,nan,nan,double
ecm,PF-Fast,particle,evtol,hot,2,0.0018129,0.00155396,0.00133269,0.00772381,0.000688089,0,0,0.000685088,16022.6,9664,nan,nan,nan,double
ecm,PF-Regularized,particle,evtol,hot,2,0.00128758,0.000609303,0.000779508,0.00824307,0.000876798,0,0,0.000598125,81817.9,46464,nan,nan,nan,double
ecm,PF-Auxiliary,particle,evtol,hot,2,0.00108448,0.000776799,0.000709177,0.00833804,0.000748553,0,0,0.000640066,103827,54584,nan,nan,nan,double
ecm,RBPF,particle,evtol,hot,2,0.00166925,0.00104331,0.00112304,0.00542324,-0.000473037,0,0,0.000554413,40113.8,34016,nan,nan,nan,double
ecm,UPF,particle,evtol,hot,2,0.00335708,0.00250955,0.00249895,0.0209561,0.000374778,0,0,0.00111952,18722.6,25360,nan,nan,nan,double
ecm,EnKF,particle,evtol,hot,2,0.00167064,0.00119794,0.00123816,0.0353561,-0.000858396,0.1,0,0.000574062,10430.6,6776,nan,nan,nan,double
ecm,ETKF,particle,evtol,hot,2,0.00564413,0.00571064,0.0055642,0.0350777,-0.00575542,0.1,0,0.000613679,10560.5,5304,nan,nan,nan,double
ecm,GSF,particle,evtol,hot,2,0.00130619,0.000370405,0.000774871,0.00886401,-0.000315103,0,0,0.000590352,1749.43,9192,nan,nan,nan,double
ecm,NN-Direct,learning,evtol,hot,2,0.00267035,0.00297073,0.00174692,0.0163811,0.00523219,0,0,nan,490.133,15152,nan,nan,nan,double
ecm,NN-EKF,learning,evtol,hot,2,0.00919878,0.00422211,0.0066905,0.0289169,-0.00863932,218.4,0,0.000677917,1090.25,4376,nan,nan,nan,double
ecm,ELM-RLS-EKF,learning,evtol,hot,2,0.00269202,0.000161624,0.00147744,0.00912678,-9.9136e-05,0,0,0.000534563,3314.58,11704,nan,nan,nan,double
ecm,MHE-RTI,optimization,evtol,hot,2,0.00231138,0.000421803,0.00112934,0.010641,-0.000406688,0,0,0.000618234,17277.3,26928,nan,nan,nan,double
ecm,MHE,optimization,evtol,hot,2,0.00236132,0.000416264,0.00116089,0.0102457,-0.000291551,0,0,0.000618203,32216.9,26928,nan,nan,nan,double
ecm,ERTS,smoothers,evtol,hot,2,0.00102777,0.000156556,0.000689198,0.00265819,-0.000228032,0,0,0.000486724,889.859,12547032,nan,nan,nan,double
ecm,URTS,smoothers,evtol,hot,2,0.000725813,0.000187199,0.000491124,0.00194995,-0.000335422,0,0,0.000483775,2456.28,12547056,nan,nan,nan,double
ecm,Batch-NLS,smoothers,evtol,hot,2,0.000749671,0.000205258,0.000520545,0.00197709,-0.000361631,0,0,0.000479504,4792.19,17371352,nan,nan,nan,double
ecm,FixedLag-EKF,smoothers,evtol,hot,2,0.00284617,0.00032861,0.00161955,0.00918232,-0.000169422,0,0,0.000539226,9967.33,19992,nan,nan,nan,double
ecm,CoulombCounting,baselines,evtol,hot,3,0.00193817,0.00242741,0.00176738,0.00277711,-0.00277711,0,0,0.00223396,80.1019,4184,nan,nan,nan,double
ecm,OCVLookup,baselines,evtol,hot,3,0.0146526,0.0125099,0.0121833,0.041008,0.00227428,0,0,0.0118947,1323.3,4192,nan,nan,nan,double
ecm,CoulombOCVHybrid,baselines,evtol,hot,3,0.00313276,0.00246626,0.0030212,0.0047623,0.000661191,0,0,0.0024677,209.884,4192,nan,nan,nan,double
ecm,EKF,kalman,evtol,hot,3,0.00189211,0.000250991,0.00101346,0.00916999,-0.000353957,0,0,0.000546723,479.734,4336,nan,nan,nan,double
ecm,UKF,kalman,evtol,hot,3,0.00200754,0.000262821,0.000993349,0.0408683,-0.0003505,0.5,0,0.000913108,1441.17,4776,nan,nan,nan,double
ecm,LKF,kalman,evtol,hot,3,0.0215305,0.016394,0.0182159,0.0393786,-0.0320779,0,0,0.00102284,328.74,4680,nan,nan,nan,double
ecm,IEKF,kalman,evtol,hot,3,0.00223189,0.000267647,0.0011085,0.00968048,-0.000378199,0,0,0.000546764,598.539,4336,nan,nan,nan,double
ecm,CKF,kalman,evtol,hot,3,0.000947828,0.000348281,0.000549806,0.0126981,-0.00042416,0,0,0.000560518,1252.82,4560,nan,nan,nan,double
ecm,SCKF,kalman,evtol,hot,3,0.000947828,0.000348281,0.000549806,0.0126981,-0.00042416,0,0,0.000560518,1576.96,4696,nan,nan,nan,double
ecm,CKF5,kalman,evtol,hot,3,0.000853449,0.000343377,0.000502237,0.017321,-0.000415053,0,0,0.000571608,4023.76,5624,nan,nan,nan,double
ecm,CDKF,kalman,evtol,hot,3,0.000853449,0.000343377,0.000502237,0.017321,-0.000415053,0,0,0.000571608,1373.46,4312,nan,nan,nan,double
ecm,GHKF,kalman,evtol,hot,3,0.000853449,0.000343377,0.000502237,0.017321,-0.000415053,0,0,0.000571608,11987.3,10784,nan,nan,nan,double
ecm,IPLF,kalman,evtol,hot,3,0.00482469,0.000243504,0.00249142,0.0365233,-0.00023579,0.2,0,0.000923331,2039.63,4784,nan,nan,nan,double
ecm,EIF,kalman,evtol,hot,3,0.00189211,0.000250991,0.00101346,0.00916999,-0.000353957,0,0,0.000546723,1229.73,4472,nan,nan,nan,double
ecm,SR-EKF,kalman,evtol,hot,3,0.00189211,0.000250991,0.00101346,0.00916999,-0.000353957,0,0,0.000546723,821.917,4440,nan,nan,nan,double
ecm,SR-UKF,kalman,evtol,hot,3,0.00200754,0.000262821,0.000993349,0.0408683,-0.0003505,0.5,0,0.000913108,1552.09,4896,nan,nan,nan,double
ecm,UD-EKF,kalman,evtol,hot,3,0.00189211,0.000250991,0.00101346,0.00916999,-0.000353957,0,0,0.000546723,484.773,4480,nan,nan,nan,double
ecm,SO-EKF,kalman,evtol,hot,3,0.00140114,0.00028588,0.000741121,0.0403062,-0.000370651,0.5,0,0.000867732,4194.89,4496,nan,nan,nan,double
ecm,SageHusa-AKF,adaptive_kalman,evtol,hot,3,0.00110663,0.000446976,0.000705844,0.00916999,-0.000438352,0,0,0.00054636,543.195,4808,nan,nan,nan,double
ecm,IAE-AKF,adaptive_kalman,evtol,hot,3,0.00186228,0.000250681,0.000978488,0.00916999,-0.000347243,0,0,0.000545425,498.684,5040,nan,nan,nan,double
ecm,VB-AKF,adaptive_kalman,evtol,hot,3,0.00131972,0.000286953,0.000735348,0.00916999,-0.000369454,0,0,0.000545793,874.317,4408,nan,nan,nan,double
ecm,STF,adaptive_kalman,evtol,hot,3,0.00223619,0.000797461,0.0012136,0.0204373,0.000571359,0,0,0.000657035,528.998,4680,nan,nan,nan,double
ecm,Fading-EKF,adaptive_kalman,evtol,hot,3,0.00188201,0.000247707,0.000900903,0.00916999,-3.66944e-05,0,0,0.000528389,500.59,4384,nan,nan,nan,double
ecm,Fuzzy-AKF,adaptive_kalman,evtol,hot,3,0.000989384,0.000390147,0.000498117,0.00916999,-0.000428004,0,0,0.00054686,727.589,4816,nan,nan,nan,double
ecm,IMM,adaptive_kalman,evtol,hot,3,0.0010226,0.000410281,0.000529167,0.0087621,-0.000431681,0,0,0.000545751,2062.75,4976,nan,nan,nan,double
ecm,MMAE,adaptive_kalman,evtol,hot,3,0.00248325,0.00129771,0.00221149,0.00916999,-0.00100588,0,0,0.000556095,1781.39,13200,0.0180302,nan,nan,double
ecm,Schmidt-KF,robust_kalman,evtol,hot,3,0.00199181,0.00152882,0.00175226,0.0091657,-0.00203521,0,0,0.00172976,1303.35,8856,nan,nan,nan,double
ecm,Hinf-EKF,robust_kalman,evtol,hot,3,0.00144378,0.00026679,0.000760891,0.00918922,-0.000356767,0,0,0.00054662,796.002,4408,nan,nan,nan,double
ecm,Huber-EKF,robust_kalman,evtol,hot,3,0.00134095,0.000283517,0.000741565,0.00916999,-0.000355311,0,0,0.000530728,642.369,4368,nan,nan,nan,double
ecm,MC-EKF,robust_kalman,evtol,hot,3,0.0016981,0.000263438,0.000907931,0.00917,-0.000353751,0,0,0.000540743,993.178,4384,nan,nan,nan,double
ecm,StudentT-KF,robust_kalman,evtol,hot,3,0.00150179,0.000309119,0.000800562,0.00916999,-0.000382156,0,0,0.000511141,697.276,4568,nan,nan,nan,double
ecm,Constrained-EKF,robust_kalman,evtol,hot,3,0.001892,0.000250542,0.00101229,0.00916999,-0.00035635,0,0,0.000546745,586.99,4416,nan,nan,nan,double
ecm,ReducedOrder-EKF,robust_kalman,evtol,hot,3,0.00174927,0.000280567,0.000829087,0.00920422,4.59659e-05,0,0,0.000475679,331.822,4272,nan,nan,nan,double
ecm,SVSF,robust_kalman,evtol,hot,3,0.00188036,0.000282151,0.000957442,0.00676876,-0.00038129,0,0,0.000534172,586.142,4376,nan,nan,nan,double
ecm,Luenberger,observers,evtol,hot,3,0.00176942,0.000390346,0.00093299,0.00585299,3.85776e-05,0,0,0.000583565,525.194,4632,nan,nan,nan,double
ecm,SSKF,observers,evtol,hot,3,0.00176942,0.000390346,0.00093299,0.00585299,3.85776e-05,0,0,0.000583565,460.945,4632,nan,nan,nan,double
ecm,PI-Observer,observers,evtol,hot,3,0.00209013,0.000549446,0.00107177,0.00916987,0.000137037,0,0,0.000587026,1207.61,4824,nan,nan,nan,double
ecm,SMO,observers,evtol,hot,3,0.00179145,0.000410434,0.000949037,0.00598612,1.95123e-05,0,0,0.000592404,567.965,4800,nan,nan,nan,double
ecm,SMO-Adaptive,observers,evtol,hot,3,0.00179007,0.000400297,0.000944765,0.00597208,2.78314e-05,0,0,0.000587914,556.192,4800,nan,nan,nan,double
ecm,SuperTwisting-SMO,observers,evtol,hot,3,0.00206724,0.000403261,0.000977115,0.0094326,0.000246505,0,0,0.00054518,140.391,4280,nan,nan,nan,double
ecm,HGO,observers,evtol,hot,3,0.00176942,0.000390346,0.00093299,0.00585299,3.85776e-05,0,0,0.000583565,528.908,4680,nan,nan,nan,double
ecm,ESO,observers,evtol,hot,3,0.00209013,0.000549446,0.00107177,0.00916987,0.000137037,0,0,0.000587026,1217.26,4784,nan,nan,nan,double
ecm,UIO,observers,evtol,hot,3,0.00157477,0.000486913,0.000979832,0.00746073,-0.000918198,0,0,0.00351449,605.178,5072,nan,nan,nan,double
ecm,DOB,observers,evtol,hot,3,0.000998387,0.000386322,0.000596915,0.00373296,-0.000428524,0,0,0.000687296,723.972,4784,nan,nan,nan,double
ecm,AdaptiveObserver,observers,evtol,hot,3,0.00174696,0.000435032,0.000908207,0.00585171,6.63768e-06,0,0,0.000583489,903.699,4864,0.0329957,nan,nan,double
ecm,IntervalObserver,observers,evtol,hot,3,0.00176942,0.000390346,0.00093299,0.00585299,3.85776e-05,0,0,0.000583565,843.341,9024,nan,0,0.251088,double
ecm,JointEKF,soh,evtol,hot,3,0.000792849,0.000450873,0.0005472,0.00916034,0.000211739,0,0,0.000567681,1213.79,8752,0.0495777,nan,nan,double
ecm,JointUKF,soh,evtol,hot,3,0.0015276,0.000923814,0.00112451,0.0409912,-0.000164341,0.5,0,0.000919529,3089.94,9600,0.0373761,nan,nan,double
ecm,DualEKF,soh,evtol,hot,3,0.00155501,0.000756662,0.00104108,0.00916999,-0.000285574,0,0,0.000550766,1276.87,4752,0.0523868,nan,nan,double
ecm,DualUKF,soh,evtol,hot,3,0.00150948,0.000342531,0.000966657,0.0408721,-0.000468738,0.5,0,0.00092993,2367.72,5512,0.0344562,nan,nan,double
ecm,RLS-EKF,soh,evtol,hot,3,0.00603011,0.00365971,0.0054347,0.0156644,0.00343875,0,0,0.000882263,504.952,8904,nan,nan,nan,double
ecm,AWTLS,soh,evtol,hot,3,0.00197794,0.000862201,0.00131117,0.00916999,-0.00103016,0,0,0.000547143,479.017,8776,0.0207106,nan,nan,double
ecm,PF-Bootstrap,particle,evtol,hot,3,0.00113049,0.000727055,0.000728486,0.00743208,0.000541073,0,0,0.000619031,76924.5,46472,nan,nan,nan,double
ecm,PF-Fast,particle,evtol,hot,3,0.00214148,0.00123931,0.00141896,0.0108409,-0.00162047,0,0,0.00073262,16081.4,9664,nan,nan,nan,double
ecm,PF-Regularized,particle,evtol,hot,3,0.00126781,0.000774333,0.000844294,0.00756588,4.74989e-05,0,0,0.000611012,82122.1,46464,nan,nan,nan,double
ecm,PF-Auxiliary,particle,evtol,hot,3,0.00125899,0.000738444,0.000843794,0.00806596,0.000158392,0,0,0.000654603,104136,54584,nan,nan,nan,double
ecm,RBPF,particle,evtol,hot,3,0.00164505,0.000339095,0.000995329,0.00603706,-0.000463423,0,0,0.000578966,40099.7,34016,nan,nan,nan,double
ecm,UPF,particle,evtol,hot,3,0.00370056,0.00302879,0.00266257,0.0458001,0.00416931,0.2,0,0.00113507,18601.6,25360,nan,nan,nan,double
ecm,EnKF,particle,evtol,hot,3,0.00166785,0.00182847,0.00126375,0.034384,-0.00127639,0.1,0,0.000611437,10316.5,6776,nan,nan,nan,double
ecm,ETKF,particle,evtol,hot,3,0.00123926,0.00068895,0.000735073,0.0343879,0.000385882,0.1,0,0.000583052,10559,5304,nan,nan,nan,double
ecm,GSF,particle,evtol,hot,3,0.00184756,0.000252258,0.000971973,0.00748247,-0.000354445,0,0,0.000595123,1746.01,9192,nan,nan,nan,double
ecm,NN-Direct,learning,evtol,hot,3,0.00295823,0.00304792,0.00194629,0.0179415,0.00534766,0,0,nan,486.448,15152,nan,nan,nan,double
ecm,NN-EKF,learning,evtol,hot,3,0.00908615,0.00447297,0.00663603,0.0319179,-0.00915583,209.8,0,0.000706836,1086.7,4376,nan,nan,nan,double
ecm,ELM-RLS-EKF,learning,evtol,hot,3,0.00201054,0.000191326,0.00110454,0.00916999,-0.000218874,0,0,0.00054445,3295.35,11704,nan,nan,nan,double
ecm,MHE-RTI,optimization,evtol,hot,3,0.00208398,0.000304141,0.000929166,0.0126765,0.000200343,0,0,0.00062533,17280.1,26928,nan,nan,nan,double
ecm,MHE,optimization,evtol,hot,3,0.00258124,0.000305541,0.00109937,0.0141823,0.0002008,0,0,0.000625081,32060.7,26928,nan,nan,nan,double
ecm,ERTS,smoothers,evtol,hot,3,0.000898905,0.000202744,0.00062411,0.00230887,-0.000353957,0,0,0.000490422,927.38,12547032,nan,nan,nan,double
ecm,URTS,smoothers,evtol,hot,3,0.0008212,0.00019671,0.000570764,0.00214506,-0.0003505,0,0,0.000492924,2511.88,12547056,nan,nan,nan,double
ecm,Batch-NLS,smoothers,evtol,hot,3,0.000718373,0.000215876,0.000505405,0.00189428,-0.000389387,0,0,0.000487596,4728.79,17371352,nan,nan,nan,double
ecm,FixedLag-EKF,smoothers,evtol,hot,3,0.00213181,0.000324275,0.00124397,0.00916999,-0.000301715,0,0,0.000546723,10008.2,19992,nan,nan,nan,double
ecm,CoulombCounting,baselines,evtol,aged_cell,1,0.0781365,0.100579,0.0690033,0.129084,0.129084,0,0,0.112752,78.9933,4184,nan,nan,nan,double
ecm,OCVLookup,baselines,evtol,aged_cell,1,0.018508,0.0137114,0.0143681,0.0693847,0.00112338,0,0,0.0219085,1311.98,4192,nan,nan,nan,double
ecm,CoulombOCVHybrid,baselines,evtol,aged_cell,1,0.0739044,0.0943862,0.0652453,0.127253,0.0280534,0,0,0.105389,209.187,4192,nan,nan,nan,double
ecm,EKF,kalman,evtol,aged_cell,1,0.0110492,0.0139108,0.00942908,0.033633,0.00553595,0,0,0.00381463,484.369,4336,nan,nan,nan,double
ecm,UKF,kalman,evtol,aged_cell,1,0.0115545,0.014992,0.00986902,0.0434011,0.00553662,0.4,0,0.00393126,1448.57,4776,nan,nan,nan,double
ecm,LKF,kalman,evtol,aged_cell,1,0.0167208,0.0115168,0.0130465,0.056437,-0.0381863,0,0,0.0040737,332.24,4680,nan,nan,nan,double
ecm,IEKF,kalman,evtol,aged_cell,1,0.0113683,0.0146867,0.00965557,0.0366851,0.00560539,0,0,0.00383052,599.929,4336,nan,nan,nan,double
ecm,CKF,kalman,evtol,aged_cell,1,0.0639879,0.0250555,0.0476783,0.188797,0.00014915,0,0,0.00366583,1254.67,4560,nan,nan,nan,double
ecm,SCKF,kalman,evtol,aged_cell,1,0.0639879,0.0250555,0.0476783,0.188797,0.00014915,0,0,0.00366583,1571.89,4696,nan,nan,nan,double
ecm,CKF5,kalman,evtol,aged_cell,1,0.053159,0.0184288,0.0384964,0.161031,0.00147991,0,0,0.00373633,4025.2,5624,nan,nan,nan,double
ecm,CDKF,kalman,evtol,aged_cell,1,0.053159,0.0184288,0.0384964,0.161031,0.00147991,0,0,0.00373633,1377.62,4312,nan,nan,nan,double
ecm,GHKF,kalman,evtol,aged_cell,1,0.053159,0.0184288,0.0384964,0.161031,0.00147991,0,0,0.00373633,11982.9,10784,nan,nan,nan,double
ecm,IPLF,kalman,evtol,aged_cell,1,0.0193637,0.0227628,0.0182094,0.0438278,0.00645954,0.2,0,0.00402716,2044.14,4784,nan,nan,nan,double
ecm,EIF,kalman,evtol,aged_cell,1,0.0110492,0.0139108,0.00942908,0.033633,0.00553595,0,0,0.00381463,1222.47,4472,nan,nan,nan,double
ecm,SR-EKF,kalman,evtol,aged_cell,1,0.0110492,0.0139108,0.00942908,0.033633,0.00553595,0,0,0.00381463,825.69,4440,nan,nan,nan,double
ecm,SR-UKF,kalman,evtol,aged_cell,1,0.0115545,0.014992,0.00986902,0.0434011,0.00553662,0.4,0,0.00393126,1557.8,4896,nan,nan,nan,double
ecm,UD-EKF,kalman,evtol,aged_cell,1,0.0110492,0.0139108,0.00942908,0.033633,0.00553595,0,0,0.00381463,489.521,4480,nan,nan,nan,double
ecm,SO-EKF,kalman,evtol,aged_cell,1,0.0138095,0.017903,0.0118193,0.0430777,0.00633372,0.4,0,0.00390694,4195.02,4496,nan,nan,nan,double
ecm,SageHusa-AKF,adaptive_kalman,evtol,aged_cell,1,0.00992553,0.0113604,0.00855198,0.022825,0.00594591,0,0,0.0213224,545.911,4808,nan,nan,nan,double
ecm,IAE-AKF,adaptive_kalman,evtol,aged_cell,1,0.01082,0.0123006,0.00909998,0.0265077,0.00567107,0,0,0.0250136,509.708,5040,nan,nan,nan,double
ecm,VB-AKF,adaptive_kalman,evtol,aged_cell,1,0.00979955,0.0119342,0.00825427,0.0234864,0.00600504,0,0,0.0225256,872.901,4408,nan,nan,nan,double
ecm,STF,adaptive_kalman,evtol,aged_cell,1,0.0364097,0.0274066,0.0275252,0.214279,-0.000298659,0,0,0.00218742,534.973,4680,nan,nan,nan,double
ecm,Fading-EKF,adaptive_kalman,evtol,aged_cell,1,0.0170305,0.0178346,0.0151728,0.0470777,-0.00412368,0,0,0.00415882,500.838,4384,nan,nan,nan,double
ecm,Fuzzy-AKF,adaptive_kalman,evtol,aged_cell,1,0.0107123,0.0119674,0.00910165,0.0258376,0.00555045,0,0,0.022826,725.228,4816,nan,nan,nan,double
ecm,IMM,adaptive_kalman,evtol,aged_cell,1,0.00649341,0.00841619,0.00521642,0.0204535,0.00348745,0,0,0.0044284,2059.17,4976,nan,nan,nan,double
ecm,MMAE,adaptive_kalman,evtol,aged_cell,1,0.0201203,0.0198571,0.0178686,0.0659979,-5.78208e-05,0,0,0.00372013,1778.31,13200,0.378822,nan,nan,double
ecm,Schmidt-KF,robust_kalman,evtol,aged_cell,1,0.00706308,0.00561849,0.00583398,0.0177511,-0.00130718,0,0,0.0368846,1302.11,8856,nan,nan,nan,double
ecm,Hinf-EKF,robust_kalman,evtol,aged_cell,1,0.00864967,0.00921119,0.00727176,0.0355483,0.00348693,0,0,0.00379697,802.005,4408,nan,nan,nan,double
ecm,Huber-EKF,robust_kalman,evtol,aged_cell,1,0.0150906,0.0184327,0.0136521,0.0285735,0.00626756,0,0,0.00760797,649.779,4368,nan,nan,nan,double
ecm,MC-EKF,robust_kalman,evtol,aged_cell,1,0.0114795,0.0143506,0.00965495,0.0281747,0.00559237,0,0,0.0118035,1033.81,4384,nan,nan,nan,double
ecm,StudentT-KF,robust_kalman,evtol,aged_cell,1,0.0120709,0.0156736,0.0101527,0.0229458,0.00561737,0,0,0.0079854,720.995,4568,nan,nan,nan,double
ecm,Constrained-EKF,robust_kalman,evtol,aged_cell,1,0.0110171,0.0139552,0.00946019,0.0316105,0.00567612,0,0,0.00381633,608.859,4416,nan,nan,nan,double
ecm,ReducedOrder-EKF,robust_kalman,evtol,aged_cell,1,0.0322119,0.0211374,0.0239785,0.128792,-0.00100472,0,0,0.00825662,327.882,4272,nan,nan,nan,double
ecm,SVSF,robust_kalman,evtol,aged_cell,1,0.0106423,0.0105922,0.00863806,0.0429055,0.00461864,0,0,0.0027961,587.737,4376,nan,nan,nan,double
ecm,Luenberger,observers,evtol,aged_cell,1,0.0218122,0.0217471,0.0188003,0.0603316,-0.000854436,0,0,0.00342308,641.278,4632,nan,nan,nan,double
ecm,SSKF,observers,evtol,aged_cell,1,0.0218122,0.0217471,0.0188003,0.0603316,-0.000854436,0,0,0.00342308,543.743,4632,nan,nan,nan,double
ecm,PI-Observer,observers,evtol,aged_cell,1,0.0333272,0.0268746,0.025979,0.137378,-0.0012202,0,0,0.00567176,1498.58,4824,nan,nan,nan,double
ecm,SMO,observers,evtol,aged_cell,1,0.0225021,0.0220957,0.0193589,0.0611776,-0.000881973,0,0,0.00339062,664.326,4800,nan,nan,nan,double
ecm,SMO-Adaptive,observers,evtol,aged_cell,1,0.0223146,0.0219151,0.0192,0.0605787,-0.000856535,0,0,0.00339811,631.683,4800,nan,nan,nan,double
ecm,SuperTwisting-SMO,observers,evtol,aged_cell,1,0.0323286,0.0248207,0.0260066,0.107918,-0.000650115,0,0,0.01382,134.196,4280,nan,nan,nan,double
ecm,HGO,observers,evtol,aged_cell,1,0.0219415,0.0217464,0.0188859,0.0603316,-0.000854434,0,0,0.00346561,651.11,4680,nan,nan,nan,double
ecm,ESO,observers,evtol,aged_cell,1,0.0331539,0.0264424,0.0257758,0.137378,-0.00121553,0,0,0.00351463,1582.86,4784,nan,nan,nan,double
ecm,UIO,observers,evtol,aged_cell,1,0.0206744,0.0188749,0.0180342,0.0520028,-0.00171223,0,0,0.00347824,627.016,5072,nan,nan,nan,double
ecm,DOB,observers,evtol,aged_cell,1,0.0279593,0.019687,0.0213323,0.102931,-0.0025492,0,0,0.00321841,709.88,4784,nan,nan,nan,double
ecm,AdaptiveObserver,observers,evtol,aged_cell,1,0.0118372,0.0110458,0.0100073,0.0332314,-0.000157561,0,0,0.00254211,955.358,4864,0.765474,nan,nan,double
ecm,IntervalObserver,observers,evtol,aged_cell,1,0.0218122,0.0217471,0.0188003,0.0603316,-0.000854436,0,0,0.00342308,932.459,9024,nan,0,0.251405,double
ecm,JointEKF,soh,evtol,aged_cell,1,0.00120067,0.000242611,0.000719334,0.00654804,0.000106907,0,0,0.0010441,1216.87,8752,0.0385501,nan,nan,double
ecm,JointUKF,soh,evtol,aged_cell,1,0.00123227,0.000678034,0.000763641,0.0435051,0.000122061,0.4,0,0.00128797,3100.97,9600,0.0370531,nan,nan,double
ecm,DualEKF,soh,evtol,aged_cell,1,0.00707297,0.0062369,0.00598738,0.0144476,-0.000735709,0,0,0.00114682,1272.08,4752,0.0567177,nan,nan,double
ecm,DualUKF,soh,evtol,aged_cell,1,0.00259984,0.0014068,0.00195012,0.0434074,-9.71146e-05,0.4,0,0.00133154,2368.44,5512,0.0179874,nan,nan,double
ecm,RLS-EKF,soh,evtol,aged_cell,1,0.037644,0.0424762,0.034808,0.0540346,0.010618,0,0,0.00218458,500.802,8904,nan,nan,nan,double
ecm,AWTLS,soh,evtol,aged_cell,1,0.00595426,0.00512418,0.00454652,0.033633,-0.00242653,0,0,0.00375933,479.58,8776,0.109264,nan,nan,double
ecm,PF-Bootstrap,particle,evtol,aged_cell,1,0.0335845,0.0252442,0.0265758,0.145293,-0.00123387,0,0,0.00500084,80042.4,46472,nan,nan,nan,double
ecm,PF-Fast,particle,evtol,aged_cell,1,0.0344126,0.0259063,0.0265642,0.151845,-0.00158934,0,0,0.00406217,16864.4,9664,nan,nan,nan,double
ecm,PF-Regularized,particle,evtol,aged_cell,1,0.0309923,0.0240257,0.0238718,0.134464,-0.000741578,0,0,0.00510711,85267.9,46464,nan,nan,nan,double
ecm,PF-Auxiliary,particle,evtol,aged_cell,1,0.0257822,0.0240224,0.0219485,0.0759769,-0.000886232,0,0,0.00704157,104328,54584,nan,nan,nan,double
ecm,RBPF,particle,evtol,aged_cell,1,0.0240897,0.0220747,0.019124,0.09421,-0.000611047,0,0,0.00296085,40113,34016,nan,nan,nan,double
ecm,UPF,particle,evtol,aged_cell,1,0.0345197,0.0280007,0.0270778,0.153289,-0.00102994,0,0,0.00298886,18611.7,25360,nan,nan,nan,double
ecm,EnKF,particle,evtol,aged_cell,1,0.0296333,0.0191235,0.0247854,0.0820788,-0.00124409,0.1,0,0.00358049,10319.5,6776,nan,nan,nan,double
ecm,ETKF,particle,evtol,aged_cell,1,0.0256253,0.0350734,0.020308,0.0634652,0.0405524,0.1,0,0.00417759,10542.1,5304,nan,nan,nan,double
ecm,GSF,particle,evtol,aged_cell,1,0.0473057,0.0335213,0.0318476,0.216289,-0.00190761,0,0,0.00329073,1755.5,9192,nan,nan,nan,double
ecm,NN-Direct,learning,evtol,aged_cell,1,0.0129857,0.0178113,0.00813513,0.0527017,-0.037528,0,0,nan,486.139,15152,nan,nan,nan,double
ecm,NN-EKF,learning,evtol,aged_cell,1,0.0144104,0.0141189,0.0135354,0.0353212,0.000998929,0.1,0,0.00563675,1062.4,4376,nan,nan,nan,double
ecm,ELM-RLS-EKF,learning,evtol,aged_cell,1,0.0109529,0.0137212,0.00913484,0.0291457,0.00206438,0,0,0.00301217,3271.77,11704,nan,nan,nan,double
ecm,MHE-RTI,optimization,evtol,aged_cell,1,0.0126047,0.00810545,0.00999788,0.0596775,-0.00117878,0,0,0.00342355,17228.4,26928,nan,nan,nan,double
ecm,MHE,optimization,evtol,aged_cell,1,0.0103591,0.00805891,0.0083796,0.0525577,-0.00107927,0,0,0.00344429,32790.6,26928,nan,nan,nan,double
ecm,ERTS,smoothers,evtol,aged_cell,1,0.0367833,0.0158942,0.0304206,0.0764968,0.00553595,1216.8,0,0.0078157,939.994,12547032,nan,nan,nan,double
ecm,URTS,smoothers,evtol,aged_cell,1,0.0346924,0.0154421,0.0288623,0.0721303,0.00553662,1182.8,0,0.0101569,2497.1,12547056,nan,nan,nan,double
ecm,Batch-NLS,smoothers,evtol,aged_cell,1,0.0448348,0.0199754,0.0373458,0.0907538,0.00383868,1405.3,0,0.00640783,3904.47,17371352,nan,nan,nan,double
ecm,FixedLag-EKF,smoothers,evtol,aged_cell,1,0.0111722,0.0142305,0.00954652,0.0319696,0.00559616,0,0,0.00381463,9981.45,19992,nan,nan,nan,double
ecm,CoulombCounting,baselines,evtol,aged_cell,2,0.0771919,0.0994058,0.0681287,0.127581,0.127581,0,0,0.107059,79.286,4184,nan,nan,nan,double
ecm,OCVLookup,baselines,evtol,aged_cell,2,0.018582,0.0139903,0.0144506,0.0683201,0.00112008,0,0,0.0205302,1304.91,4192,nan,nan,nan,double
ecm,CoulombOCVHybrid,baselines,evtol,aged_cell,2,0.072833,0.0929806,0.0643199,0.124624,0.0274789,0,0,0.100574,210.145,4192,nan,nan,nan,double
ecm,EKF,kalman,evtol,aged_cell,2,0.011448,0.0149026,0.0095751,0.0306542,0.0042491,0,0,0.00370401,479.191,4336,nan,nan,nan,double
ecm,UKF,kalman,evtol,aged_cell,2,0.0106381,0.0118565,0.0088016,0.0431449,0.00353595,0.5,0,0.00377205,1440.57,4776,nan,nan,nan,double
ecm,LKF,kalman,evtol,aged_cell,2,0.0157944,0.00983853,0.0122693,0.0567576,-0.0323435,0,0,0.00389732,330.11,4680,nan,nan,nan,double
ecm,IEKF,kalman,evtol,aged_cell,2,0.0139421,0.0180795,0.0116561,0.0328238,0.00419679,0,0,0.00373572,596.714,4336,nan,nan,nan,double
ecm,CKF,kalman,evtol,aged_cell,2,0.0107462,0.0137249,0.00912107,0.0397637,0.0037185,0,0,0.00374711,1252.01,4560,nan,nan,nan,double
ecm,SCKF,kalman,evtol,aged_cell,2,0.0107462,0.0137249,0.00912107,0.0397637,0.0037185,0,0,0.00374711,1573.88,4696,nan,nan,nan,double
ecm,CKF5,kalman,evtol,aged_cell,2,0.0106007,0.0133469,0.00898726,0.0428266,0.00368494,0.1,0,0.00374136,4039.11,5624,nan,nan,nan,double
ecm,CDKF,kalman,evtol,aged_cell,2,0.0106007,0.0133469,0.00898726,0.0428266,0.00368494,0.1,0,0.00374136,1371.76,4312,nan,nan,nan,double
ecm,GHKF,kalman,evtol,aged_cell,2,0.0106007,0.0133469,0.00898726,0.0428266,0.00368494,0.1,0,0.00374136,11992.5,10784,nan,nan,nan,double
ecm,IPLF,kalman,evtol,aged_cell,2,0.0126664,0.0163748,0.010925,0.03988,0.00414238,0.2,0,0.00382189,2050.15,4784,nan,nan,nan,double
ecm,EIF,kalman,evtol,aged_cell,2,0.011448,0.0149026,0.0095751,0.0306542,0.0042491,0,0,0.00370401,1216.64,4472,nan,nan,nan,double
ecm,SR-EKF,kalman,evtol,aged_cell,2,0.011448,0.0149026,0.0095751,0.0306542,0.0042491,0,0,0.00370401,831.46,4440,nan,nan,nan,double
ecm,SR-UKF,kalman,evtol,aged_cell,2,0.0106381,0.0118565,0.0088016,0.0431449,0.00353595,0.5,0,0.00377205,1553.69,4896,nan,nan,nan,double
ecm,UD-EKF,kalman,evtol,aged_cell,2,0.011448,0.0149026,0.0095751,0.0306542,0.0042491,0,0,0.00370401,489.663,4480,nan,nan,nan,double
ecm,SO-EKF,kalman,evtol,aged_cell,2,0.010336,0.0123525,0.00873656,0.0430642,0.00392966,0.5,0,0.00375904,4191.28,4496,nan,nan,nan,double
ecm,SageHusa-AKF,adaptive_kalman,evtol,aged_cell,2,0.0115291,0.0135631,0.00952323,0.0294654,0.00640192,0,0,0.0208971,547.826,4808,nan,nan,nan,double
ecm,IAE-AKF,adaptive_kalman,evtol,aged_cell,2,0.0105167,0.0115084,0.0087928,0.025467,0.00559868,0,0,0.0227905,500.162,5040,nan,nan,nan,double
ecm,VB-AKF,adaptive_kalman,evtol,aged_cell,2,0.00978359,0.0125079,0.00812169,0.0242913,0.00626968,0,0,0.0210619,873.703,4408,nan,nan,nan,double
ecm,STF,adaptive_kalman,evtol,aged_cell,2,0.0360777,0.0270026,0.0269568,0.231654,-0.000423149,0,0,0.00220133,533.562,4680,nan,nan,nan,double
ecm,Fading-EKF,adaptive_kalman,evtol,aged_cell,2,0.0161168,0.0177957,0.0144477,0.0476239,-0.00408256,0,0,0.00402041,498.47,4384,nan,nan,nan,double
ecm,Fuzzy-AKF,adaptive_kalman,evtol,aged_cell,2,0.0102931,0.0128315,0.00852135,0.0265598,0.00594658,0,0,0.0211287,725.345,4816,nan,nan,nan,double
ecm,IMM,adaptive_kalman,evtol,aged_cell,2,0.0065963,0.0083566,0.00511902,0.0191582,0.00383019,0,0,0.00444678,2057.61,4976,nan,nan,nan,double
ecm,MMAE,adaptive_kalman,evtol,aged_cell,2,0.0206354,0.0199772,0.0184688,0.059208,2.37382e-05,0,0,0.00361452,1779.01,13200,0.412407,nan,nan,double
ecm,Schmidt-KF,robust_kalman,evtol,aged_cell,2,0.00739534,0.00571024,0.00631857,0.0152711,-0.000978025,0,0,0.0362102,1296.5,8856,nan,nan,nan,double
ecm,Hinf-EKF,robust_kalman,evtol,aged_cell,2,0.00888485,0.00944479,0.00734586,0.037339,0.00303589,0,0,0.00368637,801.912,4408,nan,nan,nan,double
ecm,Huber-EKF,robust_kalman,evtol,aged_cell,2,0.0128439,0.0165376,0.0111656,0.0225986,0.00620968,0,0,0.00730342,649.154,4368,nan,nan,nan,double
ecm,MC-EKF,robust_kalman,evtol,aged_cell,2,0.011139,0.0125857,0.00941477,0.0326843,0.0052539,0,0,0.0109509,1028.01,4384,nan,nan,nan,double
ecm,StudentT-KF,robust_kalman,evtol,aged_cell,2,0.0149997,0.0183268,0.0136753,0.0268893,0.00621969,0,0,0.00772198,723.008,4568,nan,nan,nan,double
ecm,Constrained-EKF,robust_kalman,evtol,aged_cell,2,0.0114259,0.0148698,0.00955556,0.0306542,0.00427308,0,0,0.0037035,609.403,4416,nan,nan,nan,double
ecm,ReducedOrder-EKF,robust_kalman,evtol,aged_cell,2,0.0319879,0.0213354,0.0240125,0.123977,-0.000948462,0,0,0.0081518,330.05,4272,nan,nan,nan,double
ecm,SVSF,robust_kalman,evtol,aged_cell,2,0.0109596,0.0110232,0.00891214,0.0415052,0.00402113,0,0,0.00271694,587.51,4376,nan,nan,nan,double
ecm,Luenberger,observers,evtol,aged_cell,2,0.0222406,0.0220258,0.0191649,0.0627802,-0.000735567,0,0,0.00332691,632.557,4632,nan,nan,nan,double
ecm,SSKF,observers,evtol,aged_cell,2,0.0222406,0.0220258,0.0191649,0.0627802,-0.000735567,0,0,0.00332691,538.548,4632,nan,nan,nan,double
ecm,PI-Observer,observers,evtol,aged_cell,2,0.0330521,0.0266915,0.0256084,0.138136,-0.000924618,0,0,0.0038542,1701.39,4824,nan,nan,nan,double
ecm,SMO,observers,evtol,aged_cell,2,0.0223889,0.0223099,0.0193344,0.0633892,-0.000754841,0,0,0.00329643,700.164,4800,nan,nan,nan,double
ecm,SMO-Adaptive,observers,evtol,aged_cell,2,0.0220221,0.0221569,0.0190481,0.0631221,-0.000742875,0,0,0.00330124,680.762,4800,nan,nan,nan,double
ecm,SuperTwisting-SMO,observers,evtol,aged_cell,2,0.0323762,0.0254204,0.0260997,0.105152,-0.000568049,0,0,0.0140901,134.394,4280,nan,nan,nan,double
ecm,HGO,observers,evtol,aged_cell,2,0.0225137,0.0220408,0.0193583,0.06278,-0.000735558,0,0,0.00336393,668.458,4680,nan,nan,nan,double
ecm,ESO,observers,evtol,aged_cell,2,0.0330963,0.0268008,0.0258111,0.138136,-0.000921224,0,0,0.0033996,1818.9,4784,nan,nan,nan,double
ecm,UIO,observers,evtol,aged_cell,2,0.0207248,0.019158,0.0181291,0.0518965,-0.0014189,0,0,0.00344663,604.44,5072,nan,nan,nan,double
ecm,DOB,observers,evtol,aged_cell,2,0.0277949,0.0199583,0.0212274,0.103893,-0.00265102,0,0,0.00314156,721.521,4784,nan,nan,nan,double
ecm,AdaptiveObserver,observers,evtol,aged_cell,2,0.0124518,0.0115281,0.0105141,0.0363673,-6.91291e-05,0,0,0.00249356,969.795,4864,0.765502,nan,nan,double
ecm,IntervalObserver,observers,evtol,aged_cell,2,0.0222406,0.0220258,0.0191649,0.0627802,-0.000735567,0,0,0.00332691,922.276,9024,nan,0,0.252924,double
ecm,JointEKF,soh,evtol,aged_cell,2,0.00426087,0.000652221,0.00212473,0.0161813,0.000112699,0,0,0.00103513,1212.72,8752,0.0511491,nan,nan,double
ecm,JointUKF,soh,evtol,aged_cell,2,0.00231881,0.000508954,0.00107737,0.0432029,7.55321e-05,0.5,0,0.00127547,3098.42,9600,0.0398899,nan,nan,double
ecm,DualEKF,soh,evtol,aged_cell,2,0.00700763,0.00671614,0.00597078,0.0137938,-0.000951275,0,0,0.00113398,1270.06,4752,0.0522773,nan,nan,double
ecm,DualUKF,soh,evtol,aged_cell,2,0.00232833,0.000957156,0.00177021,0.0431462,-4.08907e-05,0.5,0,0.00132572,2354.97,5512,0.020558,nan,nan,double
ecm,RLS-EKF,soh,evtol,aged_cell,2,0.0367861,0.0414767,0.0336721,0.0541733,0.00806059,0,0,0.0020392,502.091,8904,nan,nan,nan,double
ecm,AWTLS,soh,evtol,aged_cell,2,0.00492771,0.00459914,0.00349921,0.0306542,-0.00192778,0,0,0.0036553,477.02,8776,0.0264258,nan,nan,double
ecm,PF-Bootstrap,particle,evtol,aged_cell,2,0.032492,0.0256499,0.0261596,0.138551,-0.00195945,0,0,0.00495363,79623.7,46472,nan,nan,nan,double
ecm,PF-Fast,particle,evtol,aged_cell,2,0.0342137,0.0276618,0.0270881,0.150741,-0.000944146,0,0,0.00405786,16635.9,9664,nan,nan,nan,double
ecm,PF-Regularized,particle,evtol,aged_cell,2,0.0329316,0.026582,0.0262484,0.139503,-0.000698618,0,0,0.00495948,84901.3,46464,nan,nan,nan,double
ecm,PF-Auxiliary,particle,evtol,aged_cell,2,0.0269921,0.0246433,0.0234126,0.0813678,-0.00113866,0,0,0.00659682,104992,54584,nan,nan,nan,double
ecm,RBPF,particle,evtol,aged_cell,2,0.0260516,0.0255994,0.0212658,0.0940794,-0.00132572,0,0,0.00291848,40794.2,34016,nan,nan,nan,double
ecm,UPF,particle,evtol,aged_cell,2,0.0352539,0.0281175,0.0273031,0.154646,-0.000934688,0,0,0.00273872,18666.7,25360,nan,nan,nan,double
ecm,EnKF,particle,evtol,aged_cell,2,0.0512387,0.0222038,0.0363796,0.189342,-0.001273,1046.7,0,0.00340702,10291.4,6776,nan,nan,nan,double
ecm,ETKF,particle,evtol,aged_cell,2,0.0399463,0.0533423,0.0345334,0.0769285,0.0586947,0.1,0,0.00422462,10531.3,5304,nan,nan,nan,double
ecm,GSF,particle,evtol,aged_cell,2,0.044657,0.0309507,0.0279258,0.218098,-0.000868803,0,0,0.00326927,1753.74,9192,nan,nan,nan,double
ecm,NN-Direct,learning,evtol,aged_cell,2,0.0132282,0.0182429,0.00808557,0.0469793,-0.041486,0,0,nan,489.647,15152,nan,nan,nan,double
ecm,NN-EKF,learning,evtol,aged_cell,2,0.0163394,0.0144199,0.015256,0.0407242,0.0013434,0.1,0,0.00552104,1063.12,4376,nan,nan,nan,double
ecm,ELM-RLS-EKF,learning,evtol,aged_cell,2,0.0113143,0.0147242,0.00928759,0.0256609,0.00234095,0,0,0.00294249,3260.9,11704,nan,nan,nan,double
ecm,MHE-RTI,optimization,evtol,aged_cell,2,0.0110722,0.00646488,0.00903501,0.0591829,0.000363974,0,0,0.00332313,17246.4,26928,nan,nan,nan,double
ecm,MHE,optimization,evtol,aged_cell,2,0.0117741,0.00723202,0.00920408,0.0588534,-0.00065072,0,0,0.0033216,32617.7,26928,nan,nan,nan,double
ecm,ERTS,smoothers,evtol,aged_cell,2,0.0357122,0.0164158,0.0298407,0.0735364,0.0042491,1248.2,0,0.00927402,902.631,12547032,nan,nan,nan,double
ecm,URTS,smoothers,evtol,aged_cell,2,0.0389374,0.018116,0.0326315,0.0792319,0.00353595,1337.4,0,0.00970782,2474.18,12547056,nan,nan,nan,double
ecm,Batch-NLS,smoothers,evtol,aged_cell,2,0.0424228,0.018881,0.0353077,0.0862661,0.00418131,1368.3,0,0.00557557,3903.28,17371352,nan,nan,nan,double
ecm,FixedLag-EKF,smoothers,evtol,aged_cell,2,0.0116396,0.0152206,0.00972035,0.0289335,0.00431127,0,0,0.00370401,9998.36,19992,nan,nan,nan,double
ecm,CoulombCounting,baselines,evtol,aged_cell,3,0.078775,0.101399,0.0695726,0.130296,0.130296,0,0,0.117664,81.8867,4184,nan,nan,nan,double
ecm,OCVLookup,baselines,evtol,aged_cell,3,0.0186065,0.0135739,0.014423,0.0705807,0.00121582,0,0,0.0228402,1305.97,4192,nan,nan,nan,double
ecm,CoulombOCVHybrid,baselines,evtol,aged_cell,3,0.0743822,0.0948931,0.0657531,0.127555,0.0281659,0,0,0.109051,205.448,4192,nan,nan,nan,double
ecm,EKF,kalman,evtol,aged_cell,3,0.0127919,0.0168072,0.0106564,0.024657,0.00543443,0,0,0.00387329,481.821,4336,nan,nan,nan,double
ecm,UKF,kalman,evtol,aged_cell,3,0.0109497,0.0140872,0.00919184,0.0455388,0.00450144,0.4,0,0.00394694,1440.47,4776,nan,nan,nan,double
ecm,LKF,kalman,evtol,aged_cell,3,0.0174653,0.0129426,0.0135998,0.0559136,-0.0432136,0,0,0.00417032,330.472,4680,nan,nan,nan,double
ecm,IEKF,kalman,evtol,aged_cell,3,0.0139293,0.0180253,0.0118419,0.0517759,0.00543813,0,0,0.00390743,595.683,4336,nan,nan,nan,double
ecm,CKF,kalman,evtol,aged_cell,3,0.0113136,0.0148833,0.0096152,0.0477225,0.00460619,0,0,0.00391694,1252.3,4560,nan,nan,nan,double
ecm,SCKF,kalman,evtol,aged_cell,3,0.0113136,0.0148833,0.0096152,0.0477225,0.00460619,0,0,0.00391694,1577.63,4696,nan,nan,nan,double
ecm,CKF5,kalman,evtol,aged_cell,3,0.0111244,0.0145391,0.00950555,0.0502718,0.00454266,0.1,0,0.00391351,3994.83,5624,nan,nan,nan,double
ecm,CDKF,kalman,evtol,aged_cell,3,0.0111244,0.0145391,0.00950555,0.0502718,0.00454266,0.1,0,0.00391351,1367.96,4312,nan,nan,nan,double
ecm,GHKF,kalman,evtol,aged_cell,3,0.0111244,0.0145391,0.00950555,0.0502718,0.00454266,0.1,0,0.00391351,11935,10784,nan,nan,nan,double
ecm,IPLF,kalman,evtol,aged_cell,3,0.0227971,0.025594,0.0215661,0.0561298,0.00628694,0.2,0,0.00411546,2067.02,4784,nan,nan,nan,double
ecm,EIF,kalman,evtol,aged_cell,3,0.0127919,0.0168072,0.0106564,0.024657,0.00543443,0,0,0.00387329,1221.79,4472,nan,nan,nan,double
ecm,SR-EKF,kalman,evtol,aged_cell,3,0.0127919,0.0168072,0.0106564,0.024657,0.00543443,0,0,0.00387329,827.419,4440,nan,nan,nan,double
ecm,SR-UKF,kalman,evtol,aged_cell,3,0.0109497,0.0140872,0.00919184,0.0455388,0.00450144,0.4,0,0.00394694,1553.06,4896,nan,nan,nan,double
ecm,UD-EKF,kalman,evtol,aged_cell,3,0.0127919,0.0168072,0.0106564,0.024657,0.00543443,0,0,0.00387329,490.225,4480,nan,nan,nan,double
ecm,SO-EKF,kalman,evtol,aged_cell,3,0.0125912,0.0164412,0.0106398,0.0440252,0.00539284,0.5,0,0.00393466,4177.71,4496,nan,nan,nan,double
ecm,SageHusa-AKF,adaptive_kalman,evtol,aged_cell,3,0.0105504,0.0141988,0.00847727,0.0252344,0.00647625,0,0,0.0230901,544.99,4808,nan,nan,nan,double
ecm,IAE-AKF,adaptive_kalman,evtol,aged_cell,3,0.0103591,0.0124343,0.00852471,0.0261826,0.00565694,0,0,0.0257065,499.562,5040,nan,nan,nan,double
ecm,VB-AKF,adaptive_kalman,evtol,aged_cell,3,0.0102585,0.013654,0.00826825,0.0250547,0.00635865,0,0,0.0238685,873.585,4408,nan,nan,nan,double
ecm,STF,adaptive_kalman,evtol,aged_cell,3,0.0356961,0.026031,0.0267939,0.248212,9.72464e-05,0,0,0.00223728,532.967,4680,nan,nan,nan,double
ecm,Fading-EKF,adaptive_kalman,evtol,aged_cell,3,0.0169331,0.0178009,0.015102,0.045711,-0.00380932,0,0,0.00418391,499.581,4384,nan,nan,nan,double
ecm,Fuzzy-AKF,adaptive_kalman,evtol,aged_cell,3,0.0103419,0.0127234,0.00862209,0.0262377,0.00564981,0,0,0.0234028,723.891,4816,nan,nan,nan,double
ecm,IMM,adaptive_kalman,evtol,aged_cell,3,0.00678621,0.00814617,0.00520737,0.0192711,-0.000515031,0,0,0.00455062,2030.72,4976,nan,nan,nan,double
ecm,MMAE,adaptive_kalman,evtol,aged_cell,3,0.02225,0.0237957,0.019747,0.0639978,0.000828115,0,0,0.00375046,1784.41,13200,0.440147,nan,nan,double
ecm,Schmidt-KF,robust_kalman,evtol,aged_cell,3,0.00682285,0.00647246,0.00589017,0.0131168,-0.00111073,0,0,0.0365621,1294.58,8856,nan,nan,nan,double
ecm,Hinf-EKF,robust_kalman,evtol,aged_cell,3,0.0103775,0.013109,0.00876047,0.0255465,0.00345543,0,0,0.00385134,800.463,4408,nan,nan,nan,double
ecm,Huber-EKF,robust_kalman,evtol,aged_cell,3,0.0133167,0.0170101,0.0114496,0.0235043,0.00552459,0,0,0.0074658,639.198,4368,nan,nan,nan,double
ecm,MC-EKF,robust_kalman,evtol,aged_cell,3,0.012021,0.0155131,0.0100356,0.0241778,0.00440204,0,0,0.0133066,1032.42,4384,nan,nan,nan,double
ecm,StudentT-KF,robust_kalman,evtol,aged_cell,3,0.0128625,0.0166463,0.0108549,0.0238344,0.00542925,0,0,0.0078839,722.341,4568,nan,nan,nan,double
ecm,Constrained-EKF,robust_kalman,evtol,aged_cell,3,0.0127752,0.0167849,0.010641,0.024657,0.00541798,0,0,0.00387245,609.108,4416,nan,nan,nan,double
ecm,ReducedOrder-EKF,robust_kalman,evtol,aged_cell,3,0.0324081,0.0210734,0.024028,0.129262,-0.000922878,0,0,0.00821329,329.068,4272,nan,nan,nan,double
ecm,SVSF,robust_kalman,evtol,aged_cell,3,0.0147481,0.00900907,0.0104363,0.0586123,0.00350397,0,0,0.00275465,566.373,4376,nan,nan,nan,double
ecm,Luenberger,observers,evtol,aged_cell,3,0.0219499,0.0215934,0.0189344,0.0579268,-0.000847151,0,0,0.00342385,613.747,4632,nan,nan,nan,double
ecm,SSKF,observers,evtol,aged_cell,3,0.0219499,0.0215934,0.0189344,0.0579268,-0.000847151,0,0,0.00342385,529.901,4632,nan,nan,nan,double
ecm,PI-Observer,observers,evtol,aged_cell,3,0.033065,0.0253864,0.0250438,0.137506,-0.000876932,0,0,0.00885363,1618.65,4824,nan,nan,nan,double
ecm,SMO,observers,evtol,aged_cell,3,0.0223694,0.0219369,0.0192955,0.0583666,-0.00086948,0,0,0.00339259,632.349,4800,nan,nan,nan,double
ecm,SMO-Adaptive,observers,evtol,aged_cell,3,0.0226356,0.0217925,0.0194464,0.0593122,-0.000858958,0,0,0.00340375,630.335,4800,nan,nan,nan,double
ecm,SuperTwisting-SMO,observers,evtol,aged_cell,3,0.0324946,0.0244347,0.0260177,0.109159,-0.000561008,0,0,0.0131049,135.319,4280,nan,nan,nan,double
ecm,HGO,observers,evtol,aged_cell,3,0.0220942,0.0215964,0.0190238,0.0579269,-0.000847158,0,0,0.00349631,602.913,4680,nan,nan,nan,double
ecm,ESO,observers,evtol,aged_cell,3,0.0333155,0.0260332,0.0258527,0.137506,-0.00096404,0,0,0.00352768,1712.78,4784,nan,nan,nan,double
ecm,UIO,observers,evtol,aged_cell,3,0.0207536,0.0189399,0.0180983,0.0536292,-0.00164445,0,0,0.00348899,608.731,5072,nan,nan,nan,double
ecm,DOB,observers,evtol,aged_cell,3,0.0280717,0.0199011,0.0215407,0.103215,-0.0025906,0,0,0.00323128,714.989,4784,nan,nan,nan,double
ecm,AdaptiveObserver,observers,evtol,aged_cell,3,0.012146,0.0112204,0.0102871,0.0359167,-0.000280621,0,0,0.00256193,998.061,4864,0.765528,nan,nan,double
ecm,IntervalObserver,observers,evtol,aged_cell,3,0.0219499,0.0215934,0.0189344,0.0579268,-0.000847151,0,0,0.00342385,897.737,9024,nan,0,0.249777,double
ecm,JointEKF,soh,evtol,aged_cell,3,0.00367221,0.000503319,0.00184742,0.0157196,0.000346861,0,0,0.00108261,1184.47,8752,0.0501273,nan,nan,double
ecm,JointUKF,soh,evtol,aged_cell,3,0.00187917,0.000649244,0.00104062,0.044263,0.00030846,0.2,0,0.00132385,3098.14,9600,0.0395903,nan,nan,double
ecm,DualEKF,soh,evtol,aged_cell,3,0.00674135,0.00685832,0.00579001,0.0129773,-0.00088126,0,0,0.00121341,1300.58,4752,0.0522268,nan,nan,double
ecm,DualUKF,soh,evtol,aged_cell,3,0.00322948,0.00101594,0.00247487,0.0441774,-0.000202178,0.4,0,0.00137452,2356.02,5512,0.0017032,nan,nan,double
ecm,RLS-EKF,soh,evtol,aged_cell,3,0.0385004,0.0430036,0.0354938,0.0538726,0.0118645,0,0,0.00219489,485.522,8904,nan,nan,nan,double
ecm,AWTLS,soh,evtol,aged_cell,3,0.00549929,0.00661607,0.00409573,0.024657,-0.00410531,0,0,0.00381799,462.022,8776,0.0223982,nan,nan,double
ecm,PF-Bootstrap,particle,evtol,aged_cell,3,0.032062,0.0253347,0.0255705,0.134268,-0.00136652,0,0,0.00488401,79386.5,46472,nan,nan,nan,double
ecm,PF-Fast,particle,evtol,aged_cell,3,0.0342168,0.0249224,0.0262792,0.15159,-0.00105832,0,0,0.00399417,16862.4,9664,nan,nan,nan,double
ecm,PF-Regularized,particle,evtol,aged_cell,3,0.0306578,0.0246103,0.0245958,0.128418,-0.000885351,0,0,0.00503285,85141.2,46464,nan,nan,nan,double
ecm,PF-Auxiliary,particle,evtol,aged_cell,3,0.0271599,0.0229373,0.0228179,0.0902523,-0.00102232,0,0,0.00660195,104591,54584,nan,nan,nan,double
ecm,RBPF,particle,evtol,aged_cell,3,0.0237932,0.0196805,0.0189786,0.0891227,-0.00171889,0,0,0.00305681,40144.6,34016,nan,nan,nan,double
ecm,UPF,particle,evtol,aged_cell,3,0.0383039,0.0261994,0.029972,0.171676,-0.00264423,1438.1,0,0.00244085,18638.8,25360,nan,nan,nan,double
ecm,EnKF,particle,evtol,aged_cell,3,0.0480549,0.0221137,0.0356395,0.148723,-0.010012,0.1,0,0.00375492,10292.9,6776,nan,nan,nan,double
ecm,ETKF,particle,evtol,aged_cell,3,0.0381247,0.049842,0.0335917,0.073436,0.0365336,0.1,0,0.00442682,10493,5304,nan,nan,nan,double
ecm,GSF,particle,evtol,aged_cell,3,0.0480291,0.0291063,0.0310961,0.215749,-0.000523597,0,0,0.00340825,1742.81,9192,nan,nan,nan,double
ecm,NN-Direct,learning,evtol,aged_cell,3,0.012395,0.0168679,0.00809312,0.0534519,-0.0338979,0,0,nan,492.485,15152,nan,nan,nan,double
ecm,NN-EKF,learning,evtol,aged_cell,3,0.0147446,0.014582,0.0138666,0.0346835,0.000636421,0.1,0,0.00567199,1038,4376,nan,nan,nan,double
ecm,ELM-RLS-EKF,learning,evtol,aged_cell,3,0.0124083,0.016372,0.0101977,0.0237543,0.00368936,0,0,0.00309317,3267.81,11704,nan,nan,nan,double
ecm,MHE-RTI,optimization,evtol,aged_cell,3,0.012365,0.00683413,0.00998523,0.0531506,0.00043395,0,0,0.00346993,17230.2,26928,nan,nan,nan,double
ecm,MHE,optimization,evtol,aged_cell,3,0.0164549,0.00829338,0.0125671,0.0623756,0.000431918,0,0,0.00347618,32551.8,26928,nan,nan,nan,double
ecm,ERTS,smoothers,evtol,aged_cell,3,0.0344994,0.0152468,0.0285853,0.0723211,0.00543443,1172.5,0,0.00862238,904.777,12547032,nan,nan,nan,double
ecm,URTS,smoothers,evtol,aged_cell,3,0.0373625,0.0169788,0.0311467,0.077403,0.00450144,1268.6,0,0.00887443,2474.31,12547056,nan,nan,nan,double
ecm,Batch-NLS,smoothers,evtol,aged_cell,3,0.0427236,0.0192175,0.0355932,0.0871899,0.00377327,1377.4,0,0.0061907,3906.17,17371352,nan,nan,nan,double
ecm,FixedLag-EKF,smoothers,evtol,aged_cell,3,0.0130531,0.017127,0.0108379,0.0237203,0.00549065,0,0,0.00387329,9905.68,19992,nan,nan,nan,double
ecm,CoulombCounting,baselines,evtol,param_mismatch,1,0.00277138,0.00355927,0.00247159,0.00443065,-0.00443065,0,0,0.0162901,80.4391,4184,nan,nan,nan,double
ecm,OCVLookup,baselines,evtol,param_mismatch,1,0.00891048,0.0041339,0.00469524,0.0419307,0.00839564,0,0,0.0137043,1312.36,4192,nan,nan,nan,double
ecm,CoulombOCVHybrid,baselines,evtol,param_mismatch,1,0.00133261,0.001635,0.0011155,0.0047211,0.0047211,0,0,0.0171612,209.868,4192,nan,nan,nan,double
ecm,EKF,kalman,evtol,param_mismatch,1,0.0146483,0.0153349,0.0138918,0.0310543,-0.0154323,0,0,0.00282123,472.249,4336,nan,nan,nan,double
ecm,UKF,kalman,evtol,param_mismatch,1,0.00942295,0.0105843,0.00909611,0.0423271,-0.0119426,0.4,0,0.00293529,1425.55,4776,nan,nan,nan,double
ecm,LKF,kalman,evtol,param_mismatch,1,0.0181452,0.0118925,0.014881,0.036926,-0.0212205,0,0,0.00291531,330.207,4680,nan,nan,nan,double
ecm,IEKF,kalman,evtol,param_mismatch,1,0.0114708,0.0126093,0.0109052,0.0207958,-0.0127013,0,0,0.00283318,599.327,4336,nan,nan,nan,double
ecm,CKF,kalman,evtol,param_mismatch,1,0.0146882,0.0152595,0.0140134,0.0355335,-0.0152712,0,0,0.00285585,1263.64,4560,nan,nan,nan,double
ecm,SCKF,kalman,evtol,param_mismatch,1,0.0146882,0.0152595,0.0140134,0.0355335,-0.0152712,0,0,0.00285585,1572.93,4696,nan,nan,nan,double
ecm,CKF5,kalman,evtol,param_mismatch,1,0.0187851,0.0182267,0.0177898,0.0499898,-0.0172789,0,0,0.00284757,4011.46,5624,nan,nan,nan,double
ecm,CDKF,kalman,evtol,param_mismatch,1,0.0187851,0.0182267,0.0177898,0.0499898,-0.0172789,0,0,0.00284757,1365.48,4312,nan,nan,nan,double
ecm,GHKF,kalman,evtol,param_mismatch,1,0.0187851,0.0182267,0.0177898,0.0499898,-0.0172789,0,0,0.00284757,11890.1,10784,nan,nan,nan,double
ecm,IPLF,kalman,evtol,param_mismatch,1,0.00672792,0.00563666,0.00488248,0.0374179,-0.00812158,0.2,0,0.00294985,2057.84,4784,nan,nan,nan,double
ecm,EIF,kalman,evtol,param_mismatch,1,0.0146483,0.0153349,0.0138918,0.0310543,-0.0154323,0,0,0.00282123,1223.9,4472,nan,nan,nan,double
ecm,SR-EKF,kalman,evtol,param_mismatch,1,0.0146483,0.0153349,0.0138918,0.0310543,-0.0154323,0,0,0.00282123,833.735,4440,nan,nan,nan,double
ecm,SR-UKF,kalman,evtol,param_mismatch,1,0.00942294,0.0105843,0.0090961,0.0423271,-0.0119426,0.4,0,0.00293529,1555.63,4896,nan,nan,nan,double
ecm,UD-EKF,kalman,evtol,param_mismatch,1,0.0146483,0.0153349,0.0138918,0.0310543,-0.0154323,0,0,0.00282123,474.575,4480,nan,nan,nan,double
ecm,SO-EKF,kalman,evtol,param_mismatch,1,0.0062539,0.00718516,0.0053561,0.0418571,-0.00839394,0.4,0,0.0029066,4177.18,4496,nan,nan,nan,double
ecm,SageHusa-AKF,adaptive_kalman,evtol,param_mismatch,1,0.0058764,0.00767935,0.00499856,0.0148858,-0.00944459,0,0,0.0063175,535.266,4808,nan,nan,nan,double
ecm,IAE-AKF,adaptive_kalman,evtol,param_mismatch,1,0.0082282,0.00975006,0.0076188,0.0168046,-0.0109356,0,0,0.00766025,494.348,5040,nan,nan,nan,double
ecm,VB-AKF,adaptive_kalman,evtol,param_mismatch,1,0.00777429,0.00949789,0.00712252,0.0165894,-0.0108291,0,0,0.00680567,856.879,4408,nan,nan,nan,double
ecm,STF,adaptive_kalman,evtol,param_mismatch,1,0.0237933,0.0184936,0.0149096,0.146358,0.00301348,0,0,0.00184076,532.086,4680,nan,nan,nan,double
ecm,Fading-EKF,adaptive_kalman,evtol,param_mismatch,1,0.0124596,0.0131093,0.0109636,0.0347725,-0.00613509,0,0,0.00307404,499.928,4384,nan,nan,nan,double
ecm,Fuzzy-AKF,adaptive_kalman,evtol,param_mismatch,1,0.00520646,0.00684319,0.00398179,0.0143176,-0.00887869,0,0,0.00618425,723.231,4816,nan,nan,nan,double
ecm,IMM,adaptive_kalman,evtol,param_mismatch,1,0.00852872,0.00967199,0.00801684,0.0111772,-0.005343,0,0,0.00336266,2071.87,4976,nan,nan,nan,double
ecm,MMAE,adaptive_kalman,evtol,param_mismatch,1,0.018349,0.0177281,0.0171712,0.0354951,-0.016408,0,0,0.00282483,1757.01,13200,-0.00856068,nan,nan,double
ecm,Schmidt-KF,robust_kalman,evtol,param_mismatch,1,0.00449981,0.00375224,0.00410273,0.0117833,0.00456013,0,0,0.0177206,1308.21,8856,nan,nan,nan,double
ecm,Hinf-EKF,robust_kalman,evtol,param_mismatch,1,0.0191377,0.0188435,0.0180843,0.042062,-0.0180349,0,0,0.00282894,792.367,4408,nan,nan,nan,double
ecm,Huber-EKF,robust_kalman,evtol,param_mismatch,1,0.00829017,0.00979774,0.00769202,0.0176422,-0.0110397,0,0,0.00442817,641.129,4368,nan,nan,nan,double
ecm,MC-EKF,robust_kalman,evtol,param_mismatch,1,0.0106357,0.0116938,0.0100981,0.0248232,-0.012148,0,0,0.00549235,1016.74,4384,nan,nan,nan,double
ecm,StudentT-KF,robust_kalman,evtol,param_mismatch,1,0.00783624,0.00945569,0.00719436,0.0165154,-0.0106886,0,0,0.00458337,697.459,4568,nan,nan,nan,double
ecm,Constrained-EKF,robust_kalman,evtol,param_mismatch,1,0.0146434,0.0153256,0.0138877,0.0310543,-0.0154291,0,0,0.00282122,584.526,4416,nan,nan,nan,double
ecm,ReducedOrder-EKF,robust_kalman,evtol,param_mismatch,1,0.0225677,0.0152993,0.0150006,0.094115,-0.00438347,0,0,0.00591527,325.59,4272,nan,nan,nan,double
ecm,SVSF,robust_kalman,evtol,param_mismatch,1,0.0198854,0.0187334,0.0189113,0.0463256,-0.0167371,0,0,0.00224354,570.248,4376,nan,nan,nan,double
ecm,Luenberger,observers,evtol,param_mismatch,1,0.0130337,0.014653,0.0100938,0.0514752,-0.000660993,0,0,0.00270903,590.326,4632,nan,nan,nan,double
ecm,SSKF,observers,evtol,param_mismatch,1,0.0130337,0.014653,0.0100938,0.0514752,-0.000660993,0,0,0.00270903,508.951,4632,nan,nan,nan,double
ecm,PI-Observer,observers,evtol,param_mismatch,1,0.0195166,0.0156214,0.0127038,0.0907192,0.00806649,0,0,0.00326867,1347.69,4824,nan,nan,nan,double
ecm,SMO,observers,evtol,param_mismatch,1,0.0148249,0.0146813,0.0111876,0.0522568,0.000131704,0,0,0.00270402,625.022,4800,nan,nan,nan,double
ecm,SMO-Adaptive,observers,evtol,param_mismatch,1,0.0147541,0.0146222,0.0111915,0.0515838,5.7135e-06,0,0,0.00271356,611.711,4800,nan,nan,nan,double
ecm,SuperTwisting-SMO,observers,evtol,param_mismatch,1,0.0217936,0.0173197,0.0139536,0.0846201,0.00869162,0,0,0.00674207,138.755,4280,nan,nan,nan,double
ecm,HGO,observers,evtol,param_mismatch,1,0.0128143,0.014649,0.00990063,0.051464,-0.000661207,0,0,0.00271125,583.401,4680,nan,nan,nan,double
ecm,ESO,observers,evtol,param_mismatch,1,0.0200671,0.0169356,0.0129011,0.0915852,0.00659954,0,0,0.00276849,1795.12,4784,nan,nan,nan,double
ecm,UIO,observers,evtol,param_mismatch,1,0.0145336,0.0135827,0.0119595,0.0400774,-0.00451252,0,0,0.00347316,547.08,5072,nan,nan,nan,double
ecm,DOB,observers,evtol,param_mismatch,1,0.0202403,0.016155,0.0156426,0.0681755,-0.00610153,0,0,0.00243685,739.16,4784,nan,nan,nan,double
ecm,AdaptiveObserver,observers,evtol,param_mismatch,1,0.0080331,0.00820497,0.00575305,0.0304558,0.00376514,0,0,0.00227602,1024.25,4864,0.0160245,nan,nan,double
ecm,IntervalObserver,observers,evtol,param_mismatch,1,0.0130337,0.014653,0.0100938,0.0514752,-0.000660993,0,0,0.00270903,884.724,9024,nan,0,0.286209,double
ecm,JointEKF,soh,evtol,param_mismatch,1,0.0172234,0.0209448,0.0155346,0.0294599,0.0202858,0,0,0.000951258,1193.87,8752,0.327562,nan,nan,double
ecm,JointUKF,soh,evtol,param_mismatch,1,0.0182615,0.00506004,0.0107611,0.0753818,-0.00410606,0.4,0,0.00126041,3023.01,9600,-0.351967,nan,nan,double
ecm,DualEKF,soh,evtol,param_mismatch,1,0.0172852,0.0218524,0.0152183,0.0262076,0.0236515,0,0,0.00104002,1272.22,4752,0.122682,nan,nan,double
ecm,DualUKF,soh,evtol,param_mismatch,1,0.0227052,0.0297799,0.0199448,0.0423309,0.0352466,0.4,0,0.0012472,2365.9,5512,0.41666,nan,nan,double
ecm,RLS-EKF,soh,evtol,param_mismatch,1,0.00554011,0.00591514,0.00453722,0.0218138,0.00999123,0,0,0.00159804,484.745,8904,nan,nan,nan,double
ecm,AWTLS,soh,evtol,param_mismatch,1,0.0122804,0.0108664,0.0114741,0.0310543,-0.00980996,0,0,0.00282174,461.01,8776,0.0616174,nan,nan,double
ecm,PF-Bootstrap,particle,evtol,param_mismatch,1,0.0207342,0.0168941,0.0137504,0.0913377,-0.0003769,0,0,0.00349092,78218.1,46472,nan,nan,nan,double
ecm,PF-Fast,particle,evtol,param_mismatch,1,0.0241772,0.0204415,0.0163092,0.112219,0.00469533,0,0,0.00296156,16387.4,9664,nan,nan,nan,double
ecm,PF-Regularized,particle,evtol,param_mismatch,1,0.0211555,0.018695,0.0148579,0.090487,0.00239564,0,0,0.00343527,84034.9,46464,nan,nan,nan,double
ecm,PF-Auxiliary,particle,evtol,param_mismatch,1,0.0155398,0.0168422,0.0117945,0.0546497,0.00250968,0,0,0.00394494,103773,54584,nan,nan,nan,double
ecm,RBPF,particle,evtol,param_mismatch,1,0.0162124,0.0173232,0.012333,0.0581782,-0.00915794,0,0,0.00242092,40076.3,34016,nan,nan,nan,double
ecm,UPF,particle,evtol,param_mismatch,1,0.0244169,0.0157917,0.0153289,0.144901,0.0161861,0,0,0.00212715,18540.2,25360,nan,nan,nan,double
ecm,EnKF,particle,evtol,param_mismatch,1,0.0199731,0.0222634,0.013979,0.0946813,-0.00811644,0.1,0,0.00271087,10250.7,6776,nan,nan,nan,double
ecm,ETKF,particle,evtol,param_mismatch,1,0.012798,0.0119996,0.0120838,0.0323036,0.00164915,0.1,0,0.00284004,10568.9,5304,nan,nan,nan,double
ecm,GSF,particle,evtol,param_mismatch,1,0.0281376,0.0219823,0.0104545,0.171305,-0.00540765,0,0,0.00262765,1762.54,9192,nan,nan,nan,double
ecm,NN-Direct,learning,evtol,param_mismatch,1,0.00868969,0.011748,0.00540237,0.0417983,-0.018842,0,0,nan,487.291,15152,nan,nan,nan,double
ecm,NN-EKF,learning,evtol,param_mismatch,1,0.00889343,0.00793763,0.00695698,0.0310558,-0.0131495,0.1,0,0.00375348,1059.42,4376,nan,nan,nan,double
ecm,ELM-RLS-EKF,learning,evtol,param_mismatch,1,0.0146627,0.0145971,0.013965,0.0295571,-0.0134018,0,0,0.00226792,3233.1,11704,nan,nan,nan,double
ecm,MHE-RTI,optimization,evtol,param_mismatch,1,0.025342,0.0216506,0.0235586,0.060411,-0.0139832,0,0,0.002738,17235.3,26928,nan,nan,nan,double
ecm,MHE,optimization,evtol,param_mismatch,1,0.0205807,0.0191523,0.0189531,0.0570229,-0.0141458,0,0,0.00273757,31858.4,26928,nan,nan,nan,double
ecm,ERTS,smoothers,evtol,param_mismatch,1,0.0141287,0.0148412,0.0140998,0.0158544,-0.0154323,0,0,0.00222233,896.654,12547032,nan,nan,nan,double
ecm,URTS,smoothers,evtol,param_mismatch,1,0.00973385,0.0110474,0.00958658,0.0123267,-0.0119426,0,0,0.00221596,2467.35,12547056,nan,nan,nan,double
ecm,Batch-NLS,smoothers,evtol,param_mismatch,1,0.0162947,0.0167809,0.0162816,0.0177149,-0.0172727,0,0,0.00362363,2876.73,17371352,nan,nan,nan,double
ecm,FixedLag-EKF,smoothers,evtol,param_mismatch,1,0.0142886,0.0149811,0.0135923,0.0293961,-0.0153746,0,0,0.00282123,10003.1,19992,nan,nan,nan,double
ecm,CoulombCounting,baselines,evtol,param_mismatch,2,0.00279832,0.0035998,0.00249178,0.0044623,-0.0044623,0,0,0.0159562,79.7821,4184,nan,nan,nan,double
ecm,OCVLookup,baselines,evtol,param_mismatch,2,0.00901808,0.00388394,0.00470914,0.0422132,0.00805369,0,0,0.0133664,1304.68,4192,nan,nan,nan,double
ecm,CoulombOCVHybrid,baselines,evtol,param_mismatch,2,0.00131815,0.00159599,0.0011131,0.00446894,0.00446894,0,0,0.0168644,209.357,4192,nan,nan,nan,double
ecm,EKF,kalman,evtol,param_mismatch,2,0.0135611,0.01422,0.0128569,0.0302366,-0.0145728,0,0,0.00273117,476.612,4336,nan,nan,nan,double
ecm,UKF,kalman,evtol,param_mismatch,2,0.0164704,0.0167953,0.0155892,0.0423078,-0.0178638,0.4,0,0.00284351,1441.42,4776,nan,nan,nan,double
ecm,LKF,kalman,evtol,param_mismatch,2,0.0178137,0.011982,0.0146835,0.0352359,-0.0213374,0,0,0.00282253,332.261,4680,nan,nan,nan,double
ecm,IEKF,kalman,evtol,param_mismatch,2,0.0201037,0.0200043,0.0192456,0.0472833,-0.0187236,0,0,0.00274997,594.5,4336,nan,nan,nan,double
ecm,CKF,kalman,evtol,param_mismatch,2,0.0198127,0.0191112,0.0186612,0.0440452,-0.018379,0,0,0.00275896,1248.25,4560,nan,nan,nan,double
ecm,SCKF,kalman,evtol,param_mismatch,2,0.0198127,0.0191112,0.0186612,0.0440452,-0.018379,0,0,0.00275896,1573.16,4696,nan,nan,nan,double
ecm,CKF5,kalman,evtol,param_mismatch,2,0.0195445,0.0188455,0.018415,0.0446738,-0.017993,0.1,0,0.00275874,4071.81,5624,nan,nan,nan,double
ecm,CDKF,kalman,evtol,param_mismatch,2,0.0195445,0.0188455,0.018415,0.0446738,-0.017993,0.1,0,0.00275874,1413.68,4312,nan,nan,nan,double
ecm,GHKF,kalman,evtol,param_mismatch,2,0.0195445,0.0188455,0.018415,0.0446738,-0.017993,0.1,0,0.00275874,12076.8,10784,nan,nan,nan,double
ecm,IPLF,kalman,evtol,param_mismatch,2,0.00677426,0.00564307,0.00482806,0.0521786,-0.00919509,0.2,0,0.00289567,2069,4784,nan,nan,nan,double
ecm,EIF,kalman,evtol,param_mismatch,2,0.0135611,0.01422,0.0128569,0.0302366,-0.0145728,0,0,0.00273117,1227.17,4472,nan,nan,nan,double
ecm,SR-EKF,kalman,evtol,param_mismatch,2,0.0135611,0.01422,0.0128569,0.0302366,-0.0145728,0,0,0.00273117,829.272,4440,nan,nan,nan,double
ecm,SR-UKF,kalman,evtol,param_mismatch,2,0.0164704,0.0167953,0.0155892,0.0423078,-0.0178638,0.4,0,0.00284351,1556.32,4896,nan,nan,nan,double
ecm,UD-EKF,kalman,evtol,param_mismatch,2,0.0135611,0.01422,0.0128569,0.0302366,-0.0145728,0,0,0.00273117,488.315,4480,nan,nan,nan,double
ecm,SO-EKF,kalman,evtol,param_mismatch,2,0.0103268,0.011351,0.00996308,0.0421468,-0.01314,0.5,0,0.00281797,4198.4,4496,nan,nan,nan,double
ecm,SageHusa-AKF,adaptive_kalman,evtol,param_mismatch,2,0.00608746,0.00781045,0.00531674,0.0148954,-0.00960297,0,0,0.00590365,544.406,4808,nan,nan,nan,double
ecm,IAE-AKF,adaptive_kalman,evtol,param_mismatch,2,0.00841192,0.0100634,0.00781561,0.0170011,-0.011321,0,0,0.00725745,499.551,5040,nan,nan,nan,double
ecm,VB-AKF,adaptive_kalman,evtol,param_mismatch,2,0.0057259,0.00588268,0.00431576,0.0186653,-0.00832561,0,0,0.00627847,874.124,4408,nan,nan,nan,double
ecm,STF,adaptive_kalman,evtol,param_mismatch,2,0.0236929,0.0180945,0.0147866,0.176924,0.00173828,0,0,0.00185341,543.516,4680,nan,nan,nan,double
ecm,Fading-EKF,adaptive_kalman,evtol,param_mismatch,2,0.0123608,0.0129074,0.0109582,0.0341705,-0.00587271,0,0,0.00297131,499.321,4384,nan,nan,nan,double
ecm,Fuzzy-AKF,adaptive_kalman,evtol,param_mismatch,2,0.0082732,0.0100347,0.00770773,0.0167566,-0.0112005,0,0,0.00587947,719.821,4816,nan,nan,nan,double
ecm,IMM,adaptive_kalman,evtol,param_mismatch,2,0.00935185,0.00962472,0.00914074,0.0140684,-0.00602067,0,0,0.00326259,2044.57,4976,nan,nan,nan,double
ecm,MMAE,adaptive_kalman,evtol,param_mismatch,2,0.0179319,0.0176336,0.016953,0.0350221,-0.0156011,0,0,0.0027363,1806.87,13200,-0.0134766,nan,nan,double
ecm,Schmidt-KF,robust_kalman,evtol,param_mismatch,2,0.00565203,0.00454012,0.00499698,0.0135046,0.00715584,0,0,0.0184584,1306.56,8856,nan,nan,nan,double
ecm,Hinf-EKF,robust_kalman,evtol,param_mismatch,2,0.0164744,0.0169148,0.0154787,0.0355407,-0.016515,0,0,0.00273719,795.898,4408,nan,nan,nan,double
ecm,Huber-EKF,robust_kalman,evtol,param_mismatch,2,0.00620775,0.00786366,0.00548479,0.0150877,-0.0095951,0,0,0.00425334,645.903,4368,nan,nan,nan,double
ecm,MC-EKF,robust_kalman,evtol,param_mismatch,2,0.0100679,0.0110484,0.00954891,0.0183484,-0.0122429,0,0,0.00536948,1031.45,4384,nan,nan,nan,double
ecm,StudentT-KF,robust_kalman,evtol,param_mismatch,2,0.00580508,0.00697068,0.00469691,0.0157912,-0.00897554,0,0,0.00440495,711.144,4568,nan,nan,nan,double
ecm,Constrained-EKF,robust_kalman,evtol,param_mismatch,2,0.0135678,0.0142327,0.0128624,0.0302366,-0.014598,0,0,0.00273111,585.614,4416,nan,nan,nan,double
ecm,ReducedOrder-EKF,robust_kalman,evtol,param_mismatch,2,0.0220032,0.0149577,0.0148032,0.0887846,-0.00402521,0,0,0.0057451,329.735,4272,nan,nan,nan,double
ecm,SVSF,robust_kalman,evtol,param_mismatch,2,0.0160914,0.0157944,0.0154623,0.0376931,-0.0150428,0,0,0.00215944,583.14,4376,nan,nan,nan,double
ecm,Luenberger,observers,evtol,param_mismatch,2,0.0125705,0.0142902,0.00980829,0.0503997,0.000521654,0,0,0.00262287,532.406,4632,nan,nan,nan,double
ecm,SSKF,observers,evtol,param_mismatch,2,0.0125705,0.0142902,0.00980829,0.0503997,0.000521654,0,0,0.00262287,462.229,4632,nan,nan,nan,double
ecm,PI-Observer,observers,evtol,param_mismatch,2,0.0203299,0.016106,0.0132463,0.0931532,0.00818077,0,0,0.0033129,1664.14,4824,nan,nan,nan,double
ecm,SMO,observers,evtol,param_mismatch,2,0.0147869,0.0143607,0.0113006,0.0510384,0.000930738,0,0,0.00261939,617.336,4800,nan,nan,nan,double
ecm,SMO-Adaptive,observers,evtol,param_mismatch,2,0.0155481,0.0144247,0.0118087,0.0523093,0.000671174,0,0,0.00264226,591.438,4800,nan,nan,nan,double
ecm,SuperTwisting-SMO,observers,evtol,param_mismatch,2,0.0215933,0.0168177,0.0139064,0.0834111,0.00834453,0,0,0.0064504,136.91,4280,nan,nan,nan,double
ecm,HGO,observers,evtol,param_mismatch,2,0.0125806,0.0142905,0.00981421,0.0504008,0.000521466,0,0,0.00262901,542.443,4680,nan,nan,nan,double
ecm,ESO,observers,evtol,param_mismatch,2,0.0185017,0.0161157,0.012226,0.0797439,0.00811891,0,0,0.00268196,1720.37,4784,nan,nan,nan,double
ecm,UIO,observers,evtol,param_mismatch,2,0.0144231,0.0134663,0.0119432,0.0398019,-0.00504694,0,0,0.00339683,570.254,5072,nan,nan,nan,double
ecm,DOB,observers,evtol,param_mismatch,2,0.0199805,0.0155378,0.0154955,0.0673895,-0.0054789,0,0,0.00237253,753.083,4784,nan,nan,nan,double
ecm,AdaptiveObserver,observers,evtol,param_mismatch,2,0.00808626,0.00818419,0.00592305,0.0308859,0.00440315,0,0,0.00222012,933.881,4864,0.015807,nan,nan,double
ecm,IntervalObserver,observers,evtol,param_mismatch,2,0.0125705,0.0142902,0.00980829,0.0503997,0.000521654,0,0,0.00262287,845.789,9024,nan,0,0.287072,double
ecm,JointEKF,soh,evtol,param_mismatch,2,0.0110338,0.00401474,0.00755936,0.0538995,0.00483585,0,0,0.000969732,1217.29,8752,-0.111301,nan,nan,double
ecm,JointUKF,soh,evtol,param_mismatch,2,0.0152028,0.00344406,0.00835772,0.0663819,-0.00166033,0.4,0,0.00123646,3090.32,9600,-0.288292,nan,nan,double
ecm,DualEKF,soh,evtol,param_mismatch,2,0.0167832,0.0213625,0.0148423,0.0250963,0.022968,0,0,0.00102577,1275.77,4752,0.115536,nan,nan,double
ecm,DualUKF,soh,evtol,param_mismatch,2,0.0125377,0.0166603,0.0107589,0.0423085,0.0196268,0.5,0,0.00123103,2369.42,5512,0.179421,nan,nan,double
ecm,RLS-EKF,soh,evtol,param_mismatch,2,0.00546186,0.00431881,0.00386275,0.0257639,0.00772159,0,0,0.0015124,499.957,8904,nan,nan,nan,double
ecm,AWTLS,soh,evtol,param_mismatch,2,0.0101544,0.00749605,0.00916389,0.0302366,-0.00507119,0,0,0.002732,482.543,8776,0.11065,nan,nan,double
ecm,PF-Bootstrap,particle,evtol,param_mismatch,2,0.0204316,0.017253,0.0140311,0.0930441,0.000543367,0,0,0.00334713,78697,46472,nan,nan,nan,double
ecm,PF-Fast,particle,evtol,param_mismatch,2,0.0209463,0.0156288,0.0127053,0.10923,0.00272989,0,0,0.0029119,16309,9664,nan,nan,nan,double
ecm,PF-Regularized,particle,evtol,param_mismatch,2,0.0209834,0.0196667,0.0147139,0.0853036,0.00187706,0,0,0.00330516,84044.5,46464,nan,nan,nan,double
ecm,PF-Auxiliary,particle,evtol,param_mismatch,2,0.0168793,0.01517,0.0126486,0.0551604,0.0025994,0,0,0.00385078,104931,54584,nan,nan,nan,double
ecm,RBPF,particle,evtol,param_mismatch,2,0.0135572,0.0143323,0.00955029,0.0561369,-0.00777817,0,0,0.00238234,40273.5,34016,nan,nan,nan,double
ecm,UPF,particle,evtol,param_mismatch,2,0.0265054,0.0187418,0.0175871,0.132586,0.00236369,0,0,0.00223796,18711.7,25360,nan,nan,nan,double
ecm,EnKF,particle,evtol,param_mismatch,2,0.0284564,0.0334868,0.0220262,0.102282,0.043859,322.1,0,0.00258758,10346.8,6776,nan,nan,nan,double
ecm,ETKF,particle,evtol,param_mismatch,2,0.00775379,0.008772,0.00707485,0.0390121,-0.0125064,0.1,0,0.00276379,10570.8,5304,nan,nan,nan,double
ecm,GSF,particle,evtol,param_mismatch,2,0.0286458,0.0218688,0.013396,0.178699,-0.00578319,0,0,0.00260521,1785.98,9192,nan,nan,nan,double
ecm,NN-Direct,learning,evtol,param_mismatch,2,0.00892686,0.0121622,0.00536325,0.0437653,-0.0204286,0,0,nan,487.986,15152,nan,nan,nan,double
ecm,NN-EKF,learning,evtol,param_mismatch,2,0.00952924,0.00780282,0.00757193,0.0241582,-0.013015,0.1,0,0.00364064,1070.52,4376,nan,nan,nan,double
ecm,ELM-RLS-EKF,learning,evtol,param_mismatch,2,0.0167052,0.0165475,0.0161374,0.0310231,-0.0148759,0,0,0.00221869,3344.83,11704,nan,nan,nan,double
ecm,MHE-RTI,optimization,evtol,param_mismatch,2,0.0198309,0.0202213,0.0192832,0.0452565,-0.0169733,0,0,0.0026363,17375,26928,nan,nan,nan,double
ecm,MHE,optimization,evtol,param_mismatch,2,0.0194903,0.0193473,0.0184568,0.0550687,-0.0129731,0,0,0.00265232,32428.1,26928,nan,nan,nan,double
ecm,ERTS,smoothers,evtol,param_mismatch,2,0.0130956,0.0139501,0.0130534,0.0149984,-0.0145728,0,0,0.00221019,900.208,12547032,nan,nan,nan,double
ecm,URTS,smoothers,evtol,param_mismatch,2,0.0162864,0.0171355,0.0162528,0.0183211,-0.0178638,0,0,0.00227722,2467.76,12547056,nan,nan,nan,double
ecm,Batch-NLS,smoothers,evtol,param_mismatch,2,0.0156834,0.016301,0.0156641,0.017262,-0.0168128,0,0,0.0032684,2831.01,17371352,nan,nan,nan,double
ecm,FixedLag-EKF,smoothers,evtol,param_mismatch,2,0.0131954,0.01387,0.0125543,0.0285087,-0.0145144,0,0,0.00273117,10044.8,19992,nan,nan,nan,double
ecm,CoulombCounting,baselines,evtol,param_mismatch,3,0.00278581,0.00357847,0.00248219,0.00445006,-0.00445006,0,0,0.0164726,79.0808,4184,nan,nan,nan,double
ecm,OCVLookup,baselines,evtol,param_mismatch,3,0.0089844,0.00436849,0.00480831,0.0424404,0.00871438,0,0,0.0138231,1310.43,4192,nan,nan,nan,double
ecm,CoulombOCVHybrid,baselines,evtol,param_mismatch,3,0.00131976,0.00157608,0.00109731,0.00501816,0.00501816,0,0,0.0173994,209.738,4192,nan,nan,nan,double
ecm,EKF,kalman,evtol,param_mismatch,3,0.0103015,0.0113732,0.00970085,0.0247246,-0.0115775,0,0,0.00284958,483.089,4336,nan,nan,nan,double
ecm,UKF,kalman,evtol,param_mismatch,3,0.0127153,0.0137083,0.012161,0.0434815,-0.012852,0.4,0,0.00297419,1441.31,4776,nan,nan,nan,double
ecm,LKF,kalman,evtol,param_mismatch,3,0.0183777,0.0119006,0.0150383,0.0368349,-0.0211565,0,0,0.0029587,339.322,4680,nan,nan,nan,double
ecm,IEKF,kalman,evtol,param_mismatch,3,0.0112385,0.0123101,0.0108226,0.0235973,-0.0118524,0,0,0.00285256,606.252,4336,nan,nan,nan,double
ecm,CKF,kalman,evtol,param_mismatch,3,0.0122539,0.0133048,0.0116027,0.0381001,-0.0132628,0,0,0.00288609,1252.6,4560,nan,nan,nan,double
ecm,SCKF,kalman,evtol,param_mismatch,3,0.0122539,0.0133048,0.0116027,0.0381001,-0.0132628,0,0,0.00288609,1593.15,4696,nan,nan,nan,double
ecm,CKF5,kalman,evtol,param_mismatch,3,0.016978,0.0167742,0.016088,0.0609322,-0.0156409,0.1,0,0.00288062,4019.11,5624,nan,nan,nan,double
ecm,CDKF,kalman,evtol,param_mismatch,3,0.016978,0.0167742,0.016088,0.0609322,-0.0156409,0.1,0,0.00288062,1392.73,4312,nan,nan,nan,double
ecm,GHKF,kalman,evtol,param_mismatch,3,0.016978,0.0167742,0.016088,0.0609322,-0.0156409,0.1,0,0.00288062,12302.5,10784,nan,nan,nan,double
ecm,IPLF,kalman,evtol,param_mismatch,3,0.00585119,0.00450468,0.00424301,0.049849,-0.00622455,0.2,0,0.00300973,2066.83,4784,nan,nan,nan,double
ecm,EIF,kalman,evtol,param_mismatch,3,0.0103015,0.0113732,0.00970085,0.0247246,-0.0115775,0,0,0.00284958,1233.44,4472,nan,nan,nan,double
ecm,SR-EKF,kalman,evtol,param_mismatch,3,0.0103015,0.0113732,0.00970085,0.0247246,-0.0115775,0,0,0.00284958,827.757,4440,nan,nan,nan,double
ecm,SR-UKF,kalman,evtol,param_mismatch,3,0.0127153,0.0137083,0.012161,0.0434815,-0.012852,0.4,0,0.00297419,1564.64,4896,nan,nan,nan,double
ecm,UD-EKF,kalman,evtol,param_mismatch,3,0.0103015,0.0113732,0.00970085,0.0247246,-0.0115775,0,0,0.00284958,485.9,4480,nan,nan,nan,double
ecm,SO-EKF,kalman,evtol,param_mismatch,3,0.0066227,0.00810255,0.0060686,0.043291,-0.00894773,0.5,0,0.0029347,4208.17,4496,nan,nan,nan,double
ecm,SageHusa-AKF,adaptive_kalman,evtol,param_mismatch,3,0.00568484,0.00731579,0.00446243,0.0151252,-0.00913322,0,0,0.00613968,544.043,4808,nan,nan,nan,double
ecm,IAE-AKF,adaptive_kalman,evtol,param_mismatch,3,0.00883596,0.0104729,0.00825235,0.0170236,-0.0105789,0,0,0.00769129,498.684,5040,nan,nan,nan,double
ecm,VB-AKF,adaptive_kalman,evtol,param_mismatch,3,0.00666524,0.0083053,0.00601933,0.015323,-0.00929938,0,0,0.00674978,874.944,4408,nan,nan,nan,double
ecm,STF,adaptive_kalman,evtol,param_mismatch,3,0.0236991,0.0185415,0.0148193,0.16948,0.00343155,0,0,0.00187529,532.057,4680,nan,nan,nan,double
ecm,Fading-EKF,adaptive_kalman,evtol,param_mismatch,3,0.013333,0.0133565,0.0116726,0.0373728,-0.00606269,0,0,0.00309779,501.246,4384,nan,nan,nan,double
ecm,Fuzzy-AKF,adaptive_kalman,evtol,param_mismatch,3,0.0112757,0.0118102,0.0107876,0.0261237,-0.0117681,0,0,0.00629562,724.065,4816,nan,nan,nan,double
ecm,IMM,adaptive_kalman,evtol,param_mismatch,3,0.00840577,0.00956471,0.00788177,0.0120258,-0.00646045,0,0,0.003348,2065.12,4976,nan,nan,nan,double
ecm,MMAE,adaptive_kalman,evtol,param_mismatch,3,0.0147281,0.0143258,0.0138398,0.0376331,-0.0126071,0,0,0.00285177,1789.76,13200,-0.00967936,nan,nan,double
ecm,Schmidt-KF,robust_kalman,evtol,param_mismatch,3,0.00528877,0.00519167,0.00490687,0.0105367,0.00701777,0,0,0.018372,1300.51,8856,nan,nan,nan,double
ecm,Hinf-EKF,robust_kalman,evtol,param_mismatch,3,0.0131189,0.0149705,0.0120479,0.0288993,-0.016429,0,0,0.00286595,795.907,4408,nan,nan,nan,double
ecm,Huber-EKF,robust_kalman,evtol,param_mismatch,3,0.00473745,0.00619879,0.00348144,0.0134785,-0.00764186,0,0,0.00438156,645.778,4368,nan,nan,nan,double
ecm,MC-EKF,robust_kalman,evtol,param_mismatch,3,0.0110133,0.0119247,0.0105977,0.0246675,-0.0119604,0,0,0.00549975,1029.9,4384,nan,nan,nan,double
ecm,StudentT-KF,robust_kalman,evtol,param_mismatch,3,0.00519416,0.00663516,0.00373943,0.0151701,-0.00828725,0,0,0.00453754,711.503,4568,nan,nan,nan,double
ecm,Constrained-EKF,robust_kalman,evtol,param_mismatch,3,0.0103008,0.011373,0.00970007,0.0247246,-0.0115635,0,0,0.0028495,588.354,4416,nan,nan,nan,double
ecm,ReducedOrder-EKF,robust_kalman,evtol,param_mismatch,3,0.0225717,0.0155169,0.0150542,0.090956,-0.00435726,0,0,0.00598467,329.114,4272,nan,nan,nan,double
ecm,SVSF,robust_kalman,evtol,param_mismatch,3,0.0186422,0.0178871,0.0177204,0.0412928,-0.0158172,0,0,0.0022155,596.039,4376,nan,nan,nan,double
ecm,Luenberger,observers,evtol,param_mismatch,3,0.0139696,0.0156926,0.0108688,0.0571049,-0.0050993,0,0,0.00273271,547.168,4632,nan,nan,nan,double
ecm,SSKF,observers,evtol,param_mismatch,3,0.0139696,0.0156926,0.0108688,0.0571049,-0.0050993,0,0,0.00273271,468.866,4632,nan,nan,nan,double
ecm,PI-Observer,observers,evtol,param_mismatch,3,0.0200103,0.0159947,0.0126701,0.0884709,0.00666517,0,0,0.00322606,1593.22,4824,nan,nan,nan,double
ecm,SMO,observers,evtol,param_mismatch,3,0.0136897,0.0155457,0.0105812,0.0575827,-0.00395392,0,0,0.00271219,618.575,4800,nan,nan,nan,double
ecm,SMO-Adaptive,observers,evtol,param_mismatch,3,0.0137132,0.0156356,0.0106569,0.0573697,-0.00448607,0,0,0.00272192,588.224,4800,nan,nan,nan,double
ecm,SuperTwisting-SMO,observers,evtol,param_mismatch,3,0.0222093,0.0178996,0.0141941,0.0867553,0.00912289,0,0,0.00700678,135.96,4280,nan,nan,nan,double
ecm,HGO,observers,evtol,param_mismatch,3,0.0139693,0.0156884,0.010866,0.0570886,-0.00509153,0,0,0.00274427,547.593,4680,nan,nan,nan,double
ecm,ESO,observers,evtol,param_mismatch,3,0.0206645,0.017557,0.0132409,0.0884713,0.00506509,0,0,0.00281978,1818.31,4784,nan,nan,nan,double
ecm,UIO,observers,evtol,param_mismatch,3,0.0146887,0.0140186,0.0121902,0.0402119,-0.00500124,0,0,0.00360258,601.45,5072,nan,nan,nan,double
ecm,DOB,observers,evtol,param_mismatch,3,0.0203524,0.0164473,0.0157653,0.0679272,-0.00609596,0,0,0.00246491,740.471,4784,nan,nan,nan,double
ecm,AdaptiveObserver,observers,evtol,param_mismatch,3,0.00881477,0.008501,0.00624951,0.0344139,0.00387839,0,0,0.00229812,939.878,4864,0.0162326,nan,nan,double
ecm,IntervalObserver,observers,evtol,param_mismatch,3,0.0139696,0.0156926,0.0108688,0.0571049,-0.0050993,0,0,0.00273271,852.051,9024,nan,0,0.285454,double
ecm,JointEKF,soh,evtol,param_mismatch,3,0.0102773,0.0110817,0.00923673,0.0331397,0.0118352,0,0,0.000989407,1215.63,8752,0.0904482,nan,nan,double
ecm,JointUKF,soh,evtol,param_mismatch,3,0.0164274,0.00611199,0.0097411,0.0705445,-0.00545224,0.4,0,0.00128277,3099.72,9600,-0.344501,nan,nan,double
ecm,DualEKF,soh,evtol,param_mismatch,3,0.0117637,0.01513,0.0103548,0.0170859,0.0155812,0,0,0.00108257,1273.21,4752,0.0620676,nan,nan,double
ecm,DualUKF,soh,evtol,param_mismatch,3,0.0265441,0.0344361,0.0232838,0.043484,0.0385089,0.5,0,0.00130429,2368.8,5512,0.37543,nan,nan,double
ecm,RLS-EKF,soh,evtol,param_mismatch,3,0.00718012,0.00830249,0.00670931,0.0130981,0.0115153,0,0,0.00159236,496.248,8904,nan,nan,nan,double
ecm,AWTLS,soh,evtol,param_mismatch,3,0.00763804,0.00661927,0.00699237,0.0247246,-0.00642696,0,0,0.00285045,478.926,8776,0.0418404,nan,nan,double
ecm,PF-Bootstrap,particle,evtol,param_mismatch,3,0.0215413,0.0175249,0.0152507,0.0911098,0.00146545,0,0,0.0033918,78920.9,46472,nan,nan,nan,double
ecm,PF-Fast,particle,evtol,param_mismatch,3,0.0225782,0.0165558,0.0149031,0.108908,0.00948455,0,0,0.00300393,16368.6,9664,nan,nan,nan,double
ecm,PF-Regularized,particle,evtol,param_mismatch,3,0.0200458,0.017988,0.0126239,0.0892417,0.00156323,0,0,0.00336602,84083.8,46464,nan,nan,nan,double
ecm,PF-Auxiliary,particle,evtol,param_mismatch,3,0.0167942,0.0169156,0.0122728,0.0617678,0.00332139,0,0,0.0039496,104516,54584,nan,nan,nan,double
ecm,RBPF,particle,evtol,param_mismatch,3,0.0143767,0.0142053,0.0114156,0.0581318,-0.00352287,0,0,0.00249849,40070.7,34016,nan,nan,nan,double
ecm,UPF,particle,evtol,param_mismatch,3,0.0242941,0.0197772,0.0164823,0.136145,0.00992886,2.2,0,0.00218937,18462.5,25360,nan,nan,nan,double
ecm,EnKF,particle,evtol,param_mismatch,3,0.0596303,0.0515747,0.0445718,0.148316,-0.0707302,0.1,0,0.00297985,10259.1,6776,nan,nan,nan,double
ecm,ETKF,particle,evtol,param_mismatch,3,0.00369055,0.00264759,0.00289824,0.0383567,-0.00370056,0.1,0,0.00289791,10450.3,5304,nan,nan,nan,double
ecm,GSF,particle,evtol,param_mismatch,3,0.0294402,0.0222773,0.00988305,0.194703,-0.00601408,0,0,0.00264533,1773.47,9192,nan,nan,nan,double
ecm,NN-Direct,learning,evtol,param_mismatch,3,0.00839596,0.0112486,0.00534269,0.0396258,-0.0180116,0,0,nan,485.848,15152,nan,nan,nan,double
ecm,NN-EKF,learning,evtol,param_mismatch,3,0.0100923,0.00771262,0.00797149,0.0266,-0.0126882,0.1,0,0.00376055,1060.95,4376,nan,nan,nan,double
ecm,ELM-RLS-EKF,learning,evtol,param_mismatch,3,0.0155584,0.0153939,0.0149344,0.0299458,-0.0136953,0,0,0.00229211,3272,11704,nan,nan,nan,double
ecm,MHE-RTI,optimization,evtol,param_mismatch,3,0.0268236,0.0238901,0.0251178,0.0570382,-0.0148673,0,0,0.00276235,17305.2,26928,nan,nan,nan,double
ecm,MHE,optimization,evtol,param_mismatch,3,0.0218362,0.0208215,0.0205169,0.0460358,-0.0153573,0,0,0.00277084,32022.2,26928,nan,nan,nan,double
ecm,ERTS,smoothers,evtol,param_mismatch,3,0.0099379,0.010906,0.00986198,0.0120124,-0.0115775,0,0,0.00222854,905.881,12547032,nan,nan,nan,double
ecm,URTS,smoothers,evtol,param_mismatch,3,0.0117138,0.0124143,0.0116791,0.0133002,-0.012852,0,0,0.00226429,2477.28,12547056,nan,nan,nan,double
ecm,Batch-NLS,smoothers,evtol,param_mismatch,3,0.00610924,0.00740627,0.0058401,0.00861499,-0.00822185,0,0,0.00360773,3844.49,17371352,nan,nan,nan,double
ecm,FixedLag-EKF,smoothers,evtol,param_mismatch,3,0.00992463,0.0110011,0.00938052,0.0229377,-0.0115254,0,0,0.00284958,10040.2,19992,nan,nan,nan,double
ecm,CoulombCounting,baselines,evtol,sensor_dropout,1,0.00277138,0.00355927,0.00247159,0.00443065,-0.00443065,0,0,0.00340291,81.2069,4184,nan,nan,nan,double
ecm,OCVLookup,baselines,evtol,sensor_dropout,1,0.0160238,0.013122,0.0130841,0.0503877,0.00259155,0,0,0.0119025,1311.76,4192,nan,nan,nan,double
ecm,CoulombOCVHybrid,baselines,evtol,sensor_dropout,1,0.00277808,0.001657,0.00251776,0.00493218,0.000571711,0,0,0.00178049,214.831,4192,nan,nan,nan,double
ecm,EKF,kalman,evtol,sensor_dropout,1,0.0142633,0.00919129,0.0123832,0.0439375,-0.00630668,0,0,0.00199574,479.54,4336,nan,nan,nan,double
ecm,UKF,kalman,evtol,sensor_dropout,1,0.0154863,0.00982447,0.0136016,0.0479365,-0.00670439,0.4,0,0.00213117,1445.89,4776,nan,nan,nan,double
ecm,LKF,kalman,evtol,sensor_dropout,1,0.0329546,0.0120634,0.0248562,0.0638427,-0.010034,0,0,0.00192566,330.504,4680,nan,nan,nan,double
ecm,IEKF,kalman,evtol,sensor_dropout,1,0.00425308,0.00118619,0.00233469,0.0149121,-0.00129745,0,0,0.00197901,594.235,4336,nan,nan,nan,double
ecm,CKF,kalman,evtol,sensor_dropout,1,0.0297478,0.0198493,0.0257414,0.0756632,-0.0131499,0,0,0.00203182,1250.84,4560,nan,nan,nan,double
ecm,SCKF,kalman,evtol,sensor_dropout,1,0.0297478,0.0198493,0.0257414,0.0756632,-0.0131499,0,0,0.00203182,1588.07,4696,nan,nan,nan,double
ecm,CKF5,kalman,evtol,sensor_dropout,1,0.0295319,0.0197637,0.0255728,0.0753007,-0.0130946,0,0,0.00204076,4048.47,5624,nan,nan,nan,double
ecm,CDKF,kalman,evtol,sensor_dropout,1,0.0295319,0.0197637,0.0255728,0.0753007,-0.0130946,0,0,0.00204076,1378.67,4312,nan,nan,nan,double
ecm,GHKF,kalman,evtol,sensor_dropout,1,0.0295319,0.0197637,0.0255728,0.0753007,-0.0130946,0,0,0.00204076,11994,10784,nan,nan,nan,double
ecm,IPLF,kalman,evtol,sensor_dropout,1,0.0136869,0.00835449,0.0123832,0.0371869,-0.00595435,0.3,0,0.00213501,2048.8,4784,nan,nan,nan,double
ecm,EIF,kalman,evtol,sensor_dropout,1,0.0142633,0.00919129,0.0123832,0.0439375,-0.00630668,0,0,0.00199574,1216.59,4472,nan,nan,nan,double
ecm,SR-EKF,kalman,evtol,sensor_dropout,1,0.0142633,0.00919129,0.0123832,0.0439375,-0.00630668,0,0,0.00199574,816.357,4440,nan,nan,nan,double
ecm,SR-UKF,kalman,evtol,sensor_dropout,1,0.0154863,0.00982447,0.0136016,0.0479365,-0.00670439,0.4,0,0.00213117,1553.53,4896,nan,nan,nan,double
ecm,UD-EKF,kalman,evtol,sensor_dropout,1,0.0142633,0.00919129,0.0123832,0.0439375,-0.00630668,0,0,0.00199574,484.925,4480,nan,nan,nan,double
ecm,SO-EKF,kalman,evtol,sensor_dropout,1,0.00357523,0.00205873,0.00303045,0.0391218,-0.00192779,0.4,0,0.00209096,4189.04,4496,nan,nan,nan,double
ecm,SageHusa-AKF,adaptive_kalman,evtol,sensor_dropout,1,0.00192971,0.00116867,0.00165739,0.0131962,-0.00119884,0,0,0.00138415,568.252,4808,nan,nan,nan,double
ecm,IAE-AKF,adaptive_kalman,evtol,sensor_dropout,1,0.00208226,0.000484418,0.00117787,0.0131962,-0.000695782,0,0,0.000946821,515.118,5040,nan,nan,nan,double
ecm,VB-AKF,adaptive_kalman,evtol,sensor_dropout,1,0.00179921,0.0011237,0.00152619,0.0131962,-0.0011899,0,0,0.00131257,874.091,4408,nan,nan,nan,double
ecm,STF,adaptive_kalman,evtol,sensor_dropout,1,0.00506227,0.000938387,0.00179046,0.0885268,-0.000898337,0,0,0.00238952,532.483,4680,nan,nan,nan,double
ecm,Fading-EKF,adaptive_kalman,evtol,sensor_dropout,1,0.0021192,0.000555715,0.00124025,0.0171594,0.000379753,0,0,0.00193051,500.234,4384,nan,nan,nan,double
ecm,Fuzzy-AKF,adaptive_kalman,evtol,sensor_dropout,1,0.00121692,0.000645329,0.000778107,0.0131962,-0.000842334,0,0,0.000952582,729.045,4816,nan,nan,nan,double
ecm,IMM,adaptive_kalman,evtol,sensor_dropout,1,0.00120162,0.000559728,0.000723596,0.0125792,-0.000744483,0,0,0.0019241,2061.23,4976,nan,nan,nan,double
ecm,MMAE,adaptive_kalman,evtol,sensor_dropout,1,0.0155642,0.0100732,0.0135707,0.0429389,-0.00721731,0,0,0.00200014,1774.91,13200,0.00106583,nan,nan,double
ecm,Schmidt-KF,robust_kalman,evtol,sensor_dropout,1,0.00390303,0.00511201,0.0033259,0.0131824,-0.00593957,0,0,0.00378365,1307.59,8856,nan,nan,nan,double
ecm,Hinf-EKF,robust_kalman,evtol,sensor_dropout,1,0.024392,0.015127,0.0207547,0.0673434,-0.00922374,0,0,0.00202996,812.149,4408,nan,nan,nan,double
ecm,Huber-EKF,robust_kalman,evtol,sensor_dropout,1,0.00240813,0.0015738,0.00211873,0.0131962,-0.00156942,0,0,0.00145244,641.147,4368,nan,nan,nan,double
ecm,MC-EKF,robust_kalman,evtol,sensor_dropout,1,0.00408131,0.0025745,0.0035376,0.0155078,-0.00206207,0,0,0.0014161,1003.96,4384,nan,nan,nan,double
ecm,StudentT-KF,robust_kalman,evtol,sensor_dropout,1,0.00239096,0.00164601,0.00214487,0.0131962,-0.00157356,0,0,0.00138356,695.923,4568,nan,nan,nan,double
ecm,Constrained-EKF,robust_kalman,evtol,sensor_dropout,1,0.0142928,0.00918685,0.0123975,0.0437525,-0.00630801,0,0,0.00199458,585.474,4416,nan,nan,nan,double
ecm,ReducedOrder-EKF,robust_kalman,evtol,sensor_dropout,1,0.00688374,0.000759965,0.00260078,0.0566398,0.000585696,0,0,0.00192742,328.551,4272,nan,nan,nan,double
ecm,SVSF,robust_kalman,evtol,sensor_dropout,1,0.00633788,0.00345498,0.00536228,0.0266637,-0.00260444,0,0,0.00221579,579.282,4376,nan,nan,nan,double
ecm,Luenberger,observers,evtol,sensor_dropout,1,0.00234781,0.000796282,0.00147607,0.0224215,0.000599248,0,0,0.00197833,486.769,4632,nan,nan,nan,double
ecm,SSKF,observers,evtol,sensor_dropout,1,0.00234781,0.000796282,0.00147607,0.0224215,0.000599248,0,0,0.00197833,424.64,4632,nan,nan,nan,double
ecm,PI-Observer,observers,evtol,sensor_dropout,1,0.00541299,0.000906439,0.00216632,0.06443,0.00063242,0,0,0.00203128,1332.39,4824,nan,nan,nan,double
ecm,SMO,observers,evtol,sensor_dropout,1,0.00228774,0.000815106,0.00148266,0.0188351,0.000605261,0,0,0.00198769,511.883,4800,nan,nan,nan,double
ecm,SMO-Adaptive,observers,evtol,sensor_dropout,1,0.00226271,0.000809295,0.00147626,0.0180722,0.000600179,0,0,0.00198523,505.973,4800,nan,nan,nan,double
ecm,SuperTwisting-SMO,observers,evtol,sensor_dropout,1,0.00404361,0.000921913,0.00188976,0.0377027,0.000586049,0,0,0.000962901,141.695,4280,nan,nan,nan,double
ecm,HGO,observers,evtol,sensor_dropout,1,0.00234781,0.000796282,0.00147607,0.0224215,0.000599248,0,0,0.00197833,487.89,4680,nan,nan,nan,double
ecm,ESO,observers,evtol,sensor_dropout,1,0.0054199,0.000985583,0.00221147,0.06443,0.000622723,0,0,0.00200732,1454.93,4784,nan,nan,nan,double
ecm,UIO,observers,evtol,sensor_dropout,1,0.00190061,0.000689559,0.00121142,0.00856305,-0.000783773,0,0,0.00432322,601.018,5072,nan,nan,nan,double
ecm,DOB,observers,evtol,sensor_dropout,1,0.00459864,0.00149733,0.00317155,0.0391315,0.000509908,0,0,0.00193135,565.742,4784,nan,nan,nan,double
ecm,AdaptiveObserver,observers,evtol,sensor_dropout,1,0.00204079,0.000660554,0.00102751,0.0188249,0.000186497,0,0,0.00197825,926.553,4864,0.0161444,nan,nan,double
ecm,IntervalObserver,observers,evtol,sensor_dropout,1,0.00234781,0.000796282,0.00147607,0.0224215,0.000599248,0,0,0.00197833,808.841,9024,nan,0,0.273775,double
ecm,JointEKF,soh,evtol,sensor_dropout,1,0.0137404,0.0142191,0.0114529,0.0600777,0.0130875,0,0,0.00204248,1222.98,8752,0.408792,nan,nan,double
ecm,JointUKF,soh,evtol,sensor_dropout,1,0.019921,0.019726,0.0165589,0.0808794,0.0176238,0.4,0,0.00212529,3109.63,9600,0.574671,nan,nan,double
ecm,DualEKF,soh,evtol,sensor_dropout,1,0.00788208,0.00586429,0.00623505,0.0294706,0.00536351,0,0,0.00211336,1273.37,4752,0.0556278,nan,nan,double
ecm,DualUKF,soh,evtol,sensor_dropout,1,0.0380614,0.0407057,0.0320185,0.0905459,0.0445309,0.4,0,0.00259175,2374.05,5512,0.590083,nan,nan,double
ecm,RLS-EKF,soh,evtol,sensor_dropout,1,0.00367823,0.000736935,0.00175755,0.0286263,0.000736182,0,0,0.00211911,493.3,8904,nan,nan,nan,double
ecm,AWTLS,soh,evtol,sensor_dropout,1,0.0137496,0.00966753,0.0109791,0.0439375,0.0162914,0,0,0.00199654,480.136,8776,0.48098,nan,nan,double
ecm,PF-Bootstrap,particle,evtol,sensor_dropout,1,0.00491738,0.000910001,0.00197264,0.0635051,-0.000663923,0,0,0.00188918,76573.6,46472,nan,nan,nan,double
ecm,PF-Fast,particle,evtol,sensor_dropout,1,0.00470401,0.00191951,0.00209945,0.0789908,-0.00203483,0,0,0.00213796,16002.4,9664,nan,nan,nan,double
ecm,PF-Regularized,particle,evtol,sensor_dropout,1,0.0041793,0.00152063,0.00233331,0.0564778,0.00103831,0,0,0.00173932,81752.9,46464,nan,nan,nan,double
ecm,PF-Auxiliary,particle,evtol,sensor_dropout,1,0.00166047,0.00116152,0.00123801,0.00815477,-0.000568326,0,0,0.00147223,103764,54584,nan,nan,nan,double
ecm,RBPF,particle,evtol,sensor_dropout,1,0.00287426,0.000967843,0.00115465,0.0629181,-0.00100241,0,0,0.00210614,39833.8,34016,nan,nan,nan,double
ecm,UPF,particle,evtol,sensor_dropout,1,0.00735015,0.00597923,0.00548989,0.0793808,0.00340897,0,0,0.00228582,18596.3,25360,nan,nan,nan,double
ecm,EnKF,particle,evtol,sensor_dropout,1,0.018377,0.00317851,0.00969762,0.070967,0.00112428,0.1,0,0.00202857,10245.1,6776,nan,nan,nan,double
ecm,ETKF,particle,evtol,sensor_dropout,1,0.0280938,0.0259155,0.0263323,0.0533049,-0.022631,0.1,0,0.00204482,10574.7,5304,nan,nan,nan,double
ecm,GSF,particle,evtol,sensor_dropout,1,0.00466608,0.000919563,0.00137368,0.071662,-0.000990385,0,0,0.00197845,1754.92,9192,nan,nan,nan,double
ecm,NN-Direct,learning,evtol,sensor_dropout,1,0.00868675,0.011748,0.0053995,0.0417983,-0.018842,0,0,nan,482.98,15152,nan,nan,nan,double
ecm,NN-EKF,learning,evtol,sensor_dropout,1,0.00753908,0.00515363,0.00538841,0.0361187,-0.0085905,196.5,0,0.00176581,1065.34,4376,nan,nan,nan,double
ecm,ELM-RLS-EKF,learning,evtol,sensor_dropout,1,0.0114502,0.00731409,0.0100032,0.0349312,-0.00518141,0,0,0.00199127,3264.01,11704,nan,nan,nan,double
ecm,MHE-RTI,optimization,evtol,sensor_dropout,1,0.0218664,0.0067014,0.0157025,0.0893113,-0.00179242,0,0,0.00221529,17200.2,26928,nan,nan,nan,double
ecm,MHE,optimization,evtol,sensor_dropout,1,0.0212612,0.00675515,0.015397,0.0860245,-0.00195245,0,0,0.00221597,32100.4,26928,nan,nan,nan,double
ecm,ERTS,smoothers,evtol,sensor_dropout,1,0.0081265,0.00643431,0.00792494,0.0114546,-0.00630668,0,0,0.00208309,918.007,12547032,nan,nan,nan,double
ecm,URTS,smoothers,evtol,sensor_dropout,1,0.00881518,0.00689484,0.00857668,0.0125655,-0.00670439,0,0,0.00223277,2472.5,12547056,nan,nan,nan,double
ecm,Batch-NLS,smoothers,evtol,sensor_dropout,1,0.000927507,0.00121085,0.00082182,0.00178293,-0.00178293,0,0,0.00192785,4652.21,17371352,nan,nan,nan,double
ecm,FixedLag-EKF,smoothers,evtol,sensor_dropout,1,0.0138791,0.00888383,0.0120478,0.0427605,-0.00624884,0,0,0.00199574,10012.6,19992,nan,nan,nan,double
ecm,CoulombCounting,baselines,evtol,sensor_dropout,2,0.00279832,0.0035998,0.00249178,0.0044623,-0.0044623,0,0,0.00344801,79.0691,4184,nan,nan,nan,double
ecm,OCVLookup,baselines,evtol,sensor_dropout,2,0.0156906,0.0128218,0.0129086,0.0476142,0.0026521,0,0,0.0116628,1304.7,4192,nan,nan,nan,double
ecm,CoulombOCVHybrid,baselines,evtol,sensor_dropout,2,0.00280723,0.00165994,0.00254279,0.0049648,0.000639137,0,0,0.00177968,209.598,4192,nan,nan,nan,double
ecm,EKF,kalman,evtol,sensor_dropout,2,0.00448791,0.00271751,0.00397013,0.0144955,-0.00198711,0,0,0.00184565,476.097,4336,nan,nan,nan,double
ecm,UKF,kalman,evtol,sensor_dropout,2,0.0114471,0.00685737,0.0098262,0.0397385,-0.00468811,0.5,0,0.00199676,1415.1,4776,nan,nan,nan,double
ecm,LKF,kalman,evtol,sensor_dropout,2,0.0323408,0.0120389,0.0244477,0.06247,-0.0102035,0,0,0.00182733,326.584,4680,nan,nan,nan,double
ecm,IEKF,kalman,evtol,sensor_dropout,2,0.00460718,0.00285955,0.00411913,0.0141542,-0.00219792,0,0,0.00184557,594.129,4336,nan,nan,nan,double
ecm,CKF,kalman,evtol,sensor_dropout,2,0.0248925,0.0167661,0.0216219,0.0626948,-0.0111127,0,0,0.00191043,1268.66,4560,nan,nan,nan,double
ecm,SCKF,kalman,evtol,sensor_dropout,2,0.0248925,0.0167661,0.0216219,0.0626948,-0.0111127,0,0,0.00191043,1559.22,4696,nan,nan,nan,double
ecm,CKF5,kalman,evtol,sensor_dropout,2,0.0243709,0.0163582,0.0211946,0.0615246,-0.010855,0,0,0.0019107,3996.75,5624,nan,nan,nan,double
ecm,CDKF,kalman,evtol,sensor_dropout,2,0.0243709,0.0163582,0.0211946,0.0615246,-0.010855,0,0,0.0019107,1369.24,4312,nan,nan,nan,double
ecm,GHKF,kalman,evtol,sensor_dropout,2,0.0243709,0.0163582,0.0211946,0.0615246,-0.010855,0,0,0.0019107,12093.6,10784,nan,nan,nan,double
ecm,IPLF,kalman,evtol,sensor_dropout,2,0.0202294,0.0133179,0.0179038,0.0528045,-0.00888234,0.3,0,0.00202316,2029.83,4784,nan,nan,nan,double
ecm,EIF,kalman,evtol,sensor_dropout,2,0.00448791,0.00271751,0.00397013,0.0144955,-0.00198711,0,0,0.00184565,1225.28,4472,nan,nan,nan,double
ecm,SR-EKF,kalman,evtol,sensor_dropout,2,0.00448791,0.00271751,0.00397013,0.0144955,-0.00198711,0,0,0.00184565,857.344,4440,nan,nan,nan,double
ecm,SR-UKF,kalman,evtol,sensor_dropout,2,0.0114471,0.00685737,0.0098262,0.0397385,-0.00468811,0.5,0,0.00199676,1554.82,4896,nan,nan,nan,double
ecm,UD-EKF,kalman,evtol,sensor_dropout,2,0.00448791,0.00271751,0.00397013,0.0144955,-0.00198711,0,0,0.00184565,483.528,4480,nan,nan,nan,double
ecm,SO-EKF,kalman,evtol,sensor_dropout,2,0.00430743,0.0027168,0.00377822,0.0392474,-0.00198681,0.4,0,0.00196344,4204.82,4496,nan,nan,nan,double
ecm,SageHusa-AKF,adaptive_kalman,evtol,sensor_dropout,2,0.00282744,0.000573169,0.00136657,0.00958177,-0.00065919,0,0,0.00128237,546.331,4808,nan,nan,nan,double
ecm,IAE-AKF,adaptive_kalman,evtol,sensor_dropout,2,0.00190082,0.000652783,0.0010662,0.00943612,-0.000817563,0,0,0.000917715,495.02,5040,nan,nan,nan,double
ecm,VB-AKF,adaptive_kalman,evtol,sensor_dropout,2,0.00224294,0.0010938,0.00148975,0.0104351,-0.00115926,0,0,0.00124962,864.515,4408,nan,nan,nan,double
ecm,STF,adaptive_kalman,evtol,sensor_dropout,2,0.00482713,0.000940759,0.00165438,0.0877841,0.000308648,0,0,0.00230973,532.329,4680,nan,nan,nan,double
ecm,Fading-EKF,adaptive_kalman,evtol,sensor_dropout,2,0.00207735,0.000504114,0.0010255,0.011699,0.000708165,0,0,0.00180964,498.679,4384,nan,nan,nan,double
ecm,Fuzzy-AKF,adaptive_kalman,evtol,sensor_dropout,2,0.00333768,0.000320671,0.00188057,0.0116089,-0.000255983,0,0,0.000848908,723.185,4816,nan,nan,nan,double
ecm,IMM,adaptive_kalman,evtol,sensor_dropout,2,0.00196727,0.00055821,0.00106485,0.00923598,-0.00064365,0,0,0.00180079,2049.31,4976,nan,nan,nan,double
ecm,MMAE,adaptive_kalman,evtol,sensor_dropout,2,0.00710295,0.00371979,0.00586702,0.0233792,-0.00295219,0,0,0.00184891,1771.2,13200,0.000845947,nan,nan,double
ecm,Schmidt-KF,robust_kalman,evtol,sensor_dropout,2,0.00356802,0.00430015,0.00304783,0.00844,-0.00378138,0,0,0.00364629,1303.67,8856,nan,nan,nan,double
ecm,Hinf-EKF,robust_kalman,evtol,sensor_dropout,2,0.00834995,0.00419079,0.00679418,0.0307397,-0.00249899,0,0,0.0018528,792.259,4408,nan,nan,nan,double
ecm,Huber-EKF,robust_kalman,evtol,sensor_dropout,2,0.0020151,0.00126575,0.00175628,0.00827881,-0.00119546,0,0,0.00130258,641.078,4368,nan,nan,nan,double
ecm,MC-EKF,robust_kalman,evtol,sensor_dropout,2,0.00216774,0.00118674,0.00159843,0.00906392,-0.00119156,0,0,0.00125477,997.047,4384,nan,nan,nan,double
ecm,StudentT-KF,robust_kalman,evtol,sensor_dropout,2,0.00212321,0.00127383,0.00177433,0.00827881,-0.00120458,0,0,0.00125174,698.456,4568,nan,nan,nan,double
ecm,Constrained-EKF,robust_kalman,evtol,sensor_dropout,2,0.00484737,0.00285872,0.00423653,0.0168368,-0.0021635,0,0,0.00184401,582.465,4416,nan,nan,nan,double
ecm,ReducedOrder-EKF,robust_kalman,evtol,sensor_dropout,2,0.00623966,0.000694113,0.002379,0.0505072,0.000640629,0,0,0.00171815,329.676,4272,nan,nan,nan,double
ecm,SVSF,robust_kalman,evtol,sensor_dropout,2,0.0188063,0.0115623,0.0160846,0.0560306,-0.0076946,0,0,0.00218345,586.502,4376,nan,nan,nan,double
ecm,Luenberger,observers,evtol,sensor_dropout,2,0.00191741,0.000749697,0.00117384,0.0162191,0.000988855,0,0,0.00185055,480.532,4632,nan,nan,nan,double
ecm,SSKF,observers,evtol,sensor_dropout,2,0.00191741,0.000749697,0.00117384,0.0162191,0.000988855,0,0,0.00185055,418.477,4632,nan,nan,nan,double
ecm,PI-Observer,observers,evtol,sensor_dropout,2,0.00532398,0.000881979,0.00212474,0.0595215,0.00134815,0,0,0.00190948,1525.32,4824,nan,nan,nan,double
ecm,SMO,observers,evtol,sensor_dropout,2,0.0020289,0.000770221,0.00117438,0.0208813,0.000996024,0,0,0.00185991,566.722,4800,nan,nan,nan,double
ecm,SMO-Adaptive,observers,evtol,sensor_dropout,2,0.00210469,0.000757848,0.00130181,0.0200233,0.000990135,0,0,0.00185474,525.938,4800,nan,nan,nan,double
ecm,SuperTwisting-SMO,observers,evtol,sensor_dropout,2,0.00390573,0.0008447,0.00183971,0.0363454,0.000790367,0,0,0.000934268,142.769,4280,nan,nan,nan,double
ecm,HGO,observers,evtol,sensor_dropout,2,0.00191741,0.000749697,0.00117384,0.0162191,0.000988855,0,0,0.00185055,486.07,4680,nan,nan,nan,double
ecm,ESO,observers,evtol,sensor_dropout,2,0.00532756,0.000924213,0.00216081,0.0595215,0.00131821,0,0,0.00187454,1608.32,4784,nan,nan,nan,double
ecm,UIO,observers,evtol,sensor_dropout,2,0.00180466,0.000525964,0.0011145,0.00860329,-0.000847456,0,0,0.00440144,593.323,5072,nan,nan,nan,double
ecm,DOB,observers,evtol,sensor_dropout,2,0.00447753,0.00142913,0.00308831,0.0352706,0.000660674,0,0,0.00181178,615.22,4784,nan,nan,nan,double
ecm,AdaptiveObserver,observers,evtol,sensor_dropout,2,0.00184656,0.000787089,0.00100969,0.0135954,0.000572569,0,0,0.00185243,903.187,4864,0.015933,nan,nan,double
ecm,IntervalObserver,observers,evtol,sensor_dropout,2,0.00191741,0.000749697,0.00117384,0.0162191,0.000988855,0,0,0.00185055,819.988,9024,nan,0,0.274428,double
ecm,JointEKF,soh,evtol,sensor_dropout,2,0.0171418,0.0178601,0.0142499,0.0688123,0.0157595,0,0,0.00190027,1249.53,8752,0.521502,nan,nan,double
ecm,JointUKF,soh,evtol,sensor_dropout,2,0.0174428,0.0179448,0.0145857,0.0820798,0.0145173,0.5,0,0.00192835,3109.2,9600,0.483255,nan,nan,double
ecm,DualEKF,soh,evtol,sensor_dropout,2,0.00239015,0.000219079,0.000996724,0.00919322,0.000130199,0,0,0.00200839,1273.16,4752,0.0483706,nan,nan,double
ecm,DualUKF,soh,evtol,sensor_dropout,2,0.0376369,0.0448388,0.0321827,0.0784663,0.0485239,0.5,0,0.00243144,2370.42,5512,0.774245,nan,nan,double
ecm,RLS-EKF,soh,evtol,sensor_dropout,2,0.00313218,0.00133728,0.00247202,0.0118812,0.00185143,0,0,0.00196932,495.751,8904,nan,nan,nan,double
ecm,AWTLS,soh,evtol,sensor_dropout,2,0.00483413,0.00419532,0.0040894,0.0144955,0.00644291,0,0,0.00184528,477.835,8776,0.184003,nan,nan,double
ecm,PF-Bootstrap,particle,evtol,sensor_dropout,2,0.00244152,0.00182407,0.00169318,0.024061,0.00265587,0,0,0.00139907,76809.3,46472,nan,nan,nan,double
ecm,PF-Fast,particle,evtol,sensor_dropout,2,0.00511454,0.00198471,0.00262583,0.0715655,0.00199016,0,0,0.00197852,15990.5,9664,nan,nan,nan,double
ecm,PF-Regularized,particle,evtol,sensor_dropout,2,0.00264107,0.000941374,0.00128322,0.0382292,0.00133583,0,0,0.00147803,81763.3,46464,nan,nan,nan,double
ecm,PF-Auxiliary,particle,evtol,sensor_dropout,2,0.001656,0.00111879,0.00114522,0.00998466,0.00161415,0,0,0.00134527,104192,54584,nan,nan,nan,double
ecm,RBPF,particle,evtol,sensor_dropout,2,0.00363616,0.000651015,0.00202582,0.0541775,-0.000842773,0,0,0.0019719,40177,34016,nan,nan,nan,double
ecm,UPF,particle,evtol,sensor_dropout,2,0.00786431,0.00423252,0.00458104,0.0588641,-6.81202e-05,0,0,0.00206203,18442.4,25360,nan,nan,nan,double
ecm,EnKF,particle,evtol,sensor_dropout,2,0.0206748,0.00308911,0.0127255,0.07028,0.000369888,0.1,0,0.0018405,10247.3,6776,nan,nan,nan,double
ecm,ETKF,particle,evtol,sensor_dropout,2,0.00714729,0.00394377,0.0061772,0.0348696,0.00127043,0.1,0,0.00187406,10415.2,5304,nan,nan,nan,double
ecm,GSF,particle,evtol,sensor_dropout,2,0.00653825,0.00110678,0.00215506,0.085176,-0.0011974,0,0,0.00182077,1737.86,9192,nan,nan,nan,double
ecm,NN-Direct,learning,evtol,sensor_dropout,2,0.00892538,0.0121622,0.00536122,0.0437653,-0.0204286,0,0,nan,483.995,15152,nan,nan,nan,double
ecm,NN-EKF,learning,evtol,sensor_dropout,2,0.00756032,0.00471612,0.00476506,0.0289832,-0.00810202,201.4,0,0.00162676,1059.5,4376,nan,nan,nan,double
ecm,ELM-RLS-EKF,learning,evtol,sensor_dropout,2,0.00416171,0.00259489,0.00371532,0.0129422,-0.00192659,0,0,0.00184103,3276.29,11704,nan,nan,nan,double
ecm,MHE-RTI,optimization,evtol,sensor_dropout,2,0.0165844,0.00467342,0.0115041,0.0749133,-0.00231089,0,0,0.00209171,17244.2,26928,nan,nan,nan,double
ecm,MHE,optimization,evtol,sensor_dropout,2,0.0135322,0.00385517,0.00930491,0.0668681,-0.00231203,0,0,0.00209091,32206.8,26928,nan,nan,nan,double
ecm,ERTS,smoothers,evtol,sensor_dropout,2,0.00138316,0.00154514,0.00135293,0.00198711,-0.00198711,0,0,0.00179292,903.598,12547032,nan,nan,nan,double
ecm,URTS,smoothers,evtol,sensor_dropout,2,0.00562677,0.0046176,0.00551907,0.00773743,-0.00468811,0,0,0.00187639,2475.91,12547056,nan,nan,nan,double
ecm,Batch-NLS,smoothers,evtol,sensor_dropout,2,0.000665121,0.000838754,0.000562383,0.00136026,-0.00136026,0,0,0.00177857,4451.68,17371352,nan,nan,nan,double
ecm,FixedLag-EKF,smoothers,evtol,sensor_dropout,2,0.00416614,0.00242426,0.00365281,0.0131992,-0.00192864,0,0,0.00184565,9982.14,19992,nan,nan,nan,double
ecm,CoulombCounting,baselines,evtol,sensor_dropout,3,0.00278581,0.00357847,0.00248219,0.00445006,-0.00445006,0,0,0.00339272,78.8509,4184,nan,nan,nan,double
ecm,OCVLookup,baselines,evtol,sensor_dropout,3,0.0156142,0.0131926,0.0129727,0.0456434,0.00270195,0,0,0.0119013,1307.02,4192,nan,nan,nan,double
ecm,CoulombOCVHybrid,baselines,evtol,sensor_dropout,3,0.00284768,0.00171805,0.0025892,0.00501049,0.000665013,0,0,0.00181857,209.337,4192,nan,nan,nan,double
ecm,EKF,kalman,evtol,sensor_dropout,3,0.00291092,0.00197013,0.00266871,0.00964518,-0.00164547,0,0,0.00133536,480.253,4336,nan,nan,nan,double
ecm,UKF,kalman,evtol,sensor_dropout,3,0.0146949,0.00899207,0.0127307,0.0553246,-0.00624372,0.5,0,0.00157507,1436.85,4776,nan,nan,nan,double
ecm,LKF,kalman,evtol,sensor_dropout,3,0.0328573,0.011937,0.0247228,0.0639121,-0.0100673,0,0,0.00148756,329.788,4680,nan,nan,nan,double
ecm,IEKF,kalman,evtol,sensor_dropout,3,0.00231443,0.00150763,0.00208996,0.00957108,-0.00138594,0,0,0.00133511,595.531,4336,nan,nan,nan,double
ecm,CKF,kalman,evtol,sensor_dropout,3,0.030235,0.020867,0.0265338,0.0892842,-0.013813,0,0,0.00162806,1243.53,4560,nan,nan,nan,double
ecm,SCKF,kalman,evtol,sensor_dropout,3,0.030235,0.020867,0.0265338,0.0892842,-0.013813,0,0,0.00162806,1567.46,4696,nan,nan,nan,double
ecm,CKF5,kalman,evtol,sensor_dropout,3,0.0285375,0.0196492,0.0250089,0.0867319,-0.0130606,0,0,0.00161521,4018.57,5624,nan,nan,nan,double
ecm,CDKF,kalman,evtol,sensor_dropout,3,0.0285375,0.0196492,0.0250089,0.0867319,-0.0130606,0,0,0.00161521,1348.82,4312,nan,nan,nan,double
ecm,GHKF,kalman,evtol,sensor_dropout,3,0.0285375,0.0196492,0.0250089,0.0867319,-0.0130606,0,0,0.00161521,11865.4,10784,nan,nan,nan,double
ecm,IPLF,kalman,evtol,sensor_dropout,3,0.00413863,0.00196564,0.0032907,0.0365461,-0.0016785,0.2,0,0.00152394,2046.69,4784,nan,nan,nan,double
ecm,EIF,kalman,evtol,sensor_dropout,3,0.00291092,0.00197013,0.00266871,0.00964518,-0.00164547,0,0,0.00133536,1221.53,4472,nan,nan,nan,double
ecm,SR-EKF,kalman,evtol,sensor_dropout,3,0.00291092,0.00197013,0.00266871,0.00964518,-0.00164547,0,0,0.00133536,826.852,4440,nan,nan,nan,double
ecm,SR-UKF,kalman,evtol,sensor_dropout,3,0.0146949,0.00899207,0.0127307,0.0553246,-0.00624372,0.5,0,0.00157507,1553.69,4896,nan,nan,nan,double
ecm,UD-EKF,kalman,evtol,sensor_dropout,3,0.00291092,0.00197013,0.00266871,0.00964518,-0.00164547,0,0,0.00133536,485.487,4480,nan,nan,nan,double
ecm,SO-EKF,kalman,evtol,sensor_dropout,3,0.00280379,0.000564133,0.00130593,0.0401818,-0.000871818,0.5,0,0.00149561,4187.56,4496,nan,nan,nan,double
ecm,SageHusa-AKF,adaptive_kalman,evtol,sensor_dropout,3,0.00202843,0.000547122,0.0010644,0.00964518,-0.000827645,0,0,0.00090529,544.173,4808,nan,nan,nan,double
ecm,IAE-AKF,adaptive_kalman,evtol,sensor_dropout,3,0.0021131,0.000390053,0.00123619,0.00964518,-0.000748341,0,0,0.000832218,498.165,5040,nan,nan,nan,double
ecm,VB-AKF,adaptive_kalman,evtol,sensor_dropout,3,0.00118972,0.000740976,0.000828256,0.00964518,-0.000928438,0,0,0.000883044,873.705,4408,nan,nan,nan,double
ecm,STF,adaptive_kalman,evtol,sensor_dropout,3,0.00482149,0.00110463,0.00190208,0.0827381,0.00115239,0,0,0.0019253,528.059,4680,nan,nan,nan,double
ecm,Fading-EKF,adaptive_kalman,evtol,sensor_dropout,3,0.00199261,0.000522902,0.00108457,0.0138527,0.000362238,0,0,0.00126171,498.07,4384,nan,nan,nan,double
ecm,Fuzzy-AKF,adaptive_kalman,evtol,sensor_dropout,3,0.00114201,0.000786092,0.000848591,0.00964518,-0.000962503,0,0,0.000835252,707.753,4816,nan,nan,nan,double
ecm,IMM,adaptive_kalman,evtol,sensor_dropout,3,0.00227544,0.00040033,0.00135679,0.00919419,-0.000781953,0,0,0.00131148,2058.21,4976,nan,nan,nan,double
ecm,MMAE,adaptive_kalman,evtol,sensor_dropout,3,0.00565839,0.00364842,0.00502766,0.0313801,-0.00256244,0,0,0.00135549,1770.45,13200,0.00121921,nan,nan,double
ecm,Schmidt-KF,robust_kalman,evtol,sensor_dropout,3,0.00395825,0.00436896,0.00376617,0.00963274,-0.00401734,0,0,0.00406995,1298.85,8856,nan,nan,nan,double
ecm,Hinf-EKF,robust_kalman,evtol,sensor_dropout,3,0.0147981,0.00846698,0.0123881,0.0627207,-0.00520753,0,0,0.00142787,801.593,4408,nan,nan,nan,double
ecm,Huber-EKF,robust_kalman,evtol,sensor_dropout,3,0.00144753,0.000735854,0.00092371,0.00964518,-0.000906602,0,0,0.000894438,640.938,4368,nan,nan,nan,double
ecm,MC-EKF,robust_kalman,evtol,sensor_dropout,3,0.00160325,0.000550189,0.000883195,0.00964519,-0.000841968,0,0,0.000922048,998.772,4384,nan,nan,nan,double
ecm,StudentT-KF,robust_kalman,evtol,sensor_dropout,3,0.00144635,0.000556989,0.00083901,0.00964518,-0.00082827,0,0,0.000864978,696.733,4568,nan,nan,nan,double
ecm,Constrained-EKF,robust_kalman,evtol,sensor_dropout,3,0.00291092,0.00197014,0.00266872,0.00964518,-0.00164552,0,0,0.00133536,580.845,4416,nan,nan,nan,double
ecm,ReducedOrder-EKF,robust_kalman,evtol,sensor_dropout,3,0.00284225,0.000727426,0.00160857,0.0204144,0.000576263,0,0,0.000904464,328.583,4272,nan,nan,nan,double
ecm,SVSF,robust_kalman,evtol,sensor_dropout,3,0.00451595,0.0024915,0.00385745,0.018527,-0.00205549,0,0,0.00161003,582.95,4376,nan,nan,nan,double
ecm,Luenberger,observers,evtol,sensor_dropout,3,0.00203376,0.000768399,0.00137761,0.0127173,0.000448424,0,0,0.00134858,493.585,4632,nan,nan,nan,double
ecm,SSKF,observers,evtol,sensor_dropout,3,0.00203376,0.000768399,0.00137761,0.0127173,0.000448424,0,0,0.00134858,427.565,4632,nan,nan,nan,double
ecm,PI-Observer,observers,evtol,sensor_dropout,3,0.00648633,0.00146155,0.00277862,0.0637764,0.000483452,0,0,0.00176861,1421.51,4824,nan,nan,nan,double
ecm,SMO,observers,evtol,sensor_dropout,3,0.00204046,0.000785518,0.00136592,0.014113,0.00041917,0,0,0.00135359,509.885,4800,nan,nan,nan,double
ecm,SMO-Adaptive,observers,evtol,sensor_dropout,3,0.0020245,0.000775744,0.001353,0.0138895,0.000429758,0,0,0.00135057,511.906,4800,nan,nan,nan,double
ecm,SuperTwisting-SMO,observers,evtol,sensor_dropout,3,0.00305701,0.000879294,0.00169861,0.0252541,0.000721989,0,0,0.000829151,140.06,4280,nan,nan,nan,double
ecm,HGO,observers,evtol,sensor_dropout,3,0.00203376,0.000768399,0.00137761,0.0127173,0.000448424,0,0,0.00134858,497.122,4680,nan,nan,nan,double
ecm,ESO,observers,evtol,sensor_dropout,3,0.00610835,0.000958157,0.00251333,0.0623422,0.000480937,0,0,0.00138619,1550.91,4784,nan,nan,nan,double
ecm,UIO,observers,evtol,sensor_dropout,3,0.00179001,0.000577176,0.00112413,0.00835391,-0.00128638,0,0,0.004232,583.046,5072,nan,nan,nan,double
ecm,DOB,observers,evtol,sensor_dropout,3,0.00353132,0.00133165,0.00268968,0.0221385,0.000163114,0,0,0.0013541,569.51,4784,nan,nan,nan,double
ecm,AdaptiveObserver,observers,evtol,sensor_dropout,3,0.00176334,0.000690509,0.000922196,0.0100272,6.23609e-05,0,0,0.00135113,879.836,4864,0.0163231,nan,nan,double
ecm,IntervalObserver,observers,evtol,sensor_dropout,3,0.00203376,0.000768399,0.00137761,0.0127173,0.000448424,0,0,0.00134858,816.165,9024,nan,0,0.273204,double
ecm,JointEKF,soh,evtol,sensor_dropout,3,0.0101177,0.0105646,0.00865485,0.0585139,0.00880325,0,0,0.00147631,1210.53,8752,0.282501,nan,nan,double
ecm,JointUKF,soh,evtol,sensor_dropout,3,0.0189586,0.0181772,0.0156442,0.0941618,0.0133254,0.5,0,0.00172522,3087.45,9600,0.432922,nan,nan,double
ecm,DualEKF,soh,evtol,sensor_dropout,3,0.00378475,0.00240409,0.00291532,0.0165318,0.00129226,0,0,0.00139356,1270.17,4752,0.0250105,nan,nan,double
ecm,DualUKF,soh,evtol,sensor_dropout,3,0.033632,0.0380112,0.0291275,0.0906199,0.0342981,0.5,0,0.00192763,2369.15,5512,0.171376,nan,nan,double
ecm,RLS-EKF,soh,evtol,sensor_dropout,3,0.00430553,0.00279801,0.00382325,0.0157301,0.00223233,0,0,0.00165136,496.127,8904,nan,nan,nan,double
ecm,AWTLS,soh,evtol,sensor_dropout,3,0.00281988,0.00205412,0.0023598,0.00964518,0.00341235,0,0,0.00133494,477.014,8776,0.119478,nan,nan,double
ecm,PF-Bootstrap,particle,evtol,sensor_dropout,3,0.00135426,0.00109957,0.0010341,0.0119015,-0.000400962,0,0,0.00100421,76565.6,46472,nan,nan,nan,double
ecm,PF-Fast,particle,evtol,sensor_dropout,3,0.00407866,0.00210854,0.00227114,0.0655356,0.00100307,0,0,0.00137276,15968.4,9664,nan,nan,nan,double
ecm,PF-Regularized,particle,evtol,sensor_dropout,3,0.0048368,0.0010689,0.00245398,0.0434076,-0.000484692,0,0,0.00106526,81594.2,46464,nan,nan,nan,double
ecm,PF-Auxiliary,particle,evtol,sensor_dropout,3,0.00164717,0.00127825,0.0011669,0.0103465,0.00141536,0,0,0.000985103,104382,54584,nan,nan,nan,double
ecm,RBPF,particle,evtol,sensor_dropout,3,0.00309353,0.00043125,0.00175773,0.0443394,-8.83849e-05,0,0,0.00147832,40000.9,34016,nan,nan,nan,double
ecm,UPF,particle,evtol,sensor_dropout,3,0.00518058,0.0045099,0.00370926,0.0603988,-0.00949214,0,0,0.00164865,18620.5,25360,nan,nan,nan,double
ecm,EnKF,particle,evtol,sensor_dropout,3,0.0187288,0.00368693,0.0093488,0.0878053,-0.00307258,0.1,0,0.00148147,10431.2,6776,nan,nan,nan,double
ecm,ETKF,particle,evtol,sensor_dropout,3,0.00266116,0.00248097,0.00250998,0.0340599,-0.00274211,0.1,0,0.00132734,10702.9,5304,nan,nan,nan,double
ecm,GSF,particle,evtol,sensor_dropout,3,0.00695076,0.00103642,0.00210038,0.110045,-0.00109504,0,0,0.00143986,1790.74,9192,nan,nan,nan,double
ecm,NN-Direct,learning,evtol,sensor_dropout,3,0.00839469,0.0112486,0.0053421,0.0396258,-0.0180116,0,0,nan,486.063,15152,nan,nan,nan,double
ecm,NN-EKF,learning,evtol,sensor_dropout,3,0.00739606,0.00354981,0.00489932,0.0322143,-0.00738629,197.1,0,0.00108029,1089.99,4376,nan,nan,nan,double
ecm,ELM-RLS-EKF,learning,evtol,sensor_dropout,3,0.00182643,0.00119745,0.00158236,0.00964518,-0.00109295,0,0,0.00133336,3309.12,11704,nan,nan,nan,double
ecm,MHE-RTI,optimization,evtol,sensor_dropout,3,0.00679409,0.0013978,0.00444814,0.0376014,-0.000968032,0,0,0.0016975,17362.3,26928,nan,nan,nan,double
ecm,MHE,optimization,evtol,sensor_dropout,3,0.00948567,0.00165734,0.00622476,0.0480011,-0.000968982,0,0,0.00169941,33021.7,26928,nan,nan,nan,double
ecm,ERTS,smoothers,evtol,sensor_dropout,3,0.000856601,0.00110217,0.000770232,0.00164547,-0.00164547,0,0,0.00117297,937.735,12547032,nan,nan,nan,double
ecm,URTS,smoothers,evtol,sensor_dropout,3,0.00796782,0.00632385,0.00777077,0.0112557,-0.00624372,0,0,0.00146028,2525.96,12547056,nan,nan,nan,double
ecm,Batch-NLS,smoothers,evtol,sensor_dropout,3,0.0010113,0.000508425,0.000785738,0.00238132,-0.00104687,0,0,0.001171,4613.75,17371352,nan,nan,nan,double
ecm,FixedLag-EKF,smoothers,evtol,sensor_dropout,3,0.00258211,0.0016772,0.00233499,0.00964518,-0.00159302,0,0,0.00133536,10259.5,19992,nan,nan,nan,double
ecm,CoulombCounting,baselines,evtol,preisach,1,0.00276798,0.00355467,0.00246872,0.00442456,-0.00442456,0,0,0.00921359,80.2419,4184,nan,nan,nan,double
ecm,OCVLookup,baselines,evtol,preisach,1,0.0182613,0.0215746,0.0166936,0.0493301,0.0183157,0,0,0.0113843,1310.99,4192,nan,nan,nan,double
ecm,CoulombOCVHybrid,baselines,evtol,preisach,1,0.0222145,0.0230597,0.0217714,0.0248382,0.00708832,0,0,0.0228988,209.027,4192,nan,nan,nan,double
ecm,EKF,kalman,evtol,preisach,1,0.00518638,0.00206872,0.00356979,0.0155712,0.00493874,0,0,0.000810758,478.043,4336,nan,nan,nan,double
ecm,UKF,kalman,evtol,preisach,1,0.0129292,0.00221746,0.00614852,0.0541298,0.0051911,214.4,0,0.00119893,1470.33,4776,nan,nan,nan,double
ecm,LKF,kalman,evtol,preisach,1,0.0276594,0.0106627,0.0214655,0.0543293,-0.00492955,0,0,0.00110726,333.922,4680,nan,nan,nan,double
ecm,IEKF,kalman,evtol,preisach,1,0.00870727,0.00201717,0.00570981,0.028531,0.00432463,218.8,0,0.000817023,593.663,4336,nan,nan,nan,double
ecm,CKF,kalman,evtol,preisach,1,0.0126047,0.0023976,0.0060544,0.0447643,0.00548031,218.1,0,0.000842602,1263.3,4560,nan,nan,nan,double
ecm,SCKF,kalman,evtol,preisach,1,0.0126047,0.0023976,0.0060544,0.0447643,0.00548031,218.1,0,0.000842602,1604,4696,nan,nan,nan,double
ecm,CKF5,kalman,evtol,preisach,1,0.0131169,0.00240247,0.00620518,0.0456279,0.00547576,218.1,0,0.000854756,4201.97,5624,nan,nan,nan,double
ecm,CDKF,kalman,evtol,preisach,1,0.0131169,0.00240247,0.00620518,0.0456279,0.00547576,218.1,0,0.000854756,1403.26,4312,nan,nan,nan,double
ecm,GHKF,kalman,evtol,preisach,1,0.0131169,0.00240247,0.00620518,0.0456279,0.00547576,218.1,0,0.000854756,12062.9,10784,nan,nan,nan,double
ecm,IPLF,kalman,evtol,preisach,1,0.00500164,0.00200567,0.00369852,0.0354551,0.00475487,0.4,0,0.00117152,2069.25,4784,nan,nan,nan,double
ecm,EIF,kalman,evtol,preisach,1,0.00518638,0.00206872,0.00356979,0.0155712,0.00493874,0,0,0.000810758,1227.8,4472,nan,nan,nan,double
ecm,SR-EKF,kalman,evtol,preisach,1,0.00518638,0.00206872,0.00356979,0.0155712,0.00493874,0,0,0.000810758,843.625,4440,nan,nan,nan,double
ecm,SR-UKF,kalman,evtol,preisach,1,0.0129292,0.00221746,0.00614852,0.0541298,0.0051911,214.4,0,0.00119893,1621.44,4896,nan,nan,nan,double
ecm,UD-EKF,kalman,evtol,preisach,1,0.00518638,0.00206872,0.00356979,0.0155712,0.00493874,0,0,0.000810758,487.521,4480,nan,nan,nan,double
ecm,SO-EKF,kalman,evtol,preisach,1,0.0143086,0.00209391,0.00680646,0.0551383,0.00497926,218.3,0,0.00115259,4434.06,4496,nan,nan,nan,double
ecm,SageHusa-AKF,adaptive_kalman,evtol,preisach,1,0.00583889,0.00198004,0.00416832,0.0165862,0.00461412,0,0,0.000812622,552.359,4808,nan,nan,nan,double
ecm,IAE-AKF,adaptive_kalman,evtol,preisach,1,0.00601325,0.00198714,0.0041888,0.0177929,0.00466176,0,0,0.000811818,551.335,5040,nan,nan,nan,double
ecm,VB-AKF,adaptive_kalman,evtol,preisach,1,0.004797,0.00205748,0.00348759,0.0136403,0.00488777,0,0,0.000809607,888.301,4408,nan,nan,nan,double
ecm,STF,adaptive_kalman,evtol,preisach,1,0.0116967,0.00997299,0.00853041,0.0485382,0.0155802,236.4,0,0.000915425,555.946,4680,nan,nan,nan,double
ecm,Fading-EKF,adaptive_kalman,evtol,preisach,1,0.0111969,0.00865305,0.00867191,0.0294708,0.0139224,225.6,0,0.000792199,518.919,4384,nan,nan,nan,double
ecm,Fuzzy-AKF,adaptive_kalman,evtol,preisach,1,0.00595316,0.00198049,0.00416427,0.0178524,0.00464161,0,0,0.000812644,810.573,4816,nan,nan,nan,double
ecm,IMM,adaptive_kalman,evtol,preisach,1,0.00633483,0.00195895,0.00441853,0.0190926,0.00452861,0,0,0.000813832,2346.79,4976,nan,nan,nan,double
ecm,MMAE,adaptive_kalman,evtol,preisach,1,0.00747023,0.00242826,0.00574412,0.0214151,0.00403118,0,0,0.000825374,1811.27,13200,0.00110873,nan,nan,double
ecm,Schmidt-KF,robust_kalman,evtol,preisach,1,0.010022,0.00515982,0.00700333,0.0211283,0.0101034,0,0,0.00729758,1331.81,8856,nan,nan,nan,double
ecm,Hinf-EKF,robust_kalman,evtol,preisach,1,0.00618142,0.00330892,0.00408714,0.0214877,0.00718352,0,0,0.000808028,815.589,4408,nan,nan,nan,double
ecm,Huber-EKF,robust_kalman,evtol,preisach,1,0.00448105,0.00196669,0.00349012,0.0125559,0.00460341,0,0,0.000808095,665.891,4368,nan,nan,nan,double
ecm,MC-EKF,robust_kalman,evtol,preisach,1,0.00480527,0.00194524,0.00352563,0.0126708,0.00464697,0,0,0.000808726,1005.88,4384,nan,nan,nan,double
ecm,StudentT-KF,robust_kalman,evtol,preisach,1,0.00477918,0.00198385,0.00352939,0.01257,0.00473201,0,0,0.000803863,702.456,4568,nan,nan,nan,double
ecm,Constrained-EKF,robust_kalman,evtol,preisach,1,0.00518639,0.00206872,0.0035698,0.0155712,0.00493873,0,0,0.000810758,583.842,4416,nan,nan,nan,double
ecm,ReducedOrder-EKF,robust_kalman,evtol,preisach,1,0.0100228,0.00995621,0.00803304,0.0285723,0.0156542,0,0,0.000963242,329.02,4272,nan,nan,nan,double
ecm,SVSF,robust_kalman,evtol,preisach,1,0.00768167,0.00223671,0.00447874,0.0249729,0.00524701,209.2,0,0.000823149,585.736,4376,nan,nan,nan,double
ecm,Luenberger,observers,evtol,preisach,1,0.00820726,0.0100343,0.00689044,0.0161047,0.0157315,0,0,0.000849132,467.507,4632,nan,nan,nan,double
ecm,SSKF,observers,evtol,preisach,1,0.00820726,0.0100343,0.00689044,0.0161047,0.0157315,0,0,0.000849132,406.771,4632,nan,nan,nan,double
ecm,PI-Observer,observers,evtol,preisach,1,0.0120495,0.0108224,0.00914663,0.0365473,0.0164114,223.3,0,0.000917161,1286.28,4824,nan,nan,nan,double
ecm,SMO,observers,evtol,preisach,1,0.00839797,0.0101392,0.00705137,0.0162336,0.0158195,0,0,0.000854868,519.294,4800,nan,nan,nan,double
ecm,SMO-Adaptive,observers,evtol,preisach,1,0.00834472,0.0100891,0.0070103,0.0161632,0.0157653,0,0,0.000851588,500.01,4800,nan,nan,nan,double
ecm,SuperTwisting-SMO,observers,evtol,preisach,1,0.0116143,0.010995,0.00894658,0.0326358,0.0165697,226.4,0,0.00113715,142.167,4280,nan,nan,nan,double
ecm,HGO,observers,evtol,preisach,1,0.00820726,0.0100343,0.00689044,0.0161047,0.0157315,0,0,0.000849132,469.377,4680,nan,nan,nan,double
ecm,ESO,observers,evtol,preisach,1,0.0121205,0.0109796,0.00921698,0.0365473,0.0164455,223.3,0,0.000851543,1395.04,4784,nan,nan,nan,double
ecm,UIO,observers,evtol,preisach,1,0.00777499,0.00883502,0.0064966,0.0182507,0.0138572,0,0,0.00280764,596.699,5072,nan,nan,nan,double
ecm,DOB,observers,evtol,preisach,1,0.0048664,0.00540354,0.00416396,0.0104503,0.0101455,0,0,0.000916726,606.721,4784,nan,nan,nan,double
ecm,AdaptiveObserver,observers,evtol,preisach,1,0.00808129,0.00981943,0.00677403,0.0160421,0.0156679,0,0,0.00084842,903.614,4864,0.0166491,nan,nan,double
ecm,IntervalObserver,observers,evtol,preisach,1,0.00820726,0.0100343,0.00689044,0.0161047,0.0157315,0,0,0.000849132,842.697,9024,nan,0,0.275661,double
ecm,JointEKF,soh,evtol,preisach,1,0.00781625,0.00900341,0.00622238,0.0154236,0.0153503,0,0,0.000812545,1242.26,8752,0.217092,nan,nan,double
ecm,JointUKF,soh,evtol,preisach,1,0.0180752,0.0100874,0.0110498,0.0720217,0.0156926,227.4,0,0.0011999,3204.28,9600,0.238295,nan,nan,double
ecm,DualEKF,soh,evtol,preisach,1,0.00834543,0.00923827,0.0068643,0.0172852,0.0152852,0,0,0.000802073,1302.7,4752,0.246807,nan,nan,double
ecm,DualUKF,soh,evtol,preisach,1,0.0176563,0.0104873,0.011923,0.0606155,0.0147473,228,0,0.00121634,2438.94,5512,0.181227,nan,nan,double
ecm,RLS-EKF,soh,evtol,preisach,1,0.00857052,0.00711864,0.00794365,0.0196801,0.0110427,0,0,0.00136717,506.796,8904,nan,nan,nan,double
ecm,AWTLS,soh,evtol,preisach,1,0.00646353,0.00591743,0.00510986,0.0155712,0.0111131,0,0,0.000803577,480.611,8776,0.174149,nan,nan,double
ecm,PF-Bootstrap,particle,evtol,preisach,1,0.0154165,0.0114697,0.0105358,0.0456849,0.0175872,218.6,0,0.00088065,77185.9,46472,nan,nan,nan,double
ecm,PF-Fast,particle,evtol,preisach,1,0.0150632,0.00954168,0.00966276,0.0494732,0.0170238,222.9,0,0.000943777,16101.9,9664,nan,nan,nan,double
ecm,PF-Regularized,particle,evtol,preisach,1,0.0132555,0.00919596,0.00892291,0.0442024,0.0142234,209.2,0,0.000872893,82115.8,46464,nan,nan,nan,double
ecm,PF-Auxiliary,particle,evtol,preisach,1,0.015373,0.0102922,0.0104451,0.0457307,0.0148477,235.4,0,0.000903058,104615,54584,nan,nan,nan,double
ecm,RBPF,particle,evtol,preisach,1,0.0104239,0.0041498,0.00602869,0.0343681,0.00954906,210.5,0,0.000841589,40123.8,34016,nan,nan,nan,double
ecm,UPF,particle,evtol,preisach,1,0.0156976,0.0107751,0.0108321,0.0584065,0.0148683,214.2,0,0.00129667,18653.3,25360,nan,nan,nan,double
ecm,EnKF,particle,evtol,preisach,1,0.014396,0.0101496,0.00958918,0.0556,0.0168369,223.3,0,0.000845484,10257.8,6776,nan,nan,nan,double
ecm,ETKF,particle,evtol,preisach,1,0.0119836,0.00419975,0.00759272,0.049267,-0.00233876,218.8,0,0.000880441,10552.7,5304,nan,nan,nan,double
ecm,GSF,particle,evtol,preisach,1,0.0137042,0.00203226,0.00641593,0.0638219,0.00482799,190.9,0,0.000887243,1750.82,9192,nan,nan,nan,double
ecm,NN-Direct,learning,evtol,preisach,1,0.00629242,0.00842888,0.0039268,0.0315285,-0.00835026,0,0,nan,490.756,15152,nan,nan,nan,double
ecm,NN-EKF,learning,evtol,preisach,1,0.0022446,0.00101697,0.00146943,0.0111512,-0.00139814,0,0,0.000769003,1059.57,4376,nan,nan,nan,double
ecm,ELM-RLS-EKF,learning,evtol,preisach,1,0.00605557,0.00199488,0.0044956,0.0167491,0.00427753,0,0,0.00080487,3342.61,11704,nan,nan,nan,double
ecm,MHE-RTI,optimization,evtol,preisach,1,0.0115851,0.00488128,0.00696467,0.0437204,0.010642,237.1,0,0.00086052,17251.6,26928,nan,nan,nan,double
ecm,MHE,optimization,evtol,preisach,1,0.0108974,0.00489175,0.00675088,0.0413441,0.0106435,234.1,0,0.000860142,32287.1,26928,nan,nan,nan,double
ecm,ERTS,smoothers,evtol,preisach,1,0.00380333,0.00449639,0.00370393,0.0049648,0.00493874,0,0,0.00101279,905.125,12547032,nan,nan,nan,double
ecm,URTS,smoothers,evtol,preisach,1,0.004199,0.00478785,0.00413158,0.00522996,0.0051911,0,0,0.00273992,2491,12547056,nan,nan,nan,double
ecm,Batch-NLS,smoothers,evtol,preisach,1,0.00397893,0.00464787,0.00389019,0.00510971,0.0050798,0,0,0.000734191,3830.19,17371352,nan,nan,nan,double
ecm,FixedLag-EKF,smoothers,evtol,preisach,1,0.00502044,0.00229382,0.00341722,0.0155171,0.00499654,0,0,0.000810758,9976.39,19992,nan,nan,nan,double
ecm,CoulombCounting,baselines,evtol,preisach,2,0.002795,0.00359533,0.00248899,0.00445637,-0.00445637,0,0,0.00915185,79.0278,4184,nan,nan,nan,double
ecm,OCVLookup,baselines,evtol,preisach,2,0.0178787,0.0210504,0.016349,0.047932,0.0178314,0,0,0.011161,1308.29,4192,nan,nan,nan,double
ecm,CoulombOCVHybrid,baselines,evtol,preisach,2,0.0219997,0.0228114,0.02156,0.024249,0.00684813,0,0,0.0226279,209.506,4192,nan,nan,nan,double
ecm,EKF,kalman,evtol,preisach,2,0.00686597,0.00199437,0.00471839,0.0201507,0.00453895,48.5,0,0.000812345,476.347,4336,nan,nan,nan,double
ecm,UKF,kalman,evtol,preisach,2,0.0131804,0.00233297,0.00597261,0.0544001,0.00539909,211.7,0,0.00119299,1438.55,4776,nan,nan,nan,double
ecm,LKF,kalman,evtol,preisach,2,0.0270801,0.0105139,0.0210399,0.0529911,-0.00524778,0,0,0.00108783,335.532,4680,nan,nan,nan,double
ecm,IEKF,kalman,evtol,preisach,2,0.0122576,0.00219626,0.00749662,0.0372816,0.00414912,238.7,0,0.000823784,594.153,4336,nan,nan,nan,double
ecm,CKF,kalman,evtol,preisach,2,0.0117473,0.00232768,0.00572045,0.041195,0.00547851,217.1,0,0.000838467,1252.64,4560,nan,nan,nan,double
ecm,SCKF,kalman,evtol,preisach,2,0.0117473,0.00232768,0.00572045,0.041195,0.00547851,217.1,0,0.000838467,1581.1,4696,nan,nan,nan,double
ecm,CKF5,kalman,evtol,preisach,2,0.0122721,0.00232203,0.00588559,0.0424933,0.00546704,215.5,0,0.00085052,4023.73,5624,nan,nan,nan,double
ecm,CDKF,kalman,evtol,preisach,2,0.0122721,0.00232203,0.00588559,0.0424933,0.00546704,215.5,0,0.00085052,1372.04,4312,nan,nan,nan,double
ecm,GHKF,kalman,evtol,preisach,2,0.0122721,0.00232203,0.00588559,0.0424933,0.00546704,215.5,0,0.00085052,11983.6,10784,nan,nan,nan,double
ecm,IPLF,kalman,evtol,preisach,2,0.00479515,0.00197133,0.00365438,0.0353663,0.0047079,0.7,0,0.0011535,2048.56,4784,nan,nan,nan,double
ecm,EIF,kalman,evtol,preisach,2,0.00686597,0.00199437,0.00471839,0.0201507,0.00453895,48.5,0,0.000812345,1228.27,4472,nan,nan,nan,double
ecm,SR-EKF,kalman,evtol,preisach,2,0.00686597,0.00199437,0.00471839,0.0201507,0.00453895,48.5,0,0.000812345,821.446,4440,nan,nan,nan,double
ecm,SR-UKF,kalman,evtol,preisach,2,0.0131804,0.00233297,0.00597261,0.0544001,0.00539909,211.7,0,0.00119299,1558.46,4896,nan,nan,nan,double
ecm,UD-EKF,kalman,evtol,preisach,2,0.00686597,0.00199437,0.00471839,0.0201507,0.00453895,48.5,0,0.000812345,519.336,4480,nan,nan,nan,double
ecm,SO-EKF,kalman,evtol,preisach,2,0.0151793,0.00203868,0.00716479,0.0569208,0.00494045,220.2,0,0.00114994,4215.4,4496,nan,nan,nan,double
ecm,SageHusa-AKF,adaptive_kalman,evtol,preisach,2,0.00783643,0.00200744,0.00511412,0.0233079,0.00456597,0,0,0.00081241,547.222,4808,nan,nan,nan,double
ecm,IAE-AKF,adaptive_kalman,evtol,preisach,2,0.0062419,0.00196361,0.00430485,0.0191554,0.00462274,0,0,0.00081044,497.602,5040,nan,nan,nan,double
ecm,VB-AKF,adaptive_kalman,evtol,preisach,2,0.00620787,0.00195866,0.00425592,0.0192313,0.00462412,0,0,0.000809323,873.426,4408,nan,nan,nan,double
ecm,STF,adaptive_kalman,evtol,preisach,2,0.010826,0.00891584,0.00837747,0.0474733,0.0146603,227.8,0,0.00092054,531.79,4680,nan,nan,nan,double
ecm,Fading-EKF,adaptive_kalman,evtol,preisach,2,0.0104538,0.00834529,0.00820256,0.0273191,0.0137911,224.1,0,0.000790485,502.227,4384,nan,nan,nan,double
ecm,Fuzzy-AKF,adaptive_kalman,evtol,preisach,2,0.00702527,0.00198049,0.00483303,0.019255,0.00445791,0,0,0.000813338,724.206,4816,nan,nan,nan,double
ecm,IMM,adaptive_kalman,evtol,preisach,2,0.00786075,0.00200288,0.0051372,0.0235106,0.00455168,217.8,0,0.000813115,2059.16,4976,nan,nan,nan,double
ecm,MMAE,adaptive_kalman,evtol,preisach,2,0.00906499,0.00281436,0.00687138,0.0243315,0.00360903,0,0,0.000833141,1776.4,13200,0.000905075,nan,nan,double
ecm,Schmidt-KF,robust_kalman,evtol,preisach,2,0.0103557,0.00530595,0.00709994,0.0212463,0.0108321,0,0,0.00709729,1305.81,8856,nan,nan,nan,double
ecm,Hinf-EKF,robust_kalman,evtol,preisach,2,0.00657493,0.00309078,0.00430175,0.0209104,0.00705324,163.6,0,0.000805529,794.727,4408,nan,nan,nan,double
ecm,Huber-EKF,robust_kalman,evtol,preisach,2,0.00677614,0.00195726,0.00447932,0.0206719,0.00464707,0,0,0.000808897,633.776,4368,nan,nan,nan,double
ecm,MC-EKF,robust_kalman,evtol,preisach,2,0.00869293,0.00199725,0.00554111,0.0268753,0.0045232,224.8,0,0.000813797,996.11,4384,nan,nan,nan,double
ecm,StudentT-KF,robust_kalman,evtol,preisach,2,0.00572241,0.00193915,0.00403256,0.0179258,0.00459147,0,0,0.000810373,696.995,4568,nan,nan,nan,double
ecm,Constrained-EKF,robust_kalman,evtol,preisach,2,0.00686597,0.00199437,0.00471839,0.0201507,0.00453895,48.5,0,0.000812345,584.993,4416,nan,nan,nan,double
ecm,ReducedOrder-EKF,robust_kalman,evtol,preisach,2,0.0108473,0.00961255,0.008358,0.0318915,0.0152136,229.8,0,0.000991324,330.982,4272,nan,nan,nan,double
ecm,SVSF,robust_kalman,evtol,preisach,2,0.00797415,0.00213078,0.00468387,0.0271704,0.00512764,217.1,0,0.000829936,580.21,4376,nan,nan,nan,double
ecm,Luenberger,observers,evtol,preisach,2,0.00802568,0.00968768,0.0067364,0.015961,0.0155315,0,0,0.000846685,537.055,4632,nan,nan,nan,double
ecm,SSKF,observers,evtol,preisach,2,0.00802568,0.00968768,0.0067364,0.015961,0.0155315,0,0,0.000846685,464.067,4632,nan,nan,nan,double
ecm,PI-Observer,observers,evtol,preisach,2,0.0125793,0.0103385,0.00922022,0.0395491,0.0165904,225.2,0,0.000903804,1424.46,4824,nan,nan,nan,double
ecm,SMO,observers,evtol,preisach,2,0.00825158,0.00979531,0.00691824,0.0162182,0.0156935,0,0,0.000851663,561.498,4800,nan,nan,nan,double
ecm,SMO-Adaptive,observers,evtol,preisach,2,0.00814177,0.00974307,0.00682909,0.0160873,0.0156123,0,0,0.000848444,537.8,4800,nan,nan,nan,double
ecm,SuperTwisting-SMO,observers,evtol,preisach,2,0.0115242,0.0106149,0.00879043,0.0325078,0.0162111,228.7,0,0.00114321,142.03,4280,nan,nan,nan,double
ecm,HGO,observers,evtol,preisach,2,0.00802568,0.00968768,0.0067364,0.015961,0.0155315,0,0,0.000846685,545.488,4680,nan,nan,nan,double
ecm,ESO,observers,evtol,preisach,2,0.0126814,0.0105928,0.00933638,0.0395292,0.0165923,225.1,0,0.000846177,1544.33,4784,nan,nan,nan,double
ecm,UIO,observers,evtol,preisach,2,0.00768159,0.00857922,0.0064244,0.0184226,0.0132157,0,0,0.00283827,577.992,5072,nan,nan,nan,double
ecm,DOB,observers,evtol,preisach,2,0.00471443,0.00518792,0.00402887,0.0105717,0.0100064,0,0,0.000907109,556.365,4784,nan,nan,nan,double
ecm,AdaptiveObserver,observers,evtol,preisach,2,0.00785467,0.00937844,0.00657384,0.0159016,0.0154765,0,0,0.000845294,945.064,4864,0.016418,nan,nan,double
ecm,IntervalObserver,observers,evtol,preisach,2,0.00802568,0.00968768,0.0067364,0.015961,0.0155315,0,0,0.000846685,845.667,9024,nan,0,0.276319,double
ecm,JointEKF,soh,evtol,preisach,2,0.0110828,0.00991336,0.00827814,0.0290061,0.0157612,220.2,0,0.000806261,1211.86,8752,0.245106,nan,nan,double
ecm,JointUKF,soh,evtol,preisach,2,0.0157689,0.00873609,0.00928322,0.0614569,0.014968,209.3,0,0.00118392,3101.67,9600,0.220583,nan,nan,double
ecm,DualEKF,soh,evtol,preisach,2,0.00984101,0.0095852,0.00802903,0.021901,0.0154524,85.7,0,0.000796434,1284.28,4752,0.244138,nan,nan,double
ecm,DualUKF,soh,evtol,preisach,2,0.0177015,0.0122451,0.0136367,0.0565787,0.0146596,216.7,0,0.00123507,2369.62,5512,0.120495,nan,nan,double
ecm,RLS-EKF,soh,evtol,preisach,2,0.00831347,0.00589508,0.00685201,0.0221905,0.00950294,201.2,0,0.00130765,497.27,8904,nan,nan,nan,double
ecm,AWTLS,soh,evtol,preisach,2,0.00822897,0.00691037,0.00652562,0.0201507,0.012808,48.5,0,0.000800833,476.92,8776,0.216231,nan,nan,double
ecm,PF-Bootstrap,particle,evtol,preisach,2,0.0154099,0.00996524,0.0101855,0.0484035,0.0171384,222.4,0,0.000872562,77004.7,46472,nan,nan,nan,double
ecm,PF-Fast,particle,evtol,preisach,2,0.0160138,0.00888943,0.0101507,0.0523021,0.0136931,221.8,0,0.00091638,16117.2,9664,nan,nan,nan,double
ecm,PF-Regularized,particle,evtol,preisach,2,0.0141954,0.0100134,0.00943349,0.0447051,0.018197,206.9,0,0.000861426,81637.9,46464,nan,nan,nan,double
ecm,PF-Auxiliary,particle,evtol,preisach,2,0.0158987,0.010469,0.0109439,0.0453285,0.0151969,237.7,0,0.000892909,104529,54584,nan,nan,nan,double
ecm,RBPF,particle,evtol,preisach,2,0.0119392,0.0034145,0.00706047,0.0404579,0.00798655,209.3,0,0.000844981,40297.9,34016,nan,nan,nan,double
ecm,UPF,particle,evtol,preisach,2,0.0172123,0.0129394,0.0114854,0.0604665,0.0159897,220.2,0,0.00127985,18965.6,25360,nan,nan,nan,double
ecm,EnKF,particle,evtol,preisach,2,0.0149436,0.00940232,0.00955107,0.057997,0.0146693,209.3,0,0.000830646,10335.7,6776,nan,nan,nan,double
ecm,ETKF,particle,evtol,preisach,2,0.0150865,0.00875885,0.0112026,0.0537596,-0.0102406,221.5,0,0.0008884,10726.5,5304,nan,nan,nan,double
ecm,GSF,particle,evtol,preisach,2,0.00728772,0.0020116,0.00491911,0.0368018,0.00461445,85.9,0,0.000886673,1773.78,9192,nan,nan,nan,double
ecm,NN-Direct,learning,evtol,preisach,2,0.00625925,0.00846487,0.0037421,0.0330035,-0.0101247,0,0,nan,497.208,15152,nan,nan,nan,double
ecm,NN-EKF,learning,evtol,preisach,2,0.00255619,0.00106487,0.00162109,0.00884986,-0.00126835,0,0,0.000759817,1097.72,4376,nan,nan,nan,double
ecm,ELM-RLS-EKF,learning,evtol,preisach,2,0.00698642,0.00202366,0.0048746,0.0201507,0.0044164,48.5,0,0.000801055,3324.62,11704,nan,nan,nan,double
ecm,MHE-RTI,optimization,evtol,preisach,2,0.0065869,0.00421413,0.00489009,0.0245361,0.00913315,7.6,0,0.000850319,17139.1,26928,nan,nan,nan,double
ecm,MHE,optimization,evtol,preisach,2,0.00678378,0.00420042,0.00495959,0.0245967,0.00907943,3.1,0,0.000850408,32207.4,26928,nan,nan,nan,double
ecm,ERTS,smoothers,evtol,preisach,2,0.00317055,0.00397627,0.00299113,0.00456135,0.00453895,0,0,0.00118375,934.716,12547032,nan,nan,nan,double
ecm,URTS,smoothers,evtol,preisach,2,0.00449891,0.00499705,0.00444986,0.00543186,0.00539909,0,0,0.00289374,2479.27,12547056,nan,nan,nan,double
ecm,Batch-NLS,smoothers,evtol,preisach,2,0.00412496,0.00475297,0.00404923,0.00523591,0.00521138,0,0,0.000755698,4812.78,17371352,nan,nan,nan,double
ecm,FixedLag-EKF,smoothers,evtol,preisach,2,0.00665021,0.00209584,0.0045208,0.0200989,0.00459734,48.5,0,0.000812345,10022.2,19992,nan,nan,nan,double
ecm,CoulombCounting,baselines,evtol,preisach,3,0.00278233,0.00357378,0.00247925,0.00444384,-0.00444384,0,0,0.00935172,81.1801,4184,nan,nan,nan,double
ecm,OCVLookup,baselines,evtol,preisach,3,0.0185009,0.0218777,0.0169265,0.0498565,0.0200056,0,0,0.0114575,1308.21,4192,nan,nan,nan,double
ecm,CoulombOCVHybrid,baselines,evtol,preisach,3,0.0218669,0.0226654,0.0214385,0.0241908,0.00857058,0,0,0.0227141,208.688,4192,nan,nan,nan,double
ecm,EKF,kalman,evtol,preisach,3,0.00526049,0.00206546,0.00392347,0.0142326,0.00489579,0,0,0.00082149,473.034,4336,nan,nan,nan,double
ecm,UKF,kalman,evtol,preisach,3,0.0143715,0.00226048,0.00675415,0.0574251,0.00539209,215.9,0,0.00121041,1440.14,4776,nan,nan,nan,double
ecm,LKF,kalman,evtol,preisach,3,0.0280004,0.0107255,0.0217088,0.0546378,-0.00456814,0,0,0.00112463,339.062,4680,nan,nan,nan,double
ecm,IEKF,kalman,evtol,preisach,3,0.00630376,0.00196467,0.00451773,0.0225414,0.00459238,0.7,0,0.000823211,600.984,4336,nan,nan,nan,double
ecm,CKF,kalman,evtol,preisach,3,0.0116797,0.00242337,0.00579936,0.0414931,0.00564636,217.4,0,0.000848623,1263.24,4560,nan,nan,nan,double
ecm,SCKF,kalman,evtol,preisach,3,0.0116797,0.00242337,0.00579936,0.0414931,0.00564636,217.4,0,0.000848623,1573.28,4696,nan,nan,nan,double
ecm,CKF5,kalman,evtol,preisach,3,0.0126371,0.00240632,0.00614076,0.0426396,0.00562082,217.4,0,0.000860774,4008.84,5624,nan,nan,nan,double
ecm,CDKF,kalman,evtol,preisach,3,0.0126371,0.00240632,0.00614076,0.0426396,0.00562082,217.4,0,0.000860774,1371.88,4312,nan,nan,nan,double
ecm,GHKF,kalman,evtol,preisach,3,0.0126371,0.00240632,0.00614076,0.0426396,0.00562082,217.4,0,0.000860774,11962.6,10784,nan,nan,nan,double
ecm,IPLF,kalman,evtol,preisach,3,0.00490755,0.00206436,0.00372994,0.0390469,0.00495935,1,0,0.00116113,2057.63,4784,nan,nan,nan,double
ecm,EIF,kalman,evtol,preisach,3,0.00526049,0.00206546,0.00392347,0.0142326,0.00489579,0,0,0.00082149,1220.09,4472,nan,nan,nan,double
ecm,SR-EKF,kalman,evtol,preisach,3,0.00526049,0.00206546,0.00392347,0.0142326,0.00489579,0,0,0.00082149,823.528,4440,nan,nan,nan,double
ecm,SR-UKF,kalman,evtol,preisach,3,0.0143715,0.00226048,0.00675415,0.0574251,0.00539209,215.9,0,0.00121041,1554.25,4896,nan,nan,nan,double
ecm,UD-EKF,kalman,evtol,preisach,3,0.00526049,0.00206546,0.00392347,0.0142326,0.00489579,0,0,0.00082149,484.057,4480,nan,nan,nan,double
ecm,SO-EKF,kalman,evtol,preisach,3,0.0159662,0.00201728,0.00831355,0.0554083,0.0046386,238.6,0,0.0011702,4194.96,4496,nan,nan,nan,double
ecm,SageHusa-AKF,adaptive_kalman,evtol,preisach,3,0.00628747,0.00205965,0.00444325,0.0183694,0.00489578,0,0,0.000823102,542.102,4808,nan,nan,nan,double
ecm,IAE-AKF,adaptive_kalman,evtol,preisach,3,0.00617793,0.00204915,0.00417941,0.0177942,0.00497311,0,0,0.000820242,500.246,5040,nan,nan,nan,double
ecm,VB-AKF,adaptive_kalman,evtol,preisach,3,0.00625394,0.00206414,0.00442583,0.0182574,0.004904,0,0,0.000822392,869.524,4408,nan,nan,nan,double
ecm,STF,adaptive_kalman,evtol,preisach,3,0.0114133,0.0105136,0.00859528,0.0454427,0.0178621,220,0,0.000908207,528.525,4680,nan,nan,nan,double
ecm,Fading-EKF,adaptive_kalman,evtol,preisach,3,0.0108127,0.00880724,0.00848739,0.0292801,0.0148058,221,0,0.000800051,500.651,4384,nan,nan,nan,double
ecm,Fuzzy-AKF,adaptive_kalman,evtol,preisach,3,0.00546059,0.00205181,0.00391704,0.0168786,0.00493278,0,0,0.000821159,727.62,4816,nan,nan,nan,double
ecm,IMM,adaptive_kalman,evtol,preisach,3,0.00669986,0.00206638,0.00462232,0.0197583,0.00490456,0,0,0.000822877,2060.42,4976,nan,nan,nan,double
ecm,MMAE,adaptive_kalman,evtol,preisach,3,0.00788213,0.00281306,0.0062285,0.0221882,0.00402491,0,0,0.000837871,1771.75,13200,0.0012729,nan,nan,double
ecm,Schmidt-KF,robust_kalman,evtol,preisach,3,0.0102342,0.00588686,0.00813203,0.0203361,0.012375,62.1,0,0.00747483,1296.02,8856,nan,nan,nan,double
ecm,Hinf-EKF,robust_kalman,evtol,preisach,3,0.00463555,0.00347,0.00323849,0.0152481,0.00748483,0,0,0.000815987,795.631,4408,nan,nan,nan,double
ecm,Huber-EKF,robust_kalman,evtol,preisach,3,0.00527521,0.00204062,0.00391248,0.0155413,0.00485623,0,0,0.000817282,639.41,4368,nan,nan,nan,double
ecm,MC-EKF,robust_kalman,evtol,preisach,3,0.00486418,0.00204431,0.0036032,0.0142326,0.00494084,0,0,0.000817764,994.227,4384,nan,nan,nan,double
ecm,StudentT-KF,robust_kalman,evtol,preisach,3,0.00511952,0.00202291,0.0038078,0.0142326,0.00482371,0,0,0.000818956,694.672,4568,nan,nan,nan,double
ecm,Constrained-EKF,robust_kalman,evtol,preisach,3,0.00526049,0.00206546,0.00392347,0.0142326,0.00489579,0,0,0.00082149,582.655,4416,nan,nan,nan,double
ecm,ReducedOrder-EKF,robust_kalman,evtol,preisach,3,0.010297,0.0101318,0.00820536,0.0308526,0.0168264,0,0,0.000990034,330.3,4272,nan,nan,nan,double
ecm,SVSF,robust_kalman,evtol,preisach,3,0.00752884,0.00225335,0.00443936,0.0255042,0.00540992,209.8,0,0.000840696,582.256,4376,nan,nan,nan,double
ecm,Luenberger,observers,evtol,preisach,3,0.00834457,0.0102689,0.00698297,0.0176298,0.0169381,0,0,0.000856372,494.153,4632,nan,nan,nan,double
ecm,SSKF,observers,evtol,preisach,3,0.00834457,0.0102689,0.00698297,0.0176298,0.0169381,0,0,0.000856372,420.558,4632,nan,nan,nan,double
ecm,PI-Observer,observers,evtol,preisach,3,0.0122746,0.0113398,0.00933592,0.0360773,0.0180719,221.9,0,0.000917419,1245.64,4824,nan,nan,nan,double
ecm,SMO,observers,evtol,preisach,3,0.00852294,0.0103838,0.00712938,0.0178439,0.0170469,0,0,0.000861181,558.499,4800,nan,nan,nan,double
ecm,SMO-Adaptive,observers,evtol,preisach,3,0.0084935,0.0103373,0.00710734,0.0177463,0.017001,0,0,0.000858113,549.328,4800,nan,nan,nan,double
ecm,SuperTwisting-SMO,observers,evtol,preisach,3,0.0117799,0.0112858,0.00906935,0.0327885,0.0183756,225.7,0,0.00115015,140.258,4280,nan,nan,nan,double
ecm,HGO,observers,evtol,preisach,3,0.00834457,0.0102689,0.00698297,0.0176298,0.0169381,0,0,0.000856372,492.225,4680,nan,nan,nan,double
ecm,ESO,observers,evtol,preisach,3,0.0122511,0.0112886,0.00931318,0.0360773,0.0180625,221.9,0,0.000858296,1288.49,4784,nan,nan,nan,double
ecm,UIO,observers,evtol,preisach,3,0.00790067,0.00900104,0.00664008,0.0183174,0.0144221,0,0,0.00278057,562.137,5072,nan,nan,nan,double
ecm,DOB,observers,evtol,preisach,3,0.00492539,0.00556911,0.00419047,0.0114131,0.0106108,0,0,0.000916968,602.561,4784,nan,nan,nan,double
ecm,AdaptiveObserver,observers,evtol,preisach,3,0.00815273,0.00992419,0.0068036,0.0175494,0.0168398,0,0,0.000854587,897.122,4864,0.0167855,nan,nan,double
ecm,IntervalObserver,observers,evtol,preisach,3,0.00834457,0.0102689,0.00698297,0.0176298,0.0169381,0,0,0.000856372,824.023,9024,nan,0,0.275071,double
ecm,JointEKF,soh,evtol,preisach,3,0.00849526,0.00950611,0.00675834,0.0201874,0.0159767,0,0,0.000831587,1218.67,8752,0.230831,nan,nan,double
ecm,JointUKF,soh,evtol,preisach,3,0.0163371,0.00950646,0.00990602,0.0637905,0.0160322,219.6,0,0.00121185,3091.74,9600,0.229437,nan,nan,double
ecm,DualEKF,soh,evtol,preisach,3,0.00914442,0.00938789,0.00745183,0.02194,0.0154016,0,0,0.000808033,1275.79,4752,0.240836,nan,nan,double
ecm,DualUKF,soh,evtol,preisach,3,0.0209089,0.0155953,0.0168391,0.0684348,0.0167787,228.8,0,0.0012389,2369.37,5512,0.0947052,nan,nan,double
ecm,RLS-EKF,soh,evtol,preisach,3,0.00783497,0.00679862,0.00745822,0.0142983,0.0103477,0,0,0.00138706,502.07,8904,nan,nan,nan,double
ecm,AWTLS,soh,evtol,preisach,3,0.00673123,0.0064437,0.00555303,0.0142326,0.0122796,0,0,0.000811366,479.781,8776,0.19345,nan,nan,double
ecm,PF-Bootstrap,particle,evtol,preisach,3,0.0146957,0.0108678,0.0103695,0.0425929,0.0167864,221.9,0,0.000890632,77444.2,46472,nan,nan,nan,double
ecm,PF-Fast,particle,evtol,preisach,3,0.0123274,0.0115851,0.00987699,0.0490617,0.0197247,0.1,0,0.000975448,16339,9664,nan,nan,nan,double
ecm,PF-Regularized,particle,evtol,preisach,3,0.0142998,0.0109044,0.0106422,0.0394545,0.0156225,233.7,0,0.000886671,82182.5,46464,nan,nan,nan,double
ecm,PF-Auxiliary,particle,evtol,preisach,3,0.0141433,0.0114676,0.0102059,0.0374173,0.0168922,230,0,0.000909673,104668,54584,nan,nan,nan,double
ecm,RBPF,particle,evtol,preisach,3,0.0106668,0.00447746,0.00733218,0.0355784,0.00883125,213.1,0,0.0008758,39760,34016,nan,nan,nan,double
ecm,UPF,particle,evtol,preisach,3,0.0166452,0.0110967,0.0108167,0.0654652,0.0192156,221.4,0,0.00130166,18641,25360,nan,nan,nan,double
ecm,EnKF,particle,evtol,preisach,3,0.0134647,0.010463,0.00927339,0.0520533,0.0118534,212.4,0,0.000884868,10316.6,6776,nan,nan,nan,double
ecm,ETKF,particle,evtol,preisach,3,0.0179047,0.0105629,0.0152991,0.0531627,-0.00809644,275.2,0,0.000935957,10548.4,5304,nan,nan,nan,double
ecm,GSF,particle,evtol,preisach,3,0.00497789,0.00204516,0.00364086,0.0327764,0.00493399,3.7,0,0.000892465,1745.96,9192,nan,nan,nan,double
ecm,NN-Direct,learning,evtol,preisach,3,0.00597122,0.00784541,0.00381634,0.029436,-0.0070432,0,0,nan,483.464,15152,nan,nan,nan,double
ecm,NN-EKF,learning,evtol,preisach,3,0.00239648,0.00102427,0.00153397,0.00784402,-0.00127605,0,0,0.000772831,1055.35,4376,nan,nan,nan,double
ecm,ELM-RLS-EKF,learning,evtol,preisach,3,0.005566,0.00202781,0.00404517,0.0156352,0.00477319,0,0,0.000810764,3280.85,11704,nan,nan,nan,double
ecm,MHE-RTI,optimization,evtol,preisach,3,0.0109837,0.00466039,0.00673036,0.0386446,0.00962403,230,0,0.000864325,17301.4,26928,nan,nan,nan,double
ecm,MHE,optimization,evtol,preisach,3,0.00844783,0.00462117,0.00580706,0.0305552,0.00962643,229.3,0,0.000863884,32210.6,26928,nan,nan,nan,double
ecm,ERTS,smoothers,evtol,preisach,3,0.00350157,0.00434875,0.00332811,0.00490942,0.00489579,0,0,0.00091711,898.543,12547032,nan,nan,nan,double
ecm,URTS,smoothers,evtol,preisach,3,0.00428943,0.00493211,0.00421274,0.00540664,0.00539209,0,0,0.00299161,2474.48,12547056,nan,nan,nan,double
ecm,Batch-NLS,smoothers,evtol,preisach,3,0.00432349,0.00503933,0.00423104,0.00555461,0.00553999,0,0,0.00076021,4798.85,17371352,nan,nan,nan,double
ecm,FixedLag-EKF,smoothers,evtol,preisach,3,0.00503642,0.00223151,0.00373907,0.0142326,0.00494792,0,0,0.00082149,10100.3,19992,nan,nan,nan,double
ecm,CoulombCounting,baselines,evtol,combined,1,0.221796,0.20933,0.221291,0.250404,-0.197375,-1,0,1.53377,81.88,4184,nan,nan,nan,double
ecm,OCVLookup,baselines,evtol,combined,1,0.0263494,0.0114349,0.013079,0.249143,0.00341862,66.1,0,0.0222608,1305.38,4192,nan,nan,nan,double
ecm,CoulombOCVHybrid,baselines,evtol,combined,1,0.0322944,0.0133137,0.01638,0.249571,0.0067394,253.2,0,0.0356658,209.858,4192,nan,nan,nan,double
ecm,EKF,kalman,evtol,combined,1,0.155402,0.119038,0.147098,0.297664,-0.0677132,-1,0,0.00514418,477.683,4336,nan,nan,nan,double
ecm,UKF,kalman,evtol,combined,1,0.0145648,0.0178789,0.0134228,0.076087,0.0139553,0.1,0,0.00473843,1456.18,4776,nan,nan,nan,double
ecm,LKF,kalman,evtol,combined,1,0.0640635,0.0704018,0.0618299,0.119845,0.0873409,-1,0,0.00517913,330.144,4680,nan,nan,nan,double
ecm,IEKF,kalman,evtol,combined,1,0.0213763,0.0248307,0.0206002,0.0438762,0.0214624,0,0,0.00460551,603.253,4336,nan,nan,nan,double
ecm,CKF,kalman,evtol,combined,1,0.148598,0.129399,0.140986,0.233304,-0.0712563,-1,0,0.00497147,1254.96,4560,nan,nan,nan,double
ecm,SCKF,kalman,evtol,combined,1,0.148598,0.129399,0.140986,0.233304,-0.0712563,-1,0,0.00497147,1589.5,4696,nan,nan,nan,double
ecm,CKF5,kalman,evtol,combined,1,0.173148,0.145725,0.165141,0.273139,-0.0768295,-1,0,0.00535439,4087.22,5624,nan,nan,nan,double
ecm,CDKF,kalman,evtol,combined,1,0.173148,0.145725,0.165141,0.273139,-0.0768295,-1,0,0.00535439,1391.67,4312,nan,nan,nan,double
ecm,GHKF,kalman,evtol,combined,1,0.173148,0.145725,0.165141,0.273139,-0.0768295,-1,0,0.00535439,12080,10784,nan,nan,nan,double
ecm,IPLF,kalman,evtol,combined,1,0.0151208,0.0179497,0.0146036,0.0422357,0.0136475,0,0,0.00468478,2090.74,4784,nan,nan,nan,double
ecm,EIF,kalman,evtol,combined,1,0.155402,0.119038,0.147098,0.297664,-0.0677132,-1,0,0.00514418,1240.66,4472,nan,nan,nan,double
ecm,SR-EKF,kalman,evtol,combined,1,0.155402,0.119038,0.147098,0.297664,-0.0677132,-1,0,0.00514418,819.221,4440,nan,nan,nan,double
ecm,SR-UKF,kalman,evtol,combined,1,0.0145648,0.0178789,0.0134228,0.076087,0.0139553,0.1,0,0.00473843,1573.91,4896,nan,nan,nan,double
ecm,UD-EKF,kalman,evtol,combined,1,0.155402,0.119038,0.147098,0.297664,-0.0677132,-1,0,0.00514418,493.096,4480,nan,nan,nan,double
ecm,SO-EKF,kalman,evtol,combined,1,0.00871343,0.0111875,0.00744857,0.0734501,0.011305,0.1,0,0.00465705,4247.1,4496,nan,nan,nan,double
ecm,SageHusa-AKF,adaptive_kalman,evtol,combined,1,0.0484014,0.0194754,0.0386511,0.11212,0.00456107,1440.6,0,0.0142531,544.952,4808,nan,nan,nan,double
ecm,IAE-AKF,adaptive_kalman,evtol,combined,1,0.0490271,0.0201478,0.0393736,0.11496,0.00220316,1449.2,0,0.0165239,499.78,5040,nan,nan,nan,double
ecm,VB-AKF,adaptive_kalman,evtol,combined,1,0.0490664,0.0200391,0.0394268,0.110321,0.004282,1448.2,0,0.0149203,873.597,4408,nan,nan,nan,double
ecm,STF,adaptive_kalman,evtol,combined,1,0.0347938,0.0271457,0.023022,0.214497,0.00295993,0.1,0,0.00297083,543.849,4680,nan,nan,nan,double
ecm,Fading-EKF,adaptive_kalman,evtol,combined,1,0.00928756,0.0117353,0.00684573,0.0724918,-0.00327748,0.3,0,0.00519235,502.009,4384,nan,nan,nan,double
ecm,Fuzzy-AKF,adaptive_kalman,evtol,combined,1,0.0511453,0.0229347,0.0420406,0.126553,0.00164495,1627.9,0,0.0151149,744.286,4816,nan,nan,nan,double
ecm,IMM,adaptive_kalman,evtol,combined,1,0.0187482,0.0089169,0.0163265,0.0789609,-0.00304166,810.2,0,0.00540914,2093.97,4976,nan,nan,nan,double
ecm,MMAE,adaptive_kalman,evtol,combined,1,0.157424,0.120331,0.14866,0.304386,-0.0679589,-1,0,0.00510036,1785.78,13200,0.491666,nan,nan,double
ecm,Schmidt-KF,robust_kalman,evtol,combined,1,0.0508897,0.0116561,0.037123,0.106647,-0.00257523,1055.5,0,0.0276123,1323.21,8856,nan,nan,nan,double
ecm,Hinf-EKF,robust_kalman,evtol,combined,1,0.115059,0.0481286,0.0923561,0.308575,-0.0148361,1659.5,0,0.00462013,824.069,4408,nan,nan,nan,double
ecm,Huber-EKF,robust_kalman,evtol,combined,1,0.0734482,0.0442821,0.0654323,0.194177,-0.00536082,1850.4,0,0.00856502,655.007,4368,nan,nan,nan,double
ecm,MC-EKF,robust_kalman,evtol,combined,1,0.0600213,0.0330695,0.0525492,0.142873,-0.0042732,1848.8,0,0.0116482,1045.54,4384,nan,nan,nan,double
ecm,StudentT-KF,robust_kalman,evtol,combined,1,0.0726835,0.0425649,0.0640025,0.201428,-0.00354625,1849.6,0,0.00883468,747.492,4568,nan,nan,nan,double
ecm,Constrained-EKF,robust_kalman,evtol,combined,1,0.163486,0.128693,0.155586,0.298662,-0.0724388,-1,0,0.00521033,586.099,4416,nan,nan,nan,double
ecm,ReducedOrder-EKF,robust_kalman,evtol,combined,1,0.0404581,0.016836,0.0275357,0.192952,0.000715755,574.3,0,0.00774037,330.504,4272,nan,nan,nan,double
ecm,SVSF,robust_kalman,evtol,combined,1,0.0473421,0.0199461,0.0381331,0.133431,0.00247025,1441,0,0.00337603,587.847,4376,nan,nan,nan,double
ecm,Luenberger,observers,evtol,combined,1,0.0538583,0.021467,0.036982,0.242793,0.00194327,788.3,0,0.00708645,490.675,4632,nan,nan,nan,double
ecm,SSKF,observers,evtol,combined,1,0.0542283,0.0202546,0.0371786,0.242793,0.00179677,1382.7,0,0.00531765,656.158,4632,nan,nan,nan,double
ecm,PI-Observer,observers,evtol,combined,1,0.0227174,0.0181391,0.0165049,0.240016,0.00363898,22.1,0,0.0110954,855.772,4824,nan,nan,nan,double
ecm,SMO,observers,evtol,combined,1,0.0521733,0.0206594,0.0356256,0.242763,0.00230977,767,0,0.00599641,479.962,4800,nan,nan,nan,double
ecm,SMO-Adaptive,observers,evtol,combined,1,0.0523496,0.020906,0.0359203,0.242763,0.00238393,803.2,0,0.00590444,512.458,4800,nan,nan,nan,double
ecm,SuperTwisting-SMO,observers,evtol,combined,1,0.0435781,0.0243872,0.0272602,0.249744,0.00212031,90.8,0,0.0296776,146.247,4280,nan,nan,nan,double
ecm,HGO,observers,evtol,combined,1,0.0521904,0.0215594,0.0360688,0.242793,0.00206587,788.5,0,0.00721157,480.557,4680,nan,nan,nan,double
ecm,ESO,observers,evtol,combined,1,0.0354013,0.027873,0.0279198,0.240016,0.0027718,22.1,0,0.0129579,986.878,4784,nan,nan,nan,double
ecm,UIO,observers,evtol,combined,1,0.0765559,0.017804,0.0482638,0.25,-0.00108225,1354,0,0.00406721,608.955,5072,nan,nan,nan,double
ecm,DOB,observers,evtol,combined,1,0.0613309,0.0234807,0.0452255,0.245119,-0.00421458,1434.3,0,0.00499358,585.112,4784,nan,nan,nan,double
ecm,AdaptiveObserver,observers,evtol,combined,1,0.0437805,0.00777847,0.0228343,0.242793,0.00371999,426,0,0.00427857,843.075,4864,0.436157,nan,nan,double
ecm,IntervalObserver,observers,evtol,combined,1,0.0542283,0.0202546,0.0371786,0.242793,0.00179677,1382.7,0,0.00531765,991.295,9024,nan,0,0.317488,double
ecm,JointEKF,soh,evtol,combined,1,0.0367954,0.0237288,0.0269291,0.109916,0.00551681,269.3,0,0.00234099,1218.98,8752,0.339756,nan,nan,double
ecm,JointUKF,soh,evtol,combined,1,0.0249204,0.0190669,0.0199721,0.0791099,0.0036755,243.1,0,0.00235213,3099.96,9600,0.264103,nan,nan,double
ecm,DualEKF,soh,evtol,combined,1,0.0381508,0.0220878,0.0277909,0.103051,0.0129199,441,0,0.0022768,1273.16,4752,0.123127,nan,nan,double
ecm,DualUKF,soh,evtol,combined,1,0.0189914,0.0202231,0.0183605,0.076087,0.011008,0.7,0,0.00240175,2384.8,5512,0.22796,nan,nan,double
ecm,RLS-EKF,soh,evtol,combined,1,0.0620793,0.0300784,0.0522338,0.201031,-0.0297805,1778.6,0,0.00459164,496.22,8904,nan,nan,nan,double
ecm,AWTLS,soh,evtol,combined,1,0.144937,0.0893006,0.128605,0.297664,-0.00849121,1860.2,0,0.00464779,479.138,8776,2.4129,nan,nan,double
ecm,PF-Bootstrap,particle,evtol,combined,1,0.0304936,0.0291858,0.0219718,0.142839,0.00131223,0,0,0.006935,80189.2,46472,nan,nan,nan,double
ecm,PF-Fast,particle,evtol,combined,1,0.0315799,0.0237093,0.0209209,0.167238,0.00289466,0,0,0.00564744,16628.1,9664,nan,nan,nan,double
ecm,PF-Regularized,particle,evtol,combined,1,0.0286154,0.0266352,0.0196919,0.138283,0.00145675,0,0,0.00695651,84374.8,46464,nan,nan,nan,double
ecm,PF-Auxiliary,particle,evtol,combined,1,0.0181228,0.0191648,0.013725,0.0744954,0.0036657,0,0,0.00859919,104264,54584,nan,nan,nan,double
ecm,RBPF,particle,evtol,combined,1,0.0273475,0.0203249,0.0175494,0.139564,0.00240529,540.5,0,0.00383876,40235.4,34016,nan,nan,nan,double
ecm,UPF,particle,evtol,combined,1,0.0348545,0.0232721,0.0234227,0.193171,0.00323642,884,0,0.00372428,18444.9,25360,nan,nan,nan,double
ecm,EnKF,particle,evtol,combined,1,0.109612,0.0696898,0.0768688,0.316294,0.0543881,963.9,0,0.00444601,10190.7,6776,nan,nan,nan,double
ecm,ETKF,particle,evtol,combined,1,0.0258252,0.0256998,0.017796,0.0654523,0.0498469,255,0,0.00457399,10516.5,5304,nan,nan,nan,double
ecm,GSF,particle,evtol,combined,1,0.056233,0.0363356,0.0274537,0.299466,0.014415,0.5,0,0.00415825,1709.55,9192,nan,nan,nan,double
ecm,NN-Direct,learning,evtol,combined,1,0.032635,0.0409671,0.0291775,0.0516612,0.020224,79.6,0,nan,496.639,15152,nan,nan,nan,double
ecm,NN-EKF,learning,evtol,combined,1,0.148464,0.111639,0.138659,0.304151,-0.0499526,-1,0,0.00710193,1033.89,4376,nan,nan,nan,double
ecm,ELM-RLS-EKF,learning,evtol,combined,1,0.15407,0.116912,0.145519,0.296505,-0.0617329,-1,0,0.00541867,3206.23,11704,nan,nan,nan,double
ecm,MHE-RTI,optimization,evtol,combined,1,0.00716155,0.00545351,0.00607023,0.0724918,-0.00497295,0.1,0,0.0042872,17155.8,26928,nan,nan,nan,double
ecm,MHE,optimization,evtol,combined,1,0.00891553,0.00677101,0.0082446,0.044578,-0.00430122,0,0,0.0043267,32551.8,26928,nan,nan,nan,double
ecm,ERTS,smoothers,evtol,combined,1,0.12892,0.10717,0.126261,0.172012,-0.0677132,-1,0,0.00891836,902.422,12547032,nan,nan,nan,double
ecm,URTS,smoothers,evtol,combined,1,0.0102141,0.0070491,0.00760642,0.0232091,0.0139553,214.6,0,0.00360107,2472.38,12547056,nan,nan,nan,double
ecm,Batch-NLS,smoothers,evtol,combined,1,0.0532625,0.0374313,0.0502967,0.0835581,-0.0175564,1869.7,0,0.00791283,4743.65,17371352,nan,nan,nan,double
ecm,FixedLag-EKF,smoothers,evtol,combined,1,0.154969,0.11869,0.146712,0.296287,-0.0676554,-1,0,0.00514418,10016.2,19992,nan,nan,nan,double
ecm,CoulombCounting,baselines,evtol,combined,2,0.222256,0.209979,0.221766,0.250407,-0.198188,-1,0,1.18467,79.26,4184,nan,nan,nan,double
ecm,OCVLookup,baselines,evtol,combined,2,0.0264046,0.0115718,0.013141,0.249153,0.00387766,66.2,0,0.0218319,1296.18,4192,nan,nan,nan,double
ecm,CoulombOCVHybrid,baselines,evtol,combined,2,0.0322028,0.0128466,0.0161678,0.249576,0.0069753,254.8,0,0.0346452,211.068,4192,nan,nan,nan,double
ecm,EKF,kalman,evtol,combined,2,0.158068,0.119223,0.149019,0.305279,-0.0598127,-1,0,0.00488865,482.304,4336,nan,nan,nan,double
ecm,UKF,kalman,evtol,combined,2,0.011179,0.003914,0.00806059,0.0784865,0.00530837,0.1,0,0.00455982,1449.51,4776,nan,nan,nan,double
ecm,LKF,kalman,evtol,combined,2,0.061954,0.0679663,0.0595442,0.11819,0.0870088,-1,0,0.00503838,330.716,4680,nan,nan,nan,double
ecm,IEKF,kalman,evtol,combined,2,0.0116448,0.0149666,0.01058,0.042211,0.0164109,0,0,0.00449484,595.63,4336,nan,nan,nan,double
ecm,CKF,kalman,evtol,combined,2,0.145717,0.127316,0.138711,0.267535,-0.0738035,-1,0,0.00484237,1227.35,4560,nan,nan,nan,double
ecm,SCKF,kalman,evtol,combined,2,0.145717,0.127316,0.138711,0.267535,-0.0738035,-1,0,0.00484237,1547.7,4696,nan,nan,nan,double
ecm,CKF5,kalman,evtol,combined,2,0.108494,0.0818157,0.102025,0.211514,-0.0302941,-1,0,0.00469606,3955.93,5624,nan,nan,nan,double
ecm,CDKF,kalman,evtol,combined,2,0.108494,0.0818157,0.102025,0.211514,-0.0302941,-1,0,0.00469606,1375.94,4312,nan,nan,nan,double
ecm,GHKF,kalman,evtol,combined,2,0.108494,0.0818157,0.102025,0.211514,-0.0302941,-1,0,0.00469606,11926.5,10784,nan,nan,nan,double
ecm,IPLF,kalman,evtol,combined,2,0.00744313,0.00959127,0.00631512,0.0314445,0.0116567,0,0,0.00455601,2043.58,4784,nan,nan,nan,double
ecm,EIF,kalman,evtol,combined,2,0.158068,0.119223,0.149019,0.305279,-0.0598127,-1,0,0.00488865,1196.91,4472,nan,nan,nan,double
ecm,SR-EKF,kalman,evtol,combined,2,0.158068,0.119223,0.149019,0.305279,-0.0598127,-1,0,0.00488865,821.869,4440,nan,nan,nan,double
ecm,SR-UKF,kalman,evtol,combined,2,0.0111788,0.003914,0.00806052,0.0784865,0.00530837,0.1,0,0.00455982,1547.17,4896,nan,nan,nan,double
ecm,UD-EKF,kalman,evtol,combined,2,0.158068,0.119223,0.149019,0.305279,-0.0598127,-1,0,0.00488865,482.384,4480,nan,nan,nan,double
ecm,SO-EKF,kalman,evtol,combined,2,0.0127864,0.0160683,0.0116971,0.075915,0.0159799,0.1,0,0.0045666,4095.78,4496,nan,nan,nan,double
ecm,SageHusa-AKF,adaptive_kalman,evtol,combined,2,0.0497373,0.0193359,0.0393062,0.120903,0.00463225,1440.2,0,0.0134797,525.54,4808,nan,nan,nan,double
ecm,IAE-AKF,adaptive_kalman,evtol,combined,2,0.048736,0.0193284,0.0387484,0.116787,0.00241333,1440.3,0,0.0159104,500.874,5040,nan,nan,nan,double
ecm,VB-AKF,adaptive_kalman,evtol,combined,2,0.0495104,0.0187534,0.0388142,0.12144,0.0049526,1438.3,0,0.0141241,863.985,4408,nan,nan,nan,double
ecm,STF,adaptive_kalman,evtol,combined,2,0.0355109,0.0279442,0.0239291,0.250003,0.00279541,0.1,0,0.00301937,535.28,4680,nan,nan,nan,double
ecm,Fading-EKF,adaptive_kalman,evtol,combined,2,0.00935863,0.0119326,0.00692833,0.0753762,-0.00392731,0.3,0,0.00507516,502.793,4384,nan,nan,nan,double
ecm,Fuzzy-AKF,adaptive_kalman,evtol,combined,2,0.0602158,0.0266587,0.0489991,0.166815,0.000905886,1782.1,0,0.0138745,734.801,4816,nan,nan,nan,double
ecm,IMM,adaptive_kalman,evtol,combined,2,0.0286452,0.0145393,0.0248069,0.0817829,0.00135943,1144.3,0,0.00540994,2058.4,4976,nan,nan,nan,double
ecm,MMAE,adaptive_kalman,evtol,combined,2,0.158941,0.120679,0.150021,0.305156,-0.0603519,-1,0,0.00490401,1772.54,13200,0.491494,nan,nan,double
ecm,Schmidt-KF,robust_kalman,evtol,combined,2,0.0544263,0.0113219,0.0392515,0.114435,-0.00310208,1048.1,0,0.0290673,1367.1,8856,nan,nan,nan,double
ecm,Hinf-EKF,robust_kalman,evtol,combined,2,0.0820241,0.0446859,0.0723894,0.194584,-0.0186842,-1,0,0.00457224,797.687,4408,nan,nan,nan,double
ecm,Huber-EKF,robust_kalman,evtol,combined,2,0.0658898,0.0342232,0.0563241,0.185108,-0.00568243,1850.9,0,0.00832339,638,4368,nan,nan,nan,double
ecm,MC-EKF,robust_kalman,evtol,combined,2,0.058234,0.0298774,0.0497297,0.138035,-0.00343151,1848.7,0,0.0113266,1036.48,4384,nan,nan,nan,double
ecm,StudentT-KF,robust_kalman,evtol,combined,2,0.085369,0.0537262,0.0768146,0.229795,-0.0102459,1865.1,0,0.00883504,721.247,4568,nan,nan,nan,double
ecm,Constrained-EKF,robust_kalman,evtol,combined,2,0.159285,0.122312,0.150863,0.307319,-0.0763379,-1,0,0.00503542,586.636,4416,nan,nan,nan,double
ecm,ReducedOrder-EKF,robust_kalman,evtol,combined,2,0.0403635,0.0170384,0.0277828,0.181554,0.00048715,569.9,0,0.00763902,331.231,4272,nan,nan,nan,double
ecm,SVSF,robust_kalman,evtol,combined,2,0.0501322,0.0225393,0.04114,0.130448,0.00212151,1569.1,0,0.00334411,583.308,4376,nan,nan,nan,double
ecm,Luenberger,observers,evtol,combined,2,0.052515,0.020432,0.0359758,0.242937,0.00264757,814.4,0,0.00717391,470.402,4632,nan,nan,nan,double
ecm,SSKF,observers,evtol,combined,2,0.0542393,0.0202469,0.0372537,0.242937,0.00222086,1403.3,0,0.00524707,567.268,4632,nan,nan,nan,double
ecm,PI-Observer,observers,evtol,combined,2,0.025183,0.0210664,0.0177819,0.240197,0.00717857,21.7,0,0.0117008,836.82,4824,nan,nan,nan,double
ecm,SMO,observers,evtol,combined,2,0.0514353,0.0213616,0.0354127,0.242907,0.00298417,854.5,0,0.00602298,520.15,4800,nan,nan,nan,double
ecm,SMO-Adaptive,observers,evtol,combined,2,0.0516471,0.0202079,0.0352474,0.242907,0.00299214,809.2,0,0.0060901,532.472,4800,nan,nan,nan,double
ecm,SuperTwisting-SMO,observers,evtol,combined,2,0.0437415,0.0250692,0.0274798,0.249747,0.00276388,90.9,0,0.0290626,132.844,4280,nan,nan,nan,double
ecm,HGO,observers,evtol,combined,2,0.0526136,0.0203711,0.036071,0.242937,0.00265807,814.4,0,0.00728002,454.159,4680,nan,nan,nan,double
ecm,ESO,observers,evtol,combined,2,0.0241859,0.0214888,0.0183755,0.240197,0.00989985,21.7,0,0.0111453,942.085,4784,nan,nan,nan,double
ecm,UIO,observers,evtol,combined,2,0.0770819,0.0183843,0.0492198,0.25,-0.00192325,1410.2,0,0.0040409,612.523,5072,nan,nan,nan,double
ecm,DOB,observers,evtol,combined,2,0.061645,0.0236701,0.045843,0.245273,-0.00496356,1436.6,0,0.00497043,544.354,4784,nan,nan,nan,double
ecm,AdaptiveObserver,observers,evtol,combined,2,0.0439643,0.00845429,0.0234269,0.242937,0.00507873,428.9,0,0.00430466,806.589,4864,0.44415,nan,nan,double
ecm,IntervalObserver,observers,evtol,combined,2,0.0542393,0.0202469,0.0372537,0.242937,0.00222086,1403.3,0,0.00524707,936.496,9024,nan,0,0.31962,double
ecm,JointEKF,soh,evtol,combined,2,0.0402888,0.0265153,0.0301985,0.118761,0.00911184,289.8,0,0.00224704,1213.17,8752,0.404958,nan,nan,double
ecm,JointUKF,soh,evtol,combined,2,0.0184878,0.0123753,0.014071,0.0803169,0.00507287,210,0,0.00231928,3097.86,9600,0.23159,nan,nan,double
ecm,DualEKF,soh,evtol,combined,2,0.0353482,0.0182494,0.0242467,0.103466,0.0134881,381,0,0.00226504,1274.47,4752,0.148251,nan,nan,double
ecm,DualUKF,soh,evtol,combined,2,0.0176161,0.0207814,0.0166844,0.0784865,0.0160929,0.2,0,0.00244733,2367.45,5512,0.276406,nan,nan,double
ecm,RLS-EKF,soh,evtol,combined,2,0.0453796,0.0139586,0.0285176,0.148976,-0.0306645,674.5,0,0.0047825,486.55,8904,nan,nan,nan,double
ecm,AWTLS,soh,evtol,combined,2,0.148885,0.0929492,0.132663,0.305279,-0.0142753,1896.8,0,0.00450727,472.033,8776,2.43984,nan,nan,double
ecm,PF-Bootstrap,particle,evtol,combined,2,0.0376533,0.0287516,0.0279667,0.169781,0.00123848,832.1,0,0.0057994,79476.1,46472,nan,nan,nan,double
ecm,PF-Fast,particle,evtol,combined,2,0.0330281,0.024367,0.0229354,0.173302,0.00666672,3.8,0,0.00524254,16614,9664,nan,nan,nan,double
ecm,PF-Regularized,particle,evtol,combined,2,0.0344722,0.0259961,0.0255638,0.16757,0.00374201,540.8,0,0.00609703,85666.5,46464,nan,nan,nan,double
ecm,PF-Auxiliary,particle,evtol,combined,2,0.0300952,0.0226538,0.0235323,0.108624,0.00261192,627.9,0,0.00786118,104718,54584,nan,nan,nan,double
ecm,RBPF,particle,evtol,combined,2,0.0179876,0.0200103,0.00998371,0.0852181,0.00167559,0,0,0.00390763,40265.4,34016,nan,nan,nan,double
ecm,UPF,particle,evtol,combined,2,0.0377876,0.0282193,0.0265123,0.195525,0.00185656,747.9,0,0.00334707,18472.7,25360,nan,nan,nan,double
ecm,EnKF,particle,evtol,combined,2,0.0293681,0.0270617,0.0228752,0.0990734,-0.0170757,243.3,0,0.00440849,10088.1,6776,nan,nan,nan,double
ecm,ETKF,particle,evtol,combined,2,0.0164814,0.0198335,0.0144566,0.0404799,0.0256208,0.5,0,0.00458373,10431,5304,nan,nan,nan,double
ecm,GSF,particle,evtol,combined,2,0.0494414,0.0338426,0.0175925,0.29211,0.00851606,0.4,0,0.00404529,1733.97,9192,nan,nan,nan,double
ecm,NN-Direct,learning,evtol,combined,2,0.0322619,0.0405921,0.0288635,0.0511497,0.0209622,95.7,0,nan,496.247,15152,nan,nan,nan,double
ecm,NN-EKF,learning,evtol,combined,2,0.08483,0.0581318,0.0779545,0.210567,-0.0144345,1869.9,0,0.00611873,1041.61,4376,nan,nan,nan,double
ecm,ELM-RLS-EKF,learning,evtol,combined,2,0.157691,0.118122,0.148056,0.305621,-0.0513073,-1,0,0.00502985,3211.42,11704,nan,nan,nan,double
ecm,MHE-RTI,optimization,evtol,combined,2,0.00897395,0.00431064,0.00655536,0.0753762,-0.00329714,0.1,0,0.0042062,16974.3,26928,nan,nan,nan,double
ecm,MHE,optimization,evtol,combined,2,0.00667133,0.0056861,0.00442191,0.0482726,-0.00806296,0,0,0.00438393,32730.8,26928,nan,nan,nan,double
ecm,ERTS,smoothers,evtol,combined,2,0.117408,0.0937241,0.11427,0.162182,-0.0598127,-1,0,0.00907061,902.272,12547032,nan,nan,nan,double
ecm,URTS,smoothers,evtol,combined,2,0.0206915,0.00789839,0.0168308,0.0424069,0.00530837,631.1,0,0.00490879,2504.89,12547056,nan,nan,nan,double
ecm,Batch-NLS,smoothers,evtol,combined,2,0.0558504,0.0398914,0.0529953,0.0863832,-0.0205603,-1,0,0.00718602,4812.83,17371352,nan,nan,nan,double
ecm,FixedLag-EKF,smoothers,evtol,combined,2,0.157643,0.118885,0.148636,0.30405,-0.0597509,-1,0,0.00488865,10086.6,19992,nan,nan,nan,double
ecm,CoulombCounting,baselines,evtol,combined,3,0.221509,0.208925,0.220993,0.2504,-0.196744,-1,0,1.91205,78.0772,4184,nan,nan,nan,double
ecm,OCVLookup,baselines,evtol,combined,3,0.0264069,0.0114665,0.013161,0.249145,0.00325966,66.1,0,0.0224384,1349.23,4192,nan,nan,nan,double
ecm,CoulombOCVHybrid,baselines,evtol,combined,3,0.0323624,0.0138356,0.0165409,0.249572,0.00674237,249.4,0,0.036742,220.327,4192,nan,nan,nan,double
ecm,EKF,kalman,evtol,combined,3,0.167208,0.135047,0.160064,0.28618,-0.0744789,-1,0,0.0054049,493.952,4336,nan,nan,nan,double
ecm,UKF,kalman,evtol,combined,3,0.0110322,0.0139693,0.00979239,0.0764857,0.00558808,0.1,0,0.00474775,1485.15,4776,nan,nan,nan,double
ecm,LKF,kalman,evtol,combined,3,0.0653826,0.0716805,0.0633743,0.118608,0.0864183,-1,0,0.00524789,346.277,4680,nan,nan,nan,double
ecm,IEKF,kalman,evtol,combined,3,0.0220854,0.0242207,0.0214109,0.0405373,0.0106867,0,0,0.00465315,637.785,4336,nan,nan,nan,double
ecm,CKF,kalman,evtol,combined,3,0.0977992,0.0810468,0.0923407,0.195621,-0.0456847,-1,0,0.00481829,1251.55,4560,nan,nan,nan,double
ecm,SCKF,kalman,evtol,combined,3,0.0977992,0.0810468,0.0923407,0.195621,-0.0456847,-1,0,0.00481829,1588.74,4696,nan,nan,nan,double
ecm,CKF5,kalman,evtol,combined,3,0.157668,0.131231,0.150474,0.25295,-0.069378,-1,0,0.00532275,4091.79,5624,nan,nan,nan,double
ecm,CDKF,kalman,evtol,combined,3,0.157668,0.131231,0.150474,0.25295,-0.069378,-1,0,0.00532275,1398.21,4312,nan,nan,nan,double
ecm,GHKF,kalman,evtol,combined,3,0.157668,0.131231,0.150474,0.25295,-0.069378,-1,0,0.00532275,12168.9,10784,nan,nan,nan,double
ecm,IPLF,kalman,evtol,combined,3,0.0222066,0.024143,0.0216231,0.0734019,0.00964697,0,0,0.00476381,2077.78,4784,nan,nan,nan,double
ecm,EIF,kalman,evtol,combined,3,0.167208,0.135047,0.160064,0.28618,-0.0744789,-1,0,0.0054049,1222.41,4472,nan,nan,nan,double
ecm,SR-EKF,kalman,evtol,combined,3,0.167208,0.135047,0.160064,0.28618,-0.0744789,-1,0,0.0054049,888.654,4440,nan,nan,nan,double
ecm,SR-UKF,kalman,evtol,combined,3,0.0110322,0.0139693,0.00979239,0.0764857,0.00558808,0.1,0,0.00474775,1694.79,4896,nan,nan,nan,double
ecm,UD-EKF,kalman,evtol,combined,3,0.167208,0.135047,0.160064,0.28618,-0.0744789,-1,0,0.0054049,485.414,4480,nan,nan,nan,double
ecm,SO-EKF,kalman,evtol,combined,3,0.00838142,0.0109952,0.00714732,0.0738597,0.00553952,0.1,0,0.00469673,4232.46,4496,nan,nan,nan,double
ecm,SageHusa-AKF,adaptive_kalman,evtol,combined,3,0.0502954,0.020733,0.0403138,0.121393,0.0036274,1456.1,0,0.0140011,544.143,4808,nan,nan,nan,double
ecm,IAE-AKF,adaptive_kalman,evtol,combined,3,0.0489037,0.0207628,0.0395998,0.11132,0.00115659,1456,0,0.0170548,509.725,5040,nan,nan,nan,double
ecm,VB-AKF,adaptive_kalman,evtol,combined,3,0.0471285,0.0173334,0.0366569,0.110932,0.00510431,1363.3,0,0.0148095,884.507,4408,nan,nan,nan,double
ecm,STF,adaptive_kalman,evtol,combined,3,0.0345632,0.0261061,0.0229558,0.274627,0.00301702,0.1,0,0.00304241,544.197,4680,nan,nan,nan,double
ecm,Fading-EKF,adaptive_kalman,evtol,combined,3,0.00922182,0.0116636,0.00679888,0.0729711,-0.00293101,0.3,0,0.00520405,503.423,4384,nan,nan,nan,double
ecm,Fuzzy-AKF,adaptive_kalman,evtol,combined,3,0.0587971,0.0273228,0.048679,0.15451,-0.000115131,1849.4,0,0.0160345,732.725,4816,nan,nan,nan,double
ecm,IMM,adaptive_kalman,evtol,combined,3,0.0186275,0.00711464,0.0151115,0.0794256,0.00310116,543.7,0,0.00552268,2079.72,4976,nan,nan,nan,double
ecm,MMAE,adaptive_kalman,evtol,combined,3,0.167643,0.135783,0.160549,0.284631,-0.0744192,-1,0,0.00541944,1783.95,13200,0.485045,nan,nan,double
ecm,Schmidt-KF,robust_kalman,evtol,combined,3,0.0508308,0.00968886,0.0359998,0.107385,-0.00189197,1008.9,0,0.0278251,1314.46,8856,nan,nan,nan,double
ecm,Hinf-EKF,robust_kalman,evtol,combined,3,0.110618,0.0537027,0.0878718,0.346866,-0.0124227,1861,0,0.00445878,809.851,4408,nan,nan,nan,double
ecm,Huber-EKF,robust_kalman,evtol,combined,3,0.0648772,0.0346974,0.0560243,0.172156,-0.00314838,1848.9,0,0.00854329,654.346,4368,nan,nan,nan,double
ecm,MC-EKF,robust_kalman,evtol,combined,3,0.0611529,0.0338457,0.0535292,0.153574,-0.00499059,1854.6,0,0.0121586,1050.1,4384,nan,nan,nan,double
ecm,StudentT-KF,robust_kalman,evtol,combined,3,0.0670298,0.037621,0.0583138,0.185574,-0.00231297,1848.9,0,0.00887365,721.38,4568,nan,nan,nan,double
ecm,Constrained-EKF,robust_kalman,evtol,combined,3,0.136009,0.104253,0.129624,0.245178,-0.0581591,-1,0,0.00512053,606.573,4416,nan,nan,nan,double
ecm,ReducedOrder-EKF,robust_kalman,evtol,combined,3,0.0401402,0.0168039,0.0273885,0.18939,0.000833264,585.2,0,0.00774188,329.82,4272,nan,nan,nan,double
ecm,SVSF,robust_kalman,evtol,combined,3,0.041945,0.0148796,0.0319142,0.128004,0.00124119,1184.7,0,0.00339344,585.746,4376,nan,nan,nan,double
ecm,Luenberger,observers,evtol,combined,3,0.054554,0.0220244,0.0376372,0.242815,0.00185,846.6,0,0.00694075,450.566,4632,nan,nan,nan,double
ecm,SSKF,observers,evtol,combined,3,0.054404,0.0204788,0.0374742,0.242815,0.00169904,1390.2,0,0.00532527,596.849,4632,nan,nan,nan,double
ecm,PI-Observer,observers,evtol,combined,3,0.0301716,0.0201582,0.0228894,0.240044,0.00422184,22.1,0,0.0133179,888.75,4824,nan,nan,nan,double
ecm,SMO,observers,evtol,combined,3,0.0527215,0.0211481,0.036235,0.242785,0.00195336,851.7,0,0.00594192,491.226,4800,nan,nan,nan,double
ecm,SMO-Adaptive,observers,evtol,combined,3,0.0530438,0.0212226,0.0365938,0.242785,0.00200926,862.5,0,0.00602245,501.739,4800,nan,nan,nan,double
ecm,SuperTwisting-SMO,observers,evtol,combined,3,0.0437438,0.0242356,0.02737,0.249745,0.00185285,90.8,0,0.0297964,133.25,4280,nan,nan,nan,double
ecm,HGO,observers,evtol,combined,3,0.0526168,0.0213285,0.036404,0.242815,0.00205003,810.1,0,0.0070868,458.124,4680,nan,nan,nan,double
ecm,ESO,observers,evtol,combined,3,0.0296956,0.0268024,0.0214719,0.240044,0.0101777,22.1,0,0.0161346,958.304,4784,nan,nan,nan,double
ecm,UIO,observers,evtol,combined,3,0.076687,0.0178957,0.0484204,0.25,-0.00143866,1350.4,0,0.00412249,587.649,5072,nan,nan,nan,double
ecm,DOB,observers,evtol,combined,3,0.0612064,0.0232149,0.0450922,0.245126,-0.00354419,1410.7,0,0.00503972,551.86,4784,nan,nan,nan,double
ecm,AdaptiveObserver,observers,evtol,combined,3,0.0440058,0.00788453,0.0231157,0.242815,0.0030049,420.6,0,0.00433598,798.641,4864,0.42791,nan,nan,double
ecm,IntervalObserver,observers,evtol,combined,3,0.054404,0.0204788,0.0374742,0.242815,0.00169904,1390.2,0,0.00532527,975.15,9024,nan,0,0.315293,double
ecm,JointEKF,soh,evtol,combined,3,0.0378578,0.0272414,0.0292741,0.109955,0.00513401,272.4,0,0.00230408,1237.87,8752,0.346042,nan,nan,double
ecm,JointUKF,soh,evtol,combined,3,0.0211001,0.0139988,0.0157348,0.0783618,0.0031026,220.6,0,0.00240904,3152.57,9600,0.224804,nan,nan,double
ecm,DualEKF,soh,evtol,combined,3,0.0365169,0.019857,0.0258382,0.101386,0.00751678,420.6,0,0.00235668,1282.33,4752,0.0413279,nan,nan,double
ecm,DualUKF,soh,evtol,combined,3,0.0193931,0.0220748,0.0181922,0.0764857,0.00958957,0.2,0,0.00246515,2369.02,5512,0.221851,nan,nan,double
ecm,RLS-EKF,soh,evtol,combined,3,0.0495931,0.0160785,0.0344692,0.173317,-0.0304589,928.8,0,0.00497625,494.575,8904,nan,nan,nan,double
ecm,AWTLS,soh,evtol,combined,3,0.158266,0.111689,0.147211,0.28618,-0.0475206,-1,0,0.00485757,484.098,8776,2.25811,nan,nan,double
ecm,PF-Bootstrap,particle,evtol,combined,3,0.0300937,0.0250033,0.0215227,0.143577,0.00193988,0,0,0.00656142,79674.5,46472,nan,nan,nan,double
ecm,PF-Fast,particle,evtol,combined,3,0.0329036,0.0276502,0.0235147,0.160556,0.00240975,0,0,0.00553216,16805.5,9664,nan,nan,nan,double
ecm,PF-Regularized,particle,evtol,combined,3,0.0294268,0.0226307,0.0180169,0.152839,0.00174715,0,0,0.00636626,86111.3,46464,nan,nan,nan,double
ecm,PF-Auxiliary,particle,evtol,combined,3,0.0205186,0.0208343,0.0158524,0.0749683,0.00160011,0,0,0.00828628,104436,54584,nan,nan,nan,double
ecm,RBPF,particle,evtol,combined,3,0.0197446,0.0211065,0.0134648,0.0818074,0.00259862,0,0,0.00402454,40230.2,34016,nan,nan,nan,double
ecm,UPF,particle,evtol,combined,3,0.0339562,0.0277765,0.0217835,0.170206,-0.000122491,0,0,0.00374775,18619.9,25360,nan,nan,nan,double
ecm,EnKF,particle,evtol,combined,3,0.031265,0.0156583,0.0250056,0.0999047,-0.0114991,298,0,0.00434395,10288.6,6776,nan,nan,nan,double
ecm,ETKF,particle,evtol,combined,3,0.11017,0.0988636,0.105069,0.203322,-0.0545998,-1,0,0.00489959,10567.6,5304,nan,nan,nan,double
ecm,GSF,particle,evtol,combined,3,0.0545599,0.0296525,0.0195261,0.289252,-0.000893529,0.4,0,0.0042706,1748.19,9192,nan,nan,nan,double
ecm,NN-Direct,learning,evtol,combined,3,0.0327456,0.0409987,0.0293229,0.0504811,0.0185786,61.1,0,nan,495.63,15152,nan,nan,nan,double
ecm,NN-EKF,learning,evtol,combined,3,0.148773,0.117736,0.141322,0.262319,-0.0557019,-1,0,0.00756059,1047.21,4376,nan,nan,nan,double
ecm,ELM-RLS-EKF,learning,evtol,combined,3,0.169513,0.137735,0.162372,0.279916,-0.0737477,-1,0,0.00576019,3204.13,11704,nan,nan,nan,double
ecm,MHE-RTI,optimization,evtol,combined,3,0.00616482,0.00510454,0.0048713,0.0729711,-0.00446398,0.1,0,0.00435584,17344.9,26928,nan,nan,nan,double
ecm,MHE,optimization,evtol,combined,3,0.00808856,0.00838397,0.00724071,0.0403041,-0.00239768,0,0,0.0044767,32738.8,26928,nan,nan,nan,double
ecm,ERTS,smoothers,evtol,combined,3,0.152347,0.129005,0.149435,0.198467,-0.0744789,-1,0,0.00874871,914.466,12547032,nan,nan,nan,double
ecm,URTS,smoothers,evtol,combined,3,0.0140316,0.00518577,0.0111695,0.0309911,0.00558808,316,0,0.00417805,2480.65,12547056,nan,nan,nan,double
ecm,Batch-NLS,smoothers,evtol,combined,3,0.0877768,0.0719207,0.0855923,0.120731,-0.0410277,-1,0,0.008709,4914.64,17371352,nan,nan,nan,double
ecm,FixedLag-EKF,smoothers,evtol,combined,3,0.166777,0.1347,0.159675,0.284886,-0.0744281,-1,0,0.0054049,10020.5,19992,nan,nan,nan,double
ecm,CoulombCounting,baselines,fixed_wing,nominal,1,0.00350989,0.00450211,0.00314219,0.00558308,-0.00558246,0,0,0.00406941,80.4218,4184,nan,nan,nan,double
ecm,OCVLookup,baselines,fixed_wing,nominal,1,0.011242,0.00776629,0.00964628,0.0315716,0.002912,0,0,0.00827074,1313.34,4192,nan,nan,nan,double
ecm,CoulombOCVHybrid,baselines,fixed_wing,nominal,1,0.00239622,0.000900834,0.00192416,0.00493218,0.000234158,0,0,0.00145707,232.288,4192,nan,nan,nan,double
ecm,EKF,kalman,fixed_wing,nominal,1,0.00136212,0.000576651,0.000854346,0.0131962,-0.00065694,0,0,0.00074565,495.734,4336,nan,nan,nan,double
ecm,UKF,kalman,fixed_wing,nominal,1,0.00212711,0.000551461,0.00111882,0.0400167,-0.000713134,0.4,0,0.000967364,1517.82,4776,nan,nan,nan,double
ecm,LKF,kalman,fixed_wing,nominal,1,0.0254397,0.01725,0.0208688,0.0499082,-0.0331406,0,0,0.00093941,333.528,4680,nan,nan,nan,double
ecm,IEKF,kalman,fixed_wing,nominal,1,0.00465869,0.000574931,0.00284888,0.0149121,-0.000430886,0,0,0.00074723,607.71,4336,nan,nan,nan,double
ecm,CKF,kalman,fixed_wing,nominal,1,0.000686674,0.000555176,0.000540665,0.010206,-0.000729202,0,0,0.000752282,1254.8,4560,nan,nan,nan,double
ecm,SCKF,kalman,fixed_wing,nominal,1,0.000686674,0.000555176,0.000540665,0.010206,-0.000729202,0,0,0.000752282,1642.51,4696,nan,nan,nan,double
ecm,CKF5,kalman,fixed_wing,nominal,1,0.000663919,0.000552509,0.000513661,0.0148211,-0.000736765,0,0,0.000758083,4061.34,5624,nan,nan,nan,double
ecm,CDKF,kalman,fixed_wing,nominal,1,0.000663919,0.000552509,0.000513661,0.0148211,-0.000736765,0,0,0.000758083,1437.12,4312,nan,nan,nan,double
ecm,GHKF,kalman,fixed_wing,nominal,1,0.000663919,0.000552509,0.000513661,0.0148211,-0.000736765,0,0,0.000758083,12028.7,10784,nan,nan,nan,double
ecm,IPLF,kalman,fixed_wing,nominal,1,0.00499525,0.000409303,0.00269674,0.0346797,-0.000560815,0.3,0,0.000976552,2069.07,4784,nan,nan,nan,double
ecm,EIF,kalman,fixed_wing,nominal,1,0.00136212,0.000576651,0.000854346,0.0131962,-0.00065694,0,0,0.00074565,1232.15,4472,nan,nan,nan,double
ecm,SR-EKF,kalman,fixed_wing,nominal,1,0.00136212,0.000576651,0.000854346,0.0131962,-0.00065694,0,0,0.00074565,827.235,4440,nan,nan,nan,double
ecm,SR-UKF,kalman,fixed_wing,nominal,1,0.00212711,0.000551461,0.00111882,0.0400167,-0.000713134,0.4,0,0.000967364,1592.08,4896,nan,nan,nan,double
ecm,UD-EKF,kalman,fixed_wing,nominal,1,0.00136212,0.000576651,0.000854346,0.0131962,-0.00065694,0,0,0.00074565,494.926,4480,nan,nan,nan,double
ecm,SO-EKF,kalman,fixed_wing,nominal,1,0.00284744,0.000333115,0.00172924,0.0391218,-0.000619673,0.4,0,0.000938645,4327.9,4496,nan,nan,nan,double
ecm,SageHusa-AKF,adaptive_kalman,fixed_wing,nominal,1,0.001536,0.000579684,0.000919415,0.0131962,-0.000754427,0,0,0.000745357,563.165,4808,nan,nan,nan,double
ecm,IAE-AKF,adaptive_kalman,fixed_wing,nominal,1,0.00172108,0.000565561,0.00102608,0.0131962,-0.000610283,0,0,0.000744234,546.067,5040,nan,nan,nan,double
ecm,VB-AKF,adaptive_kalman,fixed_wing,nominal,1,0.00120624,0.000580999,0.000759738,0.0131962,-0.000660411,0,0,0.000744097,877.976,4408,nan,nan,nan,double
ecm,STF,adaptive_kalman,fixed_wing,nominal,1,0.00251971,0.00149956,0.00164962,0.0281305,0.000543906,0,0,0.000855717,543.87,4680,nan,nan,nan,double
ecm,Fading-EKF,adaptive_kalman,fixed_wing,nominal,1,0.00183162,0.000522807,0.00115358,0.0131962,0.000460177,0,0,0.000725474,515.763,4384,nan,nan,nan,double
ecm,Fuzzy-AKF,adaptive_kalman,fixed_wing,nominal,1,0.00129923,0.000586153,0.000827943,0.0131962,-0.000653172,0,0,0.000745709,745.234,4816,nan,nan,nan,double
ecm,IMM,adaptive_kalman,fixed_wing,nominal,1,0.00141186,0.000556696,0.000920771,0.0125792,-0.000626212,0,0,0.000745442,2073.58,4976,nan,nan,nan,double
ecm,MMAE,adaptive_kalman,fixed_wing,nominal,1,0.00386022,0.00229209,0.00346562,0.0131962,-0.00124352,0,0,0.000752189,1782.72,13200,0.000244102,nan,nan,double
ecm,Schmidt-KF,robust_kalman,fixed_wing,nominal,1,0.00724456,0.00667706,0.00639466,0.0151273,-0.00299215,0,0,0.00636304,1298.84,8856,nan,nan,nan,double
ecm,Hinf-EKF,robust_kalman,fixed_wing,nominal,1,0.00103834,0.000419654,0.000620811,0.0132241,-0.000450671,0,0,0.000745669,803.755,4408,nan,nan,nan,double
ecm,Huber-EKF,robust_kalman,fixed_wing,nominal,1,0.00134404,0.000559108,0.000887698,0.0131962,-0.000728741,0,0,0.000733454,648.41,4368,nan,nan,nan,double
ecm,MC-EKF,robust_kalman,fixed_wing,nominal,1,0.000927144,0.00078255,0.00069635,0.0131962,-0.000829308,0,0,0.000740584,1008.69,4384,nan,nan,nan,double
ecm,StudentT-KF,robust_kalman,fixed_wing,nominal,1,0.00082542,0.000579208,0.000599392,0.0131962,-0.000736124,0,0,0.000717882,703.218,4568,nan,nan,nan,double
ecm,Constrained-EKF,robust_kalman,fixed_wing,nominal,1,0.00136215,0.000576763,0.000854423,0.0131962,-0.000657043,0,0,0.000745652,591.533,4416,nan,nan,nan,double
ecm,ReducedOrder-EKF,robust_kalman,fixed_wing,nominal,1,0.00205002,0.000684848,0.00131723,0.0132455,0.000577013,0,0,0.000686953,334.554,4272,nan,nan,nan,double
ecm,SVSF,robust_kalman,fixed_wing,nominal,1,0.00172981,0.000555832,0.000985907,0.00678109,-0.00075792,0,0,0.000722801,583.376,4376,nan,nan,nan,double
ecm,Luenberger,observers,fixed_wing,nominal,1,0.00180648,0.000727065,0.00125111,0.00581003,0.000734584,0,0,0.000770168,477.084,4632,nan,nan,nan,double
ecm,SSKF,observers,fixed_wing,nominal,1,0.00180648,0.000727065,0.00125111,0.00581003,0.000734584,0,0,0.000770168,408.942,4632,nan,nan,nan,double
ecm,PI-Observer,observers,fixed_wing,nominal,1,0.00220863,0.000797654,0.0013752,0.0102267,0.000751072,0,0,0.000808119,892.476,4824,nan,nan,nan,double
ecm,SMO,observers,fixed_wing,nominal,1,0.00183369,0.000747527,0.00126466,0.00592843,0.000798065,0,0,0.000777945,525.389,4800,nan,nan,nan,double
ecm,SMO-Adaptive,observers,fixed_wing,nominal,1,0.00181131,0.000741776,0.00125465,0.00591551,0.000777106,0,0,0.000774025,512.404,4800,nan,nan,nan,double
ecm,SuperTwisting-SMO,observers,fixed_wing,nominal,1,0.00229913,0.000822579,0.00144468,0.0112889,0.000654409,0,0,0.000714797,141.145,4280,nan,nan,nan,double
ecm,HGO,observers,fixed_wing,nominal,1,0.00180648,0.000727065,0.00125111,0.00581003,0.000734584,0,0,0.000770168,474.893,4680,nan,nan,nan,double
ecm,ESO,observers,fixed_wing,nominal,1,0.00226366,0.000893189,0.00143641,0.0102348,0.000849742,0,0,0.000771583,1483.14,4784,nan,nan,nan,double
ecm,UIO,observers,fixed_wing,nominal,1,0.00147959,0.000629294,0.000934634,0.00682555,7.33078e-05,0,0,0.00325836,548.731,5072,nan,nan,nan,double
ecm,DOB,observers,fixed_wing,nominal,1,0.000671714,0.000213791,0.000419688,0.00259743,3.39933e-05,0,0,0.000863607,545.863,4784,nan,nan,nan,double
ecm,AdaptiveObserver,observers,fixed_wing,nominal,1,0.00168213,0.000498474,0.00101308,0.00580585,0.000575976,0,0,0.000767736,895.433,4864,0.0152577,nan,nan,double
ecm,IntervalObserver,observers,fixed_wing,nominal,1,0.00180648,0.000727065,0.00125111,0.00581003,0.000734584,0,0,0.000770168,794.482,9024,nan,0,0.27501,double
ecm,JointEKF,soh,fixed_wing,nominal,1,0.000971362,0.000280961,0.000517623,0.0131651,0.000655807,0,0,0.000746577,1216.41,8752,0.0501887,nan,nan,double
ecm,JointUKF,soh,fixed_wing,nominal,1,0.00191841,0.00118072,0.00145743,0.0400056,-0.000670681,0.4,0,0.000962656,3109.09,9600,0.0244973,nan,nan,double
ecm,DualEKF,soh,fixed_wing,nominal,1,0.00122426,0.000470756,0.0008495,0.0131962,-1.52199e-05,0,0,0.000742231,1269.83,4752,0.0464358,nan,nan,double
ecm,DualUKF,soh,fixed_wing,nominal,1,0.00172646,0.000362723,0.000991702,0.0400284,-0.000386931,0.4,0,0.000967712,2375.54,5512,0.0395272,nan,nan,double
ecm,RLS-EKF,soh,fixed_wing,nominal,1,0.00451574,0.0022228,0.00372019,0.0131962,0.000467882,0,0,0.000943001,500.94,8904,nan,nan,nan,double
ecm,AWTLS,soh,fixed_wing,nominal,1,0.00192294,0.00184705,0.00172209,0.0131962,-0.00167804,0,0,0.000746203,481.38,8776,0.00976032,nan,nan,double
ecm,PF-Bootstrap,particle,fixed_wing,nominal,1,0.00169277,0.00179452,0.00138931,0.00673335,0.00215176,0,0,0.000792906,75944.1,46472,nan,nan,nan,double
ecm,PF-Fast,particle,fixed_wing,nominal,1,0.00210112,0.0020629,0.00164368,0.00916812,0.00338966,0,0,0.000873434,15847,9664,nan,nan,nan,double
ecm,PF-Regularized,particle,fixed_wing,nominal,1,0.00141973,0.00133403,0.00109832,0.00671296,0.000853501,0,0,0.000787121,80630.4,46464,nan,nan,nan,double
ecm,PF-Auxiliary,particle,fixed_wing,nominal,1,0.00164516,0.00156631,0.00129867,0.00709985,0.00166907,0,0,0.000821638,104230,54584,nan,nan,nan,double
ecm,RBPF,particle,fixed_wing,nominal,1,0.00126451,0.00119893,0.00104878,0.0087835,-0.00107474,0,0,0.000750938,40255.1,34016,nan,nan,nan,double
ecm,UPF,particle,fixed_wing,nominal,1,0.00617062,0.00426124,0.00425241,0.0389806,-0.00137195,0,0,0.00124999,18654.7,25360,nan,nan,nan,double
ecm,EnKF,particle,fixed_wing,nominal,1,0.00241124,0.00217827,0.00178479,0.025925,-0.000669534,0.1,0,0.00076335,10318.4,6776,nan,nan,nan,double
ecm,ETKF,particle,fixed_wing,nominal,1,0.00445799,0.00485,0.00429724,0.0285345,-0.00325307,0.1,0,0.000772946,10744.5,5304,nan,nan,nan,double
ecm,GSF,particle,fixed_wing,nominal,1,0.00132652,0.000560202,0.000858968,0.00513755,-0.000625642,0,0,0.000770878,1792.41,9192,nan,nan,nan,double
ecm,NN-Direct,learning,fixed_wing,nominal,1,0.00399395,0.00490385,0.00325055,0.0150835,-0.00513672,0,0,nan,474.58,15152,nan,nan,nan,double
ecm,NN-EKF,learning,fixed_wing,nominal,1,0.0085252,0.00553562,0.00655216,0.0361187,-0.00979181,214.2,0,0.000768402,1082.73,4376,nan,nan,nan,double
ecm,ELM-RLS-EKF,learning,fixed_wing,nominal,1,0.00136697,0.000605912,0.00087501,0.0131962,-0.000625112,0,0,0.000737146,3282.63,11704,nan,nan,nan,double
ecm,MHE-RTI,optimization,fixed_wing,nominal,1,0.00321886,0.00102189,0.00154184,0.0161041,-0.00198453,0,0,0.00080659,17186.5,26928,nan,nan,nan,double
ecm,MHE,optimization,fixed_wing,nominal,1,0.00464299,0.00109315,0.00223817,0.0204122,-0.0019052,0,0,0.000806177,32516,26928,nan,nan,nan,double
ecm,ERTS,smoothers,fixed_wing,nominal,1,0.00134326,0.000409765,0.0010131,0.00325899,-0.00065694,0,0,0.000681477,981.27,17975832,nan,nan,nan,double
ecm,URTS,smoothers,fixed_wing,nominal,1,0.00141666,0.00042307,0.00106449,0.00345044,-0.000713134,0,0,0.000683645,2516.41,17975856,nan,nan,nan,double
ecm,Batch-NLS,smoothers,fixed_wing,nominal,1,0.00169435,0.00052335,0.00129627,0.00390675,-0.000534825,0,0,0.000681496,4542.96,24888152,nan,nan,nan,double
ecm,FixedLag-EKF,smoothers,fixed_wing,nominal,1,0.00148973,0.000388643,0.00086872,0.0131962,-0.000603709,0,0,0.00074565,10170.6,19992,nan,nan,nan,double
ecm,CoulombCounting,baselines,fixed_wing,init_error,1,0.353146,0.354456,0.353142,0.355583,-0.355582,-1,1,11.4086,80.9606,4184,nan,nan,nan,double
ecm,OCVLookup,baselines,fixed_wing,init_error,1,0.0270981,0.00776629,0.0126776,0.348799,0.002912,76.8,0,0.0188731,1308.7,4192,nan,nan,nan,double
ecm,CoulombOCVHybrid,baselines,fixed_wing,init_error,1,0.0524643,0.0356394,0.0414654,0.349399,-0.00115857,2353,0,0.0420255,216.639,4192,nan,nan,nan,double
ecm,EKF,kalman,fixed_wing,init_error,1,0.00125372,0.000572591,0.000763942,0.00828788,-0.000627161,0,0,0.00180174,467.146,4336,nan,nan,nan,double
ecm,UKF,kalman,fixed_wing,init_error,1,0.00106553,0.000582061,0.000686334,0.02994,-0.000719523,0.1,0,0.00174708,1450.21,4776,nan,nan,nan,double
ecm,LKF,kalman,fixed_wing,init_error,1,0.0237649,0.0094631,0.0183436,0.0475533,-0.00525756,0,0,0.00185504,336.748,4680,nan,nan,nan,double
ecm,IEKF,kalman,fixed_wing,init_error,1,0.0015591,0.000669593,0.000955302,0.00962843,-0.000872305,0,0,0.00180211,602.928,4336,nan,nan,nan,double
ecm,CKF,kalman,fixed_wing,init_error,1,0.0138201,0.000811295,0.00497436,0.0632882,-0.000858935,260.1,0,0.00179182,1269.93,4560,nan,nan,nan,double
ecm,SCKF,kalman,fixed_wing,init_error,1,0.0138201,0.000811295,0.00497436,0.0632882,-0.000858935,260.1,0,0.00179182,1599.95,4696,nan,nan,nan,double
ecm,CKF5,kalman,fixed_wing,init_error,1,0.0158222,0.00101213,0.00603862,0.0700468,-0.000962542,270.3,0,0.00179257,4213.28,5624,nan,nan,nan,double
ecm,CDKF,kalman,fixed_wing,init_error,1,0.0158222,0.00101213,0.00603862,0.0700468,-0.000962542,270.3,0,0.00179257,1406.81,4312,nan,nan,nan,double
ecm,GHKF,kalman,fixed_wing,init_error,1,0.0158222,0.00101213,0.00603862,0.0700468,-0.000962542,270.3,0,0.00179257,11862.8,10784,nan,nan,nan,double
ecm,IPLF,kalman,fixed_wing,init_error,1,0.00262325,0.000705986,0.00134914,0.0107495,-0.0008867,0,0,0.00174428,2046.3,4784,nan,nan,nan,double
ecm,EIF,kalman,fixed_wing,init_error,1,0.00125372,0.000572591,0.000763942,0.00828788,-0.000627161,0,0,0.00180174,1227.06,4472,nan,nan,nan,double
ecm,SR-EKF,kalman,fixed_wing,init_error,1,0.00125372,0.000572591,0.000763942,0.00828788,-0.000627161,0,0,0.00180174,837.394,4440,nan,nan,nan,double
ecm,SR-UKF,kalman,fixed_wing,init_error,1,0.00106553,0.000582061,0.000686334,0.02994,-0.000719523,0.1,0,0.00174708,1582.97,4896,nan,nan,nan,double
ecm,UD-EKF,kalman,fixed_wing,init_error,1,0.00125372,0.000572591,0.000763942,0.00828788,-0.000627161,0,0,0.00180174,480.909,4480,nan,nan,nan,double
ecm,SO-EKF,kalman,fixed_wing,init_error,1,0.0018329,0.00107364,0.00148673,0.027822,-0.00109517,0.1,0,0.00173897,4365.65,4496,nan,nan,nan,double
ecm,SageHusa-AKF,adaptive_kalman,fixed_wing,init_error,1,0.00160192,0.000566617,0.000997784,0.00828886,-0.000658711,0,0,0.00180174,551.991,4808,nan,nan,nan,double
ecm,IAE-AKF,adaptive_kalman,fixed_wing,init_error,1,0.00142805,0.000580175,0.000869417,0.00828886,-0.000645557,0,0,0.00180127,533.238,5040,nan,nan,nan,double
ecm,VB-AKF,adaptive_kalman,fixed_wing,init_error,1,0.00224309,0.000366679,0.00140612,0.00801089,-0.00059043,0,0,0.00180149,886.011,4408,nan,nan,nan,double
ecm,STF,adaptive_kalman,fixed_wing,init_error,1,0.00244618,0.00149956,0.00161601,0.0280587,0.000543906,0,0,0.0018506,545.568,4680,nan,nan,nan,double
ecm,Fading-EKF,adaptive_kalman,fixed_wing,init_error,1,0.00160343,0.000521803,0.00105652,0.00554392,0.000460168,0,0,0.00179364,498.577,4384,nan,nan,nan,double
ecm,Fuzzy-AKF,adaptive_kalman,fixed_wing,init_error,1,0.00145981,0.000581312,0.000883243,0.00828788,-0.000653939,0,0,0.00180186,744.414,4816,nan,nan,nan,double
ecm,IMM,adaptive_kalman,fixed_wing,init_error,1,0.00125957,0.000572362,0.000770795,0.0139115,-0.000627393,0,0,0.00180307,2087.62,4976,nan,nan,nan,double
ecm,MMAE,adaptive_kalman,fixed_wing,init_error,1,0.00383012,0.0023725,0.0034699,0.00829042,-0.00121794,0,0,0.00180454,1786.38,13200,0.000236211,nan,nan,double
ecm,Schmidt-KF,robust_kalman,fixed_wing,init_error,1,0.00727075,0.00667719,0.00650377,0.0149908,-0.00299215,0,0,0.00659125,1316.48,8856,nan,nan,nan,double
ecm,Hinf-EKF,robust_kalman,fixed_wing,init_error,1,0.00122031,0.00043222,0.000684953,0.00874695,-0.000451575,0,0,0.00180173,812.224,4408,nan,nan,nan,double
ecm,Huber-EKF,robust_kalman,fixed_wing,init_error,1,0.00185674,0.000565334,0.0010831,0.00769397,-0.00072768,0,0,0.00179686,642.081,4368,nan,nan,nan,double
ecm,MC-EKF,robust_kalman,fixed_wing,init_error,1,0.00144413,0.000570947,0.000906962,0.00845303,-0.000660269,0,0,0.00179985,1003.17,4384,nan,nan,nan,double
ecm,StudentT-KF,robust_kalman,fixed_wing,init_error,1,0.00155532,0.000432905,0.000985191,0.0069135,-0.000604215,0,0,0.0017906,700.834,4568,nan,nan,nan,double
ecm,Constrained-EKF,robust_kalman,fixed_wing,init_error,1,0.00125377,0.000572833,0.000764083,0.00828788,-0.000627343,0,0,0.00180174,580.588,4416,nan,nan,nan,double
ecm,ReducedOrder-EKF,robust_kalman,fixed_wing,init_error,1,0.00192441,0.000684848,0.00126857,0.00703001,0.000577013,0,0,0.00177822,340.859,4272,nan,nan,nan,double
ecm,SVSF,robust_kalman,fixed_wing,init_error,1,0.00168724,0.000548173,0.000970176,0.0065469,-0.000745423,0,0,0.00179156,581.728,4376,nan,nan,nan,double
ecm,Luenberger,observers,fixed_wing,init_error,1,0.0360105,0.000727918,0.0129732,0.336852,0.00073461,382.6,0,0.00441533,530.954,4632,nan,nan,nan,double
ecm,SSKF,observers,fixed_wing,init_error,1,0.0360105,0.000727918,0.0129732,0.336852,0.00073461,382.6,0,0.00441533,441.911,4632,nan,nan,nan,double
ecm,PI-Observer,observers,fixed_wing,init_error,1,0.0122876,0.000797654,0.00282618,0.330481,0.000751072,93.6,0,0.00462695,1022.88,4824,nan,nan,nan,double
ecm,SMO,observers,fixed_wing,init_error,1,0.0351798,0.000746482,0.0125066,0.336822,0.000798065,372,0,0.00440671,549.71,4800,nan,nan,nan,double
ecm,SMO-Adaptive,observers,fixed_wing,init_error,1,0.0343274,0.000737782,0.0122191,0.336822,0.000777104,365.9,0,0.00440242,547.373,4800,nan,nan,nan,double
ecm,SuperTwisting-SMO,observers,fixed_wing,init_error,1,0.0431923,0.00082275,0.00966282,0.3496,0.00065441,125,0,0.030484,142.844,4280,nan,nan,nan,double
ecm,HGO,observers,fixed_wing,init_error,1,0.0341844,0.000728061,0.0123821,0.336852,0.00073461,374.9,0,0.00470958,521.818,4680,nan,nan,nan,double
ecm,ESO,observers,fixed_wing,init_error,1,0.0123646,0.000893186,0.00299815,0.330481,0.000849742,93.6,0,0.00458109,1598.07,4784,nan,nan,nan,double
ecm,UIO,observers,fixed_wing,init_error,1,0.055369,0.000675872,0.0181679,0.35,7.34948e-05,390.2,0,0.0045172,496.628,5072,nan,nan,nan,double
ecm,DOB,observers,fixed_wing,init_error,1,0.0347939,0.0013624,0.0141915,0.335487,-0.000299378,389.1,0,0.00407096,558.059,4784,nan,nan,nan,double
ecm,AdaptiveObserver,observers,fixed_wing,init_error,1,0.0361917,0.000416953,0.0130286,0.336852,0.000540816,389.1,0,0.00441208,960.261,4864,0.0168367,nan,nan,double
ecm,IntervalObserver,observers,fixed_wing,init_error,1,0.0360105,0.000727918,0.0129732,0.336852,0.00073461,382.6,0,0.00441533,819.351,9024,nan,0,0.289777,double
ecm,JointEKF,soh,fixed_wing,init_error,1,0.00247715,0.000525638,0.00113735,0.0101999,0.00064811,0,0,0.00180269,1240.06,8752,0.0758821,nan,nan,double
ecm,JointUKF,soh,fixed_wing,init_error,1,0.00642646,0.000196073,0.00222529,0.0349348,0.000348705,195.2,0,0.00174631,3143.8,9600,0.0600322,nan,nan,double
ecm,DualEKF,soh,fixed_wing,init_error,1,0.000760636,0.000180066,0.000321861,0.00543079,7.99548e-06,0,0,0.00180028,1265.2,4752,0.0539484,nan,nan,double
ecm,DualUKF,soh,fixed_wing,init_error,1,0.00432871,0.000981749,0.0023145,0.02994,0.000578282,0.1,0,0.00174897,2389.16,5512,0.0567004,nan,nan,double
ecm,RLS-EKF,soh,fixed_wing,init_error,1,0.00588176,0.0029108,0.00498477,0.011459,0.00101361,0,0,0.00188978,497.939,8904,nan,nan,nan,double
ecm,AWTLS,soh,fixed_wing,init_error,1,0.00119464,0.000100508,0.00055601,0.00828788,-4.58421e-05,0,0,0.00180168,488.423,8776,0.0405058,nan,nan,double
ecm,PF-Bootstrap,particle,fixed_wing,init_error,1,0.00182964,0.000928094,0.00114858,0.0339432,0.000155115,2.1,0,0.00182917,77013.2,46472,nan,nan,nan,double
ecm,PF-Fast,particle,fixed_wing,init_error,1,0.00404555,0.00183628,0.00190311,0.11973,0.00373005,6.5,0,0.00221679,16015.5,9664,nan,nan,nan,double
ecm,PF-Regularized,particle,fixed_wing,init_error,1,0.00184748,0.00103957,0.00114708,0.0339432,0.00197927,2.5,0,0.00183287,81691.5,46464,nan,nan,nan,double
ecm,PF-Auxiliary,particle,fixed_wing,init_error,1,0.00369486,0.00170348,0.00216483,0.033964,0.000593197,9.6,0,0.00187655,104197,54584,nan,nan,nan,double
ecm,RBPF,particle,fixed_wing,init_error,1,0.0222701,0.00318632,0.0121867,0.0704245,-0.00147471,399.9,0,0.00181718,40115.8,34016,nan,nan,nan,double
ecm,UPF,particle,fixed_wing,init_error,1,0.00847943,0.00494577,0.00562155,0.160599,-0.000388653,260.1,0,0.00225797,18492.4,25360,nan,nan,nan,double
ecm,EnKF,particle,fixed_wing,init_error,1,0.0114051,0.00218911,0.00480562,0.0611492,-0.000669434,241.4,0,0.00179339,10280.7,6776,nan,nan,nan,double
ecm,ETKF,particle,fixed_wing,init_error,1,0.0182065,0.0105786,0.0146531,0.0630449,-0.00750344,284.9,0,0.00179253,10521.6,5304,nan,nan,nan,double
ecm,GSF,particle,fixed_wing,init_error,1,0.00209764,0.00112005,0.00160927,0.0707117,-0.00109465,0.1,0,0.00177728,1761.49,9192,nan,nan,nan,double
ecm,NN-Direct,learning,fixed_wing,init_error,1,0.00399395,0.00490385,0.00325055,0.0150835,-0.00513672,0,0,nan,482.587,15152,nan,nan,nan,double
ecm,NN-EKF,learning,fixed_wing,init_error,1,0.00923601,0.00538321,0.0069795,0.0229621,-0.00970754,294.2,0,0.00181525,1087.52,4376,nan,nan,nan,double
ecm,ELM-RLS-EKF,learning,fixed_wing,init_error,1,0.00123567,0.000604288,0.000776352,0.00828788,-0.000628984,0,0,0.00179828,3333.23,11704,nan,nan,nan,double
ecm,MHE-RTI,optimization,fixed_wing,init_error,1,0.00282677,0.00116521,0.00200475,0.0153706,-0.00195747,0,0,0.00182791,17216.6,26928,nan,nan,nan,double
ecm,MHE,optimization,fixed_wing,init_error,1,0.00198318,0.00108721,0.00118997,0.0104363,-0.00191315,0,0,0.00182821,31687.9,26928,nan,nan,nan,double
ecm,ERTS,smoothers,fixed_wing,init_error,1,0.0013448,0.000411491,0.00101774,0.00323037,-0.000627161,0,0,0.000681612,932.374,17975832,nan,nan,nan,double
ecm,URTS,smoothers,fixed_wing,init_error,1,0.00134977,0.000415702,0.00102085,0.00320855,-0.000719523,0,0,0.000695649,2496.35,17975856,nan,nan,nan,double
ecm,Batch-NLS,smoothers,fixed_wing,init_error,1,0.00129377,0.000397601,0.000976744,0.00311136,-0.000721452,0,0,0.000681496,4460.21,24888152,nan,nan,nan,double
ecm,FixedLag-EKF,smoothers,fixed_wing,init_error,1,0.00134205,0.000383953,0.000780142,0.0083154,-0.00057393,0,0,0.00180174,10021.8,19992,nan,nan,nan,double
ecm,CoulombCounting,baselines,fixed_wing,current_bias,1,0.0323728,0.0423125,0.0284233,0.0542585,-0.0542585,0,0,0.0400629,79.0685,4184,nan,nan,nan,double
ecm,OCVLookup,baselines,fixed_wing,current_bias,1,0.0205343,0.0159088,0.0184437,0.0644461,0.00992104,0,0,0.00835668,1310.76,4192,nan,nan,nan,double
ecm,CoulombOCVHybrid,baselines,fixed_wing,current_bias,1,0.017968,0.0236762,0.0155547,0.0316348,-0.00452226,0,0,0.0229933,173.061,4192,nan,nan,nan,double
ecm,EKF,kalman,fixed_wing,current_bias,1,0.00590087,0.00747006,0.00512255,0.0171529,-0.00827005,0,0,0.000805338,475.266,4336,nan,nan,nan,double
ecm,UKF,kalman,fixed_wing,current_bias,1,0.00630505,0.00695813,0.00545276,0.0382117,-0.00801119,0.4,0,0.000999771,1439.05,4776,nan,nan,nan,double
ecm,LKF,kalman,fixed_wing,current_bias,1,0.0303928,0.021762,0.0255585,0.0576346,-0.0409386,0,0,0.000892002,332.425,4680,nan,nan,nan,double
ecm,IEKF,kalman,fixed_wing,current_bias,1,0.00631645,0.00777466,0.00548114,0.0135944,-0.00875391,0,0,0.000805127,594.396,4336,nan,nan,nan,double
ecm,CKF,kalman,fixed_wing,current_bias,1,0.00517946,0.00626276,0.00458868,0.0123377,-0.00757824,0,0,0.000801613,1256.01,4560,nan,nan,nan,double
ecm,SCKF,kalman,fixed_wing,current_bias,1,0.00517946,0.00626276,0.00458868,0.0123377,-0.00757824,0,0,0.000801613,1621.4,4696,nan,nan,nan,double
ecm,CKF5,kalman,fixed_wing,current_bias,1,0.00516142,0.00630529,0.00455511,0.0128556,-0.00760137,0,0,0.000806764,4042.02,5624,nan,nan,nan,double
ecm,CDKF,kalman,fixed_wing,current_bias,1,0.00516142,0.00630529,0.00455511,0.0128556,-0.00760137,0,0,0.000806764,1392.99,4312,nan,nan,nan,double
ecm,GHKF,kalman,fixed_wing,current_bias,1,0.00516142,0.00630529,0.00455511,0.0128556,-0.00760137,0,0,0.000806764,12037.9,10784,nan,nan,nan,double
ecm,IPLF,kalman,fixed_wing,current_bias,1,0.00805974,0.00643223,0.00647079,0.032647,-0.00802278,0.3,0,0.00100581,2068.67,4784,nan,nan,nan,double
ecm,EIF,kalman,fixed_wing,current_bias,1,0.00590087,0.00747006,0.00512255,0.0171529,-0.00827005,0,0,0.000805338,1239.54,4472,nan,nan,nan,double
ecm,SR-EKF,kalman,fixed_wing,current_bias,1,0.00590087,0.00747006,0.00512255,0.0171529,-0.00827005,0,0,0.000805338,858.871,4440,nan,nan,nan,double
ecm,SR-UKF,kalman,fixed_wing,current_bias,1,0.00630505,0.00695813,0.00545276,0.0382117,-0.00801119,0.4,0,0.000999771,1604.55,4896,nan,nan,nan,double
ecm,UD-EKF,kalman,fixed_wing,current_bias,1,0.00590087,0.00747006,0.00512255,0.0171529,-0.00827005,0,0,0.000805338,485.812,4480,nan,nan,nan,double
ecm,SO-EKF,kalman,fixed_wing,current_bias,1,0.0065591,0.00731234,0.00570405,0.0369804,-0.00831455,0.4,0,0.000972926,4291.92,4496,nan,nan,nan,double
ecm,SageHusa-AKF,adaptive_kalman,fixed_wing,current_bias,1,0.005821,0.00709073,0.00519507,0.0171529,-0.0080655,0,0,0.000802233,564.245,4808,nan,nan,nan,double
ecm,IAE-AKF,adaptive_kalman,fixed_wing,current_bias,1,0.00596761,0.00713165,0.00536919,0.0171529,-0.0081748,0,0,0.000802816,522.495,5040,nan,nan,nan,double
ecm,VB-AKF,adaptive_kalman,fixed_wing,current_bias,1,0.00581459,0.00739815,0.00506169,0.0171529,-0.00820842,0,0,0.000804535,893.212,4408,nan,nan,nan,double
ecm,STF,adaptive_kalman,fixed_wing,current_bias,1,0.0103927,0.00796407,0.00899002,0.0598921,0.00624794,0,0,0.00088256,538.848,4680,nan,nan,nan,double
ecm,Fading-EKF,adaptive_kalman,fixed_wing,current_bias,1,0.00687307,0.00606955,0.0066067,0.0171529,0.0050789,0,0,0.000757545,508.001,4384,nan,nan,nan,double
ecm,Fuzzy-AKF,adaptive_kalman,fixed_wing,current_bias,1,0.00590853,0.00728305,0.00525112,0.0171529,-0.00818635,0,0,0.000803671,729.031,4816,nan,nan,nan,double
ecm,IMM,adaptive_kalman,fixed_wing,current_bias,1,0.00605016,0.00726546,0.00536893,0.0163508,-0.00774927,0,0,0.00080258,2072.08,4976,nan,nan,nan,double
ecm,MMAE,adaptive_kalman,fixed_wing,current_bias,1,0.00674917,0.00826652,0.00631446,0.0171529,-0.00882903,0,0,0.000820881,1791.81,13200,0.000270602,nan,nan,double
ecm,Schmidt-KF,robust_kalman,fixed_wing,current_bias,1,0.00581627,0.00540937,0.00519772,0.017125,0.000308168,0,0,0.0114238,1307.94,8856,nan,nan,nan,double
ecm,Hinf-EKF,robust_kalman,fixed_wing,current_bias,1,0.00519252,0.00410014,0.00424287,0.0171891,-0.00499651,0,0,0.000791168,814.82,4408,nan,nan,nan,double
ecm,Huber-EKF,robust_kalman,fixed_wing,current_bias,1,0.00646453,0.00741947,0.00578704,0.0171529,-0.00791224,0,0,0.000808925,673.17,4368,nan,nan,nan,double
ecm,MC-EKF,robust_kalman,fixed_wing,current_bias,1,0.00579253,0.00746242,0.00503782,0.0171529,-0.00774624,0,0,0.000805482,1006.52,4384,nan,nan,nan,double
ecm,StudentT-KF,robust_kalman,fixed_wing,current_bias,1,0.00614612,0.00726807,0.00550031,0.0171529,-0.00805998,0,0,0.000829914,714.746,4568,nan,nan,nan,double
ecm,Constrained-EKF,robust_kalman,fixed_wing,current_bias,1,0.00590087,0.00747006,0.00512255,0.0171529,-0.00827005,0,0,0.000805338,591.017,4416,nan,nan,nan,double
ecm,ReducedOrder-EKF,robust_kalman,fixed_wing,current_bias,1,0.0100842,0.00784882,0.00918851,0.0279065,0.00710086,0,0,0.0010945,338.988,4272,nan,nan,nan,double
ecm,SVSF,robust_kalman,fixed_wing,current_bias,1,0.00618406,0.00645609,0.00539088,0.0137156,-0.0077698,0,0,0.000832026,584.758,4376,nan,nan,nan,double
ecm,Luenberger,observers,fixed_wing,current_bias,1,0.00843808,0.00787702,0.00826104,0.0156562,0.00686608,0,0,0.000797281,489.615,4632,nan,nan,nan,double
ecm,SSKF,observers,fixed_wing,current_bias,1,0.00843808,0.00787702,0.00826104,0.0156562,0.00686608,0,0,0.000797281,418.622,4632,nan,nan,nan,double
ecm,PI-Observer,observers,fixed_wing,current_bias,1,0.0118725,0.0091983,0.0104479,0.0474269,0.007357,0,0,0.000986551,937.172,4824,nan,nan,nan,double
ecm,SMO,observers,fixed_wing,current_bias,1,0.00868,0.00801929,0.00846811,0.0173606,0.00705904,0,0,0.000803749,546.309,4800,nan,nan,nan,double
ecm,SMO-Adaptive,observers,fixed_wing,current_bias,1,0.00855751,0.00794764,0.00836544,0.0164707,0.00691842,0,0,0.000800212,516.115,4800,nan,nan,nan,double
ecm,SuperTwisting-SMO,observers,fixed_wing,current_bias,1,0.0118893,0.00917126,0.0103759,0.0506467,0.00733215,0,0,0.000988364,141.401,4280,nan,nan,nan,double
ecm,HGO,observers,fixed_wing,current_bias,1,0.00843808,0.00787702,0.00826104,0.0156562,0.00686608,0,0,0.000797281,504.188,4680,nan,nan,nan,double
ecm,ESO,observers,fixed_wing,current_bias,1,0.0122627,0.00915714,0.0106013,0.0506847,0.00753025,0,0,0.000800081,1404.6,4784,nan,nan,nan,double
ecm,UIO,observers,fixed_wing,current_bias,1,0.00568996,0.00634055,0.00542964,0.00813054,0.00524925,0,0,0.00327747,534.631,5072,nan,nan,nan,double
ecm,DOB,observers,fixed_wing,current_bias,1,0.00261654,0.000574339,0.00177636,0.00952804,0.000341817,0,0,0.000872533,572.004,4784,nan,nan,nan,double
ecm,AdaptiveObserver,observers,fixed_wing,current_bias,1,0.0077904,0.00721075,0.00762373,0.0141755,0.00654551,0,0,0.000787009,911.055,4864,0.0156709,nan,nan,double
ecm,IntervalObserver,observers,fixed_wing,current_bias,1,0.00843808,0.00787702,0.00826104,0.0156562,0.00686608,0,0,0.000797281,814.119,9024,nan,0,0.275619,double
ecm,JointEKF,soh,fixed_wing,current_bias,1,0.00498297,0.00446554,0.00470669,0.0170903,0.00478395,0,0,0.000751534,1228.97,8752,0.360846,nan,nan,double
ecm,JointUKF,soh,fixed_wing,current_bias,1,0.00515018,0.00435512,0.0049441,0.0381272,0.00476524,0.4,0,0.000954119,3187.77,9600,0.353592,nan,nan,double
ecm,DualEKF,soh,fixed_wing,current_bias,1,0.00556324,0.00565869,0.00538049,0.0171529,0.00666519,0,0,0.000745077,1296.35,4752,0.46059,nan,nan,double
ecm,DualUKF,soh,fixed_wing,current_bias,1,0.00542977,0.00383774,0.00514287,0.0382339,0.00342363,0.4,0,0.000958614,2417.76,5512,0.354026,nan,nan,double
ecm,RLS-EKF,soh,fixed_wing,current_bias,1,0.00634819,0.00537716,0.00572669,0.0171529,-0.00751491,0,0,0.000965416,503.906,8904,nan,nan,nan,double
ecm,AWTLS,soh,fixed_wing,current_bias,1,0.0032352,0.0028938,0.00278205,0.0171529,0.00390923,0,0,0.000774516,505.934,8776,0.374101,nan,nan,double
ecm,PF-Bootstrap,particle,fixed_wing,current_bias,1,0.00867674,0.00846699,0.00838854,0.016888,0.00661911,0,0,0.000812521,77861.8,46472,nan,nan,nan,double
ecm,PF-Fast,particle,fixed_wing,current_bias,1,0.0092806,0.00782897,0.00874892,0.0297483,0.00821524,0,0,0.00088707,16008.2,9664,nan,nan,nan,double
ecm,PF-Regularized,particle,fixed_wing,current_bias,1,0.00866449,0.00866853,0.00848878,0.0178797,0.00718219,0,0,0.000802913,81023.4,46464,nan,nan,nan,double
ecm,PF-Auxiliary,particle,fixed_wing,current_bias,1,0.00912151,0.00896617,0.00882854,0.0190626,0.00684557,0,0,0.000836059,104173,54584,nan,nan,nan,double
ecm,RBPF,particle,fixed_wing,current_bias,1,0.00382141,0.00120916,0.00239769,0.0119229,-0.000604603,0,0,0.000787306,39800.8,34016,nan,nan,nan,double
ecm,UPF,particle,fixed_wing,current_bias,1,0.0103006,0.0102434,0.00944965,0.0335518,0.0071369,0,0,0.00124623,18571.7,25360,nan,nan,nan,double
ecm,EnKF,particle,fixed_wing,current_bias,1,0.00744879,0.0081311,0.00688761,0.0228697,0.00323443,0.1,0,0.000784449,10233.7,6776,nan,nan,nan,double
ecm,ETKF,particle,fixed_wing,current_bias,1,0.0177719,0.0229767,0.0157891,0.0269067,-0.0224751,0.1,0,0.000927691,10528.7,5304,nan,nan,nan,double
ecm,GSF,particle,fixed_wing,current_bias,1,0.00540479,0.0066548,0.00469694,0.0100722,-0.00801816,0,0,0.000818214,1766.73,9192,nan,nan,nan,double
ecm,NN-Direct,learning,fixed_wing,current_bias,1,0.00569449,0.00707311,0.004742,0.0185847,-0.00243586,0,0,nan,483.253,15152,nan,nan,nan,double
ecm,NN-EKF,learning,fixed_wing,current_bias,1,0.012115,0.0117782,0.0102862,0.0398249,-0.016611,250.2,0,0.00079838,1077.72,4376,nan,nan,nan,double
ecm,ELM-RLS-EKF,learning,fixed_wing,current_bias,1,0.00599662,0.00710128,0.0054023,0.0171529,-0.00774904,0,0,0.000782016,3325.34,11704,nan,nan,nan,double
ecm,MHE-RTI,optimization,fixed_wing,current_bias,1,0.00530854,0.000869656,0.00328593,0.0212441,-0.000761583,0,0,0.000824774,17169.1,26928,nan,nan,nan,double
ecm,MHE,optimization,fixed_wing,current_bias,1,0.00682771,0.000932501,0.00422623,0.0268264,-0.00083453,0,0,0.000823536,31253.3,26928,nan,nan,nan,double
ecm,ERTS,smoothers,fixed_wing,current_bias,1,0.0113314,0.00424205,0.00902032,0.0253764,-0.00827005,302.4,0,0.00104009,943.713,17975832,nan,nan,nan,double
ecm,URTS,smoothers,fixed_wing,current_bias,1,0.0121245,0.00436952,0.00961342,0.0270542,-0.00801119,372.3,0,0.000902748,2490.66,17975856,nan,nan,nan,double
ecm,Batch-NLS,smoothers,fixed_wing,current_bias,1,0.0127072,0.00449585,0.0100697,0.0281254,-0.00772554,420.8,0,0.000954214,3963.14,24888152,nan,nan,nan,double
ecm,FixedLag-EKF,smoothers,fixed_wing,current_bias,1,0.00578686,0.00724701,0.00507985,0.0171529,-0.00820376,0,0,0.000805338,10051,19992,nan,nan,nan,double
ecm,CoulombCounting,baselines,fixed_wing,noise_step,1,0.00350989,0.00450211,0.00314219,0.00558308,-0.00558246,0,0,0.00406941,81.1614,4184,nan,nan,nan,double
ecm,OCVLookup,baselines,fixed_wing,noise_step,1,0.0113261,0.00816972,0.00980768,0.0315716,0.00455206,0,0,0.00834058,1309.7,4192,nan,nan,nan,double
ecm,CoulombOCVHybrid,baselines,fixed_wing,noise_step,1,0.00246465,0.0012152,0.00212756,0.00493218,0.000690023,0,0,0.00161684,223.857,4192,nan,nan,nan,double
ecm,EKF,kalman,fixed_wing,noise_step,1,0.00179369,0.00159325,0.00145934,0.0131962,0.00393711,0,0,0.00308914,477.416,4336,nan,nan,nan,double
ecm,UKF,kalman,fixed_wing,noise_step,1,0.00235264,0.00134496,0.00160889,0.0400167,0.00378877,0.4,0,0.0031498,1445.99,4776,nan,nan,nan,double
ecm,LKF,kalman,fixed_wing,noise_step,1,0.0253815,0.0171405,0.0207969,0.0506315,-0.0329903,0,0,0.00313995,325.078,4680,nan,nan,nan,double
ecm,IEKF,kalman,fixed_wing,noise_step,1,0.0047208,0.00218908,0.00309678,0.0149121,-0.00358164,0,0,0.00308778,594.432,4336,nan,nan,nan,double
ecm,CKF,kalman,fixed_wing,noise_step,1,0.00102484,0.00109009,0.000843896,0.010206,0.00178351,0,0,0.00309035,1249.61,4560,nan,nan,nan,double
ecm,SCKF,kalman,fixed_wing,noise_step,1,0.00102484,0.00109009,0.000843896,0.010206,0.00178351,0,0,0.00309035,1587.71,4696,nan,nan,nan,double
ecm,CKF5,kalman,fixed_wing,noise_step,1,0.00101851,0.00110868,0.000824678,0.0148211,0.00204363,0,0,0.00309174,4055.17,5624,nan,nan,nan,double
ecm,CDKF,kalman,fixed_wing,noise_step,1,0.00101851,0.00110868,0.000824678,0.0148211,0.00204363,0,0,0.00309174,1461.69,4312,nan,nan,nan,double
ecm,GHKF,kalman,fixed_wing,noise_step,1,0.00101851,0.00110868,0.000824678,0.0148211,0.00204363,0,0,0.00309174,12043.7,10784,nan,nan,nan,double
ecm,IPLF,kalman,fixed_wing,noise_step,1,0.0051981,0.00233659,0.00335754,0.0346797,-0.0043427,0.3,0,0.00315208,2095.59,4784,nan,nan,nan,double
ecm,EIF,kalman,fixed_wing,noise_step,1,0.00179369,0.00159325,0.00145934,0.0131962,0.00393711,0,0,0.00308914,1224.59,4472,nan,nan,nan,double
ecm,SR-EKF,kalman,fixed_wing,noise_step,1,0.00179369,0.00159325,0.00145934,0.0131962,0.00393711,0,0,0.00308914,826.722,4440,nan,nan,nan,double
ecm,SR-UKF,kalman,fixed_wing,noise_step,1,0.00235264,0.00134496,0.00160889,0.0400167,0.00378877,0.4,0,0.0031498,1585.94,4896,nan,nan,nan,double
ecm,UD-EKF,kalman,fixed_wing,noise_step,1,0.00179369,0.00159325,0.00145934,0.0131962,0.00393711,0,0,0.00308914,491.95,4480,nan,nan,nan,double
ecm,SO-EKF,kalman,fixed_wing,noise_step,1,0.00334287,0.0025211,0.00252904,0.0391218,0.0039937,0.4,0,0.00314153,4261.02,4496,nan,nan,nan,double
ecm,SageHusa-AKF,adaptive_kalman,fixed_wing,noise_step,1,0.00152685,0.000522809,0.000885501,0.0131962,-0.000850352,0,0,0.00102547,553.325,4808,nan,nan,nan,double
ecm,IAE-AKF,adaptive_kalman,fixed_wing,noise_step,1,0.00170766,0.000471263,0.000968997,0.0131962,-0.000839473,0,0,0.00102229,519.674,5040,nan,nan,nan,double
ecm,VB-AKF,adaptive_kalman,fixed_wing,noise_step,1,0.0011935,0.000519786,0.000722403,0.0131962,-0.000848727,0,0,0.00102066,876.385,4408,nan,nan,nan,double
ecm,STF,adaptive_kalman,fixed_wing,noise_step,1,0.0197406,0.0223844,0.0146519,0.0948611,-0.00457738,0,0,0.0172561,576.759,4680,nan,nan,nan,double
ecm,Fading-EKF,adaptive_kalman,fixed_wing,noise_step,1,0.00232686,0.0019252,0.00178843,0.0131962,0.00278192,0,0,0.00272976,497.029,4384,nan,nan,nan,double
ecm,Fuzzy-AKF,adaptive_kalman,fixed_wing,noise_step,1,0.00130382,0.000588239,0.00083939,0.0131962,-0.000871376,0,0,0.00103584,738.088,4816,nan,nan,nan,double
ecm,IMM,adaptive_kalman,fixed_wing,noise_step,1,0.00139001,0.00040862,0.000842583,0.0125792,-0.000768321,0,0,0.00103109,2072.34,4976,nan,nan,nan,double
ecm,MMAE,adaptive_kalman,fixed_wing,noise_step,1,0.00423471,0.00238385,0.00361315,0.0131962,0.00326516,0,0,0.0030926,1765.35,13200,-0.0030763,nan,nan,double
ecm,Schmidt-KF,robust_kalman,fixed_wing,noise_step,1,0.031734,0.0145326,0.0201725,0.133111,0.00562715,0,0,0.0267261,1299.84,8856,nan,nan,nan,double
ecm,Hinf-EKF,robust_kalman,fixed_wing,noise_step,1,0.00209882,0.0024297,0.00167093,0.0132241,0.00419983,0,0,0.00309169,811.22,4408,nan,nan,nan,double
ecm,Huber-EKF,robust_kalman,fixed_wing,noise_step,1,0.00132049,0.000431701,0.000804465,0.0131962,-0.000715543,0,0,0.00161483,657.335,4368,nan,nan,nan,double
ecm,MC-EKF,robust_kalman,fixed_wing,noise_step,1,0.000771674,0.000350567,0.000408892,0.0131962,-0.000185767,0,0,0.00210333,1145.9,4384,nan,nan,nan,double
ecm,StudentT-KF,robust_kalman,fixed_wing,noise_step,1,0.000781839,0.000434328,0.00050657,0.0131962,-0.000802711,0,0,0.00149143,747.852,4568,nan,nan,nan,double
ecm,Constrained-EKF,robust_kalman,fixed_wing,noise_step,1,0.00169976,0.00137085,0.00136444,0.0131962,0.00392267,0,0,0.00308897,586.985,4416,nan,nan,nan,double
ecm,ReducedOrder-EKF,robust_kalman,fixed_wing,noise_step,1,0.00215759,0.00117078,0.00143786,0.0132455,5.8691e-05,0,0,0.00154824,333.956,4272,nan,nan,nan,double
ecm,SVSF,robust_kalman,fixed_wing,noise_step,1,0.126925,0.136516,0.109113,0.210694,0.103044,0,0,0.00941784,581.561,4376,nan,nan,nan,double
ecm,Luenberger,observers,fixed_wing,noise_step,1,0.003681,0.0041225,0.00302468,0.0149353,0.00516663,0,0,0.0034737,2456.24,4632,nan,nan,nan,double
ecm,SSKF,observers,fixed_wing,noise_step,1,0.003681,0.0041225,0.00302468,0.0149353,0.00516663,0,0,0.0034737,1904.5,4632,nan,nan,nan,double
ecm,PI-Observer,observers,fixed_wing,noise_step,1,0.00532053,0.00558352,0.00412188,0.0157461,-0.00389667,0,0,0.00816152,3619.55,4824,nan,nan,nan,double
ecm,SMO,observers,fixed_wing,noise_step,1,0.00371872,0.00409673,0.00304676,0.0156196,0.00577742,0,0,0.0035004,2618.36,4800,nan,nan,nan,double
ecm,SMO-Adaptive,observers,fixed_wing,noise_step,1,0.003884,0.0042684,0.00316983,0.0173805,0.00643881,0,0,0.00368304,3066.18,4800,nan,nan,nan,double
ecm,SuperTwisting-SMO,observers,fixed_wing,noise_step,1,0.0025908,0.00173958,0.00182102,0.0112889,0.000143409,0,0,0.00113288,136.569,4280,nan,nan,nan,double
ecm,HGO,observers,fixed_wing,noise_step,1,0.00367438,0.00411065,0.00301703,0.0149321,0.00516672,0,0,0.00347376,2426.08,4680,nan,nan,nan,double
ecm,ESO,observers,fixed_wing,noise_step,1,0.00410307,0.00407712,0.00327374,0.0156023,0.000875096,0,0,0.00348159,9024.28,4784,nan,nan,nan,double
ecm,UIO,observers,fixed_wing,noise_step,1,0.00309905,0.00341662,0.00250697,0.0132611,0.00609143,0,0,0.00491529,1946.23,5072,nan,nan,nan,double
ecm,DOB,observers,fixed_wing,noise_step,1,0.00206099,0.00225022,0.0016531,0.00915584,0.000317731,0,0,0.00475496,2843.75,4784,nan,nan,nan,double
ecm,AdaptiveObserver,observers,fixed_wing,noise_step,1,0.00366117,0.00411268,0.00299302,0.0149752,0.00510903,0,0,0.00347369,2946.39,4864,0.0154023,nan,nan,double
ecm,IntervalObserver,observers,fixed_wing,noise_step,1,0.003681,0.0041225,0.00302468,0.0149353,0.00516663,0,0,0.0034737,2302.33,9024,nan,0,0.2748,double
ecm,JointEKF,soh,fixed_wing,noise_step,1,0.00674117,0.00850245,0.00529988,0.0153063,0.013987,0,0,0.00311031,1222.93,8752,0.145982,nan,nan,double
ecm,JointUKF,soh,fixed_wing,noise_step,1,0.00499158,0.00557739,0.00430152,0.0400056,0.00875672,0.4,0,0.00316689,3130.98,9600,0.0880155,nan,nan,double
ecm,DualEKF,soh,fixed_wing,noise_step,1,0.00275205,0.00253343,0.0024229,0.0131962,0.00309651,0,0,0.0030918,1249.87,4752,0.0560276,nan,nan,double
ecm,DualUKF,soh,fixed_wing,noise_step,1,0.00200769,0.00138274,0.00145244,0.0400284,0.00384345,0.4,0,0.00315553,2422.3,5512,0.0848762,nan,nan,double
ecm,RLS-EKF,soh,fixed_wing,noise_step,1,0.00551553,0.00482679,0.00520853,0.0131962,0.00790589,0,0,0.00315188,500.686,8904,nan,nan,nan,double
ecm,AWTLS,soh,fixed_wing,noise_step,1,0.00229783,0.00241513,0.00185661,0.0131962,0.000880977,0,0,0.00308765,498.951,8776,0.0174827,nan,nan,double
ecm,PF-Bootstrap,particle,fixed_wing,noise_step,1,0.0049757,0.00555469,0.00378639,0.0215525,0.00609922,0,0,0.00317903,92483.1,46472,nan,nan,nan,double
ecm,PF-Fast,particle,fixed_wing,noise_step,1,0.00551386,0.00598379,0.00427135,0.023471,0.000768943,0,0,0.00425458,19528.8,9664,nan,nan,nan,double
ecm,PF-Regularized,particle,fixed_wing,noise_step,1,0.00460416,0.0054677,0.00349906,0.0200825,-0.000284584,0,0,0.0032166,97937,46464,nan,nan,nan,double
ecm,PF-Auxiliary,particle,fixed_wing,noise_step,1,0.00302004,0.00328822,0.00236347,0.011226,0.00047979,0,0,0.00255696,106219,54584,nan,nan,nan,double
ecm,RBPF,particle,fixed_wing,noise_step,1,0.0115658,0.0129986,0.00856098,0.0445532,-0.00978746,0,0,0.00517035,44802.3,34016,nan,nan,nan,double
ecm,UPF,particle,fixed_wing,noise_step,1,0.00884481,0.00836776,0.00676213,0.0389806,0.00691686,0,0,0.00605245,19069.9,25360,nan,nan,nan,double
ecm,EnKF,particle,fixed_wing,noise_step,1,0.0254423,0.0342594,0.0180199,0.0797613,0.0159355,0.1,0,0.00318084,10513.9,6776,nan,nan,nan,double
ecm,ETKF,particle,fixed_wing,noise_step,1,0.009836,0.0119956,0.00875441,0.0285345,-0.00132062,0.1,0,0.00311185,10549.1,5304,nan,nan,nan,double
ecm,GSF,particle,fixed_wing,noise_step,1,0.00161273,0.00124008,0.00127038,0.00513755,0.0029839,0,0,0.0030949,1815.2,9192,nan,nan,nan,double
ecm,NN-Direct,learning,fixed_wing,noise_step,1,0.00637899,0.00785499,0.00484264,0.0291765,-0.00681973,0,0,nan,506.222,15152,nan,nan,nan,double
ecm,NN-EKF,learning,fixed_wing,noise_step,1,0.00847324,0.00518123,0.00649208,0.0361187,-0.00898759,214.2,0,0.00206498,1093.94,4376,nan,nan,nan,double
ecm,ELM-RLS-EKF,learning,fixed_wing,noise_step,1,0.00210821,0.00223197,0.00173992,0.0131962,0.00265631,0,0,0.00310219,2149.72,11704,nan,nan,nan,double
ecm,MHE-RTI,optimization,fixed_wing,noise_step,1,0.0113953,0.0115984,0.0101951,0.02301,-0.0195725,0,0,0.00401171,17224.4,26928,nan,nan,nan,double
ecm,MHE,optimization,fixed_wing,noise_step,1,0.00700996,0.00691965,0.00546676,0.0269897,-0.0230276,0,0,0.00401384,37511.1,26928,nan,nan,nan,double
ecm,ERTS,smoothers,fixed_wing,noise_step,1,0.00326377,0.00357146,0.00322224,0.00402464,0.00393711,0,0,0.00235006,928.074,17975832,nan,nan,nan,double
ecm,URTS,smoothers,fixed_wing,noise_step,1,0.0031802,0.00339727,0.00314186,0.00418166,0.00378877,0,0,0.00235069,2464.93,17975856,nan,nan,nan,double
ecm,Batch-NLS,smoothers,fixed_wing,noise_step,1,0.00179186,0.00147564,0.00149317,0.00372542,-0.00261831,0,0,0.00234947,4472.89,24888152,nan,nan,nan,double
ecm,FixedLag-EKF,smoothers,fixed_wing,noise_step,1,0.00190868,0.00164125,0.00149795,0.0131962,0.00398408,0,0,0.00308914,9955.3,19992,nan,nan,nan,double
ecm,CoulombCounting,baselines,fixed_wing,outliers,1,0.00349937,0.00448495,0.00313429,0.00555346,-0.00555285,0,0,0.00405514,78.6492,4184,nan,nan,nan,double
ecm,OCVLookup,baselines,fixed_wing,outliers,1,0.0112617,0.00794732,0.00958549,0.0318873,0.00367064,0,0,0.00841502,1309.05,4192,nan,nan,nan,double
ecm,CoulombOCVHybrid,baselines,fixed_wing,outliers,1,0.00118427,0.00075866,0.000930091,0.00340799,0.000494533,0,0,0.00142817,222.155,4192,nan,nan,nan,double
ecm,EKF,kalman,fixed_wing,outliers,1,0.0036916,0.00190179,0.00323324,0.0176538,0.00149801,0,0,0.00207382,481.68,4336,nan,nan,nan,double
ecm,UKF,kalman,fixed_wing,outliers,1,0.00310013,0.000739031,0.00153655,0.0486379,0.00239767,0.3,0,0.00220306,1401.62,4776,nan,nan,nan,double
ecm,LKF,kalman,fixed_wing,outliers,1,0.025508,0.0172012,0.0209081,0.0506885,-0.0329728,0.5,0,0.00216449,330.575,4680,nan,nan,nan,double
ecm,IEKF,kalman,fixed_wing,outliers,1,0.0101446,0.00491631,0.00864786,0.0494153,-0.00361963,351.6,0,0.00208746,584.239,4336,nan,nan,nan,double
ecm,CKF,kalman,fixed_wing,outliers,1,0.00456621,0.0010137,0.00324051,0.0537554,0.000921916,0.3,0,0.00210977,1236.35,4560,nan,nan,nan,double
ecm,SCKF,kalman,fixed_wing,outliers,1,0.00456621,0.0010137,0.00324051,0.0537554,0.000921916,0.3,0,0.00210977,1593.2,4696,nan,nan,nan,double
ecm,CKF5,kalman,fixed_wing,outliers,1,0.00332375,0.000858316,0.00246781,0.058987,0.00101293,0.3,0,0.00212438,4022.88,5624,nan,nan,nan,double
ecm,CDKF,kalman,fixed_wing,outliers,1,0.00332375,0.000858316,0.00246781,0.058987,0.00101293,0.3,0,0.00212438,1393.08,4312,nan,nan,nan,double
ecm,GHKF,kalman,fixed_wing,outliers,1,0.00332375,0.000858316,0.00246781,0.058987,0.00101293,0.3,0,0.00212438,11889.4,10784,nan,nan,nan,double
ecm,IPLF,kalman,fixed_wing,outliers,1,0.00607254,0.00120668,0.00387734,0.0431786,-0.000737808,2.7,0,0.00219373,2027.19,4784,nan,nan,nan,double
ecm,EIF,kalman,fixed_wing,outliers,1,0.0036916,0.00190179,0.00323324,0.0176538,0.00149801,0,0,0.00207382,1219.46,4472,nan,nan,nan,double
ecm,SR-EKF,kalman,fixed_wing,outliers,1,0.0036916,0.00190179,0.00323324,0.0176538,0.00149801,0,0,0.00207382,801.333,4440,nan,nan,nan,double
ecm,SR-UKF,kalman,fixed_wing,outliers,1,0.00310507,0.000738948,0.00154982,0.0486379,0.00239833,0.3,0,0.00220318,1559.63,4896,nan,nan,nan,double
ecm,UD-EKF,kalman,fixed_wing,outliers,1,0.0036916,0.00190179,0.00323324,0.0176538,0.00149801,0,0,0.00207382,482.717,4480,nan,nan,nan,double
ecm,SO-EKF,kalman,fixed_wing,outliers,1,0.00458397,0.000703005,0.00198714,0.0385803,0.00146722,0.3,0,0.00218029,4206.87,4496,nan,nan,nan,double
ecm,SageHusa-AKF,adaptive_kalman,fixed_wing,outliers,1,0.00175803,0.000711611,0.000961421,0.0132453,-0.000763445,0,0,0.00107501,550.376,4808,nan,nan,nan,double
ecm,IAE-AKF,adaptive_kalman,fixed_wing,outliers,1,0.00164129,0.000960437,0.00129365,0.0176589,-0.000871808,0,0,0.000956971,503.198,5040,nan,nan,nan,double
ecm,VB-AKF,adaptive_kalman,fixed_wing,outliers,1,0.000771112,0.000540777,0.000594819,0.0132453,-0.00066103,0,0,0.000963169,867.821,4408,nan,nan,nan,double
ecm,STF,adaptive_kalman,fixed_wing,outliers,1,0.0147249,0.0131722,0.00623467,0.143966,-0.00191071,-1,0,0.0121345,562.087,4680,nan,nan,nan,double
ecm,Fading-EKF,adaptive_kalman,fixed_wing,outliers,1,0.00254905,0.000965223,0.00169549,0.0295875,0.00168577,0.3,0,0.00185376,497.88,4384,nan,nan,nan,double
ecm,Fuzzy-AKF,adaptive_kalman,fixed_wing,outliers,1,0.0013968,0.000855226,0.000998623,0.0176538,-0.000922149,0,0,0.00142009,737.677,4816,nan,nan,nan,double
ecm,IMM,adaptive_kalman,fixed_wing,outliers,1,0.00266591,0.000916378,0.00216838,0.0253082,0.000513064,0.3,0,0.000901247,2085.4,4976,nan,nan,nan,double
ecm,MMAE,adaptive_kalman,fixed_wing,outliers,1,0.00324139,0.000825442,0.00180327,0.0176935,0.000829524,0,0,0.00207626,1768.86,13200,-0.00131413,nan,nan,double
ecm,Schmidt-KF,robust_kalman,fixed_wing,outliers,1,0.0122355,0.00874849,0.00965076,0.0311631,0.00678907,4,0,0.0104406,1302.23,8856,nan,nan,nan,double
ecm,Hinf-EKF,robust_kalman,fixed_wing,outliers,1,0.00290737,0.000866251,0.0014546,0.0177738,-0.000142664,0,0,0.00207285,800.286,4408,nan,nan,nan,double
ecm,Huber-EKF,robust_kalman,fixed_wing,outliers,1,0.00116497,0.000493723,0.000782576,0.0132453,-0.000736119,0,0,0.000756798,641.676,4368,nan,nan,nan,double
ecm,MC-EKF,robust_kalman,fixed_wing,outliers,1,0.00197846,0.000418631,0.00120677,0.0132453,-0.00074993,0,0,0.000751567,1001.57,4384,nan,nan,nan,double
ecm,StudentT-KF,robust_kalman,fixed_wing,outliers,1,0.00230361,0.000336487,0.00141367,0.0132453,-0.000555273,0,0,0.000741072,703.564,4568,nan,nan,nan,double
ecm,Constrained-EKF,robust_kalman,fixed_wing,outliers,1,0.00367871,0.00190017,0.00322257,0.0176538,0.00149766,0,0,0.00207399,581.437,4416,nan,nan,nan,double
ecm,ReducedOrder-EKF,robust_kalman,fixed_wing,outliers,1,0.00193931,0.00082155,0.00126527,0.0260095,0.000631797,0.3,0,0.0011558,334.629,4272,nan,nan,nan,double
ecm,SVSF,robust_kalman,fixed_wing,outliers,1,0.0644505,0.0418302,0.0569429,0.144816,0.0344339,4.1,0,0.00928077,585.511,4376,nan,nan,nan,double
ecm,Luenberger,observers,fixed_wing,outliers,1,0.0019872,0.00191945,0.00158923,0.00808334,0.00518067,0,0,0.0022903,1042.41,4632,nan,nan,nan,double
ecm,SSKF,observers,fixed_wing,outliers,1,0.0019872,0.00191945,0.00158923,0.00808334,0.00518067,0,0,0.0022903,817.866,4632,nan,nan,nan,double
ecm,PI-Observer,observers,fixed_wing,outliers,1,0.00397976,0.00277998,0.00288089,0.0256668,0.000492071,0,0,0.00528886,1978.27,4824,nan,nan,nan,double
ecm,SMO,observers,fixed_wing,outliers,1,0.00194548,0.0018158,0.00154345,0.00770082,0.00529668,0,0,0.00225476,1093.47,4800,nan,nan,nan,double
ecm,SMO-Adaptive,observers,fixed_wing,outliers,1,0.00195955,0.00182384,0.00155635,0.00759907,0.00533172,0,0,0.00225175,1129.5,4800,nan,nan,nan,double
ecm,SuperTwisting-SMO,observers,fixed_wing,outliers,1,0.00228435,0.0008824,0.00143701,0.0107632,0.000862534,0,0,0.000752753,143.948,4280,nan,nan,nan,double
ecm,HGO,observers,fixed_wing,outliers,1,0.0019872,0.00191945,0.00158923,0.00808334,0.00518067,0,0,0.0022903,1043.98,4680,nan,nan,nan,double
ecm,ESO,observers,fixed_wing,outliers,1,0.00286082,0.00250249,0.00213961,0.017438,0.00459647,0,0,0.00230944,3549.8,4784,nan,nan,nan,double
ecm,UIO,observers,fixed_wing,outliers,1,0.00159202,0.00135321,0.00116346,0.00904184,0.00440692,0,0,0.00463818,924.657,5072,nan,nan,nan,double
ecm,DOB,observers,fixed_wing,outliers,1,0.00152213,0.00119249,0.00110375,0.00718785,0.000886984,0,0,0.00312597,1257.9,4784,nan,nan,nan,double
ecm,AdaptiveObserver,observers,fixed_wing,outliers,1,0.00198878,0.00191142,0.00158835,0.00789616,0.00518353,0,0,0.00229054,1405.25,4864,0.0159231,nan,nan,double
ecm,IntervalObserver,observers,fixed_wing,outliers,1,0.0019872,0.00191945,0.00158923,0.00808334,0.00518067,0,0,0.0022903,1200.53,9024,nan,0,0.274942,double
ecm,JointEKF,soh,fixed_wing,outliers,1,0.0171632,0.00899678,0.011285,0.0704115,-0.00635928,0,0,0.00214029,1217.74,8752,-0.232944,nan,nan,double
ecm,JointUKF,soh,fixed_wing,outliers,1,0.0119237,0.00120118,0.00750338,0.0510376,0.00423141,242.2,0,0.00224948,3104.11,9600,0.0185502,nan,nan,double
ecm,DualEKF,soh,fixed_wing,outliers,1,0.00292061,0.00154623,0.00248279,0.0176414,0.0017899,0,0,0.0020921,1267.41,4752,0.00849335,nan,nan,double
ecm,DualUKF,soh,fixed_wing,outliers,1,0.00735601,0.00447647,0.00649674,0.0482851,0.00254006,0.3,0,0.00223629,2366.03,5512,0.0153706,nan,nan,double
ecm,RLS-EKF,soh,fixed_wing,outliers,1,0.00658755,0.00305122,0.00533563,0.0204778,0.00150406,0,0,0.00221619,489.228,8904,nan,nan,nan,double
ecm,AWTLS,soh,fixed_wing,outliers,1,0.00489684,0.00351558,0.004634,0.0176538,0.00163802,0,0,0.00207556,467.804,8776,0.0477733,nan,nan,double
ecm,PF-Bootstrap,particle,fixed_wing,outliers,1,0.0045617,0.00310423,0.00323137,0.0204431,0.0051934,0.3,0,0.00156743,79073.5,46472,nan,nan,nan,double
ecm,PF-Fast,particle,fixed_wing,outliers,1,0.00519611,0.00324561,0.00359547,0.0280745,0.00977238,0,0,0.00154931,16549.5,9664,nan,nan,nan,double
ecm,PF-Regularized,particle,fixed_wing,outliers,1,0.00507729,0.0033151,0.00376861,0.0200791,0.00127009,0.3,0,0.00155815,84494.6,46464,nan,nan,nan,double
ecm,PF-Auxiliary,particle,fixed_wing,outliers,1,0.00389047,0.00252255,0.00316572,0.0149155,0.00459852,0,0,0.00169837,104361,54584,nan,nan,nan,double
ecm,RBPF,particle,fixed_wing,outliers,1,0.0108463,0.0110429,0.00853092,0.0351477,-0.00639169,128.9,0,0.0020044,41137.5,34016,nan,nan,nan,double
ecm,UPF,particle,fixed_wing,outliers,1,0.00823199,0.00523871,0.00576775,0.0451386,-0.000328527,306.3,0,0.0037852,18553,25360,nan,nan,nan,double
ecm,EnKF,particle,fixed_wing,outliers,1,0.0170941,0.0185803,0.0137798,0.0744531,0.010611,0.3,0,0.00222939,10255,6776,nan,nan,nan,double
ecm,ETKF,particle,fixed_wing,outliers,1,0.0116173,0.00905202,0.0108826,0.0772027,0.0200408,0.3,0,0.00217177,10583.3,5304,nan,nan,nan,double
ecm,GSF,particle,fixed_wing,outliers,1,0.00855908,0.00050881,0.00178691,0.127288,0.00103942,33.9,0,0.00209546,1730.83,9192,nan,nan,nan,double
ecm,NN-Direct,learning,fixed_wing,outliers,1,0.00485363,0.00595859,0.0036469,0.0297123,-0.00507053,0,0,nan,486.891,15152,nan,nan,nan,double
ecm,NN-EKF,learning,fixed_wing,outliers,1,0.00886538,0.00517629,0.00684161,0.0361603,-0.00849526,240.9,0,0.00149235,1087.46,4376,nan,nan,nan,double
ecm,ELM-RLS-EKF,learning,fixed_wing,outliers,1,0.00264398,0.00115415,0.00218093,0.0176538,0.00143244,0,0,0.00205395,3250.23,11704,nan,nan,nan,double
ecm,MHE-RTI,optimization,fixed_wing,outliers,1,0.00757834,0.00610579,0.00664015,0.0255809,-0.00498798,0.3,0,0.00265662,17178.6,26928,nan,nan,nan,double
ecm,MHE,optimization,fixed_wing,outliers,1,0.0117463,0.00351852,0.00676774,0.038702,-0.00493525,382.4,0,0.00265664,34377.1,26928,nan,nan,nan,double
ecm,ERTS,smoothers,fixed_wing,outliers,1,0.00389356,0.00245367,0.00360223,0.00647965,0.00149801,0,0,0.00162774,925.3,17975832,nan,nan,nan,double
ecm,URTS,smoothers,fixed_wing,outliers,1,0.00209495,0.00214385,0.00207745,0.00263774,0.00239767,0,0,0.00162818,2491.03,17975856,nan,nan,nan,double
ecm,Batch-NLS,smoothers,fixed_wing,outliers,1,0.00144794,0.000453203,0.00110073,0.00343243,-0.000659975,0,0,0.0016096,4583.75,24888152,nan,nan,nan,double
ecm,FixedLag-EKF,smoothers,fixed_wing,outliers,1,0.00392439,0.00209731,0.00345599,0.0175956,0.00155248,0,0,0.00207382,10011,19992,nan,nan,nan,double
ecm,CoulombCounting,baselines,fixed_wing,cold,1,0.00418102,0.00539565,0.00371551,0.00678728,-0.00678667,0,0,0.00689369,79.5293,4184,nan,nan,nan,double
ecm,OCVLookup,baselines,fixed_wing,cold,1,0.0140679,0.0104378,0.0123526,0.0426562,0.00497271,0,0,0.00842202,1337.54,4192,nan,nan,nan,double
ecm,CoulombOCVHybrid,baselines,fixed_wing,cold,1,0.00304217,0.0014539,0.00264071,0.00599622,0.00197738,0,0,0.00241687,220.047,4192,nan,nan,nan,double
ecm,EKF,kalman,fixed_wing,cold,1,0.00306024,0.00349124,0.00295273,0.0126636,-0.00416147,0,0,0.00182516,466.73,4336,nan,nan,nan,double
ecm,UKF,kalman,fixed_wing,cold,1,0.00260822,0.000892515,0.00145736,0.0407671,-0.00161335,0.4,0,0.00192822,1525.31,4776,nan,nan,nan,double
ecm,LKF,kalman,fixed_wing,cold,1,0.093308,0.0755522,0.0867533,0.147569,0.0530042,0,0,0.00213632,343.176,4680,nan,nan,nan,double
ecm,IEKF,kalman,fixed_wing,cold,1,0.00448998,0.00173099,0.00351555,0.0141034,0.000268261,0,0,0.00182535,604.865,4336,nan,nan,nan,double
ecm,CKF,kalman,fixed_wing,cold,1,0.000924657,0.000536541,0.000773951,0.0105713,-0.00103368,0,0,0.00182824,1269.21,4560,nan,nan,nan,double
ecm,SCKF,kalman,fixed_wing,cold,1,0.000924657,0.000536541,0.000773951,0.0105713,-0.00103368,0,0,0.00182824,1598.8,4696,nan,nan,nan,double
ecm,CKF5,kalman,fixed_wing,cold,1,0.000963889,0.000487394,0.000784688,0.0151888,-0.000991318,0,0,0.00183071,4066.19,5624,nan,nan,nan,double
ecm,CDKF,kalman,fixed_wing,cold,1,0.000963889,0.000487394,0.000784688,0.0151888,-0.000991318,0,0,0.00183071,1388.35,4312,nan,nan,nan,double
ecm,GHKF,kalman,fixed_wing,cold,1,0.000963889,0.000487394,0.000784688,0.0151888,-0.000991318,0,0,0.00183071,12012.6,10784,nan,nan,nan,double
ecm,IPLF,kalman,fixed_wing,cold,1,0.00501407,0.00477243,0.00473685,0.0352865,-0.00518103,0.3,0,0.0019315,2055.19,4784,nan,nan,nan,double
ecm,EIF,kalman,fixed_wing,cold,1,0.00306024,0.00349124,0.00295273,0.0126636,-0.00416147,0,0,0.00182516,1235.74,4472,nan,nan,nan,double
ecm,SR-EKF,kalman,fixed_wing,cold,1,0.00306024,0.00349124,0.00295273,0.0126636,-0.00416147,0,0,0.00182516,817.964,4440,nan,nan,nan,double
ecm,SR-UKF,kalman,fixed_wing,cold,1,0.00260822,0.000892515,0.00145736,0.0407671,-0.00161335,0.4,0,0.00192822,1621.44,4896,nan,nan,nan,double
ecm,UD-EKF,kalman,fixed_wing,cold,1,0.00306024,0.00349124,0.00295273,0.0126636,-0.00416147,0,0,0.00182516,496.222,4480,nan,nan,nan,double
ecm,SO-EKF,kalman,fixed_wing,cold,1,0.00248195,0.00124805,0.00156686,0.0399209,-0.00180681,0.4,0,0.00191321,4251.67,4496,nan,nan,nan,double
ecm,SageHusa-AKF,adaptive_kalman,fixed_wing,cold,1,0.00148023,0.00181545,0.00129515,0.0126636,-0.00224593,0,0,0.00182125,550.961,4808,nan,nan,nan,double
ecm,IAE-AKF,adaptive_kalman,fixed_wing,cold,1,0.00336845,0.00361293,0.00330675,0.0126636,-0.00403385,0,0,0.00182057,503.882,5040,nan,nan,nan,double
ecm,VB-AKF,adaptive_kalman,fixed_wing,cold,1,0.00139617,0.00123254,0.00114405,0.0126636,-0.00195708,0,0,0.00182093,881.644,4408,nan,nan,nan,double
ecm,STF,adaptive_kalman,fixed_wing,cold,1,0.00589515,0.00650063,0.00552776,0.0366467,0.00524149,0,0,0.00197718,557.123,4680,nan,nan,nan,double
ecm,Fading-EKF,adaptive_kalman,fixed_wing,cold,1,0.00323179,0.00246111,0.00296848,0.0126636,0.00193045,0,0,0.00181044,505.541,4384,nan,nan,nan,double
ecm,Fuzzy-AKF,adaptive_kalman,fixed_wing,cold,1,0.00247082,0.00284585,0.00239629,0.0126636,-0.00315216,0,0,0.00182138,747.891,4816,nan,nan,nan,double
ecm,IMM,adaptive_kalman,fixed_wing,cold,1,0.00305874,0.00347273,0.00297118,0.0117534,-0.00363901,0,0,0.00182486,2086.28,4976,nan,nan,nan,double
ecm,MMAE,adaptive_kalman,fixed_wing,cold,1,0.0121148,0.0117909,0.0114592,0.0160293,-0.00567468,0,0,0.00182968,1788.93,13200,-0.0395775,nan,nan,double
ecm,Schmidt-KF,robust_kalman,fixed_wing,cold,1,0.0188865,0.0201099,0.0186278,0.0237377,-0.0156038,0,0,0.0195528,1303.74,8856,nan,nan,nan,double
ecm,Hinf-EKF,robust_kalman,fixed_wing,cold,1,0.0204498,0.0287471,0.0128984,0.0848985,0.0248284,0,0,0.00183379,801.811,4408,nan,nan,nan,double
ecm,Huber-EKF,robust_kalman,fixed_wing,cold,1,0.0019038,0.00126566,0.00135923,0.0126636,-0.00198954,0,0,0.00181682,647.622,4368,nan,nan,nan,double
ecm,MC-EKF,robust_kalman,fixed_wing,cold,1,0.00142983,0.00124127,0.00117253,0.0126636,-0.00190588,0,0,0.00182176,1003.74,4384,nan,nan,nan,double
ecm,StudentT-KF,robust_kalman,fixed_wing,cold,1,0.00140281,0.00165575,0.00118526,0.0126636,-0.00201509,0,0,0.00180817,706.094,4568,nan,nan,nan,double
ecm,Constrained-EKF,robust_kalman,fixed_wing,cold,1,0.00306023,0.00349123,0.00295272,0.0126636,-0.00416154,0,0,0.00182516,582.385,4416,nan,nan,nan,double
ecm,ReducedOrder-EKF,robust_kalman,fixed_wing,cold,1,0.00392675,0.00308665,0.00360516,0.0127109,0.00283845,0,0,0.00180324,343.999,4272,nan,nan,nan,double
ecm,SVSF,robust_kalman,fixed_wing,cold,1,0.00199612,0.000697971,0.00146509,0.00837209,-0.00135153,0,0,0.00183065,588.475,4376,nan,nan,nan,double
ecm,Luenberger,observers,fixed_wing,cold,1,0.00709904,0.00413877,0.00556476,0.0312234,0.00130722,0,0,0.00226907,326.186,4632,nan,nan,nan,double
ecm,SSKF,observers,fixed_wing,cold,1,0.00390466,0.0030189,0.00362189,0.010431,0.00223395,0,0,0.001837,430.377,4632,nan,nan,nan,double
ecm,PI-Observer,observers,fixed_wing,cold,1,0.00742252,0.00878362,0.00537737,0.0236492,0.0185946,0,0,0.00204557,616.223,4824,nan,nan,nan,double
ecm,SMO,observers,fixed_wing,cold,1,0.0154581,0.00377226,0.00914874,0.0795641,0.00185113,0,0,0.00260925,340.303,4800,nan,nan,nan,double
ecm,SMO-Adaptive,observers,fixed_wing,cold,1,0.0139684,0.00375698,0.00818767,0.0714455,0.00165092,0,0,0.00254211,356.169,4800,nan,nan,nan,double
ecm,SuperTwisting-SMO,observers,fixed_wing,cold,1,0.00517666,0.00357437,0.00421603,0.0240574,0.0024577,0,0,0.00182344,147.012,4280,nan,nan,nan,double
ecm,HGO,observers,fixed_wing,cold,1,0.00709904,0.00413877,0.00556476,0.0312234,0.00130722,0,0,0.00226907,332.095,4680,nan,nan,nan,double
ecm,ESO,observers,fixed_wing,cold,1,0.56193,0.722797,0.496002,0.892182,0.892182,0,1,0.0157165,470.624,4784,nan,nan,nan,double
ecm,UIO,observers,fixed_wing,cold,1,0.00154104,0.00099803,0.00114127,0.0057168,0.000254285,0,0,0.00354191,499.331,5072,nan,nan,nan,double
ecm,DOB,observers,fixed_wing,cold,1,0.000326021,0.000162203,0.000261141,0.00111475,3.29602e-05,0,0,0.00190795,352.496,4784,nan,nan,nan,double
ecm,AdaptiveObserver,observers,fixed_wing,cold,1,0.00775883,0.00298151,0.0038859,0.0671458,0.00221254,0,0,0.00218514,868.957,4864,-0.0268392,nan,nan,double
ecm,IntervalObserver,observers,fixed_wing,cold,1,0.00390466,0.0030189,0.00362189,0.010431,0.00223395,0,0,0.001837,816.304,9024,nan,0,0.383255,double
ecm,JointEKF,soh,fixed_wing,cold,1,0.00445372,0.00347954,0.00397847,0.0144709,0.0045609,0,0,0.00182622,1236.47,8752,0.0899764,nan,nan,double
ecm,JointUKF,soh,fixed_wing,cold,1,0.00233135,0.00130852,0.00171031,0.0402674,2.88225e-05,0.7,0,0.00192537,3242.91,9600,0.00901392,nan,nan,double
ecm,DualEKF,soh,fixed_wing,cold,1,0.00376649,0.00389287,0.00332972,0.0126636,-0.00381952,0,0,0.00180422,1279.17,4752,0.0150336,nan,nan,double
ecm,DualUKF,soh,fixed_wing,cold,1,0.0110205,0.0122081,0.0101286,0.040861,0.0138026,0.4,0,0.00193992,2400.61,5512,0.215996,nan,nan,double
ecm,RLS-EKF,soh,fixed_wing,cold,1,0.00559002,0.00251267,0.00470328,0.0139445,-0.00278556,0,0,0.00349266,503.158,8904,nan,nan,nan,double
ecm,AWTLS,soh,fixed_wing,cold,1,0.00156511,0.0012051,0.00144451,0.0126636,-0.000838814,0,0,0.001825,484.466,8776,0.0515127,nan,nan,double
ecm,PF-Bootstrap,particle,fixed_wing,cold,1,0.00396046,0.00392393,0.00343038,0.0212383,0.00376936,0,0,0.0018629,77634.4,46472,nan,nan,nan,double
ecm,PF-Fast,particle,fixed_wing,cold,1,0.00612739,0.00399821,0.00421462,0.0293977,0.00278739,0,0,0.00189988,15982.4,9664,nan,nan,nan,double
ecm,PF-Regularized,particle,fixed_wing,cold,1,0.00238427,0.0029389,0.00195721,0.00647962,0.00309743,0,0,0.00184309,82262.7,46464,nan,nan,nan,double
ecm,PF-Auxiliary,particle,fixed_wing,cold,1,0.00572775,0.00554773,0.00538801,0.0111862,0.00582109,0,0,0.00186232,104235,54584,nan,nan,nan,double
ecm,RBPF,particle,fixed_wing,cold,1,0.00204741,0.00214089,0.0017767,0.00833269,-0.00274739,0,0,0.00182731,40115.8,34016,nan,nan,nan,double
ecm,UPF,particle,fixed_wing,cold,1,0.00858136,0.00781661,0.00662842,0.0380996,0.00227086,0,0,0.00214217,18756,25360,nan,nan,nan,double
ecm,EnKF,particle,fixed_wing,cold,1,0.0131887,0.018078,0.00959835,0.0397521,0.00903073,0.1,0,0.0018355,10273.8,6776,nan,nan,nan,double
ecm,ETKF,particle,fixed_wing,cold,1,0.00445673,0.00477023,0.00421635,0.0290286,-0.00193486,0.1,0,0.00183508,10408.9,5304,nan,nan,nan,double
ecm,GSF,particle,fixed_wing,cold,1,0.0013064,0.000943181,0.00103885,0.00477589,-0.00184,0,0,0.00183551,1722.39,9192,nan,nan,nan,double
ecm,NN-Direct,learning,fixed_wing,cold,1,0.00130759,0.00122146,0.00100757,0.00783487,0.00362192,0,0,nan,496.546,15152,nan,nan,nan,double
ecm,NN-EKF,learning,fixed_wing,cold,1,0.00704392,0.00190211,0.00498858,0.0338718,-0.00380053,0.1,0,0.00180057,1114.24,4376,nan,nan,nan,double
ecm,ELM-RLS-EKF,learning,fixed_wing,cold,1,0.00176287,0.00217646,0.00155612,0.0126636,-0.00265234,0,0,0.0017949,3317.19,11704,nan,nan,nan,double
ecm,MHE-RTI,optimization,fixed_wing,cold,1,0.00797652,0.00811615,0.00734512,0.0259318,-0.00963951,0,0,0.00186243,17185.5,26928,nan,nan,nan,double
ecm,MHE,optimization,fixed_wing,cold,1,0.0110104,0.0128735,0.0106048,0.0159139,-0.0140725,0,0,0.00186184,32277.3,26928,nan,nan,nan,double
ecm,ERTS,smoothers,fixed_wing,cold,1,0.00220688,0.00294223,0.00189558,0.00416206,-0.00416147,0,0,0.00174711,942.211,17975832,nan,nan,nan,double
ecm,URTS,smoothers,fixed_wing,cold,1,0.00203035,0.000785382,0.00159872,0.00452073,-0.00161335,0,0,0.00174941,2592.99,17975856,nan,nan,nan,double
ecm,Batch-NLS,smoothers,fixed_wing,cold,1,0.00159891,0.00120011,0.00131683,0.00345533,-0.00227646,0,0,0.001747,4534.92,24888152,nan,nan,nan,double
ecm,FixedLag-EKF,smoothers,fixed_wing,cold,1,0.00283799,0.00328269,0.00268664,0.0126636,-0.00410791,0,0,0.00182516,10008,19992,nan,nan,nan,double
ecm,CoulombCounting,baselines,fixed_wing,hot,1,0.0025312,0.00319655,0.00230301,0.00382097,-0.00382033,0,0,0.00275149,78.9152,4184,nan,nan,nan,double
ecm,OCVLookup,baselines,fixed_wing,hot,1,0.0105251,0.00718585,0.00900017,0.0284671,0.00250841,0,0,0.00829113,1309.56,4192,nan,nan,nan,double
ecm,CoulombOCVHybrid,baselines,fixed_wing,hot,1,0.00260759,0.00151427,0.00225601,0.00468751,6.11901e-05,0,0,0.00191871,222.834,4192,nan,nan,nan,double
ecm,EKF,kalman,fixed_wing,hot,1,0.00141618,0.000315749,0.000779706,0.012093,-0.000207584,0,0,0.000519166,479.624,4336,nan,nan,nan,double
ecm,UKF,kalman,fixed_wing,hot,1,0.00241899,0.000293233,0.00114085,0.0404441,-0.00020645,0.4,0,0.000804882,1449.42,4776,nan,nan,nan,double
ecm,LKF,kalman,fixed_wing,hot,1,0.0261323,0.0309551,0.0224508,0.0512713,-0.0512692,0,0,0.000906374,336.363,4680,nan,nan,nan,double
ecm,IEKF,kalman,fixed_wing,hot,1,0.000941309,0.000339909,0.000533179,0.00996107,-0.000230307,0,0,0.000516923,591.464,4336,nan,nan,nan,double
ecm,CKF,kalman,fixed_wing,hot,1,0.000686905,0.000353671,0.000449623,0.0108731,-0.000328524,0,0,0.000528957,1261.39,4560,nan,nan,nan,double
ecm,SCKF,kalman,fixed_wing,hot,1,0.000686905,0.000353671,0.000449623,0.0108731,-0.000328524,0,0,0.000528957,1589.66,4696,nan,nan,nan,double
ecm,CKF5,kalman,fixed_wing,hot,1,0.00067593,0.000347572,0.000438912,0.0154894,-0.000330629,0,0,0.000537274,4021.87,5624,nan,nan,nan,double
ecm,CDKF,kalman,fixed_wing,hot,1,0.00067593,0.000347572,0.000438912,0.0154894,-0.000330629,0,0,0.000537274,1376.19,4312,nan,nan,nan,double
ecm,GHKF,kalman,fixed_wing,hot,1,0.00067593,0.000347572,0.000438912,0.0154894,-0.000330629,0,0,0.000537274,11975.1,10784,nan,nan,nan,double
ecm,IPLF,kalman,fixed_wing,hot,1,0.00432305,0.000188522,0.0020413,0.0353035,-0.000249604,0.3,0,0.000815257,2042.5,4784,nan,nan,nan,double
ecm,EIF,kalman,fixed_wing,hot,1,0.00141618,0.000315749,0.000779706,0.012093,-0.000207584,0,0,0.000519166,1220.92,4472,nan,nan,nan,double
ecm,SR-EKF,kalman,fixed_wing,hot,1,0.00141618,0.000315749,0.000779706,0.012093,-0.000207584,0,0,0.000519166,819.052,4440,nan,nan,nan,double
ecm,SR-UKF,kalman,fixed_wing,hot,1,0.00241899,0.000293233,0.00114085,0.0404441,-0.00020645,0.4,0,0.000804882,1570.19,4896,nan,nan,nan,double
ecm,UD-EKF,kalman,fixed_wing,hot,1,0.00141618,0.000315749,0.000779706,0.012093,-0.000207584,0,0,0.000519166,501.189,4480,nan,nan,nan,double
ecm,SO-EKF,kalman,fixed_wing,hot,1,0.0024629,0.000235257,0.00122053,0.0396462,-0.000205353,0.4,0,0.000770247,4214.79,4496,nan,nan,nan,double
ecm,SageHusa-AKF,adaptive_kalman,fixed_wing,hot,1,0.00140964,0.000314898,0.000775664,0.012093,-0.000229366,0,0,0.000519739,553.316,4808,nan,nan,nan,double
ecm,IAE-AKF,adaptive_kalman,fixed_wing,hot,1,0.0014002,0.000323678,0.000757557,0.012093,-0.00023783,0,0,0.000518011,505.261,5040,nan,nan,nan,double
ecm,VB-AKF,adaptive_kalman,fixed_wing,hot,1,0.00136592,0.000315635,0.000739884,0.012093,-0.000232484,0,0,0.000518158,875.702,4408,nan,nan,nan,double
ecm,STF,adaptive_kalman,fixed_wing,hot,1,0.00217388,0.000818241,0.00117617,0.0228902,-0.000302098,0,0,0.000658025,541.707,4680,nan,nan,nan,double
ecm,Fading-EKF,adaptive_kalman,fixed_wing,hot,1,0.00160093,0.000195979,0.000730007,0.012093,0.000134676,0,0,0.000498008,502.361,4384,nan,nan,nan,double
ecm,Fuzzy-AKF,adaptive_kalman,fixed_wing,hot,1,0.00167735,0.000324291,0.00084933,0.012093,-0.000228263,0,0,0.000519913,742.172,4816,nan,nan,nan,double
ecm,IMM,adaptive_kalman,fixed_wing,hot,1,0.00137496,0.000321683,0.000730335,0.0115551,-0.000208208,0,0,0.00051839,2037.9,4976,nan,nan,nan,double
ecm,MMAE,adaptive_kalman,fixed_wing,hot,1,0.00236754,0.000912365,0.00194703,0.012093,-0.000581066,0,0,0.000525199,1768.8,13200,0.0170531,nan,nan,double
ecm,Schmidt-KF,robust_kalman,fixed_wing,hot,1,0.00333406,0.00307236,0.00288868,0.0120884,-0.000647665,0,0,0.00257157,1298.37,8856,nan,nan,nan,double
ecm,Hinf-EKF,robust_kalman,fixed_wing,hot,1,0.00185442,0.000235479,0.000910307,0.0121184,-0.000220203,0,0,0.000519915,801.177,4408,nan,nan,nan,double
ecm,Huber-EKF,robust_kalman,fixed_wing,hot,1,0.00178811,0.00026849,0.000942465,0.012093,-0.000193678,0,0,0.00050417,644.867,4368,nan,nan,nan,double
ecm,MC-EKF,robust_kalman,fixed_wing,hot,1,0.00135768,0.000321407,0.00074203,0.012093,-0.000230408,0,0,0.000512608,1011.22,4384,nan,nan,nan,double
ecm,StudentT-KF,robust_kalman,fixed_wing,hot,1,0.00141272,0.000315478,0.000769746,0.012093,-0.00022086,0,0,0.000482666,690.293,4568,nan,nan,nan,double
ecm,Constrained-EKF,robust_kalman,fixed_wing,hot,1,0.00141647,0.000315553,0.000780291,0.012093,-0.000207741,0,0,0.000519184,578.32,4416,nan,nan,nan,double
ecm,ReducedOrder-EKF,robust_kalman,fixed_wing,hot,1,0.00153146,0.000204545,0.000699945,0.0121382,0.000139786,0,0,0.000425402,336.695,4272,nan,nan,nan,double
ecm,SVSF,robust_kalman,fixed_wing,hot,1,0.00157478,0.000324586,0.000800022,0.00667667,-0.000303425,0,0,0.000490878,576.853,4376,nan,nan,nan,double
ecm,Luenberger,observers,fixed_wing,hot,1,0.00156951,0.000345165,0.000798372,0.00576429,0.000266059,0,0,0.00055652,484.389,4632,nan,nan,nan,double
ecm,SSKF,observers,fixed_wing,hot,1,0.00156951,0.000345165,0.000798372,0.00576429,0.000266059,0,0,0.00055652,412.324,4632,nan,nan,nan,double
ecm,PI-Observer,observers,fixed_wing,hot,1,0.00176366,0.000467868,0.000882979,0.00726808,0.000369796,0,0,0.000557126,1249.73,4824,nan,nan,nan,double
ecm,SMO,observers,fixed_wing,hot,1,0.00160989,0.000365884,0.000823322,0.00588444,0.000301924,0,0,0.000566785,494.728,4800,nan,nan,nan,double
ecm,SMO-Adaptive,observers,fixed_wing,hot,1,0.00160851,0.000355711,0.000818596,0.00586943,0.000285985,0,0,0.000561659,478.276,4800,nan,nan,nan,double
ecm,SuperTwisting-SMO,observers,fixed_wing,hot,1,0.00176894,0.000316269,0.000814061,0.0078674,0.000214047,0,0,0.000480764,140.879,4280,nan,nan,nan,double
ecm,HGO,observers,fixed_wing,hot,1,0.00156951,0.000345165,0.000798372,0.00576429,0.000266059,0,0,0.00055652,486.512,4680,nan,nan,nan,double
ecm,ESO,observers,fixed_wing,hot,1,0.00176366,0.000467868,0.000882979,0.00726808,0.000369796,0,0,0.000557126,1272.99,4784,nan,nan,nan,double
ecm,UIO,observers,fixed_wing,hot,1,0.00125956,0.000434769,0.000753299,0.0062483,-0.00116574,0,0,0.00324894,547.89,5072,nan,nan,nan,double
ecm,DOB,observers,fixed_wing,hot,1,0.000877526,0.000333135,0.00051514,0.003622,4.846e-05,0,0,0.000673472,722.978,4784,nan,nan,nan,double
ecm,AdaptiveObserver,observers,fixed_wing,hot,1,0.00155861,0.000333769,0.000776276,0.00576294,0.000264071,0,0,0.000556239,883.029,4864,0.0320672,nan,nan,double
ecm,IntervalObserver,observers,fixed_wing,hot,1,0.00156951,0.000345165,0.000798372,0.00576429,0.000266059,0,0,0.00055652,809.195,9024,nan,0,0.250798,double
ecm,JointEKF,soh,fixed_wing,hot,1,0.0005301,0.000145682,0.000276982,0.0120827,0.000173577,0,0,0.000522451,1220.41,8752,0.0548121,nan,nan,double
ecm,JointUKF,soh,fixed_wing,hot,1,0.00173914,0.00059458,0.00110458,0.0405058,-7.80508e-05,0.4,0,0.00080009,3089.34,9600,0.0406382,nan,nan,double
ecm,DualEKF,soh,fixed_wing,hot,1,0.00100149,0.000166622,0.00052958,0.012093,0.000236861,0,0,0.000520277,1287.25,4752,0.0650091,nan,nan,double
ecm,DualUKF,soh,fixed_wing,hot,1,0.00124776,0.000196188,0.000603044,0.0404481,-5.2818e-05,0.4,0,0.000806231,2361.24,5512,0.0489283,nan,nan,double
ecm,RLS-EKF,soh,fixed_wing,hot,1,0.00425054,0.00199699,0.00362349,0.012093,0.00127416,0,0,0.000631714,483.74,8904,nan,nan,nan,double
ecm,AWTLS,soh,fixed_wing,hot,1,0.00171142,0.00124258,0.00141259,0.012093,-0.000925733,0,0,0.000519825,459.945,8776,0.0196248,nan,nan,double
ecm,PF-Bootstrap,particle,fixed_wing,hot,1,0.00138938,0.000731812,0.000888731,0.00677049,0.000273617,0,0,0.000581547,75820.6,46472,nan,nan,nan,double
ecm,PF-Fast,particle,fixed_wing,hot,1,0.00158242,0.00125248,0.00122891,0.00628086,0.00111426,0,0,0.000689435,15930.9,9664,nan,nan,nan,double
ecm,PF-Regularized,particle,fixed_wing,hot,1,0.00109594,0.000632261,0.000743444,0.00730872,0.000738905,0,0,0.000577516,81525.8,46464,nan,nan,nan,double
ecm,PF-Auxiliary,particle,fixed_wing,hot,1,0.00129297,0.00107431,0.000917518,0.00924541,0.000588587,0,0,0.000626837,103644,54584,nan,nan,nan,double
ecm,RBPF,particle,fixed_wing,hot,1,0.00169975,0.000661097,0.00108121,0.00817869,-0.00070162,0,0,0.000530058,39857,34016,nan,nan,nan,double
ecm,UPF,particle,fixed_wing,hot,1,0.00360549,0.0026661,0.00250414,0.0267269,-0.00128738,0,0,0.00112439,18669.3,25360,nan,nan,nan,double
ecm,EnKF,particle,fixed_wing,hot,1,0.00196364,0.00103396,0.00130748,0.0267359,-0.000861676,0.1,0,0.000544884,10187.7,6776,nan,nan,nan,double
ecm,ETKF,particle,fixed_wing,hot,1,0.00158725,0.00155744,0.00148019,0.0293423,-0.000177976,0.1,0,0.000552295,10524.1,5304,nan,nan,nan,double
ecm,GSF,particle,fixed_wing,hot,1,0.00140226,0.000320142,0.000747078,0.00556676,-0.000207648,0,0,0.000555105,1758.53,9192,nan,nan,nan,double
ecm,NN-Direct,learning,fixed_wing,hot,1,0.0013519,0.0012001,0.000974311,0.00592189,0.00109794,0,0,nan,485.111,15152,nan,nan,nan,double
ecm,NN-EKF,learning,fixed_wing,hot,1,0.00987614,0.00728976,0.00777371,0.0351744,-0.0115667,311.3,0,0.000632259,1104.14,4376,nan,nan,nan,double
ecm,ELM-RLS-EKF,learning,fixed_wing,hot,1,0.00138902,0.00031773,0.00075667,0.012093,-0.000207475,0,0,0.000517352,3327.24,11704,nan,nan,nan,double
ecm,MHE-RTI,optimization,fixed_wing,hot,1,0.00192424,0.00023164,0.000715549,0.0123494,-0.000224411,0,0,0.000604253,17163.4,26928,nan,nan,nan,double
ecm,MHE,optimization,fixed_wing,hot,1,0.0023435,0.000253359,0.000875896,0.012819,-0.000452563,0,0,0.000603349,31329.5,26928,nan,nan,nan,double
ecm,ERTS,smoothers,fixed_wing,hot,1,0.000834446,0.000152836,0.000547824,0.00237906,-0.000207584,0,0,0.000454927,965.142,17975832,nan,nan,nan,double
ecm,URTS,smoothers,fixed_wing,hot,1,0.000903063,0.000166591,0.000591792,0.00262055,-0.00020645,0,0,0.000460142,2585.73,17975856,nan,nan,nan,double
ecm,Batch-NLS,smoothers,fixed_wing,hot,1,0.000666293,0.000144746,0.000444402,0.00195768,-0.000266136,0,0,0.000454566,4751.03,24888152,nan,nan,nan,double
ecm,FixedLag-EKF,smoothers,fixed_wing,hot,1,0.00158633,0.000156498,0.000828132,0.012093,-0.000154399,0,0,0.000519166,10117.2,19992,nan,nan,nan,double
ecm,CoulombCounting,baselines,fixed_wing,aged_cell,1,0.0870322,0.110374,0.078153,0.134816,0.134816,0,0,0.137234,78.2188,4184,nan,nan,nan,double
ecm,OCVLookup,baselines,fixed_wing,aged_cell,1,0.0161125,0.00828755,0.0121037,0.0651975,0.00196031,0,0,0.0177599,1310.81,4192,nan,nan,nan,double
ecm,CoulombOCVHybrid,baselines,fixed_wing,aged_cell,1,0.0661718,0.0767256,0.0560619,0.112293,0.00862066,0,0,0.0798751,225.245,4192,nan,nan,nan,double
ecm,EKF,kalman,fixed_wing,aged_cell,1,0.011602,0.0146259,0.0099891,0.0193156,0.000328491,0,0,0.00251917,485.45,4336,nan,nan,nan,double
ecm,UKF,kalman,fixed_wing,aged_cell,1,0.0113346,0.0132112,0.00969018,0.0434011,0.000277958,0.4,0,0.00259224,1450.72,4776,nan,nan,nan,double
ecm,LKF,kalman,fixed_wing,aged_cell,1,0.0225389,0.0287647,0.0158782,0.0753243,-0.0662156,0,0,0.00341399,387.667,4680,nan,nan,nan,double
ecm,IEKF,kalman,fixed_wing,aged_cell,1,0.01154,0.0145381,0.00983387,0.0226778,0.000296361,0,0,0.00251708,602.036,4336,nan,nan,nan,double
ecm,CKF,kalman,fixed_wing,aged_cell,1,0.0129599,0.0109506,0.0104564,0.0471396,-0.000681124,0,0,0.00247452,1282.93,4560,nan,nan,nan,double
ecm,SCKF,kalman,fixed_wing,aged_cell,1,0.0129599,0.0109506,0.0104564,0.0471396,-0.000681124,0,0,0.00247452,1616.43,4696,nan,nan,nan,double
ecm,CKF5,kalman,fixed_wing,aged_cell,1,0.0127161,0.0112227,0.0103419,0.0454091,-0.000714522,0,0,0.00247591,4026.88,5624,nan,nan,nan,double
ecm,CDKF,kalman,fixed_wing,aged_cell,1,0.0127161,0.0112227,0.0103419,0.0454091,-0.000714522,0,0,0.00247591,1379.35,4312,nan,nan,nan,double
ecm,GHKF,kalman,fixed_wing,aged_cell,1,0.0127161,0.0112227,0.0103419,0.0454091,-0.000714522,0,0,0.00247591,11948.7,10784,nan,nan,nan,double
ecm,IPLF,kalman,fixed_wing,aged_cell,1,0.0118604,0.0147856,0.0103234,0.0383099,0.000248441,0.2,0,0.00260946,2040.47,4784,nan,nan,nan,double
ecm,EIF,kalman,fixed_wing,aged_cell,1,0.011602,0.0146259,0.0099891,0.0193156,0.000328491,0,0,0.00251917,1225.19,4472,nan,nan,nan,double
ecm,SR-EKF,kalman,fixed_wing,aged_cell,1,0.011602,0.0146259,0.0099891,0.0193156,0.000328491,0,0,0.00251917,824.233,4440,nan,nan,nan,double
ecm,SR-UKF,kalman,fixed_wing,aged_cell,1,0.0113346,0.0132112,0.00969018,0.0434011,0.000277958,0.4,0,0.00259224,1566.36,4896,nan,nan,nan,double
ecm,UD-EKF,kalman,fixed_wing,aged_cell,1,0.011602,0.0146259,0.0099891,0.0193156,0.000328491,0,0,0.00251917,488.763,4480,nan,nan,nan,double
ecm,SO-EKF,kalman,fixed_wing,aged_cell,1,0.0135882,0.0167034,0.0119102,0.0430777,6.70031e-05,0.4,0,0.00259162,4218.27,4496,nan,nan,nan,double
ecm,SageHusa-AKF,adaptive_kalman,fixed_wing,aged_cell,1,0.0103196,0.0126114,0.00876843,0.0174396,0.000743535,0,0,0.00830237,554.755,4808,nan,nan,nan,double
ecm,IAE-AKF,adaptive_kalman,fixed_wing,aged_cell,1,0.0103521,0.0127979,0.00881945,0.0174493,0.000947526,0,0,0.0112997,506.497,5040,nan,nan,nan,double
ecm,VB-AKF,adaptive_kalman,fixed_wing,aged_cell,1,0.0100701,0.0129752,0.00839601,0.0177923,0.000756686,0,0,0.00909761,876.321,4408,nan,nan,nan,double
ecm,STF,adaptive_kalman,fixed_wing,aged_cell,1,0.0282042,0.0141425,0.0214082,0.186621,1.62709e-05,0,0,0.00180759,544.313,4680,nan,nan,nan,double
ecm,Fading-EKF,adaptive_kalman,fixed_wing,aged_cell,1,0.0208313,0.0105659,0.0159157,0.08283,-0.000204966,0,0,0.00263095,499.133,4384,nan,nan,nan,double
ecm,Fuzzy-AKF,adaptive_kalman,fixed_wing,aged_cell,1,0.0104303,0.0127343,0.00890597,0.0184309,0.00101553,0,0,0.00995031,743.954,4816,nan,nan,nan,double
ecm,IMM,adaptive_kalman,fixed_wing,aged_cell,1,0.00715903,0.00884036,0.00613209,0.0130388,0.000832145,0,0,0.00285876,2057.56,4976,nan,nan,nan,double
ecm,MMAE,adaptive_kalman,fixed_wing,aged_cell,1,0.0177268,0.0125421,0.0157345,0.0355239,-0.0015583,0,0,0.00244602,1788.12,13200,0.361885,nan,nan,double
ecm,Schmidt-KF,robust_kalman,fixed_wing,aged_cell,1,0.00652961,0.00196887,0.00428212,0.0211149,-0.000418321,0,0,0.0256932,1323.79,8856,nan,nan,nan,double
ecm,Hinf-EKF,robust_kalman,fixed_wing,aged_cell,1,0.0107025,0.00870933,0.00850884,0.0390811,-0.000722534,0,0,0.00247142,806.246,4408,nan,nan,nan,double
ecm,Huber-EKF,robust_kalman,fixed_wing,aged_cell,1,0.0140248,0.0165935,0.0125472,0.0214286,0.000402755,0,0,0.00397794,651.488,4368,nan,nan,nan,double
ecm,MC-EKF,robust_kalman,fixed_wing,aged_cell,1,0.0114615,0.0146168,0.00968737,0.0192945,0.000353273,0,0,0.00659742,1037.17,4384,nan,nan,nan,double
ecm,StudentT-KF,robust_kalman,fixed_wing,aged_cell,1,0.012023,0.0151893,0.0100117,0.0197966,0.000402058,0,0,0.00424089,720.927,4568,nan,nan,nan,double
ecm,Constrained-EKF,robust_kalman,fixed_wing,aged_cell,1,0.0116045,0.0146304,0.00999145,0.0193147,0.000327932,0,0,0.00251922,612.633,4416,nan,nan,nan,double
ecm,ReducedOrder-EKF,robust_kalman,fixed_wing,aged_cell,1,0.0251854,0.0128818,0.0185806,0.108361,-0.000368145,0,0,0.00466889,336.299,4272,nan,nan,nan,double
ecm,SVSF,robust_kalman,fixed_wing,aged_cell,1,0.0102263,0.0127065,0.00845541,0.0251706,0.000818763,0,0,0.00221234,580.435,4376,nan,nan,nan,double
ecm,Luenberger,observers,fixed_wing,aged_cell,1,0.0173819,0.0127561,0.0151395,0.0398921,-0.000348378,0,0,0.00228502,545.612,4632,nan,nan,nan,double
ecm,SSKF,observers,fixed_wing,aged_cell,1,0.0173819,0.0127561,0.0151395,0.0398921,-0.000348378,0,0,0.00228502,457.504,4632,nan,nan,nan,double
ecm,PI-Observer,observers,fixed_wing,aged_cell,1,0.0258641,0.0140451,0.0200786,0.11296,-0.000413862,0,0,0.00465956,1035.36,4824,nan,nan,nan,double
ecm,SMO,observers,fixed_wing,aged_cell,1,0.0187178,0.012915,0.0159994,0.0497621,-0.000355159,0,0,0.00225795,629.468,4800,nan,nan,nan,double
ecm,SMO-Adaptive,observers,fixed_wing,aged_cell,1,0.0176405,0.0128249,0.015327,0.0412805,-0.000351771,0,0,0.00227272,552.33,4800,nan,nan,nan,double
ecm,SuperTwisting-SMO,observers,fixed_wing,aged_cell,1,0.0263623,0.0140223,0.0205055,0.0955277,-0.000355527,0,0,0.00601295,136.928,4280,nan,nan,nan,double
ecm,HGO,observers,fixed_wing,aged_cell,1,0.0173881,0.0127561,0.0151437,0.0400053,-0.000348378,0,0,0.00228542,555.966,4680,nan,nan,nan,double
ecm,ESO,observers,fixed_wing,aged_cell,1,0.0258225,0.0142058,0.0201464,0.110815,-0.000426064,0,0,0.00234527,1565.9,4784,nan,nan,nan,double
ecm,UIO,observers,fixed_wing,aged_cell,1,0.0164488,0.011797,0.0142932,0.040106,-0.000721593,0,0,0.00286771,557.581,5072,nan,nan,nan,double
ecm,DOB,observers,fixed_wing,aged_cell,1,0.0201558,0.00842382,0.014724,0.0782282,-0.000339108,0,0,0.00212695,646.715,4784,nan,nan,nan,double
ecm,AdaptiveObserver,observers,fixed_wing,aged_cell,1,0.0130953,0.00809377,0.0108288,0.0386677,-0.000135809,0,0,0.00193212,978.843,4864,0.764414,nan,nan,double
ecm,IntervalObserver,observers,fixed_wing,aged_cell,1,0.0173819,0.0127561,0.0151395,0.0398921,-0.000348378,0,0,0.00228502,847.856,9024,nan,0,0.239275,double
ecm,JointEKF,soh,fixed_wing,aged_cell,1,0.0015878,0.000775423,0.00109189,0.00795019,0.000184957,0,0,0.000959967,1220.47,8752,0.0366431,nan,nan,double
ecm,JointUKF,soh,fixed_wing,aged_cell,1,0.001385,0.000672769,0.000896997,0.0435051,0.000192861,0.4,0,0.0011527,3131.02,9600,0.0394484,nan,nan,double
ecm,DualEKF,soh,fixed_wing,aged_cell,1,0.0064597,0.0048857,0.00531926,0.0164632,-6.30746e-05,0,0,0.00100156,1268.59,4752,0.0607945,nan,nan,double
ecm,DualUKF,soh,fixed_wing,aged_cell,1,0.00259707,0.0016176,0.00194208,0.0434074,-5.58864e-05,0.4,0,0.00116373,2383.4,5512,0.0188778,nan,nan,double
ecm,RLS-EKF,soh,fixed_wing,aged_cell,1,0.033164,0.0351979,0.0307411,0.0416042,0.00465757,0,0,0.0014936,504.442,8904,nan,nan,nan,double
ecm,AWTLS,soh,fixed_wing,aged_cell,1,0.00902606,0.0112701,0.00824388,0.0228863,-0.00345111,0,0,0.0024882,491.125,8776,0.0246141,nan,nan,double
ecm,PF-Bootstrap,particle,fixed_wing,aged_cell,1,0.0267783,0.0136398,0.0214406,0.112958,4.93709e-07,0,0,0.00246091,78870.5,46472,nan,nan,nan,double
ecm,PF-Fast,particle,fixed_wing,aged_cell,1,0.0271654,0.0152709,0.0214852,0.122519,-0.00034597,0,0,0.00215663,16596.4,9664,nan,nan,nan,double
ecm,PF-Regularized,particle,fixed_wing,aged_cell,1,0.0240862,0.0128451,0.0189487,0.10699,0.000544395,0,0,0.00266703,84242.6,46464,nan,nan,nan,double
ecm,PF-Auxiliary,particle,fixed_wing,aged_cell,1,0.0197646,0.0135367,0.0168568,0.058839,-0.000151113,0,0,0.00328007,104393,54584,nan,nan,nan,double
ecm,RBPF,particle,fixed_wing,aged_cell,1,0.0177412,0.00804064,0.0128721,0.0732155,-0.000518726,0,0,0.0021467,40464.3,34016,nan,nan,nan,double
ecm,UPF,particle,fixed_wing,aged_cell,1,0.0242712,0.0132691,0.0187348,0.115529,-0.000770721,0,0,0.00212612,18606.8,25360,nan,nan,nan,double
ecm,EnKF,particle,fixed_wing,aged_cell,1,0.0306538,0.0180025,0.024324,0.0882377,0.00505243,0.1,0,0.00255551,10262.9,6776,nan,nan,nan,double
ecm,ETKF,particle,fixed_wing,aged_cell,1,0.031328,0.0402819,0.0270436,0.0485132,0.00949892,0.1,0,0.0028175,10539,5304,nan,nan,nan,double
ecm,GSF,particle,fixed_wing,aged_cell,1,0.0322049,0.00883655,0.0188062,0.157925,-2.85555e-05,0,0,0.00233972,1750.69,9192,nan,nan,nan,double
ecm,NN-Direct,learning,fixed_wing,aged_cell,1,0.00372107,0.004526,0.00289867,0.015658,-0.00287467,0,0,nan,470.075,15152,nan,nan,nan,double
ecm,NN-EKF,learning,fixed_wing,aged_cell,1,0.0121462,0.00985392,0.0109812,0.0356257,-0.00275248,0.1,0,0.00358746,1072.46,4376,nan,nan,nan,double
ecm,ELM-RLS-EKF,learning,fixed_wing,aged_cell,1,0.0113628,0.0140813,0.00971223,0.0205842,0.00108502,0,0,0.0021707,3299.68,11704,nan,nan,nan,double
ecm,MHE-RTI,optimization,fixed_wing,aged_cell,1,0.0158396,0.00779225,0.0117847,0.0634271,-0.0011586,0,0,0.0023448,17145.5,26928,nan,nan,nan,double
ecm,MHE,optimization,fixed_wing,aged_cell,1,0.0116658,0.00756573,0.00904796,0.0424036,-0.00134544,0,0,0.00234618,32068,26928,nan,nan,nan,double
ecm,ERTS,smoothers,fixed_wing,aged_cell,1,0.0317302,0.0123245,0.0250132,0.0731388,0.000328491,1336,0,0.00694728,914.728,17975832,nan,nan,nan,double
ecm,URTS,smoothers,fixed_wing,aged_cell,1,0.0336848,0.0132576,0.0267099,0.0768749,0.000277958,1452.7,0,0.00911517,2507.48,17975856,nan,nan,nan,double
ecm,Batch-NLS,smoothers,fixed_wing,aged_cell,1,0.0418912,0.014565,0.0326414,0.0945776,0.000487842,1686.6,0,0.00265788,4863.99,24888152,nan,nan,nan,double
ecm,FixedLag-EKF,smoothers,fixed_wing,aged_cell,1,0.0116844,0.0147642,0.010017,0.019398,0.000379917,0,0,0.00251917,9989.24,19992,nan,nan,nan,double
ecm,CoulombCounting,baselines,fixed_wing,param_mismatch,1,0.00350989,0.00450211,0.00314219,0.00558308,-0.00558246,0,0,0.0107896,79.6069,4184,nan,nan,nan,double
ecm,OCVLookup,baselines,fixed_wing,param_mismatch,1,0.0082976,0.00343124,0.0043044,0.0429669,0.00255967,0,0,0.00895529,1303.09,4192,nan,nan,nan,double
ecm,CoulombOCVHybrid,baselines,fixed_wing,param_mismatch,1,0.00131831,0.00158052,0.00108343,0.00260153,0.000582832,0,0,0.0117743,221.016,4192,nan,nan,nan,double
ecm,EKF,kalman,fixed_wing,param_mismatch,1,0.00874422,0.00877523,0.00843441,0.0140197,-0.00622118,0,0,0.00186816,479.311,4336,nan,nan,nan,double
ecm,UKF,kalman,fixed_wing,param_mismatch,1,0.0128527,0.0116093,0.0124399,0.0423271,-0.00822698,0.4,0,0.00197647,1447.15,4776,nan,nan,nan,double
ecm,LKF,kalman,fixed_wing,param_mismatch,1,0.0197593,0.0243491,0.0167992,0.0388393,-0.0387975,0,0,0.00191933,330.79,4680,nan,nan,nan,double
ecm,IEKF,kalman,fixed_wing,param_mismatch,1,0.00885067,0.0089714,0.00861542,0.0122012,-0.00637499,0,0,0.00186847,608.729,4336,nan,nan,nan,double
ecm,CKF,kalman,fixed_wing,param_mismatch,1,0.0203994,0.0153923,0.0186782,0.0503314,-0.0100079,0,0,0.00188268,1256.16,4560,nan,nan,nan,double
ecm,SCKF,kalman,fixed_wing,param_mismatch,1,0.0203994,0.0153923,0.0186782,0.0503314,-0.0100079,0,0,0.00188268,1584.46,4696,nan,nan,nan,double
ecm,CKF5,kalman,fixed_wing,param_mismatch,1,0.0198287,0.0151572,0.0181809,0.0483422,-0.00983288,0,0,0.00188401,4048.82,5624,nan,nan,nan,double
ecm,CDKF,kalman,fixed_wing,param_mismatch,1,0.0198287,0.0151572,0.0181809,0.0483422,-0.00983288,0,0,0.00188401,1372.83,4312,nan,nan,nan,double
ecm,GHKF,kalman,fixed_wing,param_mismatch,1,0.0198287,0.0151572,0.0181809,0.0483422,-0.00983288,0,0,0.00188401,12577,10784,nan,nan,nan,double
ecm,IPLF,kalman,fixed_wing,param_mismatch,1,0.0087908,0.00879437,0.00853894,0.0374179,-0.00660056,0.2,0,0.00198115,2088.91,4784,nan,nan,nan,double
ecm,EIF,kalman,fixed_wing,param_mismatch,1,0.00874422,0.00877523,0.00843441,0.0140197,-0.00622118,0,0,0.00186816,1235.09,4472,nan,nan,nan,double
ecm,SR-EKF,kalman,fixed_wing,param_mismatch,1,0.00874422,0.00877523,0.00843441,0.0140197,-0.00622118,0,0,0.00186816,852.302,4440,nan,nan,nan,double
ecm,SR-UKF,kalman,fixed_wing,param_mismatch,1,0.0128527,0.0116093,0.0124399,0.0423271,-0.00822698,0.4,0,0.00197647,1578.81,4896,nan,nan,nan,double
ecm,UD-EKF,kalman,fixed_wing,param_mismatch,1,0.00874422,0.00877523,0.00843441,0.0140197,-0.00622118,0,0,0.00186816,484.84,4480,nan,nan,nan,double
ecm,SO-EKF,kalman,fixed_wing,param_mismatch,1,0.00590935,0.006294,0.005607,0.0418571,-0.00513123,0.4,0,0.00195998,4344.05,4496,nan,nan,nan,double
ecm,SageHusa-AKF,adaptive_kalman,fixed_wing,param_mismatch,1,0.00628928,0.00699653,0.0060003,0.00907114,-0.00564288,0,0,0.00278613,561.139,4808,nan,nan,nan,double
ecm,IAE-AKF,adaptive_kalman,fixed_wing,param_mismatch,1,0.0062278,0.00690744,0.005965,0.00873888,-0.00524814,0,0,0.00351017,521.417,5040,nan,nan,nan,double
ecm,VB-AKF,adaptive_kalman,fixed_wing,param_mismatch,1,0.00628169,0.00699829,0.00597959,0.00898053,-0.00559073,0,0,0.00298641,924.363,4408,nan,nan,nan,double
ecm,STF,adaptive_kalman,fixed_wing,param_mismatch,1,0.0178283,0.0108861,0.0116999,0.153619,0.00285822,0,0,0.00152363,559.645,4680,nan,nan,nan,double
ecm,Fading-EKF,adaptive_kalman,fixed_wing,param_mismatch,1,0.0112607,0.00793079,0.00954906,0.0356325,-0.00331231,0,0,0.00200133,513,4384,nan,nan,nan,double
ecm,Fuzzy-AKF,adaptive_kalman,fixed_wing,param_mismatch,1,0.0061969,0.00693417,0.00590677,0.0085848,-0.00564587,0,0,0.00291534,758.906,4816,nan,nan,nan,double
ecm,IMM,adaptive_kalman,fixed_wing,param_mismatch,1,0.00817637,0.00874489,0.00785944,0.0104501,-0.00735636,0,0,0.00209659,2109.66,4976,nan,nan,nan,double
ecm,MMAE,adaptive_kalman,fixed_wing,param_mismatch,1,0.0133183,0.0109951,0.0122985,0.0234247,-0.00699898,0,0,0.00187142,1787.04,13200,-0.00180761,nan,nan,double
ecm,Schmidt-KF,robust_kalman,fixed_wing,param_mismatch,1,0.00275232,0.00123593,0.00191678,0.00911042,0.00179923,0,0,0.0111224,1301.15,8856,nan,nan,nan,double
ecm,Hinf-EKF,robust_kalman,fixed_wing,param_mismatch,1,0.0160825,0.0108036,0.0142631,0.0434644,-0.00294739,0,0,0.00187271,797.22,4408,nan,nan,nan,double
ecm,Huber-EKF,robust_kalman,fixed_wing,param_mismatch,1,0.0087563,0.00878926,0.00843651,0.0123975,-0.00657259,0,0,0.00243703,649.493,4368,nan,nan,nan,double
ecm,MC-EKF,robust_kalman,fixed_wing,param_mismatch,1,0.00571049,0.00634817,0.00548155,0.00933981,-0.00467664,0,0,0.00259153,1040.69,4384,nan,nan,nan,double
ecm,StudentT-KF,robust_kalman,fixed_wing,param_mismatch,1,0.0062617,0.00698118,0.00596636,0.00855775,-0.00561206,0,0,0.00253906,721.519,4568,nan,nan,nan,double
ecm,Constrained-EKF,robust_kalman,fixed_wing,param_mismatch,1,0.00876526,0.00880411,0.00845404,0.0140197,-0.00621978,0,0,0.00186817,620.48,4416,nan,nan,nan,double
ecm,ReducedOrder-EKF,robust_kalman,fixed_wing,param_mismatch,1,0.0168868,0.0090849,0.0108483,0.0750261,-0.00317446,0,0,0.00347704,338.265,4272,nan,nan,nan,double
ecm,SVSF,robust_kalman,fixed_wing,param_mismatch,1,0.00928177,0.00925062,0.00896985,0.0137781,-0.00670441,0,0,0.00170479,587.374,4376,nan,nan,nan,double
ecm,Luenberger,observers,fixed_wing,param_mismatch,1,0.0100206,0.0083811,0.00804225,0.0321795,-0.00132511,0,0,0.00181338,522.341,4632,nan,nan,nan,double
ecm,SSKF,observers,fixed_wing,param_mismatch,1,0.0100206,0.0083811,0.00804225,0.0321795,-0.00132511,0,0,0.00181338,430.996,4632,nan,nan,nan,double
ecm,PI-Observer,observers,fixed_wing,param_mismatch,1,0.0133141,0.0106615,0.00960298,0.0529993,0.0141495,0,0,0.00353482,990.3,4824,nan,nan,nan,double
ecm,SMO,observers,fixed_wing,param_mismatch,1,0.0102443,0.00849868,0.00814468,0.0342474,-0.00106783,0,0,0.00179718,540.761,4800,nan,nan,nan,double
ecm,SMO-Adaptive,observers,fixed_wing,param_mismatch,1,0.0109321,0.00844986,0.00852478,0.0371907,-0.00123054,0,0,0.00181171,549.057,4800,nan,nan,nan,double
ecm,SuperTwisting-SMO,observers,fixed_wing,param_mismatch,1,0.0165057,0.00994653,0.0103444,0.0746277,0.00247301,0,0,0.00357043,138.729,4280,nan,nan,nan,double
ecm,HGO,observers,fixed_wing,param_mismatch,1,0.0100206,0.0083811,0.00804225,0.0321795,-0.00132511,0,0,0.00181338,504.69,4680,nan,nan,nan,double
ecm,ESO,observers,fixed_wing,param_mismatch,1,0.0132519,0.0102575,0.00928652,0.0526709,0.00169158,0,0,0.00245186,1648.98,4784,nan,nan,nan,double
ecm,UIO,observers,fixed_wing,param_mismatch,1,0.0111451,0.00834469,0.00932375,0.0323823,-0.00446471,0,0,0.00287278,533.458,5072,nan,nan,nan,double
ecm,DOB,observers,fixed_wing,param_mismatch,1,0.0154341,0.0105506,0.0122714,0.0518868,-0.00662908,0,0,0.00165512,628.19,4784,nan,nan,nan,double
ecm,AdaptiveObserver,observers,fixed_wing,param_mismatch,1,0.00820254,0.00572819,0.0060444,0.0301527,0.000993232,0,0,0.00164603,984.981,4864,0.0156007,nan,nan,double
ecm,IntervalObserver,observers,fixed_wing,param_mismatch,1,0.0100206,0.0083811,0.00804225,0.0321795,-0.00132511,0,0,0.00181338,815.231,9024,nan,0,0.288052,double
ecm,JointEKF,soh,fixed_wing,param_mismatch,1,0.0110171,0.0119179,0.0103201,0.0142033,0.00994727,0,0,0.000800634,1221.22,8752,0.136461,nan,nan,double
ecm,JointUKF,soh,fixed_wing,param_mismatch,1,0.00921079,0.00750214,0.00851647,0.0424676,0.00601692,0.4,0,0.00102256,3213.48,9600,0.0328562,nan,nan,double
ecm,DualEKF,soh,fixed_wing,param_mismatch,1,0.0114994,0.0130552,0.0105171,0.0148718,0.0096981,0,0,0.000838787,1325.7,4752,-2.4469e-05,nan,nan,double
ecm,DualUKF,soh,fixed_wing,param_mismatch,1,0.0125149,0.0145603,0.0118528,0.0423309,0.013721,0.4,0,0.00102549,2384.12,5512,0.136271,nan,nan,double
ecm,RLS-EKF,soh,fixed_wing,param_mismatch,1,0.00785665,0.00776021,0.00745687,0.0109427,0.0069758,0,0,0.00103031,509.105,8904,nan,nan,nan,double
ecm,AWTLS,soh,fixed_wing,param_mismatch,1,0.00781376,0.00698323,0.00745009,0.0140197,-0.00400558,0,0,0.00186787,480.122,8776,0.081381,nan,nan,double
ecm,PF-Bootstrap,particle,fixed_wing,param_mismatch,1,0.012797,0.0097388,0.00950288,0.055228,0.000800284,0,0,0.00192949,77858.3,46472,nan,nan,nan,double
ecm,PF-Fast,particle,fixed_wing,param_mismatch,1,0.0171755,0.0111146,0.0113596,0.0895882,0.00119006,0,0,0.00176538,16371.7,9664,nan,nan,nan,double
ecm,PF-Regularized,particle,fixed_wing,param_mismatch,1,0.0154797,0.0125598,0.0108198,0.0658395,-0.00245252,0,0,0.0019926,82950,46464,nan,nan,nan,double
ecm,PF-Auxiliary,particle,fixed_wing,param_mismatch,1,0.00876048,0.00748158,0.00687969,0.0303283,0.000337518,0,0,0.00211578,104081,54584,nan,nan,nan,double
ecm,RBPF,particle,fixed_wing,param_mismatch,1,0.00733197,0.00607342,0.00431313,0.0372478,-0.00163711,0,0,0.00174431,39897.1,34016,nan,nan,nan,double
ecm,UPF,particle,fixed_wing,param_mismatch,1,0.0182297,0.00798026,0.0107244,0.10745,0.00569329,0,0,0.00161356,18427.2,25360,nan,nan,nan,double
ecm,EnKF,particle,fixed_wing,param_mismatch,1,0.0192,0.0131125,0.0131035,0.0662318,0.00255303,0.1,0,0.00187115,10154.4,6776,nan,nan,nan,double
ecm,ETKF,particle,fixed_wing,param_mismatch,1,0.0246531,0.0244423,0.0241907,0.0425585,-0.0218825,0.1,0,0.00194307,10450.3,5304,nan,nan,nan,double
ecm,GSF,particle,fixed_wing,param_mismatch,1,0.0169763,0.0121082,0.0107987,0.146189,-0.00618534,0,0,0.00183236,1728.33,9192,nan,nan,nan,double
ecm,NN-Direct,learning,fixed_wing,param_mismatch,1,0.00399395,0.00490385,0.00325055,0.0150835,-0.00513672,0,0,nan,475.31,15152,nan,nan,nan,double
ecm,NN-EKF,learning,fixed_wing,param_mismatch,1,0.0101379,0.00931764,0.00829364,0.0310558,-0.0125524,0.1,0,0.00240232,1075.26,4376,nan,nan,nan,double
ecm,ELM-RLS-EKF,learning,fixed_wing,param_mismatch,1,0.00992863,0.0091055,0.00956259,0.0189643,-0.00637092,0,0,0.00162225,3289.81,11704,nan,nan,nan,double
ecm,MHE-RTI,optimization,fixed_wing,param_mismatch,1,0.0196465,0.0117779,0.0170611,0.0517364,-0.00506006,0,0,0.00186484,17147.9,26928,nan,nan,nan,double
ecm,MHE,optimization,fixed_wing,param_mismatch,1,0.00961887,0.00931497,0.00905904,0.0243063,-0.0049492,0,0,0.00186335,31497.3,26928,nan,nan,nan,double
ecm,ERTS,smoothers,fixed_wing,param_mismatch,1,0.00591421,0.0060562,0.00589963,0.00628349,-0.00622118,0,0,0.00150391,881.879,17975832,nan,nan,nan,double
ecm,URTS,smoothers,fixed_wing,param_mismatch,1,0.00862628,0.00832469,0.00861701,0.00935105,-0.00822698,0,0,0.00159096,2439.14,17975856,nan,nan,nan,double
ecm,Batch-NLS,smoothers,fixed_wing,param_mismatch,1,0.00728708,0.00734241,0.00727853,0.00761696,-0.00748238,0,0,0.00156313,2805.06,24888152,nan,nan,nan,double
ecm,FixedLag-EKF,smoothers,fixed_wing,param_mismatch,1,0.00846756,0.00856499,0.00816327,0.0129473,-0.00616828,0,0,0.00186816,9958.52,19992,nan,nan,nan,double
ecm,CoulombCounting,baselines,fixed_wing,sensor_dropout,1,0.00350989,0.00450211,0.00314219,0.00558308,-0.00558246,0,0,0.00406941,76.5794,4184,nan,nan,nan,double
ecm,OCVLookup,baselines,fixed_wing,sensor_dropout,1,0.0117573,0.00776629,0.0098665,0.0340971,0.002912,0,0,0.00838121,1274.78,4192,nan,nan,nan,double
ecm,CoulombOCVHybrid,baselines,fixed_wing,sensor_dropout,1,0.00239622,0.000900834,0.00192416,0.00493218,0.000234158,0,0,0.00145707,212.829,4192,nan,nan,nan,double
ecm,EKF,kalman,fixed_wing,sensor_dropout,1,0.0571345,0.0348778,0.0498772,0.125872,0.0180019,0,0,0.00713252,464.005,4336,nan,nan,nan,double
ecm,UKF,kalman,fixed_wing,sensor_dropout,1,0.0581907,0.0350875,0.0508185,0.125872,0.0180321,0.4,0,0.00529604,1407.12,4776,nan,nan,nan,double
ecm,LKF,kalman,fixed_wing,sensor_dropout,1,0.0265722,0.0169973,0.0216252,0.0958516,-0.0328704,0,0,0.00581704,329.089,4680,nan,nan,nan,double
ecm,IEKF,kalman,fixed_wing,sensor_dropout,1,0.0538656,0.0321628,0.0472959,0.125872,0.0162591,0,0,0.00605527,609.05,4336,nan,nan,nan,double
ecm,CKF,kalman,fixed_wing,sensor_dropout,1,0.0575758,0.0348542,0.049948,0.125872,0.0178166,0,0,0.00665,1257.65,4560,nan,nan,nan,double
ecm,SCKF,kalman,fixed_wing,sensor_dropout,1,0.0575758,0.0348542,0.049948,0.125872,0.0178166,0,0,0.00665,1556.12,4696,nan,nan,nan,double
ecm,CKF5,kalman,fixed_wing,sensor_dropout,1,0.0576806,0.0349762,0.0500579,0.125872,0.0178905,0,0,0.00672303,3950.08,5624,nan,nan,nan,double
ecm,CDKF,kalman,fixed_wing,sensor_dropout,1,0.0576806,0.0349762,0.0500579,0.125872,0.0178905,0,0,0.00672303,1379,4312,nan,nan,nan,double
ecm,GHKF,kalman,fixed_wing,sensor_dropout,1,0.0576806,0.0349762,0.0500579,0.125872,0.0178905,0,0,0.00672303,11823.5,10784,nan,nan,nan,double
ecm,IPLF,kalman,fixed_wing,sensor_dropout,1,0.0555982,0.0329566,0.0488143,0.125872,0.0166314,0.3,0,0.00481094,2012.3,4784,nan,nan,nan,double
ecm,EIF,kalman,fixed_wing,sensor_dropout,1,0.0571345,0.0348778,0.0498772,0.125872,0.0180019,0,0,0.00713252,1217.24,4472,nan,nan,nan,double
ecm,SR-EKF,kalman,fixed_wing,sensor_dropout,1,0.0571345,0.0348778,0.0498772,0.125872,0.0180019,0,0,0.00713252,826.841,4440,nan,nan,nan,double
ecm,SR-UKF,kalman,fixed_wing,sensor_dropout,1,0.0581907,0.0350875,0.0508185,0.125872,0.0180321,0.4,0,0.00529604,1529.24,4896,nan,nan,nan,double
ecm,UD-EKF,kalman,fixed_wing,sensor_dropout,1,0.0571345,0.0348778,0.0498772,0.125872,0.0180019,0,0,0.00713252,521.431,4480,nan,nan,nan,double
ecm,SO-EKF,kalman,fixed_wing,sensor_dropout,1,0.055232,0.033401,0.0483366,0.125872,0.0170986,0.4,0,0.00718783,4245.23,4496,nan,nan,nan,double
ecm,SageHusa-AKF,adaptive_kalman,fixed_wing,sensor_dropout,1,0.0019784,0.000367743,0.00118424,0.0131962,-0.000587982,0,0,0.0014588,551.892,4808,nan,nan,nan,double
ecm,IAE-AKF,adaptive_kalman,fixed_wing,sensor_dropout,1,0.00197742,0.000366149,0.00120304,0.0131962,-0.000585055,0,0,0.000794176,507.88,5040,nan,nan,nan,double
ecm,VB-AKF,adaptive_kalman,fixed_wing,sensor_dropout,1,0.00132678,0.00057655,0.000838094,0.0131962,-0.000652224,0,0,0.000883249,898.017,4408,nan,nan,nan,double
ecm,STF,adaptive_kalman,fixed_wing,sensor_dropout,1,0.0078612,0.00150109,0.0029165,0.125872,0.00054392,0,0,0.00663135,579.421,4680,nan,nan,nan,double
ecm,Fading-EKF,adaptive_kalman,fixed_wing,sensor_dropout,1,0.0183461,0.000651324,0.0077705,0.123777,0.000462926,0,0,0.00711767,506.639,4384,nan,nan,nan,double
ecm,Fuzzy-AKF,adaptive_kalman,fixed_wing,sensor_dropout,1,0.0532612,0.0275658,0.0441484,0.123801,0.0136929,0,0,0.0160008,748.834,4816,nan,nan,nan,double
ecm,IMM,adaptive_kalman,fixed_wing,sensor_dropout,1,0.00150005,0.00055503,0.000948548,0.0125792,-0.000624737,0,0,0.00537818,2135.83,4976,nan,nan,nan,double
ecm,MMAE,adaptive_kalman,fixed_wing,sensor_dropout,1,0.0366291,0.0229775,0.0252429,0.124405,-0.0115416,0,0,0.00715207,1820.08,13200,-0.482805,nan,nan,double
ecm,Schmidt-KF,robust_kalman,fixed_wing,sensor_dropout,1,0.00726743,0.00667894,0.00649069,0.0149816,-0.0033204,0,0,0.00642698,1313.34,8856,nan,nan,nan,double
ecm,Hinf-EKF,robust_kalman,fixed_wing,sensor_dropout,1,0.0569967,0.0328535,0.0488433,0.125872,0.0144584,0,0,0.00707674,826.605,4408,nan,nan,nan,double
ecm,Huber-EKF,robust_kalman,fixed_wing,sensor_dropout,1,0.00260093,0.000400988,0.00166942,0.0131962,-0.000473747,0,0,0.00100705,646.044,4368,nan,nan,nan,double
ecm,MC-EKF,robust_kalman,fixed_wing,sensor_dropout,1,0.00103232,0.000570711,0.000719404,0.0131962,-0.00066009,0,0,0.000850022,998.15,4384,nan,nan,nan,double
ecm,StudentT-KF,robust_kalman,fixed_wing,sensor_dropout,1,0.00117514,0.000535679,0.000799026,0.0131962,-0.000730341,0,0,0.000960562,700.545,4568,nan,nan,nan,double
ecm,Constrained-EKF,robust_kalman,fixed_wing,sensor_dropout,1,0.0341166,0.0202298,0.0296146,0.0758717,0.00994331,0,0,0.00630838,603.884,4416,nan,nan,nan,double
ecm,ReducedOrder-EKF,robust_kalman,fixed_wing,sensor_dropout,1,0.0107592,0.000684849,0.00351902,0.121102,0.000577013,0,0,0.00758013,331.793,4272,nan,nan,nan,double
ecm,SVSF,robust_kalman,fixed_wing,sensor_dropout,1,0.0691159,0.0277631,0.0511209,0.313966,-0.0125148,0,0,0.00738933,591.732,4376,nan,nan,nan,double
ecm,Luenberger,observers,fixed_wing,sensor_dropout,1,0.00552551,0.000729248,0.00231653,0.0966652,0.000734607,0,0,0.00628222,556.159,4632,nan,nan,nan,double
ecm,SSKF,observers,fixed_wing,sensor_dropout,1,0.00552551,0.000729248,0.00231653,0.0966652,0.000734607,0,0,0.00628222,432.005,4632,nan,nan,nan,double
ecm,PI-Observer,observers,fixed_wing,sensor_dropout,1,0.00580574,0.000797649,0.00191828,0.109335,0.000751072,0,0,0.00620118,1015.72,4824,nan,nan,nan,double
ecm,SMO,observers,fixed_wing,sensor_dropout,1,0.00553221,0.000748588,0.00227381,0.0988454,0.000798066,0,0,0.00631302,564.002,4800,nan,nan,nan,double
ecm,SMO-Adaptive,observers,fixed_wing,sensor_dropout,1,0.00500904,0.000741904,0.00201739,0.0973784,0.000777108,0,0,0.00629681,547.195,4800,nan,nan,nan,double
ecm,SuperTwisting-SMO,observers,fixed_wing,sensor_dropout,1,0.00293653,0.000822558,0.00155241,0.0276618,0.000654409,0,0,0.000954316,140.836,4280,nan,nan,nan,double
ecm,HGO,observers,fixed_wing,sensor_dropout,1,0.00641969,0.00073012,0.0026533,0.102302,0.000734611,0,0,0.00623074,532.791,4680,nan,nan,nan,double
ecm,ESO,observers,fixed_wing,sensor_dropout,1,0.00604519,0.000893278,0.00205653,0.108251,0.000849742,0,0,0.00619712,1533.08,4784,nan,nan,nan,double
ecm,UIO,observers,fixed_wing,sensor_dropout,1,0.00167781,0.0006557,0.000974128,0.0197854,7.30472e-05,0,0,0.00767472,559.623,5072,nan,nan,nan,double
ecm,DOB,observers,fixed_wing,sensor_dropout,1,0.00609854,0.000976899,0.00324427,0.0949961,0.000269694,0,0,0.0063755,583.143,4784,nan,nan,nan,double
ecm,AdaptiveObserver,observers,fixed_wing,sensor_dropout,1,0.00482245,0.00109937,0.0020033,0.0919814,7.90563e-05,0,0,0.00631455,959.667,4864,0.0194923,nan,nan,double
ecm,IntervalObserver,observers,fixed_wing,sensor_dropout,1,0.00552551,0.000729248,0.00231653,0.0966652,0.000734607,0,0,0.00628222,840.854,9024,nan,0.000590278,0.273981,double
ecm,JointEKF,soh,fixed_wing,sensor_dropout,1,0.0555087,0.0274546,0.0338388,0.271562,0.0268924,0,0,0.00628575,1274.37,8752,1.07165,nan,nan,double
ecm,JointUKF,soh,fixed_wing,sensor_dropout,1,0.0564431,0.0265969,0.0338924,0.275161,0.0259848,0.4,0,0.0064217,3124.41,9600,1.05306,nan,nan,double
ecm,DualEKF,soh,fixed_wing,sensor_dropout,1,0.00470744,0.00149038,0.00313584,0.0318467,0.000863674,0,0,0.00751053,1281.98,4752,0.113785,nan,nan,double
ecm,DualUKF,soh,fixed_wing,sensor_dropout,1,0.0219846,0.0262181,0.0202799,0.0591724,-0.0216909,0.4,0,0.00734015,2403.47,5512,-0.451152,nan,nan,double
ecm,RLS-EKF,soh,fixed_wing,sensor_dropout,1,0.0468926,0.0264862,0.0400091,0.110815,0.0116919,0,0,0.00744839,503.194,8904,nan,nan,nan,double
ecm,AWTLS,soh,fixed_wing,sensor_dropout,1,0.0510888,0.0190494,0.0389366,0.125872,-0.00865729,0,0,0.00711732,483.164,8776,-0.604721,nan,nan,double
ecm,PF-Bootstrap,particle,fixed_wing,sensor_dropout,1,0.00380918,0.0016298,0.00175967,0.0790075,0.00294083,0,0,0.00285231,78097,46472,nan,nan,nan,double
ecm,PF-Fast,particle,fixed_wing,sensor_dropout,1,0.00501139,0.00238464,0.00204318,0.125745,0.0037263,0,0,0.00545749,16227.3,9664,nan,nan,nan,double
ecm,PF-Regularized,particle,fixed_wing,sensor_dropout,1,0.00483358,0.000735825,0.00188386,0.08907,0.00124431,0,0,0.00332604,82073.5,46464,nan,nan,nan,double
ecm,PF-Auxiliary,particle,fixed_wing,sensor_dropout,1,0.0016886,0.00133455,0.00134435,0.00979408,0.00143072,0,0,0.00125034,104483,54584,nan,nan,nan,double
ecm,RBPF,particle,fixed_wing,sensor_dropout,1,0.00689625,0.00119422,0.00389913,0.0882697,0.000344035,0,0,0.00666964,39815.3,34016,nan,nan,nan,double
ecm,UPF,particle,fixed_wing,sensor_dropout,1,0.0075654,0.00429874,0.00411506,0.125255,0.00155724,0,0,0.0070828,18722.4,25360,nan,nan,nan,double
ecm,EnKF,particle,fixed_wing,sensor_dropout,1,0.0460894,0.00214323,0.0243627,0.1226,-0.000668427,0.1,0,0.00752376,10267.6,6776,nan,nan,nan,double
ecm,ETKF,particle,fixed_wing,sensor_dropout,1,0.0880781,0.0748673,0.0830986,0.122213,0.058663,0.1,0,0.00742098,10531.4,5304,nan,nan,nan,double
ecm,GSF,particle,fixed_wing,sensor_dropout,1,0.0541911,0.0321477,0.046887,0.12405,0.0162703,0,0,0.00734602,1765.96,9192,nan,nan,nan,double
ecm,NN-Direct,learning,fixed_wing,sensor_dropout,1,0.00411322,0.00490385,0.00331075,0.0200174,-0.00513672,0,0,nan,484.545,15152,nan,nan,nan,double
ecm,NN-EKF,learning,fixed_wing,sensor_dropout,1,0.0505321,0.0267827,0.041969,0.155839,-0.0193467,-1,0,0.00552253,1074.91,4376,nan,nan,nan,double
ecm,ELM-RLS-EKF,learning,fixed_wing,sensor_dropout,1,0.0573139,0.0352755,0.0501539,0.125833,0.0183112,0,0,0.00725805,3339.23,11704,nan,nan,nan,double
ecm,MHE-RTI,optimization,fixed_wing,sensor_dropout,1,0.0796549,0.0105433,0.0455207,0.309711,-0.0028915,0,0,0.00688317,17310.6,26928,nan,nan,nan,double
ecm,MHE,optimization,fixed_wing,sensor_dropout,1,0.0229687,0.004259,0.0152656,0.0758717,-0.000848346,0,0,0.00776883,31381,26928,nan,nan,nan,double
ecm,ERTS,smoothers,fixed_wing,sensor_dropout,1,0.0479397,0.0246585,0.0423631,0.0882999,0.0180019,2462.8,0,0.0175547,937.431,17975832,nan,nan,nan,double
ecm,URTS,smoothers,fixed_wing,sensor_dropout,1,0.0481274,0.0247207,0.042517,0.0879959,0.0180321,2467.6,0,0.0159671,2418.57,17975856,nan,nan,nan,double
ecm,Batch-NLS,smoothers,fixed_wing,sensor_dropout,1,0.00643058,0.00296658,0.00552,0.0128073,0.00140433,0,0,0.00580082,4632.99,24888152,nan,nan,nan,double
ecm,FixedLag-EKF,smoothers,fixed_wing,sensor_dropout,1,0.0574399,0.0350784,0.050154,0.125872,0.0180556,0,0,0.00713252,9968.87,19992,nan,nan,nan,double
ecm,CoulombCounting,baselines,fixed_wing,preisach,1,0.00350651,0.00449766,0.00313929,0.00557755,-0.00557693,0,0,0.0113311,80.5829,4184,nan,nan,nan,double
ecm,OCVLookup,baselines,fixed_wing,preisach,1,0.016116,0.0185906,0.0151915,0.0325697,0.0202347,0,0,0.00797194,1307.27,4192,nan,nan,nan,double
ecm,CoulombOCVHybrid,baselines,fixed_wing,preisach,1,0.0205387,0.0190295,0.0192981,0.0250937,0.0140388,0,0,0.021478,221.432,4192,nan,nan,nan,double
ecm,EKF,kalman,fixed_wing,preisach,1,0.00581159,0.004226,0.00444426,0.0156613,0.00776762,0,0,0.000758469,484.826,4336,nan,nan,nan,double
ecm,UKF,kalman,fixed_wing,preisach,1,0.0120867,0.00436089,0.00655707,0.0541298,0.00783907,260.1,0,0.00105868,1438.05,4776,nan,nan,nan,double
ecm,LKF,kalman,fixed_wing,preisach,1,0.0201336,0.0125855,0.0166105,0.0407576,-0.0245286,0,0,0.000902385,328.873,4680,nan,nan,nan,double
ecm,IEKF,kalman,fixed_wing,preisach,1,0.0086338,0.00371522,0.0060131,0.028531,0.00705808,274,0,0.000763572,591.687,4336,nan,nan,nan,double
ecm,CKF,kalman,fixed_wing,preisach,1,0.011906,0.00452222,0.00644229,0.0428034,0.00797528,262.7,0,0.00078208,1250.44,4560,nan,nan,nan,double
ecm,SCKF,kalman,fixed_wing,preisach,1,0.011906,0.00452222,0.00644229,0.0428034,0.00797528,262.7,0,0.00078208,1579.04,4696,nan,nan,nan,double
ecm,CKF5,kalman,fixed_wing,preisach,1,0.0123058,0.00452775,0.00657054,0.0441676,0.00798303,262.7,0,0.000791306,4027.82,5624,nan,nan,nan,double
ecm,CDKF,kalman,fixed_wing,preisach,1,0.0123058,0.00452775,0.00657054,0.0441676,0.00798303,262.7,0,0.000791306,1378.91,4312,nan,nan,nan,double
ecm,GHKF,kalman,fixed_wing,preisach,1,0.0123058,0.00452775,0.00657054,0.0441676,0.00798303,262.7,0,0.000791306,11987.4,10784,nan,nan,nan,double
ecm,IPLF,kalman,fixed_wing,preisach,1,0.00610617,0.0038278,0.00479479,0.0354551,0.0072706,0.4,0,0.00103755,2068.93,4784,nan,nan,nan,double
ecm,EIF,kalman,fixed_wing,preisach,1,0.00581159,0.004226,0.00444426,0.0156613,0.00776762,0,0,0.000758469,1224.68,4472,nan,nan,nan,double
ecm,SR-EKF,kalman,fixed_wing,preisach,1,0.00581159,0.004226,0.00444426,0.0156613,0.00776762,0,0,0.000758469,817.15,4440,nan,nan,nan,double
ecm,SR-UKF,kalman,fixed_wing,preisach,1,0.0120867,0.00436089,0.00655707,0.0541298,0.00783907,260.1,0,0.00105868,1566.98,4896,nan,nan,nan,double
ecm,UD-EKF,kalman,fixed_wing,preisach,1,0.00581159,0.004226,0.00444426,0.0156613,0.00776762,0,0,0.000758469,483.593,4480,nan,nan,nan,double
ecm,SO-EKF,kalman,fixed_wing,preisach,1,0.0132377,0.00407534,0.00715758,0.0551383,0.00749884,263.5,0,0.00102212,4213.37,4496,nan,nan,nan,double
ecm,SageHusa-AKF,adaptive_kalman,fixed_wing,preisach,1,0.00649319,0.00383779,0.00498374,0.0173123,0.00738759,0,0,0.0007607,552.253,4808,nan,nan,nan,double
ecm,IAE-AKF,adaptive_kalman,fixed_wing,preisach,1,0.00670613,0.00383455,0.00506512,0.0195943,0.00735954,0,0,0.000760037,505.552,5040,nan,nan,nan,double
ecm,VB-AKF,adaptive_kalman,fixed_wing,preisach,1,0.00568615,0.00404936,0.00437843,0.0165726,0.00748004,0,0,0.000757611,875.918,4408,nan,nan,nan,double
ecm,STF,adaptive_kalman,fixed_wing,preisach,1,0.0124715,0.0120813,0.00968767,0.0515746,0.0175113,287.2,0,0.000862959,553.736,4680,nan,nan,nan,double
ecm,Fading-EKF,adaptive_kalman,fixed_wing,preisach,1,0.011709,0.0105418,0.00953647,0.0312849,0.015753,274.5,0,0.000738767,501.88,4384,nan,nan,nan,double
ecm,Fuzzy-AKF,adaptive_kalman,fixed_wing,preisach,1,0.00612485,0.00398973,0.00456879,0.0173719,0.00747926,0,0,0.000758851,742.474,4816,nan,nan,nan,double
ecm,IMM,adaptive_kalman,fixed_wing,preisach,1,0.00711116,0.00383644,0.00524907,0.021378,0.0073912,0,0,0.000761567,2081.21,4976,nan,nan,nan,double
ecm,MMAE,adaptive_kalman,fixed_wing,preisach,1,0.00778168,0.00369411,0.0059887,0.0223888,0.00714577,0,0,0.000770034,1787.31,13200,0.00029598,nan,nan,double
ecm,Schmidt-KF,robust_kalman,fixed_wing,preisach,1,0.0110767,0.00497,0.00906345,0.0210011,0.0117454,0,0,0.00939835,1319.94,8856,nan,nan,nan,double
ecm,Hinf-EKF,robust_kalman,fixed_wing,preisach,1,0.00750508,0.00579668,0.00546521,0.0341855,0.0097987,0,0,0.000756367,798.93,4408,nan,nan,nan,double
ecm,Huber-EKF,robust_kalman,fixed_wing,preisach,1,0.00504566,0.0039686,0.00406068,0.0132471,0.00742824,0,0,0.000752038,644.196,4368,nan,nan,nan,double
ecm,MC-EKF,robust_kalman,fixed_wing,preisach,1,0.00543547,0.00397883,0.0042617,0.0140527,0.00748489,0,0,0.000755469,1005.23,4384,nan,nan,nan,double
ecm,StudentT-KF,robust_kalman,fixed_wing,preisach,1,0.00520872,0.00400749,0.00415644,0.0122817,0.00745906,0,0,0.000747337,698.191,4568,nan,nan,nan,double
ecm,Constrained-EKF,robust_kalman,fixed_wing,preisach,1,0.00581159,0.004226,0.00444426,0.0156613,0.00776762,0,0,0.000758469,586.269,4416,nan,nan,nan,double
ecm,ReducedOrder-EKF,robust_kalman,fixed_wing,preisach,1,0.0109932,0.0114948,0.00914148,0.0332338,0.0175744,0,0,0.000911468,342.668,4272,nan,nan,nan,double
ecm,SVSF,robust_kalman,fixed_wing,preisach,1,0.00823863,0.00432415,0.00545379,0.0280017,0.00779414,262.7,0,0.000766372,601.415,4376,nan,nan,nan,double
ecm,Luenberger,observers,fixed_wing,preisach,1,0.00919644,0.0115031,0.0080066,0.0179241,0.0172579,0,0,0.000792856,466.636,4632,nan,nan,nan,double
ecm,SSKF,observers,fixed_wing,preisach,1,0.00919644,0.0115031,0.0080066,0.0179241,0.0172579,0,0,0.000792856,395.759,4632,nan,nan,nan,double
ecm,PI-Observer,observers,fixed_wing,preisach,1,0.0127024,0.0123041,0.010094,0.0392465,0.0177658,269,0,0.00103127,889.916,4824,nan,nan,nan,double
ecm,SMO,observers,fixed_wing,preisach,1,0.00940487,0.0116027,0.00818384,0.0181483,0.0173775,0,0,0.000799311,520.847,4800,nan,nan,nan,double
ecm,SMO-Adaptive,observers,fixed_wing,preisach,1,0.00937941,0.0115601,0.00816245,0.0180366,0.0173064,0,0,0.000795786,507.275,4800,nan,nan,nan,double
ecm,SuperTwisting-SMO,observers,fixed_wing,preisach,1,0.0122322,0.0122923,0.00984876,0.035645,0.0179569,269.7,0,0.000976734,140.755,4280,nan,nan,nan,double
ecm,HGO,observers,fixed_wing,preisach,1,0.00919644,0.0115031,0.0080066,0.0179241,0.0172579,0,0,0.000792856,466.978,4680,nan,nan,nan,double
ecm,ESO,observers,fixed_wing,preisach,1,0.0125245,0.0122829,0.00999811,0.0381935,0.0180102,264.8,0,0.000795132,1307.44,4784,nan,nan,nan,double
ecm,UIO,observers,fixed_wing,preisach,1,0.0087857,0.0105527,0.00753717,0.0183237,0.0160915,0,0,0.00242617,535.281,5072,nan,nan,nan,double
ecm,DOB,observers,fixed_wing,preisach,1,0.00617702,0.0076894,0.00529843,0.0129634,0.0126211,0,0,0.000872007,573.71,4784,nan,nan,nan,double
ecm,AdaptiveObserver,observers,fixed_wing,preisach,1,0.00906089,0.0112884,0.00788895,0.0176559,0.0171228,0,0,0.000791156,900.305,4864,0.0157788,nan,nan,double
ecm,IntervalObserver,observers,fixed_wing,preisach,1,0.00919644,0.0115031,0.0080066,0.0179241,0.0172579,0,0,0.000792856,776.84,9024,nan,0,0.277571,double
ecm,JointEKF,soh,fixed_wing,preisach,1,0.00876133,0.0105249,0.0074973,0.015559,0.0155217,0,0,0.000751798,1218.12,8752,0.216681,nan,nan,double
ecm,JointUKF,soh,fixed_wing,preisach,1,0.0171057,0.011639,0.0116309,0.0720217,0.0165062,278.8,0,0.0010513,3122.95,9600,0.250346,nan,nan,double
ecm,DualEKF,soh,fixed_wing,preisach,1,0.0104499,0.0122109,0.00928791,0.017517,0.016791,0,0,0.000749579,1268.88,4752,0.240449,nan,nan,double
ecm,DualUKF,soh,fixed_wing,preisach,1,0.0171975,0.0121842,0.0126398,0.0597378,0.015963,278.9,0,0.00105731,2389.02,5512,0.207067,nan,nan,double
ecm,RLS-EKF,soh,fixed_wing,preisach,1,0.00717823,0.00646421,0.00653176,0.0181479,0.00914431,0,0,0.000949617,491.674,8904,nan,nan,nan,double
ecm,AWTLS,soh,fixed_wing,preisach,1,0.00850882,0.00980841,0.00721535,0.0156613,0.0151144,0,0,0.000751347,484.327,8776,0.221764,nan,nan,double
ecm,PF-Bootstrap,particle,fixed_wing,preisach,1,0.0145577,0.0118551,0.0107255,0.0456849,0.018215,257.3,0,0.000820909,76310.9,46472,nan,nan,nan,double
ecm,PF-Fast,particle,fixed_wing,preisach,1,0.0154645,0.0126116,0.0112388,0.0494732,0.0145373,257.4,0,0.000893294,16016.7,9664,nan,nan,nan,double
ecm,PF-Regularized,particle,fixed_wing,preisach,1,0.0134276,0.0120127,0.0101229,0.0442024,0.0186327,248.5,0,0.000813471,81242.7,46464,nan,nan,nan,double
ecm,PF-Auxiliary,particle,fixed_wing,preisach,1,0.0147024,0.0119104,0.0107985,0.0457307,0.0180235,274.5,0,0.000844383,103617,54584,nan,nan,nan,double
ecm,RBPF,particle,fixed_wing,preisach,1,0.0100346,0.00580551,0.00604174,0.0343681,0.0108002,257,0,0.000779781,39720.3,34016,nan,nan,nan,double
ecm,UPF,particle,fixed_wing,preisach,1,0.0152886,0.0135858,0.0120792,0.0584065,0.0190046,238.5,0,0.00125659,18629.2,25360,nan,nan,nan,double
ecm,EnKF,particle,fixed_wing,preisach,1,0.0145024,0.0116225,0.0104822,0.0523057,0.0128701,269.1,0,0.000787649,10318.9,6776,nan,nan,nan,double
ecm,ETKF,particle,fixed_wing,preisach,1,0.0124687,0.00626417,0.00961741,0.049267,-0.000885658,269.3,0,0.000830253,10652,5304,nan,nan,nan,double
ecm,GSF,particle,fixed_wing,preisach,1,0.0122799,0.00401188,0.00645572,0.0638219,0.00758355,214.4,0,0.000815978,1864.15,9192,nan,nan,nan,double
ecm,NN-Direct,learning,fixed_wing,preisach,1,0.00437877,0.00554115,0.00359872,0.0127062,0.00870527,0,0,nan,498.755,15152,nan,nan,nan,double
ecm,NN-EKF,learning,fixed_wing,preisach,1,0.00239349,0.00119538,0.00155896,0.0111512,-0.0014445,0,0,0.000707127,1090.81,4376,nan,nan,nan,double
ecm,ELM-RLS-EKF,learning,fixed_wing,preisach,1,0.00656156,0.00370764,0.00510253,0.0173145,0.0070889,0,0,0.000751777,3440.84,11704,nan,nan,nan,double
ecm,MHE-RTI,optimization,fixed_wing,preisach,1,0.0114397,0.00715503,0.0076736,0.0418652,0.0117714,282.9,0,0.000808992,17260.2,26928,nan,nan,nan,double
ecm,MHE,optimization,fixed_wing,preisach,1,0.0118301,0.00715036,0.00795939,0.0463526,0.011744,291.1,0,0.000809121,31947.1,26928,nan,nan,nan,double
ecm,ERTS,smoothers,fixed_wing,preisach,1,0.00569946,0.0070759,0.00541803,0.00782093,0.00776762,0,0,0.000950288,936.269,17975832,nan,nan,nan,double
ecm,URTS,smoothers,fixed_wing,preisach,1,0.00598593,0.00721142,0.00578858,0.00790905,0.00783907,0,0,0.00241103,2504.9,17975856,nan,nan,nan,double
ecm,Batch-NLS,smoothers,fixed_wing,preisach,1,0.00585875,0.00714335,0.00563177,0.00785611,0.00778063,0,0,0.000682748,4840.6,24888152,nan,nan,nan,double
ecm,FixedLag-EKF,smoothers,fixed_wing,preisach,1,0.00570729,0.00439781,0.0043617,0.0155171,0.00782079,0,0,0.000758469,10062.7,19992,nan,nan,nan,double
ecm,CoulombCounting,baselines,fixed_wing,combined,1,0.220286,0.208935,0.21984,0.250404,-0.201126,-1,0,4.46796,79.3303,4184,nan,nan,nan,double
ecm,OCVLookup,baselines,fixed_wing,combined,1,0.0215726,0.00449482,0.00959027,0.249143,0.00347175,66.1,0,0.0173751,1303.88,4192,nan,nan,nan,double
ecm,CoulombOCVHybrid,baselines,fixed_wing,combined,1,0.0272955,0.0107939,0.0136103,0.249571,0.00588042,330.7,0,0.0272023,187.257,4192,nan,nan,nan,double
ecm,EKF,kalman,fixed_wing,combined,1,0.0686958,0.0412202,0.0623656,0.158619,-0.030726,-1,0,0.00336036,475.919,4336,nan,nan,nan,double
ecm,UKF,kalman,fixed_wing,combined,1,0.0125272,0.00596531,0.00934352,0.076087,-0.00398616,0.1,0,0.00335307,1464.43,4776,nan,nan,nan,double
ecm,LKF,kalman,fixed_wing,combined,1,0.0497876,0.0523241,0.0473019,0.10175,0.0426323,325.4,0,0.00342383,337.686,4680,nan,nan,nan,double
ecm,IEKF,kalman,fixed_wing,combined,1,0.0173492,0.0189524,0.0166848,0.0246987,0.0073961,0,0,0.00329123,594.915,4336,nan,nan,nan,double
ecm,CKF,kalman,fixed_wing,combined,1,0.0898078,0.0662044,0.0839711,0.177924,-0.0401809,-1,0,0.00335073,1256.5,4560,nan,nan,nan,double
ecm,SCKF,kalman,fixed_wing,combined,1,0.0898078,0.0662044,0.0839711,0.177924,-0.0401809,-1,0,0.00335073,1587.15,4696,nan,nan,nan,double
ecm,CKF5,kalman,fixed_wing,combined,1,0.0697996,0.0478845,0.0654118,0.142046,-0.0376167,-1,0,0.00337221,4034.99,5624,nan,nan,nan,double
ecm,CDKF,kalman,fixed_wing,combined,1,0.0697996,0.0478845,0.0654118,0.142046,-0.0376167,-1,0,0.00337221,1393.4,4312,nan,nan,nan,double
ecm,GHKF,kalman,fixed_wing,combined,1,0.0697996,0.0478845,0.0654118,0.142046,-0.0376167,-1,0,0.00337221,12005,10784,nan,nan,nan,double
ecm,IPLF,kalman,fixed_wing,combined,1,0.00619437,0.00621025,0.00531915,0.023999,0.00337068,0,0,0.00333769,2051.39,4784,nan,nan,nan,double
ecm,EIF,kalman,fixed_wing,combined,1,0.0686958,0.0412202,0.0623656,0.158619,-0.030726,-1,0,0.00336036,1229.71,4472,nan,nan,nan,double
ecm,SR-EKF,kalman,fixed_wing,combined,1,0.0686958,0.0412202,0.0623656,0.158619,-0.030726,-1,0,0.00336036,817.303,4440,nan,nan,nan,double
ecm,SR-UKF,kalman,fixed_wing,combined,1,0.0125272,0.00596531,0.00934352,0.076087,-0.00398616,0.1,0,0.00335307,1570.41,4896,nan,nan,nan,double
ecm,UD-EKF,kalman,fixed_wing,combined,1,0.0686958,0.0412202,0.0623656,0.158619,-0.030726,-1,0,0.00336036,483.829,4480,nan,nan,nan,double
ecm,SO-EKF,kalman,fixed_wing,combined,1,0.0119988,0.0137011,0.0112103,0.0734501,0.0064669,0.1,0,0.00333684,4195.18,4496,nan,nan,nan,double
ecm,SageHusa-AKF,adaptive_kalman,fixed_wing,combined,1,0.0506314,0.0224082,0.0419975,0.116404,-0.00574812,2208.9,0,0.00713494,552.499,4808,nan,nan,nan,double
ecm,IAE-AKF,adaptive_kalman,fixed_wing,combined,1,0.04946,0.0217633,0.04107,0.111179,-0.00792788,2125.7,0,0.00861159,505.24,5040,nan,nan,nan,double
ecm,VB-AKF,adaptive_kalman,fixed_wing,combined,1,0.0511686,0.0225914,0.0424017,0.114402,-0.00535189,2210.3,0,0.00748993,873.51,4408,nan,nan,nan,double
ecm,STF,adaptive_kalman,fixed_wing,combined,1,0.0248491,0.0125401,0.0172138,0.213502,0.00192343,0.1,0,0.00258215,532.049,4680,nan,nan,nan,double
ecm,Fading-EKF,adaptive_kalman,fixed_wing,combined,1,0.00774636,0.00873201,0.00606751,0.0724918,-0.0051411,0.3,0,0.00357933,487.094,4384,nan,nan,nan,double
ecm,Fuzzy-AKF,adaptive_kalman,fixed_wing,combined,1,0.0497673,0.0233665,0.0421513,0.116103,-0.00791224,2225.2,0,0.00783657,731.795,4816,nan,nan,nan,double
ecm,IMM,adaptive_kalman,fixed_wing,combined,1,0.0148791,0.00508218,0.0116605,0.0789609,-0.00478565,678.5,0,0.00371809,2059.67,4976,nan,nan,nan,double
ecm,MMAE,adaptive_kalman,fixed_wing,combined,1,0.0726184,0.0423831,0.0648189,0.194522,-0.031009,-1,0,0.00335195,1774.46,13200,0.490564,nan,nan,double
ecm,Schmidt-KF,robust_kalman,fixed_wing,combined,1,0.0471361,0.0100047,0.0331489,0.106647,-0.00219737,1256.2,0,0.0211126,1312.15,8856,nan,nan,nan,double
ecm,Hinf-EKF,robust_kalman,fixed_wing,combined,1,0.0618405,0.0410554,0.0535101,0.159024,-0.0387412,1903.5,0,0.00330893,802.608,4408,nan,nan,nan,double
ecm,Huber-EKF,robust_kalman,fixed_wing,combined,1,0.0602677,0.0339271,0.0536342,0.145993,-0.0246586,-1,0,0.00500437,646.401,4368,nan,nan,nan,double
ecm,MC-EKF,robust_kalman,fixed_wing,combined,1,0.0537326,0.0276602,0.0466182,0.131529,-0.0210542,2458.6,0,0.00668826,1037.11,4384,nan,nan,nan,double
ecm,StudentT-KF,robust_kalman,fixed_wing,combined,1,0.0549608,0.0300473,0.0483465,0.131753,-0.0234665,-1,0,0.00527255,716.675,4568,nan,nan,nan,double
ecm,Constrained-EKF,robust_kalman,fixed_wing,combined,1,0.07367,0.0438965,0.0669524,0.167066,-0.0213954,-1,0,0.00334756,581.55,4416,nan,nan,nan,double
ecm,ReducedOrder-EKF,robust_kalman,fixed_wing,combined,1,0.0306776,0.00870519,0.0196778,0.138036,0.000888282,764.9,0,0.00487322,335.388,4272,nan,nan,nan,double
ecm,SVSF,robust_kalman,fixed_wing,combined,1,0.055084,0.0275457,0.0474836,0.139045,-0.0117429,2664.4,0,0.00284158,575.697,4376,nan,nan,nan,double
ecm,Luenberger,observers,fixed_wing,combined,1,0.0451478,0.011173,0.0280457,0.242793,0.00714884,783.6,0,0.00808051,385.061,4632,nan,nan,nan,double
ecm,SSKF,observers,fixed_wing,combined,1,0.0459786,0.0102603,0.0280035,0.242793,0.00113992,846.4,0,0.00407892,496.649,4632,nan,nan,nan,double
ecm,PI-Observer,observers,fixed_wing,combined,1,0.0177013,0.0150508,0.0135083,0.240016,-0.0241595,22.1,0,0.0134054,655.267,4824,nan,nan,nan,double
ecm,SMO,observers,fixed_wing,combined,1,0.0439108,0.0112114,0.0273599,0.242763,0.00461656,766.2,0,0.00887255,404.718,4800,nan,nan,nan,double
ecm,SMO-Adaptive,observers,fixed_wing,combined,1,0.044411,0.0110382,0.0275249,0.242763,0.00294262,766.8,0,0.00665996,419.392,4800,nan,nan,nan,double
ecm,SuperTwisting-SMO,observers,fixed_wing,combined,1,0.0347524,0.0102397,0.0190659,0.249744,0.00166149,90.8,0,0.0187758,134.062,4280,nan,nan,nan,double
ecm,HGO,observers,fixed_wing,combined,1,0.043413,0.0111982,0.027265,0.242793,0.00713686,766.3,0,0.00819352,373.416,4680,nan,nan,nan,double
ecm,ESO,observers,fixed_wing,combined,1,0.0188027,0.0175919,0.0141317,0.240016,-0.0312949,22.1,0,0.0161276,622.676,4784,nan,nan,nan,double
ecm,UIO,observers,fixed_wing,combined,1,0.0662155,0.00992724,0.0378819,0.25,-5.82514e-05,1053,0,0.00332676,569.588,5072,nan,nan,nan,double
ecm,DOB,observers,fixed_wing,combined,1,0.0522694,0.0120995,0.034591,0.245119,-0.00279638,1383.2,0,0.00383056,490.438,4784,nan,nan,nan,double
ecm,AdaptiveObserver,observers,fixed_wing,combined,1,0.0406004,0.00827643,0.0211401,0.242793,0.0012289,595.7,0,0.00398071,762.301,4864,0.469849,nan,nan,double
ecm,IntervalObserver,observers,fixed_wing,combined,1,0.0459786,0.0102603,0.0280035,0.242793,0.00113992,846.4,0,0.00407892,940.2,9024,nan,0,0.312612,double
ecm,JointEKF,soh,fixed_wing,combined,1,0.0338393,0.0213791,0.0255023,0.109916,0.00482868,336,0,0.00207707,1211.71,8752,0.35979,nan,nan,double
ecm,JointUKF,soh,fixed_wing,combined,1,0.0205411,0.0141201,0.016096,0.0791099,0.00286589,277.8,0,0.00207079,3129.25,9600,0.286726,nan,nan,double
ecm,DualEKF,soh,fixed_wing,combined,1,0.0408879,0.0302937,0.0327605,0.108647,0.0102126,579.2,0,0.00201622,1268.23,4752,0.114783,nan,nan,double
ecm,DualUKF,soh,fixed_wing,combined,1,0.020598,0.0203344,0.0197272,0.076087,0.00719914,0.7,0,0.00207701,2401.68,5512,0.23836,nan,nan,double
ecm,RLS-EKF,soh,fixed_wing,combined,1,0.0332077,0.0196334,0.0246905,0.100763,0.0119322,389.2,0,0.00308937,507.315,8904,nan,nan,nan,double
ecm,AWTLS,soh,fixed_wing,combined,1,0.0586468,0.0165532,0.0436601,0.158619,0.0128884,1416.3,0,0.00330489,485.985,8776,1.67735,nan,nan,double
ecm,PF-Bootstrap,particle,fixed_wing,combined,1,0.0228228,0.013964,0.0168146,0.111551,0.00158603,0,0,0.00378718,78987.6,46472,nan,nan,nan,double
ecm,PF-Fast,particle,fixed_wing,combined,1,0.0229046,0.0135709,0.0163456,0.129149,0.000638767,0,0,0.00333067,16520.7,9664,nan,nan,nan,double
ecm,PF-Regularized,particle,fixed_wing,combined,1,0.0188987,0.0116589,0.0133902,0.100871,0.000984845,0,0,0.00380971,83877.8,46464,nan,nan,nan,double
ecm,PF-Auxiliary,particle,fixed_wing,combined,1,0.0161223,0.0120023,0.013487,0.0614274,0.00248644,0,0,0.00453285,104411,54584,nan,nan,nan,double
ecm,RBPF,particle,fixed_wing,combined,1,0.0242642,0.0118018,0.0165347,0.12176,0.00233925,720.7,0,0.00296407,40962.6,34016,nan,nan,nan,double
ecm,UPF,particle,fixed_wing,combined,1,0.0280109,0.00972232,0.0168155,0.151871,0.00263683,720.7,0,0.00273116,18622,25360,nan,nan,nan,double
ecm,EnKF,particle,fixed_wing,combined,1,0.0664173,0.0217989,0.0450648,0.195996,-7.592e-05,1274.5,0,0.00334811,10162.5,6776,nan,nan,nan,double
ecm,ETKF,particle,fixed_wing,combined,1,0.0427667,0.0446349,0.0416206,0.0798183,0.0244862,-1,0,0.00330512,10380.7,5304,nan,nan,nan,double
ecm,GSF,particle,fixed_wing,combined,1,0.0336638,0.0193756,0.0221761,0.172443,0.00733517,0.5,0,0.00321654,1754.14,9192,nan,nan,nan,double
ecm,NN-Direct,learning,fixed_wing,combined,1,0.0366446,0.045326,0.0334439,0.050912,0.0486301,79.6,0,nan,490.609,15152,nan,nan,nan,double
ecm,NN-EKF,learning,fixed_wing,combined,1,0.070468,0.0459906,0.064936,0.174058,-0.0302768,-1,0,0.00429048,1066.79,4376,nan,nan,nan,double
ecm,ELM-RLS-EKF,learning,fixed_wing,combined,1,0.0714973,0.041908,0.0645665,0.163785,-0.0181456,-1,0,0.00295438,3200.4,11704,nan,nan,nan,double
ecm,MHE-RTI,optimization,fixed_wing,combined,1,0.0123758,0.0124447,0.0100529,0.0724918,-0.01253,0.1,0,0.0031602,17178.1,26928,nan,nan,nan,double
ecm,MHE,optimization,fixed_wing,combined,1,0.0141901,0.0159718,0.0109977,0.0583129,-0.0206674,0,0,0.00317438,31995.4,26928,nan,nan,nan,double
ecm,ERTS,smoothers,fixed_wing,combined,1,0.0614009,0.0472157,0.0591948,0.0947592,-0.030726,-1,0,0.00277242,927.405,17975832,nan,nan,nan,double
ecm,URTS,smoothers,fixed_wing,combined,1,0.0236486,0.012357,0.020556,0.0473525,-0.00398616,1121.3,0,0.00448944,2497.37,17975856,nan,nan,nan,double
ecm,Batch-NLS,smoothers,fixed_wing,combined,1,0.047971,0.0345116,0.0455534,0.0785549,-0.0210874,-1,0,0.00305922,5020,24888152,nan,nan,nan,double
ecm,FixedLag-EKF,smoothers,fixed_wing,combined,1,0.0683809,0.04099,0.0620778,0.157634,-0.0306708,-1,0,0.00336036,9931.82,19992,nan,nan,nan,double
ecm,CoulombCounting,baselines,hover_hold,nominal,1,0.00222544,0.00283537,0.00199388,0.00330441,-0.00330424,0,0,0.00317235,79.9561,4184,nan,nan,nan,double
ecm,OCVLookup,baselines,hover_hold,nominal,1,0.0248687,0.0195007,0.0226148,0.0365931,0.00605394,0,0,0.0199775,1311.81,4192,nan,nan,nan,double
ecm,CoulombOCVHybrid,baselines,hover_hold,nominal,1,0.00198517,0.00106143,0.0017623,0.00375615,0.000568525,0,0,0.00142606,213.944,4192,nan,nan,nan,double
ecm,EKF,kalman,hover_hold,nominal,1,0.00206731,0.000211659,0.00127062,0.0131962,-1.68068e-05,0,0,0.000871259,485.201,4336,nan,nan,nan,double
ecm,UKF,kalman,hover_hold,nominal,1,0.00307373,0.000265554,0.00178148,0.0400167,-2.18578e-05,0.4,0,0.00131122,1468.73,4776,nan,nan,nan,double
ecm,LKF,kalman,hover_hold,nominal,1,0.0693008,0.0625058,0.0646491,0.0921868,0.0311272,0,0,0.00145597,346.119,4680,nan,nan,nan,double
ecm,IEKF,kalman,hover_hold,nominal,1,0.00556622,0.00117025,0.00378278,0.0167225,0.000351105,0,0,0.000873542,625.191,4336,nan,nan,nan,double
ecm,CKF,kalman,hover_hold,nominal,1,0.00102078,0.0001634,0.000686552,0.010206,-0.000110808,0,0,0.000885558,1313.3,4560,nan,nan,nan,double
ecm,SCKF,kalman,hover_hold,nominal,1,0.00102078,0.0001634,0.000686552,0.010206,-0.000110808,0,0,0.000885558,1601.83,4696,nan,nan,nan,double
ecm,CKF5,kalman,hover_hold,nominal,1,0.00116302,0.00018104,0.000777084,0.0148211,-9.97319e-05,0,0,0.000897938,4048.4,5624,nan,nan,nan,double
ecm,CDKF,kalman,hover_hold,nominal,1,0.00116302,0.00018104,0.000777084,0.0148211,-9.97319e-05,0,0,0.000897938,1410.03,4312,nan,nan,nan,double
ecm,GHKF,kalman,hover_hold,nominal,1,0.00116302,0.00018104,0.000777084,0.0148211,-9.97319e-05,0,0,0.000897938,12041.5,10784,nan,nan,nan,double
ecm,IPLF,kalman,hover_hold,nominal,1,0.00517784,0.000860585,0.00329233,0.0346797,0.000219829,0.3,0,0.0013274,2072.61,4784,nan,nan,nan,double
ecm,EIF,kalman,hover_hold,nominal,1,0.00206731,0.000211659,0.00127062,0.0131962,-1.68068e-05,0,0,0.000871259,1225.68,4472,nan,nan,nan,double
ecm,SR-EKF,kalman,hover_hold,nominal,1,0.00206731,0.000211659,0.00127062,0.0131962,-1.68068e-05,0,0,0.000871259,830.027,4440,nan,nan,nan,double
ecm,SR-UKF,kalman,hover_hold,nominal,1,0.00307373,0.000265554,0.00178148,0.0400167,-2.18578e-05,0.4,0,0.00131122,1564.68,4896,nan,nan,nan,double
ecm,UD-EKF,kalman,hover_hold,nominal,1,0.00206731,0.000211659,0.00127062,0.0131962,-1.68068e-05,0,0,0.000871259,485.585,4480,nan,nan,nan,double
ecm,SO-EKF,kalman,hover_hold,nominal,1,0.00358698,0.000520007,0.00225939,0.0391218,8.76587e-05,0.4,0,0.0012567,4223.93,4496,nan,nan,nan,double
ecm,SageHusa-AKF,adaptive_kalman,hover_hold,nominal,1,0.00211863,0.000225563,0.00131266,0.0131962,-1.16647e-05,0,0,0.000868276,544.423,4808,nan,nan,nan,double
ecm,IAE-AKF,adaptive_kalman,hover_hold,nominal,1,0.00198769,0.000197299,0.00120321,0.0131962,4.3225e-05,0,0,0.000867338,499.001,5040,nan,nan,nan,double
ecm,VB-AKF,adaptive_kalman,hover_hold,nominal,1,0.00197916,0.000199368,0.00120584,0.0131962,-1.62349e-05,0,0,0.000867293,889.396,4408,nan,nan,nan,double
ecm,STF,adaptive_kalman,hover_hold,nominal,1,0.00219948,0.000887072,0.00137897,0.0268447,0.000858833,0,0,0.00101649,531.121,4680,nan,nan,nan,double
ecm,Fading-EKF,adaptive_kalman,hover_hold,nominal,1,0.002055,0.000423664,0.00132751,0.0131962,0.000342236,0,0,0.000854815,496.933,4384,nan,nan,nan,double
ecm,Fuzzy-AKF,adaptive_kalman,hover_hold,nominal,1,0.0020702,0.000198281,0.00125097,0.0131962,-2.3036e-05,0,0,0.000868276,731.863,4816,nan,nan,nan,double
ecm,IMM,adaptive_kalman,hover_hold,nominal,1,0.00207361,0.000213561,0.00127458,0.0125792,-1.38867e-05,0,0,0.000870603,2055,4976,nan,nan,nan,double
ecm,MMAE,adaptive_kalman,hover_hold,nominal,1,0.00327183,0.00221596,0.00288683,0.0131962,-0.000637774,0,0,0.000883573,1774.93,13200,0.00482848,nan,nan,double
ecm,Schmidt-KF,robust_kalman,hover_hold,nominal,1,0.00371923,0.00479,0.00313982,0.0131824,-0.00208323,0,0,0.0036717,1314.31,8856,nan,nan,nan,double
ecm,Hinf-EKF,robust_kalman,hover_hold,nominal,1,0.0010994,0.00010462,0.000487273,0.0132241,-6.45183e-05,0,0,0.000871414,804.759,4408,nan,nan,nan,double
ecm,Huber-EKF,robust_kalman,hover_hold,nominal,1,0.00175674,0.0002273,0.00112414,0.0131962,-1.22027e-05,0,0,0.000861389,651.629,4368,nan,nan,nan,double
ecm,MC-EKF,robust_kalman,hover_hold,nominal,1,0.00181885,0.000202529,0.00114395,0.0131962,-1.64825e-05,0,0,0.000867178,998.688,4384,nan,nan,nan,double
ecm,StudentT-KF,robust_kalman,hover_hold,nominal,1,0.00184771,0.000245574,0.00115308,0.0131962,3.336e-05,0,0,0.00085033,708.301,4568,nan,nan,nan,double
ecm,Constrained-EKF,robust_kalman,hover_hold,nominal,1,0.00206721,0.000210681,0.00127001,0.0131962,-1.09958e-05,0,0,0.000871268,586.237,4416,nan,nan,nan,double
ecm,ReducedOrder-EKF,robust_kalman,hover_hold,nominal,1,0.00296566,0.000510696,0.00175393,0.0132455,0.000465683,0,0,0.000840629,333.867,4272,nan,nan,nan,double
ecm,SVSF,robust_kalman,hover_hold,nominal,1,0.00176087,0.000174921,0.00100078,0.00641697,-0.000208264,0,0,0.000856636,586.386,4376,nan,nan,nan,double
ecm,Luenberger,observers,hover_hold,nominal,1,0.00215915,0.000595547,0.00149436,0.00602157,0.000514422,0,0,0.000895764,553.704,4632,nan,nan,nan,double
ecm,SSKF,observers,hover_hold,nominal,1,0.00215915,0.000595547,0.00149436,0.00602157,0.000514422,0,0,0.000895764,491.373,4632,nan,nan,nan,double
ecm,PI-Observer,observers,hover_hold,nominal,1,0.0030817,0.000690474,0.00180082,0.0133893,0.000652789,0,0,0.000895547,1652.99,4824,nan,nan,nan,double
ecm,SMO,observers,hover_hold,nominal,1,0.00220826,0.000613863,0.00151815,0.00624474,0.000533989,0,0,0.000902258,606.231,4800,nan,nan,nan,double
ecm,SMO-Adaptive,observers,hover_hold,nominal,1,0.00220952,0.000604044,0.00151932,0.00621547,0.000529919,0,0,0.000898967,613.813,4800,nan,nan,nan,double
ecm,SuperTwisting-SMO,observers,hover_hold,nominal,1,0.00306898,0.000623318,0.00177364,0.013046,0.000579807,0,0,0.00090454,148.357,4280,nan,nan,nan,double
ecm,HGO,observers,hover_hold,nominal,1,0.00215915,0.000595547,0.00149436,0.00602157,0.000514422,0,0,0.000895764,553.603,4680,nan,nan,nan,double
ecm,ESO,observers,hover_hold,nominal,1,0.0030817,0.000690474,0.00180082,0.0133893,0.000652789,0,0,0.000895547,1625.65,4784,nan,nan,nan,double
ecm,UIO,observers,hover_hold,nominal,1,0.00212257,0.000617217,0.00135986,0.00778789,-0.000686706,0,0,0.00495856,702.125,5072,nan,nan,nan,double
ecm,DOB,observers,hover_hold,nominal,1,0.000709996,0.000241753,0.000469127,0.00264423,-9.47973e-05,0,0,0.000963387,709.221,4784,nan,nan,nan,double
ecm,AdaptiveObserver,observers,hover_hold,nominal,1,0.00201763,0.000392655,0.00124754,0.00587222,0.000415441,0,0,0.000894886,995.697,4864,0.0200275,nan,nan,double
ecm,IntervalObserver,observers,hover_hold,nominal,1,0.00215915,0.000595547,0.00149436,0.00602157,0.000514422,0,0,0.000895764,870.833,9024,nan,0,0.263445,double
ecm,JointEKF,soh,hover_hold,nominal,1,0.00117994,0.000259008,0.000767669,0.0131651,0.000410487,0,0,0.00155525,1220.79,8752,0.031672,nan,nan,double
ecm,JointUKF,soh,hover_hold,nominal,1,0.00291252,0.00105767,0.00183409,0.0400056,-0.00041986,0.4,0,0.001804,3111.84,9600,0.0060675,nan,nan,double
ecm,DualEKF,soh,hover_hold,nominal,1,0.00222318,0.000938006,0.00162248,0.0131962,0.000956336,0,0,0.00087634,1257.99,4752,0.0776009,nan,nan,double
ecm,DualUKF,soh,hover_hold,nominal,1,0.00370179,0.00347884,0.00339791,0.0400284,0.0027286,0.4,0,0.00145963,2411.31,5512,0.0442073,nan,nan,double
ecm,RLS-EKF,soh,hover_hold,nominal,1,0.0269697,0.0286715,0.0250303,0.0381591,0.0190136,0,0,0.00265726,498.869,8904,nan,nan,nan,double
ecm,AWTLS,soh,hover_hold,nominal,1,0.00206735,0.000212346,0.00127591,0.0131962,-6.73207e-05,0,0,0.000871267,476.353,8776,0.0159841,nan,nan,double
ecm,PF-Bootstrap,particle,hover_hold,nominal,1,0.00100507,0.00071815,0.000805621,0.00673335,0.00109305,0,0,0.000929001,76841.2,46472,nan,nan,nan,double
ecm,PF-Fast,particle,hover_hold,nominal,1,0.00266232,0.00140721,0.00180075,0.0162886,0.00220659,0,0,0.00101298,16019.6,9664,nan,nan,nan,double
ecm,PF-Regularized,particle,hover_hold,nominal,1,0.00154612,0.00144244,0.00126359,0.00671296,0.00201284,0,0,0.000923642,81729.8,46464,nan,nan,nan,double
ecm,PF-Auxiliary,particle,hover_hold,nominal,1,0.00195664,0.00127198,0.00145026,0.00709985,0.00149926,0,0,0.000954915,104507,54584,nan,nan,nan,double
ecm,RBPF,particle,hover_hold,nominal,1,0.00108574,0.000305823,0.000746103,0.0087835,0.000340307,0,0,0.000881081,39678.5,34016,nan,nan,nan,double
ecm,UPF,particle,hover_hold,nominal,1,0.00641404,0.00351942,0.00385861,0.0405942,-0.000118345,0,0,0.00137049,18460.8,25360,nan,nan,nan,double
ecm,EnKF,particle,hover_hold,nominal,1,0.00202046,0.00188024,0.00168886,0.025925,-0.000223697,0.1,0,0.000902999,10173.4,6776,nan,nan,nan,double
ecm,ETKF,particle,hover_hold,nominal,1,0.00249287,0.00268528,0.00222787,0.0285345,-0.00305385,0.1,0,0.000917048,10255,5304,nan,nan,nan,double
ecm,GSF,particle,hover_hold,nominal,1,0.00215838,0.000281742,0.00137297,0.00876523,-1.17386e-05,0,0,0.000925079,1753.9,9192,nan,nan,nan,double
ecm,NN-Direct,learning,hover_hold,nominal,1,0.00470483,0.00605509,0.00323297,0.0289345,-0.0284544,0,0,nan,506.593,15152,nan,nan,nan,double
ecm,NN-EKF,learning,hover_hold,nominal,1,0.00793801,0.00376398,0.00594938,0.0361187,-0.00668565,78.7,0,0.000997669,1073.58,4376,nan,nan,nan,double
ecm,ELM-RLS-EKF,learning,hover_hold,nominal,1,0.00336615,0.000792621,0.0023866,0.0131962,0.000657904,0,0,0.000866672,3159.59,11704,nan,nan,nan,double
ecm,MHE-RTI,optimization,hover_hold,nominal,1,0.00365279,0.00153749,0.00275746,0.0170895,-0.00227747,0,0,0.000926139,17169.1,26928,nan,nan,nan,double
ecm,MHE,optimization,hover_hold,nominal,1,0.00322617,0.00156803,0.00249537,0.0122293,-0.00234553,0,0,0.000923963,32443.2,26928,nan,nan,nan,double
ecm,ERTS,smoothers,hover_hold,nominal,1,0.00150024,0.000466896,0.00117008,0.00312783,-1.68068e-05,0,0,0.000809566,900.752,7118232,nan,nan,nan,double
ecm,URTS,smoothers,hover_hold,nominal,1,0.00153514,0.000472446,0.0011934,0.0032206,-2.18578e-05,0,0,0.000811268,2456.9,7118256,nan,nan,nan,double
ecm,Batch-NLS,smoothers,hover_hold,nominal,1,0.00137137,0.000330328,0.00102264,0.00295405,-0.000207668,0,0,0.00080896,4483.47,9854552,nan,nan,nan,double
ecm,FixedLag-EKF,smoothers,hover_hold,nominal,1,0.00263822,0.000787143,0.00196808,0.0131962,3.79977e-05,0,0,0.000871259,9798.87,19992,nan,nan,nan,double
ecm,CoulombCounting,baselines,hover_hold,init_error,1,0.351995,0.352821,0.351994,0.353304,-0.353304,-1,1,13.4827,80.0108,4184,nan,nan,nan,double
ecm,OCVLookup,baselines,hover_hold,init_error,1,0.0460337,0.0195007,0.0295823,0.348799,0.00605394,680.2,0,0.0334355,1309.92,4192,nan,nan,nan,double
ecm,CoulombOCVHybrid,baselines,hover_hold,init_error,1,0.132408,0.123816,0.129357,0.349399,-0.0467988,-1,0,0.141207,214.032,4192,nan,nan,nan,double
ecm,EKF,kalman,hover_hold,init_error,1,0.00169556,0.000194853,0.0010781,0.00828788,-1.22377e-05,0,0,0.00274887,480.184,4336,nan,nan,nan,double
ecm,UKF,kalman,hover_hold,init_error,1,0.00160338,0.00012815,0.000723725,0.02994,-0.000126206,0.1,0,0.00265858,1445.59,4776,nan,nan,nan,double
ecm,LKF,kalman,hover_hold,init_error,1,0.0753053,0.0761665,0.0709816,0.0955471,0.0539151,0,0,0.00295497,330.438,4680,nan,nan,nan,double
ecm,IEKF,kalman,hover_hold,init_error,1,0.00203848,0.000208137,0.00121259,0.00962843,-0.000289342,0,0,0.00274936,591.898,4336,nan,nan,nan,double
ecm,CKF,kalman,hover_hold,init_error,1,0.0175208,0.000949822,0.00756719,0.0632882,-0.000687325,138.6,0,0.00273701,1240.21,4560,nan,nan,nan,double
ecm,SCKF,kalman,hover_hold,init_error,1,0.0175208,0.000949822,0.00756719,0.0632882,-0.000687325,138.6,0,0.00273701,1579.33,4696,nan,nan,nan,double
ecm,CKF5,kalman,hover_hold,init_error,1,0.0196377,0.00139994,0.00905801,0.0700468,-0.000967954,148.2,0,0.00273995,4017.47,5624,nan,nan,nan,double
ecm,CDKF,kalman,hover_hold,init_error,1,0.0196377,0.00139994,0.00905801,0.0700468,-0.000967954,148.2,0,0.00273995,1372.34,4312,nan,nan,nan,double
ecm,GHKF,kalman,hover_hold,init_error,1,0.0196377,0.00139994,0.00905801,0.0700468,-0.000967954,148.2,0,0.00273995,11917.8,10784,nan,nan,nan,double
ecm,IPLF,kalman,hover_hold,init_error,1,0.00315705,0.000232021,0.00174875,0.0108993,-0.000205856,0,0,0.0026537,2041.98,4784,nan,nan,nan,double
ecm,EIF,kalman,hover_hold,init_error,1,0.00169556,0.000194853,0.0010781,0.00828788,-1.22377e-05,0,0,0.00274887,1201.33,4472,nan,nan,nan,double
ecm,SR-EKF,kalman,hover_hold,init_error,1,0.00169556,0.000194853,0.0010781,0.00828788,-1.22377e-05,0,0,0.00274887,825.347,4440,nan,nan,nan,double
ecm,SR-UKF,kalman,hover_hold,init_error,1,0.00160338,0.00012815,0.000723725,0.02994,-0.000126206,0.1,0,0.00265858,1555.36,4896,nan,nan,nan,double
ecm,UD-EKF,kalman,hover_hold,init_error,1,0.00169556,0.000194853,0.0010781,0.00828788,-1.22377e-05,0,0,0.00274887,488.6,4480,nan,nan,nan,double
ecm,SO-EKF,kalman,hover_hold,init_error,1,0.00126608,0.000144056,0.000534891,0.027822,-7.88737e-05,0.1,0,0.00264443,4156.43,4496,nan,nan,nan,double
ecm,SageHusa-AKF,adaptive_kalman,hover_hold,init_error,1,0.00173626,0.000200455,0.00107755,0.00828886,-1.49994e-05,0,0,0.00274785,542.704,4808,nan,nan,nan,double
ecm,IAE-AKF,adaptive_kalman,hover_hold,init_error,1,0.00197687,0.000200264,0.00120455,0.00828886,4.39134e-05,0,0,0.00274771,499.066,5040,nan,nan,nan,double
ecm,VB-AKF,adaptive_kalman,hover_hold,init_error,1,0.00114952,0.000222263,0.000532048,0.00600983,-7.03364e-05,0,0,0.00274765,872.609,4408,nan,nan,nan,double
ecm,STF,adaptive_kalman,hover_hold,init_error,1,0.00209259,0.000886991,0.00133076,0.0266434,0.000858819,0,0,0.00279931,533.107,4680,nan,nan,nan,double
ecm,Fading-EKF,adaptive_kalman,hover_hold,init_error,1,0.0018176,0.000420874,0.00122471,0.00541222,0.000342284,0,0,0.00274382,497.499,4384,nan,nan,nan,double
ecm,Fuzzy-AKF,adaptive_kalman,hover_hold,init_error,1,0.00196368,0.000199227,0.00119957,0.00828788,-2.28871e-05,0,0,0.0027479,726.544,4816,nan,nan,nan,double
ecm,IMM,adaptive_kalman,hover_hold,init_error,1,0.00177576,0.000214437,0.00114943,0.0139115,-1.12153e-05,0,0,0.00275109,2062.35,4976,nan,nan,nan,double
ecm,MMAE,adaptive_kalman,hover_hold,init_error,1,0.00339545,0.00170202,0.00289547,0.00829042,-0.000635113,0,0,0.00275308,1780.99,13200,0.00499959,nan,nan,double
ecm,Schmidt-KF,robust_kalman,hover_hold,init_error,1,0.00377201,0.00478598,0.00320641,0.00692499,-0.00184244,0,0,0.0044856,1296.51,8856,nan,nan,nan,double
ecm,Hinf-EKF,robust_kalman,hover_hold,init_error,1,0.00240198,0.000200545,0.00144308,0.00874695,-1.76953e-05,0,0,0.00274905,796.467,4408,nan,nan,nan,double
ecm,Huber-EKF,robust_kalman,hover_hold,init_error,1,0.00182849,0.000228575,0.00115601,0.00769397,-1.07661e-05,0,0,0.00274591,644.692,4368,nan,nan,nan,double
ecm,MC-EKF,robust_kalman,hover_hold,init_error,1,0.00176682,0.000194656,0.00108112,0.00845303,-1.49592e-05,0,0,0.00274753,990.082,4384,nan,nan,nan,double
ecm,StudentT-KF,robust_kalman,hover_hold,init_error,1,0.00187804,0.000240172,0.00118348,0.0069135,2.35757e-05,0,0,0.00274219,703.074,4568,nan,nan,nan,double
ecm,Constrained-EKF,robust_kalman,hover_hold,init_error,1,0.00169548,0.000194549,0.00107788,0.00828788,-1.26626e-05,0,0,0.00274887,593.235,4416,nan,nan,nan,double
ecm,ReducedOrder-EKF,robust_kalman,hover_hold,init_error,1,0.00298166,0.000510696,0.00176401,0.0104294,0.000465683,0,0,0.00273934,330.023,4272,nan,nan,nan,double
ecm,SVSF,robust_kalman,hover_hold,init_error,1,0.00167963,0.000175655,0.000979046,0.00639224,-0.000198967,0,0,0.00274276,580.398,4376,nan,nan,nan,double
ecm,Luenberger,observers,hover_hold,init_error,1,0.0472354,0.000419156,0.0214418,0.336852,0.000501079,276.6,0,0.00697535,617.792,4632,nan,nan,nan,double
ecm,SSKF,observers,hover_hold,init_error,1,0.0472354,0.000419156,0.0214418,0.336852,0.000501079,276.6,0,0.00697535,535.259,4632,nan,nan,nan,double
ecm,PI-Observer,observers,hover_hold,init_error,1,0.0206199,0.000682916,0.00666763,0.330481,0.000652778,129.1,0,0.00723388,1829.87,4824,nan,nan,nan,double
ecm,SMO,observers,hover_hold,init_error,1,0.0463132,0.000435781,0.0207028,0.336822,0.000522169,269,0,0.00695925,667.608,4800,nan,nan,nan,double
ecm,SMO-Adaptive,observers,hover_hold,init_error,1,0.0450061,0.000420558,0.0197997,0.336822,0.000517552,254.5,0,0.00695018,669.802,4800,nan,nan,nan,double
ecm,SuperTwisting-SMO,observers,hover_hold,init_error,1,0.0691243,0.000749039,0.0233107,0.3496,0.000586624,152.3,0,0.049273,139.435,4280,nan,nan,nan,double
ecm,HGO,observers,hover_hold,init_error,1,0.0444976,0.000412514,0.0201944,0.336852,0.000501017,269.7,0,0.0074451,648.994,4680,nan,nan,nan,double
ecm,ESO,observers,hover_hold,init_error,1,0.0206199,0.000682916,0.00666763,0.330481,0.000652778,129.1,0,0.00723388,1849.46,4784,nan,nan,nan,double
ecm,UIO,observers,hover_hold,init_error,1,0.078015,0.00102099,0.0338641,0.35,-0.000681935,320.4,0,0.00617811,652.871,5072,nan,nan,nan,double
ecm,DOB,observers,hover_hold,init_error,1,0.0451941,0.00393714,0.0231674,0.335487,-0.00209239,283.1,0,0.00640394,673.354,4784,nan,nan,nan,double
ecm,AdaptiveObserver,observers,hover_hold,init_error,1,0.0478323,0.00123529,0.022598,0.336852,0.000333964,284.6,0,0.00697154,1021.3,4864,0.0226485,nan,nan,double
ecm,IntervalObserver,observers,hover_hold,init_error,1,0.0472354,0.000419156,0.0214418,0.336852,0.000501079,276.6,0,0.00697535,914.643,9024,nan,0,0.279904,double
ecm,JointEKF,soh,hover_hold,init_error,1,0.00243058,0.000854059,0.00146619,0.0101999,0.00123013,0,0,0.00306921,1213.83,8752,0.0527396,nan,nan,double
ecm,JointUKF,soh,hover_hold,init_error,1,0.00691377,0.000790446,0.00301784,0.0349348,0.00108903,102.9,0,0.00300765,3104.68,9600,0.0518899,nan,nan,double
ecm,DualEKF,soh,hover_hold,init_error,1,0.00195796,0.00061651,0.00127909,0.00743491,0.000383255,0,0,0.00275167,1256.72,4752,0.0603408,nan,nan,double
ecm,DualUKF,soh,hover_hold,init_error,1,0.00777387,0.00500011,0.00620683,0.02994,0.00308251,0.1,0,0.00280211,2420.65,5512,0.0253297,nan,nan,double
ecm,RLS-EKF,soh,hover_hold,init_error,1,0.0265575,0.028272,0.0246978,0.0376162,0.0186425,0,0,0.00372395,501.419,8904,nan,nan,nan,double
ecm,AWTLS,soh,hover_hold,init_error,1,0.00169622,0.000206006,0.00108846,0.00828788,-8.19995e-05,0,0,0.00274887,494.577,8776,0.0160984,nan,nan,double
ecm,PF-Bootstrap,particle,hover_hold,init_error,1,0.00219097,0.000936306,0.00122322,0.0339432,0.0015799,2.1,0,0.00277708,77014.5,46472,nan,nan,nan,double
ecm,PF-Fast,particle,hover_hold,init_error,1,0.0067137,0.00150178,0.00250537,0.11973,0.00256457,6.5,0,0.00339307,16074.6,9664,nan,nan,nan,double
ecm,PF-Regularized,particle,hover_hold,init_error,1,0.00237786,0.000997292,0.00131983,0.0339432,0.00109254,2.5,0,0.00279018,81826.3,46464,nan,nan,nan,double
ecm,PF-Auxiliary,particle,hover_hold,init_error,1,0.00409098,0.000864675,0.00188041,0.033964,0.000500071,9.6,0,0.00284668,103453,54584,nan,nan,nan,double
ecm,RBPF,particle,hover_hold,init_error,1,0.0248323,0.00338249,0.0142345,0.0704245,-0.00204913,201.7,0,0.00277053,40061.9,34016,nan,nan,nan,double
ecm,UPF,particle,hover_hold,init_error,1,0.00848947,0.00295141,0.00449822,0.160599,-0.00266317,109.9,0,0.00329072,18465.3,25360,nan,nan,nan,double
ecm,EnKF,particle,hover_hold,init_error,1,0.0162299,0.00186,0.007355,0.0611492,-0.000271753,131.9,0,0.00273826,10335.3,6776,nan,nan,nan,double
ecm,ETKF,particle,hover_hold,init_error,1,0.0190738,0.00670642,0.0125622,0.0630449,-0.00632999,135.5,0,0.00271923,10568.7,5304,nan,nan,nan,double
ecm,GSF,particle,hover_hold,init_error,1,0.00151437,0.000201087,0.000879334,0.0707117,-1.30667e-05,0.1,0,0.0027079,1751.63,9192,nan,nan,nan,double
ecm,NN-Direct,learning,hover_hold,init_error,1,0.00470483,0.00605509,0.00323297,0.0289345,-0.0284544,0,0,nan,495.741,15152,nan,nan,nan,double
ecm,NN-EKF,learning,hover_hold,init_error,1,0.00801457,0.00381303,0.00596944,0.0228645,-0.00674627,78.8,0,0.00279055,1095.3,4376,nan,nan,nan,double
ecm,ELM-RLS-EKF,learning,hover_hold,init_error,1,0.00251712,0.000263823,0.00154741,0.008959,0.000121066,0,0,0.00274714,3171.2,11704,nan,nan,nan,double
ecm,MHE-RTI,optimization,hover_hold,init_error,1,0.00340306,0.00147735,0.0025036,0.0153706,-0.00227788,0,0,0.00276671,17055.8,26928,nan,nan,nan,double
ecm,MHE,optimization,hover_hold,init_error,1,0.0029558,0.00155399,0.00246873,0.00977153,-0.00234388,0,0,0.00276742,32271.8,26928,nan,nan,nan,double
ecm,ERTS,smoothers,hover_hold,init_error,1,0.00148753,0.000467446,0.00116317,0.00308771,-1.22377e-05,0,0,0.000809166,894.24,7118232,nan,nan,nan,double
ecm,URTS,smoothers,hover_hold,init_error,1,0.00130529,0.00036008,0.000995919,0.00274713,-0.000126206,0,0,0.00082642,2466.86,7118256,nan,nan,nan,double
ecm,Batch-NLS,smoothers,hover_hold,init_error,1,0.00136157,0.000321828,0.00101248,0.00294326,-0.000232585,0,0,0.000808956,4424.4,9854552,nan,nan,nan,double
ecm,FixedLag-EKF,smoothers,hover_hold,init_error,1,0.00226175,0.000773178,0.00177491,0.0083154,4.25669e-05,0,0,0.00274887,10009.3,19992,nan,nan,nan,double
ecm,CoulombCounting,baselines,hover_hold,current_bias,1,0.0182451,0.0239064,0.0159278,0.0298554,-0.0298554,0,0,0.0261962,79.85,4184,nan,nan,nan,double
ecm,OCVLookup,baselines,hover_hold,current_bias,1,0.0353611,0.0274573,0.0323737,0.0670547,0.0120316,0,0,0.0201678,1299.46,4192,nan,nan,nan,double
ecm,CoulombOCVHybrid,baselines,hover_hold,current_bias,1,0.0115176,0.0155332,0.00965509,0.0215419,-0.00474403,0,0,0.0178986,212.168,4192,nan,nan,nan,double
ecm,EKF,kalman,hover_hold,current_bias,1,0.005133,0.00183951,0.00390558,0.0171529,-0.00351376,0,0,0.000941478,478.459,4336,nan,nan,nan,double
ecm,UKF,kalman,hover_hold,current_bias,1,0.0071921,0.00169349,0.00513948,0.0382117,-0.00317493,0.4,0,0.00133604,1448.6,4776,nan,nan,nan,double
ecm,LKF,kalman,hover_hold,current_bias,1,0.0774588,0.0678809,0.0727631,0.103979,0.0331481,0,0,0.00147233,335.047,4680,nan,nan,nan,double
ecm,IEKF,kalman,hover_hold,current_bias,1,0.00541352,0.00188428,0.00407218,0.0169396,-0.00356588,0,0,0.000937961,603.774,4336,nan,nan,nan,double
ecm,CKF,kalman,hover_hold,current_bias,1,0.00622496,0.00154605,0.00449795,0.0210849,-0.00278824,0,0,0.000945928,1256.62,4560,nan,nan,nan,double
ecm,SCKF,kalman,hover_hold,current_bias,1,0.00622496,0.00154605,0.00449795,0.0210849,-0.00278824,0,0,0.000945928,1563.19,4696,nan,nan,nan,double
ecm,CKF5,kalman,hover_hold,current_bias,1,0.00605192,0.00155631,0.00440426,0.0204801,-0.00283852,0,0,0.000956203,3990.8,5624,nan,nan,nan,double
ecm,CDKF,kalman,hover_hold,current_bias,1,0.00605192,0.00155631,0.00440426,0.0204801,-0.00283852,0,0,0.000956203,1347.75,4312,nan,nan,nan,double
ecm,GHKF,kalman,hover_hold,current_bias,1,0.00605192,0.00155631,0.00440426,0.0204801,-0.00283852,0,0,0.000956203,11850.2,10784,nan,nan,nan,double
ecm,IPLF,kalman,hover_hold,current_bias,1,0.00790073,0.00179537,0.00540039,0.032647,-0.00344343,90.1,0,0.00135419,2000.04,4784,nan,nan,nan,double
ecm,EIF,kalman,hover_hold,current_bias,1,0.005133,0.00183951,0.00390558,0.0171529,-0.00351376,0,0,0.000941478,1209.95,4472,nan,nan,nan,double
ecm,SR-EKF,kalman,hover_hold,current_bias,1,0.005133,0.00183951,0.00390558,0.0171529,-0.00351376,0,0,0.000941478,794.523,4440,nan,nan,nan,double
ecm,SR-UKF,kalman,hover_hold,current_bias,1,0.0071921,0.00169349,0.00513948,0.0382117,-0.00317493,0.4,0,0.00133604,1530.42,4896,nan,nan,nan,double
ecm,UD-EKF,kalman,hover_hold,current_bias,1,0.005133,0.00183951,0.00390558,0.0171529,-0.00351376,0,0,0.000941478,483.364,4480,nan,nan,nan,double
ecm,SO-EKF,kalman,hover_hold,current_bias,1,0.00720864,0.00173365,0.00515343,0.0369804,-0.00326008,0.4,0,0.00128414,4116.18,4496,nan,nan,nan,double
ecm,SageHusa-AKF,adaptive_kalman,hover_hold,current_bias,1,0.00514182,0.00172933,0.00390562,0.0171529,-0.00335765,0,0,0.000941625,538.676,4808,nan,nan,nan,double
ecm,IAE-AKF,adaptive_kalman,hover_hold,current_bias,1,0.00517955,0.00172985,0.00392875,0.0171529,-0.00335279,0,0,0.000945177,495.773,5040,nan,nan,nan,double
ecm,VB-AKF,adaptive_kalman,hover_hold,current_bias,1,0.0052015,0.00173042,0.00394729,0.0171529,-0.00335462,0,0,0.000941836,854.971,4408,nan,nan,nan,double
ecm,STF,adaptive_kalman,hover_hold,current_bias,1,0.0118054,0.00772225,0.0102804,0.0466222,0.00639476,0,0,0.00106696,528.351,4680,nan,nan,nan,double
ecm,Fading-EKF,adaptive_kalman,hover_hold,current_bias,1,0.00666056,0.00513944,0.00636759,0.0171529,0.00395766,0,0,0.000926129,501.871,4384,nan,nan,nan,double
ecm,Fuzzy-AKF,adaptive_kalman,hover_hold,current_bias,1,0.00520689,0.00173075,0.00394108,0.0171529,-0.00335892,0,0,0.00094635,723.946,4816,nan,nan,nan,double
ecm,IMM,adaptive_kalman,hover_hold,current_bias,1,0.00517424,0.00183598,0.00393254,0.0163859,-0.00350917,0,0,0.000940479,2055.49,4976,nan,nan,nan,double
ecm,MMAE,adaptive_kalman,hover_hold,current_bias,1,0.00350585,0.00248184,0.00221059,0.0171529,-0.00412676,0,0,0.000967002,1692.05,13200,0.00501925,nan,nan,double
ecm,Schmidt-KF,robust_kalman,hover_hold,current_bias,1,0.00382819,0.00428876,0.00332877,0.017125,0.00316816,0,0,0.0103786,1295.62,8856,nan,nan,nan,double
ecm,Hinf-EKF,robust_kalman,hover_hold,current_bias,1,0.00572838,0.00140296,0.00420203,0.0184598,-0.00243316,0,0,0.000938051,801.132,4408,nan,nan,nan,double
ecm,Huber-EKF,robust_kalman,hover_hold,current_bias,1,0.00315608,0.0026704,0.00266693,0.0171529,-0.00388422,0,0,0.000962227,636.796,4368,nan,nan,nan,double
ecm,MC-EKF,robust_kalman,hover_hold,current_bias,1,0.00301543,0.00249687,0.00259354,0.0171529,-0.00387466,0,0,0.000949538,991.971,4384,nan,nan,nan,double
ecm,StudentT-KF,robust_kalman,hover_hold,current_bias,1,0.0031353,0.0025274,0.00268278,0.0171529,-0.00366947,0,0,0.000986536,691.071,4568,nan,nan,nan,double
ecm,Constrained-EKF,robust_kalman,hover_hold,current_bias,1,0.00547604,0.00175253,0.00414327,0.0171529,-0.00340026,0,0,0.000940866,581.069,4416,nan,nan,nan,double
ecm,ReducedOrder-EKF,robust_kalman,hover_hold,current_bias,1,0.0124441,0.0074641,0.0106868,0.0316654,0.00619127,0,0,0.00154851,330.38,4272,nan,nan,nan,double
ecm,SVSF,robust_kalman,hover_hold,current_bias,1,0.00549254,0.00162266,0.00405739,0.0198271,-0.00309614,0,0,0.000971084,581.666,4376,nan,nan,nan,double
ecm,Luenberger,observers,hover_hold,current_bias,1,0.00919645,0.00756055,0.00883818,0.0168674,0.00529261,0,0,0.000956651,570.636,4632,nan,nan,nan,double
ecm,SSKF,observers,hover_hold,current_bias,1,0.00919645,0.00756055,0.00883818,0.0168674,0.00529261,0,0,0.000956651,503.243,4632,nan,nan,nan,double
ecm,PI-Observer,observers,hover_hold,current_bias,1,0.0150771,0.00872397,0.0122606,0.0511255,0.00550311,0,0,0.000957074,1490.49,4824,nan,nan,nan,double
ecm,SMO,observers,hover_hold,current_bias,1,0.00956724,0.00770856,0.00913334,0.0186442,0.005349,0,0,0.000960124,600.209,4800,nan,nan,nan,double
ecm,SMO-Adaptive,observers,hover_hold,current_bias,1,0.00949347,0.00764408,0.00906741,0.0182123,0.00535521,0,0,0.000957767,570.757,4800,nan,nan,nan,double
ecm,SuperTwisting-SMO,observers,hover_hold,current_bias,1,0.014481,0.00878958,0.0118431,0.0501352,0.00560273,0,0,0.00154792,138.841,4280,nan,nan,nan,double
ecm,HGO,observers,hover_hold,current_bias,1,0.00919645,0.00756055,0.00883818,0.0168674,0.00529261,0,0,0.000956651,575.171,4680,nan,nan,nan,double
ecm,ESO,observers,hover_hold,current_bias,1,0.0150771,0.00872397,0.0122606,0.0511255,0.00550311,0,0,0.000957074,1507.31,4784,nan,nan,nan,double
ecm,UIO,observers,hover_hold,current_bias,1,0.00543168,0.00616018,0.00500709,0.00867756,0.00401121,0,0,0.00491861,706.729,5072,nan,nan,nan,double
ecm,DOB,observers,hover_hold,current_bias,1,0.00460124,0.00231954,0.00394528,0.0113427,0.00111724,0,0,0.000988348,691.451,4784,nan,nan,nan,double
ecm,AdaptiveObserver,observers,hover_hold,current_bias,1,0.00805275,0.00626736,0.00766623,0.015589,0.00491534,0,0,0.000936377,942.794,4864,0.0205105,nan,nan,double
ecm,IntervalObserver,observers,hover_hold,current_bias,1,0.00919645,0.00756055,0.00883818,0.0168674,0.00529261,0,0,0.000956651,874.649,9024,nan,0,0.26406,double
ecm,JointEKF,soh,hover_hold,current_bias,1,0.00573921,0.0061735,0.00559371,0.0170903,0.00528589,0,0,0.00155046,1208.49,8752,0.217252,nan,nan,double
ecm,JointUKF,soh,hover_hold,current_bias,1,0.00629634,0.00547987,0.006138,0.0381272,0.00492346,0.4,0,0.00173608,3081.48,9600,0.195717,nan,nan,double
ecm,DualEKF,soh,hover_hold,current_bias,1,0.00492562,0.00508189,0.00454306,0.0171529,0.00669481,0,0,0.000885252,1251.15,4752,0.309686,nan,nan,double
ecm,DualUKF,soh,hover_hold,current_bias,1,0.00681903,0.00272437,0.00563094,0.0382339,0.00170091,0.4,0,0.00145667,2327.31,5512,0.160594,nan,nan,double
ecm,RLS-EKF,soh,hover_hold,current_bias,1,0.0235723,0.0238392,0.022014,0.0337119,0.0123982,0,0,0.00268965,492.684,8904,nan,nan,nan,double
ecm,AWTLS,soh,hover_hold,current_bias,1,0.00499756,0.000799767,0.00350444,0.0171529,0.000416833,0,0,0.000934947,460.051,8776,0.140018,nan,nan,double
ecm,PF-Bootstrap,particle,hover_hold,current_bias,1,0.00877713,0.00732207,0.008349,0.0186375,0.00470388,0,0,0.000963208,76375,46472,nan,nan,nan,double
ecm,PF-Fast,particle,hover_hold,current_bias,1,0.0112571,0.00888657,0.0102458,0.0322988,0.00649304,0,0,0.00103085,16018.4,9664,nan,nan,nan,double
ecm,PF-Regularized,particle,hover_hold,current_bias,1,0.00817987,0.00682932,0.0078533,0.0148111,0.00430997,0,0,0.000958869,81930.9,46464,nan,nan,nan,double
ecm,PF-Auxiliary,particle,hover_hold,current_bias,1,0.0101557,0.00835932,0.00954555,0.021641,0.00511801,0,0,0.00098469,105016,54584,nan,nan,nan,double
ecm,RBPF,particle,hover_hold,current_bias,1,0.004185,0.00221983,0.00344914,0.0125815,0.00197722,0,0,0.000940114,39815.8,34016,nan,nan,nan,double
ecm,UPF,particle,hover_hold,current_bias,1,0.0130948,0.00981927,0.0106494,0.0472214,0.00683715,0,0,0.00137098,18786.2,25360,nan,nan,nan,double
ecm,EnKF,particle,hover_hold,current_bias,1,0.00621669,0.00705862,0.00570355,0.0228697,0.00389618,0.1,0,0.000949048,10393.3,6776,nan,nan,nan,double
ecm,ETKF,particle,hover_hold,current_bias,1,0.0110742,0.0146516,0.0095827,0.0254554,-0.0166941,0.1,0,0.0010835,10606.8,5304,nan,nan,nan,double
ecm,GSF,particle,hover_hold,current_bias,1,0.00516619,0.00175195,0.00392363,0.0167596,-0.00341118,0,0,0.000979146,1756.46,9192,nan,nan,nan,double
ecm,NN-Direct,learning,hover_hold,current_bias,1,0.00637537,0.0080397,0.00522135,0.0270922,-0.0268045,0,0,nan,497.807,15152,nan,nan,nan,double
ecm,NN-EKF,learning,hover_hold,current_bias,1,0.00946846,0.00578169,0.00761253,0.0398249,-0.00976147,87.9,0,0.000973221,1091.01,4376,nan,nan,nan,double
ecm,ELM-RLS-EKF,learning,hover_hold,current_bias,1,0.0055688,0.00182164,0.00424873,0.0171529,-0.00324149,0,0,0.000915405,3200.72,11704,nan,nan,nan,double
ecm,MHE-RTI,optimization,hover_hold,current_bias,1,0.00480645,0.00168449,0.00293928,0.0217261,0.000296655,0,0,0.000967522,17298.5,26928,nan,nan,nan,double
ecm,MHE,optimization,hover_hold,current_bias,1,0.00884209,0.00245675,0.00637219,0.0327197,3.38063e-05,0,0,0.000964239,31443.5,26928,nan,nan,nan,double
ecm,ERTS,smoothers,hover_hold,current_bias,1,0.0112435,0.0034777,0.00889935,0.022235,-0.00351376,106.5,0,0.000947216,896.105,7118232,nan,nan,nan,double
ecm,URTS,smoothers,hover_hold,current_bias,1,0.0116633,0.00370843,0.00926941,0.0229349,-0.00317493,127.5,0,0.000869021,2458.79,7118256,nan,nan,nan,double
ecm,Batch-NLS,smoothers,hover_hold,current_bias,1,0.0116524,0.00375418,0.00928047,0.0228849,-0.00304794,125.6,0,0.00140158,4827.54,9854552,nan,nan,nan,double
ecm,FixedLag-EKF,smoothers,hover_hold,current_bias,1,0.00566833,0.00168012,0.00428444,0.0173371,-0.00344562,0,0,0.000941478,9995.47,19992,nan,nan,nan,double
ecm,CoulombCounting,baselines,hover_hold,noise_step,1,0.00222544,0.00283537,0.00199388,0.00330441,-0.00330424,0,0,0.00317235,79.9854,4184,nan,nan,nan,double
ecm,OCVLookup,baselines,hover_hold,noise_step,1,0.0250023,0.0198396,0.0229133,0.0365931,0.00862236,0,0,0.0201026,1308.23,4192,nan,nan,nan,double
ecm,CoulombOCVHybrid,baselines,hover_hold,noise_step,1,0.00200939,0.00114897,0.00180474,0.00375615,0.00216573,0,0,0.00144484,211.699,4192,nan,nan,nan,double
ecm,EKF,kalman,hover_hold,noise_step,1,0.00255395,0.00213133,0.00211007,0.0131962,0.00208555,0,0,0.00233591,481.333,4336,nan,nan,nan,double
ecm,UKF,kalman,hover_hold,noise_step,1,0.00318831,0.00122697,0.00222391,0.0400167,0.00152586,0.4,0,0.00253323,1436.99,4776,nan,nan,nan,double
ecm,LKF,kalman,hover_hold,noise_step,1,0.0692684,0.0624338,0.0646139,0.0921868,0.0309923,0,0,0.00256091,335.33,4680,nan,nan,nan,double
ecm,IEKF,kalman,hover_hold,noise_step,1,0.00571421,0.00216986,0.00408542,0.0167225,-0.00623249,0,0,0.00233618,592.587,4336,nan,nan,nan,double
ecm,CKF,kalman,hover_hold,noise_step,1,0.00133915,0.00123666,0.0011559,0.010206,0.00247597,0,0,0.00234129,1251.57,4560,nan,nan,nan,double
ecm,SCKF,kalman,hover_hold,noise_step,1,0.00133915,0.00123666,0.0011559,0.010206,0.00247597,0,0,0.00234129,1572.56,4696,nan,nan,nan,double
ecm,CKF5,kalman,hover_hold,noise_step,1,0.00149441,0.00133944,0.00128914,0.0148211,0.00246565,0,0,0.00234609,4024,5624,nan,nan,nan,double
ecm,CDKF,kalman,hover_hold,noise_step,1,0.00149441,0.00133944,0.00128914,0.0148211,0.00246565,0,0,0.00234609,1371.38,4312,nan,nan,nan,double
ecm,GHKF,kalman,hover_hold,noise_step,1,0.00149441,0.00133944,0.00128914,0.0148211,0.00246565,0,0,0.00234609,11988.6,10784,nan,nan,nan,double
ecm,IPLF,kalman,hover_hold,noise_step,1,0.00563909,0.00327401,0.00423378,0.0346797,-0.00718306,0.3,0,0.00254201,2099.09,4784,nan,nan,nan,double
ecm,EIF,kalman,hover_hold,noise_step,1,0.00255395,0.00213133,0.00211007,0.0131962,0.00208555,0,0,0.00233591,1228.62,4472,nan,nan,nan,double
ecm,SR-EKF,kalman,hover_hold,noise_step,1,0.00255395,0.00213133,0.00211007,0.0131962,0.00208555,0,0,0.00233591,822.584,4440,nan,nan,nan,double
ecm,SR-UKF,kalman,hover_hold,noise_step,1,0.00318831,0.00122697,0.00222391,0.0400167,0.00152586,0.4,0,0.00253323,1558.5,4896,nan,nan,nan,double
ecm,UD-EKF,kalman,hover_hold,noise_step,1,0.00255395,0.00213133,0.00211007,0.0131962,0.00208555,0,0,0.00233591,491.268,4480,nan,nan,nan,double
ecm,SO-EKF,kalman,hover_hold,noise_step,1,0.00383372,0.00198303,0.00272853,0.0391218,0.00704605,0.4,0,0.00250458,4205.18,4496,nan,nan,nan,double
ecm,SageHusa-AKF,adaptive_kalman,hover_hold,noise_step,1,0.00211829,0.00021912,0.00131473,0.0131962,-0.000193557,0,0,0.000939504,531.446,4808,nan,nan,nan,double
ecm,IAE-AKF,adaptive_kalman,hover_hold,noise_step,1,0.00198791,0.000201792,0.0012091,0.0131962,-0.000242854,0,0,0.000942175,498.721,5040,nan,nan,nan,double
ecm,VB-AKF,adaptive_kalman,hover_hold,noise_step,1,0.0019795,0.000206056,0.00121466,0.0131962,-0.000223641,0,0,0.000937278,868.162,4408,nan,nan,nan,double
ecm,STF,adaptive_kalman,hover_hold,noise_step,1,0.0151377,0.0211994,0.00920578,0.0969393,-0.00620994,0,0,0.013815,535.197,4680,nan,nan,nan,double
ecm,Fading-EKF,adaptive_kalman,hover_hold,noise_step,1,0.00227405,0.00144084,0.00171176,0.0131962,0.00154632,0,0,0.00207097,496.98,4384,nan,nan,nan,double
ecm,Fuzzy-AKF,adaptive_kalman,hover_hold,noise_step,1,0.00207044,0.000203253,0.00125653,0.0131962,-0.000260123,0,0,0.000951503,725.292,4816,nan,nan,nan,double
ecm,IMM,adaptive_kalman,hover_hold,noise_step,1,0.00207348,0.000210932,0.00128037,0.0125792,-0.000196764,0,0,0.000960713,2075.1,4976,nan,nan,nan,double
ecm,MMAE,adaptive_kalman,hover_hold,noise_step,1,0.00333161,0.00238746,0.00291872,0.0131962,0.00119624,0,0,0.00234835,1772.85,13200,-0.00408182,nan,nan,double
ecm,Schmidt-KF,robust_kalman,hover_hold,noise_step,1,0.00624958,0.008567,0.00443071,0.0276781,0.0126937,0,0,0.00512365,1299.67,8856,nan,nan,nan,double
ecm,Hinf-EKF,robust_kalman,hover_hold,noise_step,1,0.00138264,0.00119037,0.000958826,0.0132241,0.00216909,0,0,0.00233629,796.258,4408,nan,nan,nan,double
ecm,Huber-EKF,robust_kalman,hover_hold,noise_step,1,0.00176472,0.00032838,0.00117175,0.0131962,-0.000157076,0,0,0.00132027,646.575,4368,nan,nan,nan,double
ecm,MC-EKF,robust_kalman,hover_hold,noise_step,1,0.00183899,0.000433963,0.00124865,0.0131962,0.000243908,0,0,0.00173342,1063.87,4384,nan,nan,nan,double
ecm,StudentT-KF,robust_kalman,hover_hold,noise_step,1,0.00185373,0.000323876,0.00119081,0.0131962,-0.000234513,0,0,0.00123561,725.561,4568,nan,nan,nan,double
ecm,Constrained-EKF,robust_kalman,hover_hold,noise_step,1,0.00290995,0.00290402,0.00239861,0.0131962,0.00646758,0,0,0.00233569,596.677,4416,nan,nan,nan,double
ecm,ReducedOrder-EKF,robust_kalman,hover_hold,noise_step,1,0.00296847,0.000542346,0.00173223,0.0132455,0.000474573,0,0,0.00118031,332.436,4272,nan,nan,nan,double
ecm,SVSF,robust_kalman,hover_hold,noise_step,1,0.0289345,0.0408441,0.0179645,0.0682073,0.0482083,0,0,0.00736301,578.393,4376,nan,nan,nan,double
ecm,Luenberger,observers,hover_hold,noise_step,1,0.00322883,0.00344696,0.00262895,0.0124132,0.00203624,0,0,0.0026614,1722.42,4632,nan,nan,nan,double
ecm,SSKF,observers,hover_hold,noise_step,1,0.00322883,0.00344696,0.00262895,0.0124132,0.00203624,0,0,0.0026614,1439.18,4632,nan,nan,nan,double
ecm,PI-Observer,observers,hover_hold,noise_step,1,0.00387137,0.00338499,0.0028536,0.0133893,0.000689853,0,0,0.00263833,6132.41,4824,nan,nan,nan,double
ecm,SMO,observers,hover_hold,noise_step,1,0.00331362,0.00354741,0.00268801,0.012786,0.00193803,0,0,0.00268362,1906.88,4800,nan,nan,nan,double
ecm,SMO-Adaptive,observers,hover_hold,noise_step,1,0.00357928,0.00402783,0.002862,0.0148479,0.00134854,0,0,0.00282678,2186.01,4800,nan,nan,nan,double
ecm,SuperTwisting-SMO,observers,hover_hold,noise_step,1,0.00311821,0.000998898,0.00190319,0.013046,0.000709878,0,0,0.00101098,138.389,4280,nan,nan,nan,double
ecm,HGO,observers,hover_hold,noise_step,1,0.00322883,0.00344696,0.00262895,0.0124132,0.00203624,0,0,0.0026614,1758.08,4680,nan,nan,nan,double
ecm,ESO,observers,hover_hold,noise_step,1,0.00387137,0.00338499,0.0028536,0.0133893,0.000689853,0,0,0.00263833,6174.71,4784,nan,nan,nan,double
ecm,UIO,observers,hover_hold,noise_step,1,0.00283398,0.00272639,0.0021989,0.0101138,0.00348107,0,0,0.00585649,1621.97,5072,nan,nan,nan,double
ecm,DOB,observers,hover_hold,noise_step,1,0.00158778,0.00202295,0.00116776,0.00872486,-0.000157276,0,0,0.00357561,2011.77,4784,nan,nan,nan,double
ecm,AdaptiveObserver,observers,hover_hold,noise_step,1,0.00290443,0.00298059,0.00226561,0.0111173,0.00172758,0,0,0.00266478,2099.57,4864,0.0208718,nan,nan,double
ecm,IntervalObserver,observers,hover_hold,noise_step,1,0.00322883,0.00344696,0.00262895,0.0124132,0.00203624,0,0,0.0026614,1828.31,9024,nan,0,0.263346,double
ecm,JointEKF,soh,hover_hold,noise_step,1,0.00444056,0.00605968,0.00328484,0.0131651,0.00754233,0,0,0.00271099,1252.4,8752,0.0614995,nan,nan,double
ecm,JointUKF,soh,hover_hold,noise_step,1,0.00390596,0.00382964,0.00302185,0.0400056,0.0024051,0.4,0,0.00286094,3183.46,9600,0.00755646,nan,nan,double
ecm,DualEKF,soh,hover_hold,noise_step,1,0.0023711,0.00149633,0.00187767,0.0131962,0.00207362,0,0,0.00235706,1261.04,4752,0.00395821,nan,nan,double
ecm,DualUKF,soh,hover_hold,noise_step,1,0.00383773,0.00376194,0.00353088,0.0400284,0.00627533,0.4,0,0.002647,2462.97,5512,0.0686707,nan,nan,double
ecm,RLS-EKF,soh,hover_hold,noise_step,1,0.0272505,0.0291977,0.0253633,0.0383558,0.0208785,0,0,0.00337606,498.256,8904,nan,nan,nan,double
ecm,AWTLS,soh,hover_hold,noise_step,1,0.00221461,0.00114289,0.0016883,0.0131962,0.0020735,0,0,0.00233582,485.893,8776,0.0393811,nan,nan,double
ecm,PF-Bootstrap,particle,hover_hold,noise_step,1,0.0033805,0.0046207,0.00233073,0.0135646,0.00272194,0,0,0.00244591,87023.9,46472,nan,nan,nan,double
ecm,PF-Fast,particle,hover_hold,noise_step,1,0.00442051,0.00518518,0.00326133,0.0244066,-0.00252649,0,0,0.00333892,18032.5,9664,nan,nan,nan,double
ecm,PF-Regularized,particle,hover_hold,noise_step,1,0.00308271,0.00403804,0.00221964,0.0145075,0.00086764,0,0,0.00246891,91807,46464,nan,nan,nan,double
ecm,PF-Auxiliary,particle,hover_hold,noise_step,1,0.00277623,0.00306202,0.00212906,0.0108577,-0.00289597,0,0,0.0019887,107461,54584,nan,nan,nan,double
ecm,RBPF,particle,hover_hold,noise_step,1,0.00872599,0.0122483,0.00581688,0.0349814,-0.00493718,0,0,0.0039885,43022.2,34016,nan,nan,nan,double
ecm,UPF,particle,hover_hold,noise_step,1,0.00787804,0.00736434,0.00533672,0.0405942,-0.00132199,0,0,0.00496266,18837.4,25360,nan,nan,nan,double
ecm,EnKF,particle,hover_hold,noise_step,1,0.0178312,0.0251252,0.0105514,0.0583078,0.0137705,0.1,0,0.00240994,10633.1,6776,nan,nan,nan,double
ecm,ETKF,particle,hover_hold,noise_step,1,0.00453597,0.00599433,0.00345493,0.0285345,-0.00795563,0.1,0,0.00239491,10733.6,5304,nan,nan,nan,double
ecm,GSF,particle,hover_hold,noise_step,1,0.00230636,0.00118356,0.00179503,0.00876523,0.00214836,0,0,0.0023563,1761.56,9192,nan,nan,nan,double
ecm,NN-Direct,learning,hover_hold,noise_step,1,0.00594428,0.00794117,0.00403874,0.0377347,-0.0294721,0,0,nan,511.29,15152,nan,nan,nan,double
ecm,NN-EKF,learning,hover_hold,noise_step,1,0.00787729,0.00349954,0.00584522,0.0361187,-0.00622192,78.7,0,0.0016127,1093.78,4376,nan,nan,nan,double
ecm,ELM-RLS-EKF,learning,hover_hold,noise_step,1,0.00390612,0.00291236,0.00334636,0.0131962,0.00645539,0,0,0.00235905,2549.35,11704,nan,nan,nan,double
ecm,MHE-RTI,optimization,hover_hold,noise_step,1,0.0103491,0.0137799,0.00726811,0.0317897,-0.027353,0,0,0.00308346,17373,26928,nan,nan,nan,double
ecm,MHE,optimization,hover_hold,noise_step,1,0.012053,0.0164983,0.00836227,0.0377656,-0.0320477,0,0,0.0030841,35382.3,26928,nan,nan,nan,double
ecm,ERTS,smoothers,hover_hold,noise_step,1,0.00321,0.00259098,0.00312687,0.00475206,0.00208555,0,0,0.00173421,894.034,7118232,nan,nan,nan,double
ecm,URTS,smoothers,hover_hold,noise_step,1,0.00265277,0.00191369,0.00252873,0.00432256,0.00152586,0,0,0.00173513,2460.87,7118256,nan,nan,nan,double
ecm,Batch-NLS,smoothers,hover_hold,noise_step,1,0.00115357,0.000285952,0.000840476,0.00259758,-0.000566123,0,0,0.00173349,4441.53,9854552,nan,nan,nan,double
ecm,FixedLag-EKF,smoothers,hover_hold,noise_step,1,0.00317154,0.00261086,0.00281121,0.0131962,0.00214088,0,0,0.00233591,10132.8,19992,nan,nan,nan,double
ecm,CoulombCounting,baselines,hover_hold,outliers,1,0.00222771,0.00283806,0.0019951,0.00329552,-0.00329552,0,0,0.00315608,79.5285,4184,nan,nan,nan,double
ecm,OCVLookup,baselines,hover_hold,outliers,1,0.0248972,0.0197704,0.022583,0.0364399,0.00673292,0,0,0.020035,1310.74,4192,nan,nan,nan,double
ecm,CoulombOCVHybrid,baselines,hover_hold,outliers,1,0.000959793,0.00110602,0.000846254,0.00188018,0.000248898,0,0,0.00188035,211.702,4192,nan,nan,nan,double
ecm,EKF,kalman,hover_hold,outliers,1,0.00457093,0.00254257,0.00385764,0.0176538,-0.00247981,0,0,0.0021489,479.709,4336,nan,nan,nan,double
ecm,UKF,kalman,hover_hold,outliers,1,0.00289576,0.000251535,0.00128272,0.0486379,0.000142282,0.3,0,0.00245487,1447.19,4776,nan,nan,nan,double
ecm,LKF,kalman,hover_hold,outliers,1,0.0694477,0.0626721,0.0647538,0.0933721,0.0309891,0.5,0,0.00242413,328.115,4680,nan,nan,nan,double
ecm,IEKF,kalman,hover_hold,outliers,1,0.0109091,0.00643759,0.00975039,0.0494153,-0.00563044,128.7,0,0.00218029,592.737,4336,nan,nan,nan,double
ecm,CKF,kalman,hover_hold,outliers,1,0.00653527,0.00237726,0.00517167,0.0537554,0.00168069,0.3,0,0.00223608,1248.22,4560,nan,nan,nan,double
ecm,SCKF,kalman,hover_hold,outliers,1,0.00653527,0.00237726,0.00517167,0.0537554,0.00168069,0.3,0,0.00223608,1621.47,4696,nan,nan,nan,double
ecm,CKF5,kalman,hover_hold,outliers,1,0.00562183,0.00212753,0.00454076,0.058987,0.00152363,0.3,0,0.00227203,4038.5,5624,nan,nan,nan,double
ecm,CDKF,kalman,hover_hold,outliers,1,0.00562183,0.00212753,0.00454076,0.058987,0.00152363,0.3,0,0.00227203,1377.56,4312,nan,nan,nan,double
ecm,GHKF,kalman,hover_hold,outliers,1,0.00562183,0.00212753,0.00454076,0.058987,0.00152363,0.3,0,0.00227203,12077,10784,nan,nan,nan,double
ecm,IPLF,kalman,hover_hold,outliers,1,0.00594345,0.000923086,0.00373676,0.0431786,-0.000860632,2.7,0,0.00242878,2071.63,4784,nan,nan,nan,double
ecm,EIF,kalman,hover_hold,outliers,1,0.00457093,0.00254257,0.00385764,0.0176538,-0.00247981,0,0,0.0021489,1251.53,4472,nan,nan,nan,double
ecm,SR-EKF,kalman,hover_hold,outliers,1,0.00457093,0.00254257,0.00385764,0.0176538,-0.00247981,0,0,0.0021489,846.221,4440,nan,nan,nan,double
ecm,SR-UKF,kalman,hover_hold,outliers,1,0.00289577,0.000251535,0.00128273,0.0486379,0.000142292,0.3,0,0.00245487,1611.65,4896,nan,nan,nan,double
ecm,UD-EKF,kalman,hover_hold,outliers,1,0.00457093,0.00254257,0.00385764,0.0176538,-0.00247981,0,0,0.0021489,496.655,4480,nan,nan,nan,double
ecm,SO-EKF,kalman,hover_hold,outliers,1,0.00626568,0.00246727,0.00463925,0.0385803,-0.00236842,0.3,0,0.00240384,4455.25,4496,nan,nan,nan,double
ecm,SageHusa-AKF,adaptive_kalman,hover_hold,outliers,1,0.0027005,0.000741235,0.00171509,0.0132453,-0.000711013,0,0,0.00130026,542.066,4808,nan,nan,nan,double
ecm,IAE-AKF,adaptive_kalman,hover_hold,outliers,1,0.00235973,0.00121877,0.00198033,0.0176589,-0.00101606,0,0,0.00114308,523.465,5040,nan,nan,nan,double
ecm,VB-AKF,adaptive_kalman,hover_hold,outliers,1,0.000619202,0.000473468,0.000501172,0.0132453,-0.00059301,0,0,0.00110865,883.605,4408,nan,nan,nan,double
ecm,STF,adaptive_kalman,hover_hold,outliers,1,0.0151193,0.0131723,0.00628747,0.142049,0.000220689,-1,0,0.0127283,571.245,4680,nan,nan,nan,double
ecm,Fading-EKF,adaptive_kalman,hover_hold,outliers,1,0.00280179,0.000975469,0.00195323,0.0295875,-1.53002e-05,0.3,0,0.00194888,507.003,4384,nan,nan,nan,double
ecm,Fuzzy-AKF,adaptive_kalman,hover_hold,outliers,1,0.00253644,0.00120611,0.00210904,0.0176538,-0.000891018,0,0,0.001559,734.013,4816,nan,nan,nan,double
ecm,IMM,adaptive_kalman,hover_hold,outliers,1,0.00373649,0.00233925,0.00340225,0.0253082,0.00243324,0.3,0,0.00104436,2172.6,4976,nan,nan,nan,double
ecm,MMAE,adaptive_kalman,hover_hold,outliers,1,0.00656748,0.00425784,0.00603493,0.0176935,-0.00327354,0,0,0.00216296,1897.2,13200,0.00350737,nan,nan,double
ecm,Schmidt-KF,robust_kalman,hover_hold,outliers,1,0.005359,0.00589048,0.00458974,0.0203693,0.00203486,4,0,0.00523379,1464.16,8856,nan,nan,nan,double
ecm,Hinf-EKF,robust_kalman,hover_hold,outliers,1,0.00333816,0.000374585,0.00183378,0.0177738,0.00142006,0,0,0.00214838,823.799,4408,nan,nan,nan,double
ecm,Huber-EKF,robust_kalman,hover_hold,outliers,1,0.00152896,0.000215717,0.000887614,0.0132453,-0.000272775,0,0,0.000892927,652.587,4368,nan,nan,nan,double
ecm,MC-EKF,robust_kalman,hover_hold,outliers,1,0.00112742,0.000240833,0.000695123,0.0132453,-0.000247605,0,0,0.000887461,1019.62,4384,nan,nan,nan,double
ecm,StudentT-KF,robust_kalman,hover_hold,outliers,1,0.0020655,0.000238351,0.00132106,0.0132453,-2.35553e-05,0,0,0.000882025,730.304,4568,nan,nan,nan,double
ecm,Constrained-EKF,robust_kalman,hover_hold,outliers,1,0.00454232,0.00246071,0.00380589,0.0176538,-0.00236912,0,0,0.00214912,605.054,4416,nan,nan,nan,double
ecm,ReducedOrder-EKF,robust_kalman,hover_hold,outliers,1,0.00260382,0.000801598,0.00162244,0.0260095,0.000207923,0.3,0,0.00127584,342.328,4272,nan,nan,nan,double
ecm,SVSF,robust_kalman,hover_hold,outliers,1,0.0402668,0.0346046,0.0373877,0.0729954,0.0298454,4.1,0,0.00934985,614.515,4376,nan,nan,nan,double
ecm,Luenberger,observers,hover_hold,outliers,1,0.00176581,0.00190911,0.00138369,0.00756099,0.00125406,0,0,0.00236653,1061.55,4632,nan,nan,nan,double
ecm,SSKF,observers,hover_hold,outliers,1,0.00176581,0.00190911,0.00138369,0.00756099,0.00125406,0,0,0.00236653,928.446,4632,nan,nan,nan,double
ecm,PI-Observer,observers,hover_hold,outliers,1,0.00274135,0.00227111,0.0021018,0.012047,-0.00157849,0,0,0.00237323,3715.23,4824,nan,nan,nan,double
ecm,SMO,observers,hover_hold,outliers,1,0.00202016,0.00162527,0.00159439,0.00707754,0.00130685,0,0,0.00233244,1120.74,4800,nan,nan,nan,double
ecm,SMO-Adaptive,observers,hover_hold,outliers,1,0.00198361,0.00155994,0.0015538,0.00705432,0.00124994,0,0,0.00233116,1104.15,4800,nan,nan,nan,double
ecm,SuperTwisting-SMO,observers,hover_hold,outliers,1,0.00296919,0.000658494,0.0017124,0.0131321,0.000717531,0,0,0.000952305,143.937,4280,nan,nan,nan,double
ecm,HGO,observers,hover_hold,outliers,1,0.00176581,0.00190911,0.00138369,0.00756099,0.00125406,0,0,0.00236653,1057.35,4680,nan,nan,nan,double
ecm,ESO,observers,hover_hold,outliers,1,0.00274135,0.00227111,0.0021018,0.012047,-0.00157849,0,0,0.00237323,3633.47,4784,nan,nan,nan,double
ecm,UIO,observers,hover_hold,outliers,1,0.00173106,0.00125292,0.0012734,0.00766156,0.000827323,0,0,0.00620012,1000.4,5072,nan,nan,nan,double
ecm,DOB,observers,hover_hold,outliers,1,0.00154892,0.0014307,0.00121368,0.00620124,-0.00155292,0,0,0.00308964,1364.05,4784,nan,nan,nan,double
ecm,AdaptiveObserver,observers,hover_hold,outliers,1,0.00175088,0.00196225,0.00135843,0.00790305,0.00116923,0,0,0.0023678,1480.62,4864,0.0206062,nan,nan,double
ecm,IntervalObserver,observers,hover_hold,outliers,1,0.00176581,0.00190911,0.00138369,0.00756099,0.00125406,0,0,0.00236653,1267.92,9024,nan,0,0.263377,double
ecm,JointEKF,soh,hover_hold,outliers,1,0.00738775,0.00647249,0.00685005,0.0284962,0.00440375,0,0,0.00225271,1222.07,8752,0.0571779,nan,nan,double
ecm,JointUKF,soh,hover_hold,outliers,1,0.0121658,0.0070072,0.00979981,0.0510376,0.00693708,113,0,0.00254327,3119.05,9600,0.117358,nan,nan,double
ecm,DualEKF,soh,hover_hold,outliers,1,0.00479098,0.0022384,0.00370626,0.0176414,0.00457091,0,0,0.00217903,1265.64,4752,0.137019,nan,nan,double
ecm,DualUKF,soh,hover_hold,outliers,1,0.00777286,0.00769708,0.00730282,0.0482851,0.00670136,0.3,0,0.00250185,2439.84,5512,0.029131,nan,nan,double
ecm,RLS-EKF,soh,hover_hold,outliers,1,0.0226874,0.025877,0.0209087,0.0347344,0.0174265,0,0,0.00335135,498.687,8904,nan,nan,nan,double
ecm,AWTLS,soh,hover_hold,outliers,1,0.00443063,0.00198463,0.00347561,0.0176538,0.00146646,0,0,0.00214669,494.471,8776,0.0799023,nan,nan,double
ecm,PF-Bootstrap,particle,hover_hold,outliers,1,0.00605088,0.00294785,0.00417634,0.0204431,-0.00083896,0.3,0,0.00165156,79845.4,46472,nan,nan,nan,double
ecm,PF-Fast,particle,hover_hold,outliers,1,0.00411364,0.00330097,0.00315687,0.0184921,5.0112e-05,0,0,0.00163995,16631.4,9664,nan,nan,nan,double
ecm,PF-Regularized,particle,hover_hold,outliers,1,0.005979,0.00247704,0.00380614,0.0218344,-0.00286333,0.3,0,0.0016434,84262.7,46464,nan,nan,nan,double
ecm,PF-Auxiliary,particle,hover_hold,outliers,1,0.00329975,0.00224303,0.00242227,0.0149155,-6.05491e-05,0,0,0.00176198,104719,54584,nan,nan,nan,double
ecm,RBPF,particle,hover_hold,outliers,1,0.0097263,0.00644943,0.00712908,0.0306635,0.00292408,163.7,0,0.00210756,42166.8,34016,nan,nan,nan,double
ecm,UPF,particle,hover_hold,outliers,1,0.00836363,0.00571053,0.0059307,0.0369171,-0.00188887,224.4,0,0.00390055,19002.4,25360,nan,nan,nan,double
ecm,EnKF,particle,hover_hold,outliers,1,0.00616201,0.00659087,0.00477299,0.0744531,0.0096458,0.3,0,0.00237715,10650.8,6776,nan,nan,nan,double
ecm,ETKF,particle,hover_hold,outliers,1,0.00923199,0.00660551,0.0083843,0.0772027,0.00467658,0.3,0,0.00237292,10649.5,5304,nan,nan,nan,double
ecm,GSF,particle,hover_hold,outliers,1,0.0145772,0.000365227,0.00288843,0.127288,0.00202908,238.1,0,0.00220746,1786.51,9192,nan,nan,nan,double
ecm,NN-Direct,learning,hover_hold,outliers,1,0.00531367,0.0067855,0.00358904,0.0384852,-0.0277713,0,0,nan,496.387,15152,nan,nan,nan,double
ecm,NN-EKF,learning,hover_hold,outliers,1,0.0078169,0.00404835,0.0058802,0.0361603,-0.00714896,51.1,0,0.00162104,1090.59,4376,nan,nan,nan,double
ecm,ELM-RLS-EKF,learning,hover_hold,outliers,1,0.00501186,0.0026779,0.00429291,0.0176538,-0.00332882,0,0,0.00210779,3074.23,11704,nan,nan,nan,double
ecm,MHE-RTI,optimization,hover_hold,outliers,1,0.00864939,0.00857583,0.00797145,0.0255809,-0.00817747,0.3,0,0.00275772,17377.6,26928,nan,nan,nan,double
ecm,MHE,optimization,hover_hold,outliers,1,0.0121959,0.00974429,0.0102883,0.0349507,-0.0165751,118.9,0,0.00275615,33871.7,26928,nan,nan,nan,double
ecm,ERTS,smoothers,hover_hold,outliers,1,0.00173739,0.00208491,0.00165613,0.00248018,-0.00247981,0,0,0.00166424,895.812,7118232,nan,nan,nan,double
ecm,URTS,smoothers,hover_hold,outliers,1,0.00141139,0.000538705,0.00116213,0.0027401,0.000142282,0,0,0.00167292,2434.2,7118256,nan,nan,nan,double
ecm,Batch-NLS,smoothers,hover_hold,outliers,1,0.000972697,0.000864485,0.000825649,0.00205807,-0.00125509,0,0,0.00167276,4410.34,9854552,nan,nan,nan,double
ecm,FixedLag-EKF,smoothers,hover_hold,outliers,1,0.00393723,0.00205594,0.00315209,0.0175956,-0.00242087,0,0,0.0021489,9990.52,19992,nan,nan,nan,double
ecm,CoulombCounting,baselines,hover_hold,cold,1,0.00294767,0.00382901,0.00259119,0.00462935,-0.00462919,0,0,0.00591648,78.9788,4184,nan,nan,nan,double
ecm,OCVLookup,baselines,hover_hold,cold,1,0.0277997,0.0216497,0.025295,0.0469699,0.00745291,0,0,0.0200131,1284,4192,nan,nan,nan,double
ecm,CoulombOCVHybrid,baselines,hover_hold,cold,1,0.00220662,0.000840062,0.00180491,0.00437478,0.00101941,0,0,0.00288796,211.482,4192,nan,nan,nan,double
ecm,EKF,kalman,hover_hold,cold,1,0.00308279,0.000731423,0.00225306,0.0126636,0.000151045,0,0,0.00192972,482.897,4336,nan,nan,nan,double
ecm,UKF,kalman,hover_hold,cold,1,0.00364199,0.000613359,0.00234607,0.0407671,-0.00025756,0.4,0,0.00216807,1416.59,4776,nan,nan,nan,double
ecm,LKF,kalman,hover_hold,cold,1,0.289026,0.329691,0.269886,0.392756,0.291174,0,1,0.00454529,326.129,4680,nan,nan,nan,double
ecm,IEKF,kalman,hover_hold,cold,1,0.00426119,0.0010228,0.00303034,0.0211444,3.1653e-05,0,0,0.00192882,593.801,4336,nan,nan,nan,double
ecm,CKF,kalman,hover_hold,cold,1,0.00151274,0.000655919,0.00124541,0.0105713,-0.000110368,0,0,0.0019366,1255.04,4560,nan,nan,nan,double
ecm,SCKF,kalman,hover_hold,cold,1,0.00151274,0.000655919,0.00124541,0.0105713,-0.000110368,0,0,0.0019366,1576.69,4696,nan,nan,nan,double
ecm,CKF5,kalman,hover_hold,cold,1,0.00154377,0.000670885,0.00126748,0.0151888,-0.000100304,0,0,0.00194238,4031.79,5624,nan,nan,nan,double
ecm,CDKF,kalman,hover_hold,cold,1,0.00154377,0.000670885,0.00126748,0.0151888,-0.000100304,0,0,0.00194238,1373.94,4312,nan,nan,nan,double
ecm,GHKF,kalman,hover_hold,cold,1,0.00154377,0.000670885,0.00126748,0.0151888,-0.000100304,0,0,0.00194238,12031.7,10784,nan,nan,nan,double
ecm,IPLF,kalman,hover_hold,cold,1,0.00413985,0.00322018,0.00347065,0.0352865,-0.00339321,0.3,0,0.00217599,2065.77,4784,nan,nan,nan,double
ecm,EIF,kalman,hover_hold,cold,1,0.00308279,0.000731423,0.00225306,0.0126636,0.000151045,0,0,0.00192972,1231.63,4472,nan,nan,nan,double
ecm,SR-EKF,kalman,hover_hold,cold,1,0.00308279,0.000731423,0.00225306,0.0126636,0.000151045,0,0,0.00192972,843.344,4440,nan,nan,nan,double
ecm,SR-UKF,kalman,hover_hold,cold,1,0.00364199,0.000613359,0.00234607,0.0407671,-0.00025756,0.4,0,0.00216807,1568.86,4896,nan,nan,nan,double
ecm,UD-EKF,kalman,hover_hold,cold,1,0.00308279,0.000731423,0.00225306,0.0126636,0.000151045,0,0,0.00192972,484.402,4480,nan,nan,nan,double
ecm,SO-EKF,kalman,hover_hold,cold,1,0.00252215,0.000427706,0.00151798,0.0399209,-0.000659456,0.4,0,0.00213376,4155.52,4496,nan,nan,nan,double
ecm,SageHusa-AKF,adaptive_kalman,hover_hold,cold,1,0.00158325,0.000309206,0.00111386,0.0126636,0.000142647,0,0,0.00191956,536.626,4808,nan,nan,nan,double
ecm,IAE-AKF,adaptive_kalman,hover_hold,cold,1,0.00153374,0.000406272,0.00115079,0.0126636,-0.000520722,0,0,0.00191997,499.021,5040,nan,nan,nan,double
ecm,VB-AKF,adaptive_kalman,hover_hold,cold,1,0.00174323,0.000564756,0.00134539,0.0126636,-0.000406414,0,0,0.0019194,874.581,4408,nan,nan,nan,double
ecm,STF,adaptive_kalman,hover_hold,cold,1,0.00533991,0.00314524,0.00419402,0.0407688,0.00241736,0,0,0.00227452,533.002,4680,nan,nan,nan,double
ecm,Fading-EKF,adaptive_kalman,hover_hold,cold,1,0.00310988,0.00175338,0.00264202,0.0126636,0.00123292,0,0,0.00191752,491.487,4384,nan,nan,nan,double
ecm,Fuzzy-AKF,adaptive_kalman,hover_hold,cold,1,0.00154482,0.000272568,0.00106888,0.0126636,8.84723e-05,0,0,0.00192071,725.828,4816,nan,nan,nan,double
ecm,IMM,adaptive_kalman,hover_hold,cold,1,0.00425774,0.00243996,0.00376993,0.0117534,0.00122927,0,0,0.00193126,2082.95,4976,nan,nan,nan,double
ecm,MMAE,adaptive_kalman,hover_hold,cold,1,0.00556533,0.0037864,0.00501283,0.0126636,-0.000774489,0,0,0.00193672,1788.46,13200,-0.0123602,nan,nan,double
ecm,Schmidt-KF,robust_kalman,hover_hold,cold,1,0.0111596,0.00735985,0.00999927,0.0148788,-0.00616995,0,0,0.0133725,1309.9,8856,nan,nan,nan,double
ecm,Hinf-EKF,robust_kalman,hover_hold,cold,1,0.00365672,0.000733064,0.00241764,0.0183447,-0.000642543,0,0,0.00193004,798.77,4408,nan,nan,nan,double
ecm,Huber-EKF,robust_kalman,hover_hold,cold,1,0.00185386,0.00148141,0.00173023,0.0126636,-0.000273952,0,0,0.0019244,653.342,4368,nan,nan,nan,double
ecm,MC-EKF,robust_kalman,hover_hold,cold,1,0.0023539,0.000651085,0.00169817,0.0126636,9.78334e-05,0,0,0.00192667,999.009,4384,nan,nan,nan,double
ecm,StudentT-KF,robust_kalman,hover_hold,cold,1,0.00110461,0.000636638,0.000768984,0.0126636,-0.000926203,0,0,0.00191759,708.976,4568,nan,nan,nan,double
ecm,Constrained-EKF,robust_kalman,hover_hold,cold,1,0.00308835,0.000731297,0.00226003,0.0126636,2.9053e-05,0,0,0.00192973,586.124,4416,nan,nan,nan,double
ecm,ReducedOrder-EKF,robust_kalman,hover_hold,cold,1,0.00510778,0.00247731,0.00409164,0.01521,0.00211495,0,0,0.00192194,329.592,4272,nan,nan,nan,double
ecm,SVSF,robust_kalman,hover_hold,cold,1,0.0023172,0.000376226,0.00148182,0.00837209,-0.000207334,0,0,0.00192758,591.86,4376,nan,nan,nan,double
ecm,Luenberger,observers,hover_hold,cold,1,0.00437674,0.00263603,0.00385033,0.0115906,0.00174296,0,0,0.00193609,553.861,4632,nan,nan,nan,double
ecm,SSKF,observers,hover_hold,cold,1,0.0043559,0.00256608,0.00381265,0.0115906,0.00155032,0,0,0.00194355,521.661,4632,nan,nan,nan,double
ecm,PI-Observer,observers,hover_hold,cold,1,0.00858782,0.0022962,0.00596804,0.0265882,0.00100676,0,0,0.00438015,1137.59,4824,nan,nan,nan,double
ecm,SMO,observers,hover_hold,cold,1,0.00445047,0.00261532,0.00387581,0.0120651,0.00164858,0,0,0.00193876,577.231,4800,nan,nan,nan,double
ecm,SMO-Adaptive,observers,hover_hold,cold,1,0.00445823,0.00262168,0.00389656,0.0119244,0.00165973,0,0,0.00193729,585.849,4800,nan,nan,nan,double
ecm,SuperTwisting-SMO,observers,hover_hold,cold,1,0.00655637,0.00280554,0.00459832,0.0285774,0.00165852,0,0,0.00201453,146.217,4280,nan,nan,nan,double
ecm,HGO,observers,hover_hold,cold,1,0.00437674,0.00263603,0.00385033,0.0115906,0.00174296,0,0,0.00193609,569.74,4680,nan,nan,nan,double
ecm,ESO,observers,hover_hold,cold,1,0.0086082,0.00251241,0.00609531,0.0283999,0.001463,0,0,0.00357973,1142.38,4784,nan,nan,nan,double
ecm,UIO,observers,hover_hold,cold,1,0.00212215,0.00163872,0.00172106,0.00630284,-0.00185517,0,0,0.0049552,692.346,5072,nan,nan,nan,double
ecm,DOB,observers,hover_hold,cold,1,0.000322179,0.000122599,0.000246974,0.00104234,-6.43518e-05,0,0,0.00196883,529.727,4784,nan,nan,nan,double
ecm,AdaptiveObserver,observers,hover_hold,cold,1,0.00442031,0.00106794,0.00308533,0.0174604,0.000984061,0,0,0.00192623,1009.29,4864,0.00900007,nan,nan,double
ecm,IntervalObserver,observers,hover_hold,cold,1,0.0043559,0.00256608,0.00381265,0.0115906,0.00155032,0,0,0.00194355,908.054,9024,nan,0,0.313289,double
ecm,JointEKF,soh,hover_hold,cold,1,0.00281145,0.000877078,0.00173983,0.0124134,0.00140331,0,0,0.00435855,1229.04,8752,0.0424164,nan,nan,double
ecm,JointUKF,soh,hover_hold,cold,1,0.00207527,0.000858511,0.00126135,0.0402674,0.00131154,0.7,0,0.00438085,3108.45,9600,0.0329323,nan,nan,double
ecm,DualEKF,soh,hover_hold,cold,1,0.00267592,0.00144438,0.00205066,0.0126636,0.000128831,0,0,0.00192099,1261.93,4752,0.0742798,nan,nan,double
ecm,DualUKF,soh,hover_hold,cold,1,0.0287985,0.033653,0.0259739,0.0488826,0.0396137,216.9,0,0.00327869,2413.82,5512,0.419633,nan,nan,double
ecm,RLS-EKF,soh,hover_hold,cold,1,0.021903,0.0237049,0.020167,0.0401022,0.0119523,0,0,0.0103089,506.85,8904,nan,nan,nan,double
ecm,AWTLS,soh,hover_hold,cold,1,0.00306688,0.000582433,0.00217123,0.0126636,2.86718e-05,0,0,0.00192975,485.438,8776,-0.0131118,nan,nan,double
ecm,PF-Bootstrap,particle,hover_hold,cold,1,0.00352399,0.00204591,0.00285595,0.0129454,0.00180253,0,0,0.00196814,77603.8,46472,nan,nan,nan,double
ecm,PF-Fast,particle,hover_hold,cold,1,0.0053228,0.00671278,0.00398344,0.0163143,0.00562311,0,0,0.00201973,16113.8,9664,nan,nan,nan,double
ecm,PF-Regularized,particle,hover_hold,cold,1,0.00354977,0.00407142,0.00323827,0.00817016,0.00269932,0,0,0.00195884,82326.4,46464,nan,nan,nan,double
ecm,PF-Auxiliary,particle,hover_hold,cold,1,0.00490662,0.00363956,0.00418663,0.0168436,0.00458978,0,0,0.00197512,103770,54584,nan,nan,nan,double
ecm,RBPF,particle,hover_hold,cold,1,0.00145858,0.000987782,0.000923848,0.00933744,-0.00149855,0,0,0.00193574,39626.7,34016,nan,nan,nan,double
ecm,UPF,particle,hover_hold,cold,1,0.00939737,0.0049277,0.00622479,0.0451297,0.000836377,0,0,0.00225386,18563.7,25360,nan,nan,nan,double
ecm,EnKF,particle,hover_hold,cold,1,0.0044842,0.00391404,0.00361008,0.0263997,0.00325944,0.1,0,0.00194605,9898.42,6776,nan,nan,nan,double
ecm,ETKF,particle,hover_hold,cold,1,0.00350618,0.00399593,0.0030728,0.0290286,-0.00496112,0.1,0,0.00194982,10246.2,5304,nan,nan,nan,double
ecm,GSF,particle,hover_hold,cold,1,0.00339383,0.000732399,0.00237948,0.0109072,0.000149519,0,0,0.00195416,1716.49,9192,nan,nan,nan,double
ecm,NN-Direct,learning,hover_hold,cold,1,0.00336609,0.00434773,0.00235126,0.0179439,-0.0144208,0,0,nan,501.795,15152,nan,nan,nan,double
ecm,NN-EKF,learning,hover_hold,cold,1,0.00719908,0.0019146,0.00504204,0.0338718,-0.00395427,0.1,0,0.00193041,1078.27,4376,nan,nan,nan,double
ecm,ELM-RLS-EKF,learning,hover_hold,cold,1,0.0039826,0.00210628,0.00346643,0.0130394,0.000958272,0,0,0.00191431,3139.35,11704,nan,nan,nan,double
ecm,MHE-RTI,optimization,hover_hold,cold,1,0.00613434,0.00563936,0.00577229,0.0136433,-0.00810553,0,0,0.00196511,17016.1,26928,nan,nan,nan,double
ecm,MHE,optimization,hover_hold,cold,1,0.00650927,0.00580078,0.00547442,0.0248345,-0.00793267,0,0,0.00196478,32877.6,26928,nan,nan,nan,double
ecm,ERTS,smoothers,hover_hold,cold,1,0.00249994,0.00101937,0.0020891,0.00467032,0.000151045,0,0,0.00184513,875.203,7118232,nan,nan,nan,double
ecm,URTS,smoothers,hover_hold,cold,1,0.00220382,0.000715851,0.00175208,0.00430318,-0.00025756,0,0,0.00184756,2394.89,7118256,nan,nan,nan,double
ecm,Batch-NLS,smoothers,hover_hold,cold,1,0.00150926,0.000506794,0.00114835,0.00320823,-0.00103512,0,0,0.00184501,4446.8,9854552,nan,nan,nan,double
ecm,FixedLag-EKF,smoothers,hover_hold,cold,1,0.00373561,0.00128195,0.00295241,0.0126636,0.000206317,0,0,0.00192972,9488.94,19992,nan,nan,nan,double
ecm,CoulombCounting,baselines,hover_hold,hot,1,0.00123055,0.00144631,0.00115045,0.00155266,-0.00145267,0,0,0.00180114,79.2118,4184,nan,nan,nan,double
ecm,OCVLookup,baselines,hover_hold,hot,1,0.0238018,0.0186989,0.0216399,0.033036,0.00563129,0,0,0.0200568,1302.67,4192,nan,nan,nan,double
ecm,CoulombOCVHybrid,baselines,hover_hold,hot,1,0.00248124,0.00219708,0.00243305,0.00362045,0.001002,0,0,0.00228071,209.15,4192,nan,nan,nan,double
ecm,EKF,kalman,hover_hold,hot,1,0.00197907,0.000201921,0.00116374,0.012093,5.30934e-05,0,0,0.000600357,459.382,4336,nan,nan,nan,double
ecm,UKF,kalman,hover_hold,hot,1,0.00326875,0.000242273,0.00178529,0.0404441,0.00014696,0.4,0,0.00114761,1404.23,4776,nan,nan,nan,double
ecm,LKF,kalman,hover_hold,hot,1,0.0299773,0.0160275,0.0248507,0.0515495,-0.0157682,0,0,0.00133691,320.172,4680,nan,nan,nan,double
ecm,IEKF,kalman,hover_hold,hot,1,0.00183933,9.18873e-05,0.000921845,0.00996107,7.49661e-06,0,0,0.000596398,595.041,4336,nan,nan,nan,double
ecm,CKF,kalman,hover_hold,hot,1,0.00100883,0.000125905,0.000545305,0.0108731,-3.72499e-05,0,0,0.000622167,1252.88,4560,nan,nan,nan,double
ecm,SCKF,kalman,hover_hold,hot,1,0.00100883,0.000125905,0.000545305,0.0108731,-3.72499e-05,0,0,0.000622167,1583.49,4696,nan,nan,nan,double
ecm,CKF5,kalman,hover_hold,hot,1,0.000955526,0.000120956,0.000508579,0.0154894,-2.73321e-05,0,0,0.000639846,4005.52,5624,nan,nan,nan,double
ecm,CDKF,kalman,hover_hold,hot,1,0.000955526,0.000120956,0.000508579,0.0154894,-2.73321e-05,0,0,0.000639846,1359.73,4312,nan,nan,nan,double
ecm,GHKF,kalman,hover_hold,hot,1,0.000955526,0.000120956,0.000508579,0.0154894,-2.73321e-05,0,0,0.000639846,11939.7,10784,nan,nan,nan,double
ecm,IPLF,kalman,hover_hold,hot,1,0.005692,0.000592943,0.00332635,0.0353035,0.000177752,0.3,0,0.00116649,2038.85,4784,nan,nan,nan,double
ecm,EIF,kalman,hover_hold,hot,1,0.00197907,0.000201921,0.00116374,0.012093,5.30934e-05,0,0,0.000600357,1221.7,4472,nan,nan,nan,double
ecm,SR-EKF,kalman,hover_hold,hot,1,0.00197907,0.000201921,0.00116374,0.012093,5.30934e-05,0,0,0.000600357,832.383,4440,nan,nan,nan,double
ecm,SR-UKF,kalman,hover_hold,hot,1,0.00326875,0.000242273,0.00178529,0.0404441,0.00014696,0.4,0,0.00114761,1588.21,4896,nan,nan,nan,double
ecm,UD-EKF,kalman,hover_hold,hot,1,0.00197907,0.000201921,0.00116374,0.012093,5.30934e-05,0,0,0.000600357,495.199,4480,nan,nan,nan,double
ecm,SO-EKF,kalman,hover_hold,hot,1,0.00393525,0.000446774,0.00235359,0.0396462,0.000238994,0.4,0,0.00108689,4178.14,4496,nan,nan,nan,double
ecm,SageHusa-AKF,adaptive_kalman,hover_hold,hot,1,0.00195393,0.000139325,0.00109506,0.012093,3.75147e-05,0,0,0.0005989,546.059,4808,nan,nan,nan,double
ecm,IAE-AKF,adaptive_kalman,hover_hold,hot,1,0.00193486,0.000125398,0.00105506,0.012093,3.30225e-05,0,0,0.000597499,497.878,5040,nan,nan,nan,double
ecm,VB-AKF,adaptive_kalman,hover_hold,hot,1,0.0019659,0.000162226,0.00113081,0.012093,3.97629e-05,0,0,0.000597952,849.577,4408,nan,nan,nan,double
ecm,STF,adaptive_kalman,hover_hold,hot,1,0.00198394,0.0007557,0.00110574,0.0242582,0.00044006,0,0,0.000757646,514.178,4680,nan,nan,nan,double
ecm,Fading-EKF,adaptive_kalman,hover_hold,hot,1,0.00189045,0.000291021,0.00100834,0.012093,2.49467e-06,0,0,0.000581996,482.658,4384,nan,nan,nan,double
ecm,Fuzzy-AKF,adaptive_kalman,hover_hold,hot,1,0.00196962,0.000159159,0.00113389,0.012093,3.96335e-05,0,0,0.000599188,705.366,4816,nan,nan,nan,double
ecm,IMM,adaptive_kalman,hover_hold,hot,1,0.00198433,0.000202146,0.0011665,0.0115551,5.32106e-05,0,0,0.000599697,2000.02,4976,nan,nan,nan,double
ecm,MMAE,adaptive_kalman,hover_hold,hot,1,0.00250879,0.000991409,0.00205464,0.012093,-0.000439349,0,0,0.000613411,1701.48,13200,0.0229121,nan,nan,double
ecm,Schmidt-KF,robust_kalman,hover_hold,hot,1,0.00355728,0.00371043,0.00308812,0.0120884,0.000129153,0,0,0.00253869,1263.81,8856,nan,nan,nan,double
ecm,Hinf-EKF,robust_kalman,hover_hold,hot,1,0.00220127,0.000122471,0.00116765,0.0121184,3.30941e-05,0,0,0.000600134,797.609,4408,nan,nan,nan,double
ecm,Huber-EKF,robust_kalman,hover_hold,hot,1,0.00197084,0.00013349,0.00109015,0.012093,3.96998e-05,0,0,0.000587307,611.208,4368,nan,nan,nan,double
ecm,MC-EKF,robust_kalman,hover_hold,hot,1,0.00207002,0.000170698,0.00118691,0.012093,3.23985e-05,0,0,0.000595076,970.569,4384,nan,nan,nan,double
ecm,StudentT-KF,robust_kalman,hover_hold,hot,1,0.00192967,0.000126861,0.00106428,0.012093,3.96919e-05,0,0,0.00057241,653.367,4568,nan,nan,nan,double
ecm,Constrained-EKF,robust_kalman,hover_hold,hot,1,0.00197895,0.000201023,0.00116308,0.012093,5.11729e-05,0,0,0.000600372,553.608,4416,nan,nan,nan,double
ecm,ReducedOrder-EKF,robust_kalman,hover_hold,hot,1,0.00201643,0.00035853,0.000997041,0.0121382,6.57457e-05,0,0,0.000556149,325.149,4272,nan,nan,nan,double
ecm,SVSF,robust_kalman,hover_hold,hot,1,0.00205942,9.7325e-05,0.00106441,0.00667667,7.9259e-05,0,0,0.000587745,562.538,4376,nan,nan,nan,double
ecm,Luenberger,observers,hover_hold,hot,1,0.00181252,0.000459053,0.00103955,0.00573971,8.78096e-05,0,0,0.000636827,526.572,4632,nan,nan,nan,double
ecm,SSKF,observers,hover_hold,hot,1,0.00181252,0.000459053,0.00103955,0.00573971,8.78096e-05,0,0,0.000636827,472.472,4632,nan,nan,nan,double
ecm,PI-Observer,observers,hover_hold,hot,1,0.00214983,0.000591154,0.00112583,0.00819503,0.000170255,0,0,0.000635468,1451.8,4824,nan,nan,nan,double
ecm,SMO,observers,hover_hold,hot,1,0.00182943,0.000479474,0.00104966,0.0058923,7.92927e-05,0,0,0.000645396,527.685,4800,nan,nan,nan,double
ecm,SMO-Adaptive,observers,hover_hold,hot,1,0.00183139,0.000469295,0.00104848,0.0058711,8.35648e-05,0,0,0.00064101,556.815,4800,nan,nan,nan,double
ecm,SuperTwisting-SMO,observers,hover_hold,hot,1,0.0021617,0.000480725,0.0010713,0.00757201,0.000306816,0,0,0.000641608,147.089,4280,nan,nan,nan,double
ecm,HGO,observers,hover_hold,hot,1,0.00181252,0.000459053,0.00103955,0.00573971,8.78096e-05,0,0,0.000636827,532.125,4680,nan,nan,nan,double
ecm,ESO,observers,hover_hold,hot,1,0.00214983,0.000591154,0.00112583,0.00819503,0.000170255,0,0,0.000635468,1451.38,4784,nan,nan,nan,double
ecm,UIO,observers,hover_hold,hot,1,0.00192408,0.000633144,0.00127028,0.00706771,-0.000522148,0,0,0.00495749,727.252,5072,nan,nan,nan,double
ecm,DOB,observers,hover_hold,hot,1,0.000942479,0.000465948,0.000602889,0.003622,-0.00015069,0,0,0.000734181,798.348,4784,nan,nan,nan,double
ecm,AdaptiveObserver,observers,hover_hold,hot,1,0.0017996,0.000476548,0.00103813,0.00571183,8.89736e-05,0,0,0.000636822,928.999,4864,0.0378882,nan,nan,double
ecm,IntervalObserver,observers,hover_hold,hot,1,0.00181252,0.000459053,0.00103955,0.00573971,8.78096e-05,0,0,0.000636827,863.023,9024,nan,0,0.246803,double
ecm,JointEKF,soh,hover_hold,hot,1,0.000591165,0.000168209,0.000316696,0.0120827,0.000218763,0,0,0.000930036,1222.31,8752,0.0421602,nan,nan,double
ecm,JointUKF,soh,hover_hold,hot,1,0.00226401,0.000613408,0.00122092,0.0405058,-6.37267e-05,0.4,0,0.00128307,3080.31,9600,0.027625,nan,nan,double
ecm,DualEKF,soh,hover_hold,hot,1,0.00200491,0.00062126,0.00128425,0.012093,0.000417609,0,0,0.000604663,1254.3,4752,0.064723,nan,nan,double
ecm,DualUKF,soh,hover_hold,hot,1,0.00237772,0.00125871,0.00172547,0.0404481,-0.000710037,0.4,0,0.00117054,2400.23,5512,0.0338999,nan,nan,double
ecm,RLS-EKF,soh,hover_hold,hot,1,0.016629,0.0170825,0.0156723,0.0235886,0.0099703,0,0,0.00149933,499.513,8904,nan,nan,nan,double
ecm,AWTLS,soh,hover_hold,hot,1,0.00197927,0.000205793,0.00116355,0.012093,-5.24041e-05,0,0,0.000600255,475.931,8776,0.0272123,nan,nan,double
ecm,PF-Bootstrap,particle,hover_hold,hot,1,0.0014649,0.000792685,0.00101275,0.00677049,0.000465135,0,0,0.000674286,76350,46472,nan,nan,nan,double
ecm,PF-Fast,particle,hover_hold,hot,1,0.00151152,0.0010023,0.00110987,0.00740749,0.00123415,0,0,0.000772919,15910,9664,nan,nan,nan,double
ecm,PF-Regularized,particle,hover_hold,hot,1,0.00150707,0.000795149,0.000967078,0.00730872,0.000705522,0,0,0.00067192,82095.3,46464,nan,nan,nan,double
ecm,PF-Auxiliary,particle,hover_hold,hot,1,0.00135111,0.000991688,0.00094305,0.00924541,0.000398906,0,0,0.000714248,105302,54584,nan,nan,nan,double
ecm,RBPF,particle,hover_hold,hot,1,0.00210179,0.000751713,0.00131713,0.00817869,0.000343793,0,0,0.000617042,40125,34016,nan,nan,nan,double
ecm,UPF,particle,hover_hold,hot,1,0.00317192,0.0027131,0.0023425,0.0205774,0.000212449,0,0,0.0011918,18638.5,25360,nan,nan,nan,double
ecm,EnKF,particle,hover_hold,hot,1,0.00204344,0.00163933,0.00170742,0.0267359,-0.00121506,0.1,0,0.000647972,10313.8,6776,nan,nan,nan,double
ecm,ETKF,particle,hover_hold,hot,1,0.00109691,0.000737446,0.000863557,0.0293423,-0.000676219,0.1,0,0.00066363,10785.4,5304,nan,nan,nan,double
ecm,GSF,particle,hover_hold,hot,1,0.00195402,0.000156354,0.00111242,0.00688925,3.14389e-05,0,0,0.000677067,1801.44,9192,nan,nan,nan,double
ecm,NN-Direct,learning,hover_hold,hot,1,0.00209119,0.00248037,0.00148169,0.0118094,0.0113669,0,0,nan,501.472,15152,nan,nan,nan,double
ecm,NN-EKF,learning,hover_hold,hot,1,0.00861643,0.00463671,0.00661766,0.0351744,-0.00797069,60.8,0,0.000882362,1114.42,4376,nan,nan,nan,double
ecm,ELM-RLS-EKF,learning,hover_hold,hot,1,0.00197213,0.000148817,0.00111509,0.012093,2.72509e-05,0,0,0.000599157,3367.65,11704,nan,nan,nan,double
ecm,MHE-RTI,optimization,hover_hold,hot,1,0.00304492,0.000972344,0.00193417,0.0123494,-0.000668784,0,0,0.000675434,18089.7,26928,nan,nan,nan,double
ecm,MHE,optimization,hover_hold,hot,1,0.00333605,0.000442419,0.00176456,0.012819,-0.000649888,0,0,0.000674002,33852.1,26928,nan,nan,nan,double
ecm,ERTS,smoothers,hover_hold,hot,1,0.000734539,0.000117601,0.000487553,0.00185048,5.30934e-05,0,0,0.000536817,928.87,7118232,nan,nan,nan,double
ecm,URTS,smoothers,hover_hold,hot,1,0.000819311,0.000179364,0.000574284,0.00205116,0.00014696,0,0,0.000549343,2509.58,7118256,nan,nan,nan,double
ecm,Batch-NLS,smoothers,hover_hold,hot,1,0.000512287,6.16165e-05,0.000309047,0.00141213,-8.66904e-06,0,0,0.000535816,4779.7,9854552,nan,nan,nan,double
ecm,FixedLag-EKF,smoothers,hover_hold,hot,1,0.00252197,0.00077751,0.00186429,0.012093,0.000108307,0,0,0.000600357,10122.9,19992,nan,nan,nan,double
ecm,CoulombCounting,baselines,hover_hold,aged_cell,1,0.0881011,0.11513,0.0766836,0.138678,0.138678,0,0,0.181291,80.3438,4184,nan,nan,nan,double
ecm,OCVLookup,baselines,hover_hold,aged_cell,1,0.0255759,0.0127241,0.0204657,0.0710389,0.00461211,0,0,0.0467266,1323.62,4192,nan,nan,nan,double
ecm,CoulombOCVHybrid,baselines,hover_hold,aged_cell,1,0.0849015,0.110167,0.0741349,0.138269,0.0510742,0,0,0.165827,213.152,4192,nan,nan,nan,double
ecm,EKF,kalman,hover_hold,aged_cell,1,0.00763213,0.00926369,0.00644323,0.0540439,0.00017401,0,0,0.00493831,533.159,4336,nan,nan,nan,double
ecm,UKF,kalman,hover_hold,aged_cell,1,0.0115238,0.0142546,0.0095713,0.0446221,0.000718325,60.4,0,0.00517606,1438.74,4776,nan,nan,nan,double
ecm,LKF,kalman,hover_hold,aged_cell,1,0.0379996,0.0406327,0.033074,0.0895446,-0.0566105,0,0,0.00638139,356.995,4680,nan,nan,nan,double
ecm,IEKF,kalman,hover_hold,aged_cell,1,0.0180739,0.0207791,0.0160148,0.0530865,0.000445958,0,0,0.00518509,612.559,4336,nan,nan,nan,double
ecm,CKF,kalman,hover_hold,aged_cell,1,0.00845253,0.00764105,0.00720994,0.0863983,0.000157962,0,0,0.00494612,1281.6,4560,nan,nan,nan,double
ecm,SCKF,kalman,hover_hold,aged_cell,1,0.00845253,0.00764105,0.00720994,0.0863983,0.000157962,0,0,0.00494612,1605.86,4696,nan,nan,nan,double
ecm,CKF5,kalman,hover_hold,aged_cell,1,0.00800028,0.007758,0.00685554,0.0869829,0.000171042,0,0,0.00495876,4072.02,5624,nan,nan,nan,double
ecm,CDKF,kalman,hover_hold,aged_cell,1,0.00800028,0.007758,0.00685554,0.0869829,0.000171042,0,0,0.00495876,1379.08,4312,nan,nan,nan,double
ecm,GHKF,kalman,hover_hold,aged_cell,1,0.00800028,0.007758,0.00685554,0.0869829,0.000171042,0,0,0.00495876,12195.5,10784,nan,nan,nan,double
ecm,IPLF,kalman,hover_hold,aged_cell,1,0.0181886,0.0197704,0.0165104,0.0383099,0.00045216,169.3,0,0.00523527,2175.76,4784,nan,nan,nan,double
ecm,EIF,kalman,hover_hold,aged_cell,1,0.00763213,0.00926369,0.00644323,0.0540439,0.00017401,0,0,0.00493831,1279.03,4472,nan,nan,nan,double
ecm,SR-EKF,kalman,hover_hold,aged_cell,1,0.00763213,0.00926369,0.00644323,0.0540439,0.00017401,0,0,0.00493831,837.194,4440,nan,nan,nan,double
ecm,SR-UKF,kalman,hover_hold,aged_cell,1,0.0115238,0.0142546,0.00957131,0.0446221,0.000718325,60.4,0,0.00517606,1567.74,4896,nan,nan,nan,double
ecm,UD-EKF,kalman,hover_hold,aged_cell,1,0.00763213,0.00926369,0.00644323,0.0540439,0.00017401,0,0,0.00493831,490.933,4480,nan,nan,nan,double
ecm,SO-EKF,kalman,hover_hold,aged_cell,1,0.0120582,0.0142469,0.0101563,0.0430777,0.000735442,60.4,0,0.00516153,4306.68,4496,nan,nan,nan,double
ecm,SageHusa-AKF,adaptive_kalman,hover_hold,aged_cell,1,0.0131489,0.00469714,0.00975247,0.029994,0.000492275,0,0,0.0181492,575.326,4808,nan,nan,nan,double
ecm,IAE-AKF,adaptive_kalman,hover_hold,aged_cell,1,0.0140223,0.00437865,0.0101928,0.0332844,-0.000242353,0,0,0.0224574,517.59,5040,nan,nan,nan,double
ecm,VB-AKF,adaptive_kalman,hover_hold,aged_cell,1,0.0144384,0.0051709,0.0107172,0.0339603,0.000453474,0,0,0.0192636,881.634,4408,nan,nan,nan,double
ecm,STF,adaptive_kalman,hover_hold,aged_cell,1,0.0527915,0.026907,0.0425282,0.173395,-8.3627e-05,0,0,0.00276646,554.476,4680,nan,nan,nan,double
ecm,Fading-EKF,adaptive_kalman,hover_hold,aged_cell,1,0.0216295,0.0193388,0.0195766,0.0363962,-0.000768501,0,0,0.00521318,499.538,4384,nan,nan,nan,double
ecm,Fuzzy-AKF,adaptive_kalman,hover_hold,aged_cell,1,0.0119428,0.00375911,0.00886336,0.0274453,-9.49845e-05,0,0,0.0194568,726.18,4816,nan,nan,nan,double
ecm,IMM,adaptive_kalman,hover_hold,aged_cell,1,0.00428791,0.00454158,0.00365391,0.0109956,0.000589102,0,0,0.00584522,2090.19,4976,nan,nan,nan,double
ecm,MMAE,adaptive_kalman,hover_hold,aged_cell,1,0.0345226,0.0340193,0.0288436,0.0611192,8.6185e-05,0,0,0.00476571,1797.16,13200,0.718008,nan,nan,double
ecm,Schmidt-KF,robust_kalman,hover_hold,aged_cell,1,0.0194452,0.0123946,0.0148345,0.0411414,-0.000256804,0,0,0.0596241,1333.99,8856,nan,nan,nan,double
ecm,Hinf-EKF,robust_kalman,hover_hold,aged_cell,1,0.00759511,0.00929102,0.00594552,0.0562865,0.000174379,0,0,0.00498716,828.872,4408,nan,nan,nan,double
ecm,Huber-EKF,robust_kalman,hover_hold,aged_cell,1,0.0101173,0.00961643,0.00723241,0.0335923,0.000512377,0,0,0.00876634,670.198,4368,nan,nan,nan,double
ecm,MC-EKF,robust_kalman,hover_hold,aged_cell,1,0.00841014,0.00760283,0.00677843,0.0277232,0.000119669,0,0,0.013744,1061.16,4384,nan,nan,nan,double
ecm,StudentT-KF,robust_kalman,hover_hold,aged_cell,1,0.00814384,0.00673986,0.00686498,0.0175493,0.000435774,0,0,0.0091519,742.356,4568,nan,nan,nan,double
ecm,Constrained-EKF,robust_kalman,hover_hold,aged_cell,1,0.0080546,0.00918367,0.00687232,0.0530371,0.000172412,0,0,0.00496449,642.821,4416,nan,nan,nan,double
ecm,ReducedOrder-EKF,robust_kalman,hover_hold,aged_cell,1,0.0458566,0.0262426,0.0374103,0.120813,-0.000173621,0,0,0.00950841,330.256,4272,nan,nan,nan,double
ecm,SVSF,robust_kalman,hover_hold,aged_cell,1,0.0139119,0.00495283,0.0103654,0.0780767,0.000844207,0,0,0.00368524,587.275,4376,nan,nan,nan,double
ecm,Luenberger,observers,hover_hold,aged_cell,1,0.0342043,0.0248075,0.0299103,0.0596833,-0.000161924,0,0,0.00424667,786.285,4632,nan,nan,nan,double
ecm,SSKF,observers,hover_hold,aged_cell,1,0.0342043,0.0248075,0.0299103,0.0596833,-0.000161924,0,0,0.00424667,674.97,4632,nan,nan,nan,double
ecm,PI-Observer,observers,hover_hold,aged_cell,1,0.0475191,0.0260942,0.0394107,0.114358,-0.000128908,0,0,0.00452753,2347.37,4824,nan,nan,nan,double
ecm,SMO,observers,hover_hold,aged_cell,1,0.0350681,0.0250606,0.0306435,0.0614702,-0.00016548,0,0,0.0042027,888.955,4800,nan,nan,nan,double
ecm,SMO-Adaptive,observers,hover_hold,aged_cell,1,0.0348017,0.0249723,0.0304304,0.0609067,-0.000163352,0,0,0.00422021,875.975,4800,nan,nan,nan,double
ecm,SuperTwisting-SMO,observers,hover_hold,aged_cell,1,0.0477398,0.0266749,0.0398727,0.10548,-0.000496619,0,0,0.0143737,132.11,4280,nan,nan,nan,double
ecm,HGO,observers,hover_hold,aged_cell,1,0.0342278,0.0248075,0.0299352,0.0596849,-0.000161924,0,0,0.00426594,792.119,4680,nan,nan,nan,double
ecm,ESO,observers,hover_hold,aged_cell,1,0.0475191,0.0260942,0.0394107,0.114358,-0.000128908,0,0,0.00452753,2349.49,4784,nan,nan,nan,double
ecm,UIO,observers,hover_hold,aged_cell,1,0.0317228,0.0246275,0.0279299,0.0519337,-0.000447632,0,0,0.00480338,769.541,5072,nan,nan,nan,double
ecm,DOB,observers,hover_hold,aged_cell,1,0.0433656,0.0252754,0.0368639,0.0920721,-0.0007056,0,0,0.00385402,863.001,4784,nan,nan,nan,double
ecm,AdaptiveObserver,observers,hover_hold,aged_cell,1,0.0204005,0.0129831,0.0174672,0.0371136,4.7604e-05,0,0,0.00322471,1106.61,4864,0.76816,nan,nan,double
ecm,IntervalObserver,observers,hover_hold,aged_cell,1,0.0342043,0.0248075,0.0299103,0.0596833,-0.000161924,0,0,0.00424667,1071.07,9024,nan,0,0.218679,double
ecm,JointEKF,soh,hover_hold,aged_cell,1,0.00164196,0.000704118,0.00114598,0.00816598,9.8679e-06,0,0,0.00212958,1248.65,8752,0.0258756,nan,nan,double
ecm,JointUKF,soh,hover_hold,aged_cell,1,0.00142518,0.000466105,0.000816609,0.0435051,3.4548e-05,0.4,0,0.00231077,3179.15,9600,0.0315039,nan,nan,double
ecm,DualEKF,soh,hover_hold,aged_cell,1,0.00824945,0.00219066,0.00619792,0.0167723,1.6876e-05,0,0,0.00144589,1276.29,4752,-0.00767537,nan,nan,double
ecm,DualUKF,soh,hover_hold,aged_cell,1,0.00687016,0.00454156,0.00589558,0.0434074,0.000164994,0.4,0,0.00199394,2456.55,5512,-0.00915111,nan,nan,double
ecm,RLS-EKF,soh,hover_hold,aged_cell,1,0.0667874,0.0764453,0.0588226,0.102218,0.00788713,0,0,0.00502744,498.816,8904,nan,nan,nan,double
ecm,AWTLS,soh,hover_hold,aged_cell,1,0.00696329,0.00814198,0.00504121,0.0540439,-0.00186136,0,0,0.00494577,481.406,8776,0.12699,nan,nan,double
ecm,PF-Bootstrap,particle,hover_hold,aged_cell,1,0.0477233,0.0266518,0.039884,0.122069,-0.000153792,0,0,0.0055691,84091.1,46472,nan,nan,nan,double
ecm,PF-Fast,particle,hover_hold,aged_cell,1,0.0505631,0.0261466,0.041284,0.141451,-0.000779449,0,0,0.00466966,17712.9,9664,nan,nan,nan,double
ecm,PF-Regularized,particle,hover_hold,aged_cell,1,0.0481546,0.0251482,0.0395942,0.124799,-0.000530399,0,0,0.00557827,89263.9,46464,nan,nan,nan,double
ecm,PF-Auxiliary,particle,hover_hold,aged_cell,1,0.0399839,0.0263608,0.0345404,0.0711652,-4.75344e-05,0,0,0.0071495,105227,54584,nan,nan,nan,double
ecm,RBPF,particle,hover_hold,aged_cell,1,0.0424902,0.0238473,0.0352762,0.0950327,-1.91244e-05,0,0,0.00368295,41893.1,34016,nan,nan,nan,double
ecm,UPF,particle,hover_hold,aged_cell,1,0.0488147,0.0245086,0.0401433,0.125925,-0.000557436,0,0,0.00344954,18830.2,25360,nan,nan,nan,double
ecm,EnKF,particle,hover_hold,aged_cell,1,0.0485606,0.0425896,0.0441207,0.0820385,-0.00227285,0.1,0,0.00462132,10536.7,6776,nan,nan,nan,double
ecm,ETKF,particle,hover_hold,aged_cell,1,0.0253737,0.030602,0.0222188,0.0599141,0.00898875,227.4,0,0.00520046,10639.3,5304,nan,nan,nan,double
ecm,GSF,particle,hover_hold,aged_cell,1,0.060134,0.0302598,0.0428325,0.18652,0.000379831,0,0,0.00432037,1742.9,9192,nan,nan,nan,double
ecm,NN-Direct,learning,hover_hold,aged_cell,1,0.00428856,0.00529006,0.00343497,0.0140305,-0.00479105,0,0,nan,498.602,15152,nan,nan,nan,double
ecm,NN-EKF,learning,hover_hold,aged_cell,1,0.00993161,0.00556462,0.00637704,0.0356281,-0.00102906,0.1,0,0.00707884,1091.05,4376,nan,nan,nan,double
ecm,ELM-RLS-EKF,learning,hover_hold,aged_cell,1,0.00762818,0.00853043,0.00636193,0.0540439,0.00126155,0,0,0.00421138,3145.51,11704,nan,nan,nan,double
ecm,MHE-RTI,optimization,hover_hold,aged_cell,1,0.0280544,0.0234194,0.0256986,0.0558608,-0.000241538,0,0,0.00454501,17273.7,26928,nan,nan,nan,double
ecm,MHE,optimization,hover_hold,aged_cell,1,0.0193228,0.0198607,0.0175821,0.0511408,-0.00013047,0,0,0.00455362,34052.8,26928,nan,nan,nan,double
ecm,ERTS,smoothers,hover_hold,aged_cell,1,0.0552105,0.0201347,0.0452327,0.103512,0.00017401,921.5,0,0.0133027,893.529,7118232,nan,nan,nan,double
ecm,URTS,smoothers,hover_hold,aged_cell,1,0.049667,0.0169611,0.0402337,0.09395,0.000718325,652.6,0,0.0147908,2502.28,7118256,nan,nan,nan,double
ecm,Batch-NLS,smoothers,hover_hold,aged_cell,1,0.0713933,0.0269216,0.0588249,0.131858,-0.000284194,977.9,0,0.00602821,4852.12,9854552,nan,nan,nan,double
ecm,FixedLag-EKF,smoothers,hover_hold,aged_cell,1,0.00764429,0.00944084,0.00634747,0.0536368,0.000230778,0,0,0.00493831,10116.7,19992,nan,nan,nan,double
ecm,CoulombCounting,baselines,hover_hold,param_mismatch,1,0.00222544,0.00283537,0.00199388,0.00330441,-0.00330424,0,0,0.0242321,79.8482,4184,nan,nan,nan,double
ecm,OCVLookup,baselines,hover_hold,param_mismatch,1,0.0142638,0.0058688,0.00872545,0.0478956,0.0018024,0,0,0.0210132,1310.7,4192,nan,nan,nan,double
ecm,CoulombOCVHybrid,baselines,hover_hold,param_mismatch,1,0.000920986,0.000858981,0.000796229,0.00191051,-0.000239398,0,0,0.0254151,212.208,4192,nan,nan,nan,double
ecm,EKF,kalman,hover_hold,param_mismatch,1,0.00999356,0.0112109,0.00936335,0.0382119,-0.00857654,0,0,0.00372385,486.319,4336,nan,nan,nan,double
ecm,UKF,kalman,hover_hold,param_mismatch,1,0.0152383,0.0150465,0.0146587,0.0423271,-0.00964605,0.4,0,0.00384968,1447.34,4776,nan,nan,nan,double
ecm,LKF,kalman,hover_hold,param_mismatch,1,0.037314,0.0362922,0.0340271,0.0578512,0.0106242,0,0,0.00390531,331.025,4680,nan,nan,nan,double
ecm,IEKF,kalman,hover_hold,param_mismatch,1,0.00643069,0.00753954,0.00604525,0.0316479,-0.00537991,0,0,0.00374052,606.639,4336,nan,nan,nan,double
ecm,CKF,kalman,hover_hold,param_mismatch,1,0.0130603,0.013897,0.0123184,0.0551468,-0.00974214,0,0,0.00376824,1251.59,4560,nan,nan,nan,double
ecm,SCKF,kalman,hover_hold,param_mismatch,1,0.0130603,0.013897,0.0123184,0.0551468,-0.00974214,0,0,0.00376824,1583.94,4696,nan,nan,nan,double
ecm,CKF5,kalman,hover_hold,param_mismatch,1,0.0139433,0.0146273,0.0131519,0.0548673,-0.00989136,0,0,0.00375943,4108.75,5624,nan,nan,nan,double
ecm,CDKF,kalman,hover_hold,param_mismatch,1,0.0139433,0.0146273,0.0131519,0.0548673,-0.00989136,0,0,0.00375943,1385.52,4312,nan,nan,nan,double
ecm,GHKF,kalman,hover_hold,param_mismatch,1,0.0139433,0.0146273,0.0131519,0.0548673,-0.00989136,0,0,0.00375943,12081.3,10784,nan,nan,nan,double
ecm,IPLF,kalman,hover_hold,param_mismatch,1,0.00772877,0.0075011,0.00697901,0.0374179,-0.00542614,60.1,0,0.00388946,2060.15,4784,nan,nan,nan,double
ecm,EIF,kalman,hover_hold,param_mismatch,1,0.00999356,0.0112109,0.00936335,0.0382119,-0.00857654,0,0,0.00372385,1230.22,4472,nan,nan,nan,double
ecm,SR-EKF,kalman,hover_hold,param_mismatch,1,0.00999356,0.0112109,0.00936335,0.0382119,-0.00857654,0,0,0.00372385,846.444,4440,nan,nan,nan,double
ecm,SR-UKF,kalman,hover_hold,param_mismatch,1,0.0152383,0.0150465,0.0146587,0.0423271,-0.00964605,0.4,0,0.00384968,1636.15,4896,nan,nan,nan,double
ecm,UD-EKF,kalman,hover_hold,param_mismatch,1,0.00999356,0.0112109,0.00936335,0.0382119,-0.00857654,0,0,0.00372385,483.216,4480,nan,nan,nan,double
ecm,SO-EKF,kalman,hover_hold,param_mismatch,1,0.00999848,0.0111969,0.0095546,0.0418571,-0.00873708,60.4,0,0.00382901,4219.8,4496,nan,nan,nan,double
ecm,SageHusa-AKF,adaptive_kalman,hover_hold,param_mismatch,1,0.0111282,0.0115026,0.0104917,0.0203978,-0.00745917,0,0,0.00684973,543.49,4808,nan,nan,nan,double
ecm,IAE-AKF,adaptive_kalman,hover_hold,param_mismatch,1,0.0112362,0.011484,0.0104911,0.0232294,-0.00701485,0,0,0.00842315,501.146,5040,nan,nan,nan,double
ecm,VB-AKF,adaptive_kalman,hover_hold,param_mismatch,1,0.01116,0.0114801,0.0104976,0.0209774,-0.00737645,0,0,0.00733507,881.347,4408,nan,nan,nan,double
ecm,STF,adaptive_kalman,hover_hold,param_mismatch,1,0.0350049,0.021715,0.0260003,0.165796,0.000646881,0,0,0.00239014,545.392,4680,nan,nan,nan,double
ecm,Fading-EKF,adaptive_kalman,hover_hold,param_mismatch,1,0.0194057,0.0172896,0.0179133,0.0356461,-0.0100361,0,0,0.00400422,535.523,4384,nan,nan,nan,double
ecm,Fuzzy-AKF,adaptive_kalman,hover_hold,param_mismatch,1,0.0122551,0.0128034,0.0116353,0.0175484,-0.00847923,0,0,0.00698365,727.914,4816,nan,nan,nan,double
ecm,IMM,adaptive_kalman,hover_hold,param_mismatch,1,0.0129907,0.0143535,0.012137,0.0208834,-0.00886767,0,0,0.00441037,2093.18,4976,nan,nan,nan,double
ecm,MMAE,adaptive_kalman,hover_hold,param_mismatch,1,0.0199491,0.0164142,0.0179629,0.0401104,-0.00944002,0,0,0.00372172,1958.69,13200,0.00439118,nan,nan,double
ecm,Schmidt-KF,robust_kalman,hover_hold,param_mismatch,1,0.00635461,0.0079083,0.00542243,0.0150151,-0.00850425,0,0,0.0256179,1321.06,8856,nan,nan,nan,double
ecm,Hinf-EKF,robust_kalman,hover_hold,param_mismatch,1,0.01011,0.0113414,0.0094387,0.0441028,-0.00973802,0,0,0.00374301,818.625,4408,nan,nan,nan,double
ecm,Huber-EKF,robust_kalman,hover_hold,param_mismatch,1,0.0153198,0.0152126,0.0144864,0.020182,-0.00955416,0,0,0.00542357,670.997,4368,nan,nan,nan,double
ecm,MC-EKF,robust_kalman,hover_hold,param_mismatch,1,0.0121986,0.0131664,0.0115739,0.0176989,-0.00947732,0,0,0.00619317,1039.58,4384,nan,nan,nan,double
ecm,StudentT-KF,robust_kalman,hover_hold,param_mismatch,1,0.0123873,0.0130922,0.011733,0.0177987,-0.00942007,0,0,0.00562668,737.013,4568,nan,nan,nan,double
ecm,Constrained-EKF,robust_kalman,hover_hold,param_mismatch,1,0.010004,0.0112183,0.00938612,0.037822,-0.00892297,0,0,0.00373234,619.485,4416,nan,nan,nan,double
ecm,ReducedOrder-EKF,robust_kalman,hover_hold,param_mismatch,1,0.0324106,0.0179,0.0250434,0.0908031,-0.00649051,0,0,0.00745125,373.561,4272,nan,nan,nan,double
ecm,SVSF,robust_kalman,hover_hold,param_mismatch,1,0.0105957,0.0112355,0.00998597,0.0355804,-0.00640541,0,0,0.00298239,606.713,4376,nan,nan,nan,double
ecm,Luenberger,observers,hover_hold,param_mismatch,1,0.0202914,0.0174959,0.0176819,0.0396038,-0.00208076,0,0,0.00349527,683.123,4632,nan,nan,nan,double
ecm,SSKF,observers,hover_hold,param_mismatch,1,0.0202914,0.0174959,0.0176819,0.0396038,-0.00208076,0,0,0.00349527,577.675,4632,nan,nan,nan,double
ecm,PI-Observer,observers,hover_hold,param_mismatch,1,0.0291171,0.0202428,0.0228506,0.078193,0.00024147,0,0,0.00361703,2261.81,4824,nan,nan,nan,double
ecm,SMO,observers,hover_hold,param_mismatch,1,0.0205794,0.0175422,0.0178548,0.0403352,-0.00178432,0,0,0.00346484,737.558,4800,nan,nan,nan,double
ecm,SMO-Adaptive,observers,hover_hold,param_mismatch,1,0.0204978,0.017496,0.0178234,0.039892,-0.00177806,0,0,0.00347902,718.142,4800,nan,nan,nan,double
ecm,SuperTwisting-SMO,observers,hover_hold,param_mismatch,1,0.0320257,0.0206469,0.0247508,0.0841633,0.000541296,0,0,0.0091133,133.07,4280,nan,nan,nan,double
ecm,HGO,observers,hover_hold,param_mismatch,1,0.0202914,0.0174959,0.0176819,0.0396038,-0.00208076,0,0,0.00349527,678.415,4680,nan,nan,nan,double
ecm,ESO,observers,hover_hold,param_mismatch,1,0.0291171,0.0202428,0.0228506,0.078193,0.00024147,0,0,0.00361703,2155.63,4784,nan,nan,nan,double
ecm,UIO,observers,hover_hold,param_mismatch,1,0.0220569,0.0172531,0.0193171,0.0351735,-0.00789478,0,0,0.00404858,951.618,5072,nan,nan,nan,double
ecm,DOB,observers,hover_hold,param_mismatch,1,0.0292595,0.0198047,0.0250362,0.063375,-0.00607509,0,0,0.00308402,905.018,4784,nan,nan,nan,double
ecm,AdaptiveObserver,observers,hover_hold,param_mismatch,1,0.0142294,0.00995158,0.0116765,0.0280238,0.000248213,0,0,0.00294856,1057.46,4864,0.019814,nan,nan,double
ecm,IntervalObserver,observers,hover_hold,param_mismatch,1,0.0202914,0.0174959,0.0176819,0.0396038,-0.00208076,0,0,0.00349527,923.215,9024,nan,0,0.271994,double
ecm,JointEKF,soh,hover_hold,param_mismatch,1,0.0197649,0.00812948,0.0148315,0.0594877,0.0025073,0,0,0.00167491,1278.26,8752,-0.173519,nan,nan,double
ecm,JointUKF,soh,hover_hold,param_mismatch,1,0.0210767,0.00875089,0.0160459,0.0644706,0.00217353,0.4,0,0.00193417,3173.31,9600,-0.175387,nan,nan,double
ecm,DualEKF,soh,hover_hold,param_mismatch,1,0.0145003,0.0175411,0.0137673,0.0190955,0.0155364,0,0,0.00131411,1271.22,4752,-0.00864762,nan,nan,double
ecm,DualUKF,soh,hover_hold,param_mismatch,1,0.0149401,0.00244593,0.0103039,0.0423309,-0.00352699,0.4,0,0.00171601,2437.21,5512,-0.169735,nan,nan,double
ecm,RLS-EKF,soh,hover_hold,param_mismatch,1,0.023645,0.027963,0.0215991,0.0382119,0.0228377,0,0,0.00333119,575.284,8904,nan,nan,nan,double
ecm,AWTLS,soh,hover_hold,param_mismatch,1,0.0103674,0.0118705,0.00970248,0.0382119,-0.00997337,0,0,0.00372551,482.596,8776,0.0300123,nan,nan,double
ecm,PF-Bootstrap,particle,hover_hold,param_mismatch,1,0.0309621,0.0215674,0.0255065,0.0776674,-0.00131151,0,0,0.00389325,81442.6,46472,nan,nan,nan,double
ecm,PF-Fast,particle,hover_hold,param_mismatch,1,0.0338461,0.0209971,0.0254388,0.0983046,0.00187167,0,0,0.00346736,16805.3,9664,nan,nan,nan,double
ecm,PF-Regularized,particle,hover_hold,param_mismatch,1,0.0276482,0.0209185,0.0219965,0.0796804,-0.00201329,0,0,0.00388942,85297.4,46464,nan,nan,nan,double
ecm,PF-Auxiliary,particle,hover_hold,param_mismatch,1,0.0226704,0.0172434,0.0185043,0.0484659,0.00241908,0,0,0.00446663,104353,54584,nan,nan,nan,double
ecm,RBPF,particle,hover_hold,param_mismatch,1,0.019038,0.0184116,0.016677,0.044742,-0.00380305,0,0,0.00314709,40458,34016,nan,nan,nan,double
ecm,UPF,particle,hover_hold,param_mismatch,1,0.0371563,0.0204142,0.0286173,0.111718,0.00519598,0,0,0.00293212,18545.8,25360,nan,nan,nan,double
ecm,EnKF,particle,hover_hold,param_mismatch,1,0.0268697,0.0211443,0.0230624,0.0542588,-0.0094467,0.1,0,0.00368479,10207.7,6776,nan,nan,nan,double
ecm,ETKF,particle,hover_hold,param_mismatch,1,0.0391079,0.03944,0.0383478,0.0596549,-0.0321607,-1,0,0.00375973,10538.6,5304,nan,nan,nan,double
ecm,GSF,particle,hover_hold,param_mismatch,1,0.0441152,0.0355357,0.0233802,0.157635,-0.00533302,0,0,0.00358553,1754.67,9192,nan,nan,nan,double
ecm,NN-Direct,learning,hover_hold,param_mismatch,1,0.00470483,0.00605509,0.00323297,0.0289345,-0.0284544,0,0,nan,490.768,15152,nan,nan,nan,double
ecm,NN-EKF,learning,hover_hold,param_mismatch,1,0.012188,0.0130889,0.0112107,0.0310558,-0.0104471,0.1,0,0.00482157,1091.94,4376,nan,nan,nan,double
ecm,ELM-RLS-EKF,learning,hover_hold,param_mismatch,1,0.0133057,0.0144719,0.0125955,0.0382119,-0.0100581,0,0,0.00306449,3182.54,11704,nan,nan,nan,double
ecm,MHE-RTI,optimization,hover_hold,param_mismatch,1,0.0368414,0.023751,0.0326501,0.0706143,-0.00914024,0,0,0.00364232,17182.8,26928,nan,nan,nan,double
ecm,MHE,optimization,hover_hold,param_mismatch,1,0.0247158,0.0226269,0.0230013,0.0430021,-0.0146994,0,0,0.00366545,32955.5,26928,nan,nan,nan,double
ecm,ERTS,smoothers,hover_hold,param_mismatch,1,0.00820642,0.00872673,0.00816174,0.00911148,-0.00857654,0,0,0.00291419,897.064,7118232,nan,nan,nan,double
ecm,URTS,smoothers,hover_hold,param_mismatch,1,0.0102361,0.0102057,0.0102267,0.0107798,-0.00964605,0,0,0.00296524,2458.48,7118256,nan,nan,nan,double
ecm,Batch-NLS,smoothers,hover_hold,param_mismatch,1,0.0105651,0.0111991,0.0105216,0.0117396,-0.0112276,0,0,0.00403491,2815.96,9854552,nan,nan,nan,double
ecm,FixedLag-EKF,smoothers,hover_hold,param_mismatch,1,0.00935695,0.0106563,0.00880941,0.0378067,-0.00852251,0,0,0.00372385,10020.6,19992,nan,nan,nan,double
ecm,CoulombCounting,baselines,hover_hold,sensor_dropout,1,0.00222544,0.00283537,0.00199388,0.00330441,-0.00330424,0,0,0.00317235,79.2239,4184,nan,nan,nan,double
ecm,OCVLookup,baselines,hover_hold,sensor_dropout,1,0.025377,0.0195007,0.0229827,0.0432629,0.00605394,0,0,0.0204316,1309.99,4192,nan,nan,nan,double
ecm,CoulombOCVHybrid,baselines,hover_hold,sensor_dropout,1,0.00198517,0.00106143,0.0017623,0.00375615,0.000568525,0,0,0.00142606,209.065,4192,nan,nan,nan,double
ecm,EKF,kalman,hover_hold,sensor_dropout,1,0.00226076,0.000805006,0.00155773,0.0131962,-0.000766129,0,0,0.00264092,479.758,4336,nan,nan,nan,double
ecm,UKF,kalman,hover_hold,sensor_dropout,1,0.00318649,0.000751589,0.00199411,0.0400167,-0.000629711,0.4,0,0.00281848,1446.4,4776,nan,nan,nan,double
ecm,LKF,kalman,hover_hold,sensor_dropout,1,0.0701612,0.0629959,0.0653978,0.101188,0.0314699,0,0,0.0028256,333.005,4680,nan,nan,nan,double
ecm,IEKF,kalman,hover_hold,sensor_dropout,1,0.00530344,0.000209892,0.00272209,0.0169836,-0.000263232,0,0,0.00265498,596.533,4336,nan,nan,nan,double
ecm,CKF,kalman,hover_hold,sensor_dropout,1,0.00251428,0.00145477,0.00210669,0.0157075,-0.00101748,0,0,0.00264814,1252.09,4560,nan,nan,nan,double
ecm,SCKF,kalman,hover_hold,sensor_dropout,1,0.00251428,0.00145477,0.00210669,0.0157075,-0.00101748,0,0,0.00264814,1606.74,4696,nan,nan,nan,double
ecm,CKF5,kalman,hover_hold,sensor_dropout,1,0.00250677,0.00141835,0.00211504,0.0157381,-0.000995992,0,0,0.00265257,4033.37,5624,nan,nan,nan,double
ecm,CDKF,kalman,hover_hold,sensor_dropout,1,0.00250677,0.00141835,0.00211504,0.0157381,-0.000995992,0,0,0.00265257,1386.87,4312,nan,nan,nan,double
ecm,GHKF,kalman,hover_hold,sensor_dropout,1,0.00250677,0.00141835,0.00211504,0.0157381,-0.000995992,0,0,0.00265257,11894.3,10784,nan,nan,nan,double
ecm,IPLF,kalman,hover_hold,sensor_dropout,1,0.00500462,0.000254547,0.00230372,0.0346797,-0.000414054,0.3,0,0.00283269,2061.22,4784,nan,nan,nan,double
ecm,EIF,kalman,hover_hold,sensor_dropout,1,0.00226076,0.000805006,0.00155773,0.0131962,-0.000766129,0,0,0.00264092,1225.71,4472,nan,nan,nan,double
ecm,SR-EKF,kalman,hover_hold,sensor_dropout,1,0.00226076,0.000805006,0.00155773,0.0131962,-0.000766129,0,0,0.00264092,827.454,4440,nan,nan,nan,double
ecm,SR-UKF,kalman,hover_hold,sensor_dropout,1,0.00318649,0.000751589,0.00199411,0.0400167,-0.000629711,0.4,0,0.00281848,1552.91,4896,nan,nan,nan,double
ecm,UD-EKF,kalman,hover_hold,sensor_dropout,1,0.00226076,0.000805006,0.00155773,0.0131962,-0.000766129,0,0,0.00264092,489.108,4480,nan,nan,nan,double
ecm,SO-EKF,kalman,hover_hold,sensor_dropout,1,0.00352799,0.000160282,0.00178525,0.0391218,-6.83251e-05,0.4,0,0.00279618,4180.68,4496,nan,nan,nan,double
ecm,SageHusa-AKF,adaptive_kalman,hover_hold,sensor_dropout,1,0.00247465,0.000367613,0.00160954,0.0131962,-1.28565e-05,0,0,0.00196877,540.421,4808,nan,nan,nan,double
ecm,IAE-AKF,adaptive_kalman,hover_hold,sensor_dropout,1,0.00212603,0.000220118,0.00132495,0.0131962,0.000357428,0,0,0.00120103,501.241,5040,nan,nan,nan,double
ecm,VB-AKF,adaptive_kalman,hover_hold,sensor_dropout,1,0.00234048,0.00034256,0.00151805,0.0131962,-7.87709e-05,0,0,0.00187209,872.811,4408,nan,nan,nan,double
ecm,STF,adaptive_kalman,hover_hold,sensor_dropout,1,0.00441507,0.000887336,0.00175444,0.0969912,0.000858875,0,0,0.00304769,532.649,4680,nan,nan,nan,double
ecm,Fading-EKF,adaptive_kalman,hover_hold,sensor_dropout,1,0.00252323,0.000489926,0.00161709,0.0165616,0.000343678,0,0,0.00259657,498.812,4384,nan,nan,nan,double
ecm,Fuzzy-AKF,adaptive_kalman,hover_hold,sensor_dropout,1,0.00219414,0.000213612,0.00136093,0.0131962,0.000131797,0,0,0.00116643,728.153,4816,nan,nan,nan,double
ecm,IMM,adaptive_kalman,hover_hold,sensor_dropout,1,0.00215206,0.000282936,0.00138104,0.0125792,-1.63516e-05,0,0,0.00256893,2054.59,4976,nan,nan,nan,double
ecm,MMAE,adaptive_kalman,hover_hold,sensor_dropout,1,0.00399929,0.00264012,0.00358593,0.0131962,-0.00137432,0,0,0.00262178,1784.97,13200,0.00500157,nan,nan,double
ecm,Schmidt-KF,robust_kalman,hover_hold,sensor_dropout,1,0.00371312,0.00478574,0.00312769,0.0131824,-0.00184243,0,0,0.00366159,1303.87,8856,nan,nan,nan,double
ecm,Hinf-EKF,robust_kalman,hover_hold,sensor_dropout,1,0.00206005,0.0011439,0.00165845,0.0139691,-0.000784936,0,0,0.0026405,798.226,4408,nan,nan,nan,double
ecm,Huber-EKF,robust_kalman,hover_hold,sensor_dropout,1,0.00202071,0.000281383,0.00128229,0.0131962,9.22888e-05,0,0,0.00197787,643.754,4368,nan,nan,nan,double
ecm,MC-EKF,robust_kalman,hover_hold,sensor_dropout,1,0.0019736,0.000199829,0.00116448,0.0131962,-1.05312e-05,0,0,0.00201982,989.923,4384,nan,nan,nan,double
ecm,StudentT-KF,robust_kalman,hover_hold,sensor_dropout,1,0.00213087,0.000330346,0.0013537,0.0131962,6.96702e-05,0,0,0.00190168,700.051,4568,nan,nan,nan,double
ecm,Constrained-EKF,robust_kalman,hover_hold,sensor_dropout,1,0.00225212,0.000754044,0.00153253,0.0131962,-0.000615527,0,0,0.00264092,589.111,4416,nan,nan,nan,double
ecm,ReducedOrder-EKF,robust_kalman,hover_hold,sensor_dropout,1,0.0034744,0.000511137,0.0021397,0.0132455,0.000465683,0,0,0.00182147,330.364,4272,nan,nan,nan,double
ecm,SVSF,robust_kalman,hover_hold,sensor_dropout,1,0.003158,0.00181483,0.00273666,0.0163607,-0.00122136,0,0,0.00289216,588.425,4376,nan,nan,nan,double
ecm,Luenberger,observers,hover_hold,sensor_dropout,1,0.00291231,0.000584851,0.00160265,0.0282293,0.00051472,0,0,0.00274273,580.828,4632,nan,nan,nan,double
ecm,SSKF,observers,hover_hold,sensor_dropout,1,0.00291231,0.000584851,0.00160265,0.0282293,0.00051472,0,0,0.00274273,510.501,4632,nan,nan,nan,double
ecm,PI-Observer,observers,hover_hold,sensor_dropout,1,0.00424065,0.000688162,0.00204788,0.0430266,0.000652793,0,0,0.00278746,1725.07,4824,nan,nan,nan,double
ecm,SMO,observers,hover_hold,sensor_dropout,1,0.00298027,0.000602306,0.00162237,0.0290586,0.000533924,0,0,0.00275246,613.289,4800,nan,nan,nan,double
ecm,SMO-Adaptive,observers,hover_hold,sensor_dropout,1,0.00297566,0.000593863,0.00162991,0.0287794,0.000529581,0,0,0.00274828,618.891,4800,nan,nan,nan,double
ecm,SuperTwisting-SMO,observers,hover_hold,sensor_dropout,1,0.00341583,0.000611734,0.00195373,0.0137676,0.000579394,0,0,0.00147401,142.746,4280,nan,nan,nan,double
ecm,HGO,observers,hover_hold,sensor_dropout,1,0.00291231,0.000584851,0.00160265,0.0282293,0.00051472,0,0,0.00274273,584.696,4680,nan,nan,nan,double
ecm,ESO,observers,hover_hold,sensor_dropout,1,0.00424065,0.000688162,0.00204788,0.0430266,0.000652793,0,0,0.00278746,1748.48,4784,nan,nan,nan,double
ecm,UIO,observers,hover_hold,sensor_dropout,1,0.00182793,0.000613457,0.00113289,0.00778789,-0.000680869,0,0,0.00563411,714.085,5072,nan,nan,nan,double
ecm,DOB,observers,hover_hold,sensor_dropout,1,0.00347384,0.00201082,0.00277602,0.0256062,0.000972122,0,0,0.00274338,691.529,4784,nan,nan,nan,double
ecm,AdaptiveObserver,observers,hover_hold,sensor_dropout,1,0.0027817,0.000815321,0.00149713,0.0270831,0.000337985,0,0,0.00274251,1013.87,4864,0.0195952,nan,nan,double
ecm,IntervalObserver,observers,hover_hold,sensor_dropout,1,0.00291231,0.000584851,0.00160265,0.0282293,0.00051472,0,0,0.00274273,898.456,9024,nan,0,0.263341,double
ecm,JointEKF,soh,hover_hold,sensor_dropout,1,0.00532106,0.000806008,0.00307773,0.0218034,0.00153158,0,0,0.00298365,1225.75,8752,0.0844064,nan,nan,double
ecm,JointUKF,soh,hover_hold,sensor_dropout,1,0.00611384,0.00109409,0.00406602,0.0400056,0.000605836,0.4,0,0.00311861,3097.39,9600,0.0612941,nan,nan,double
ecm,DualEKF,soh,hover_hold,sensor_dropout,1,0.00362527,0.00155673,0.00298498,0.0131962,0.00286162,0,0,0.00282982,1261.07,4752,0.111645,nan,nan,double
ecm,DualUKF,soh,hover_hold,sensor_dropout,1,0.00370175,0.00184598,0.00298525,0.0400284,0.000353512,0.4,0,0.00305863,2401.3,5512,0.0997899,nan,nan,double
ecm,RLS-EKF,soh,hover_hold,sensor_dropout,1,0.021348,0.0232326,0.0197986,0.0315147,0.0146046,0,0,0.00347943,499.073,8904,nan,nan,nan,double
ecm,AWTLS,soh,hover_hold,sensor_dropout,1,0.00220971,0.000437804,0.00134932,0.0131962,0.000101446,0,0,0.00264088,479.083,8776,0.0471514,nan,nan,double
ecm,PF-Bootstrap,particle,hover_hold,sensor_dropout,1,0.00294671,0.00143137,0.00146111,0.0401318,0.00166152,0,0,0.00277361,76874.1,46472,nan,nan,nan,double
ecm,PF-Fast,particle,hover_hold,sensor_dropout,1,0.00492024,0.00163313,0.00234751,0.0620417,0.000755373,0,0,0.00290618,16065.9,9664,nan,nan,nan,double
ecm,PF-Regularized,particle,hover_hold,sensor_dropout,1,0.0032741,0.00114364,0.00156319,0.0430647,0.000488846,0,0,0.00279988,82057.3,46464,nan,nan,nan,double
ecm,PF-Auxiliary,particle,hover_hold,sensor_dropout,1,0.00272884,0.0012765,0.00177477,0.0249782,0.00198031,0,0,0.00254357,104542,54584,nan,nan,nan,double
ecm,RBPF,particle,hover_hold,sensor_dropout,1,0.00324239,0.00181764,0.00236913,0.0481137,-0.000841808,0,0,0.00288899,39940.4,34016,nan,nan,nan,double
ecm,UPF,particle,hover_hold,sensor_dropout,1,0.00715802,0.00315228,0.00413863,0.0582188,0.00269662,0,0,0.00310598,18583.7,25360,nan,nan,nan,double
ecm,EnKF,particle,hover_hold,sensor_dropout,1,0.00322736,0.00184336,0.0021984,0.025925,-0.000225901,0.1,0,0.00265656,10236.7,6776,nan,nan,nan,double
ecm,ETKF,particle,hover_hold,sensor_dropout,1,0.00327537,0.00348663,0.00304639,0.0285345,-0.00368571,0.1,0,0.00263186,10369.3,5304,nan,nan,nan,double
ecm,GSF,particle,hover_hold,sensor_dropout,1,0.00579127,0.00217634,0.00443223,0.0205289,-0.000604319,0,0,0.00266422,1756.75,9192,nan,nan,nan,double
ecm,NN-Direct,learning,hover_hold,sensor_dropout,1,0.00473937,0.00605509,0.00329328,0.0289345,-0.0284544,0,0,nan,490.488,15152,nan,nan,nan,double
ecm,NN-EKF,learning,hover_hold,sensor_dropout,1,0.00810271,0.00378964,0.0060474,0.0361187,-0.00669132,78.7,0,0.00244382,1102.64,4376,nan,nan,nan,double
ecm,ELM-RLS-EKF,learning,hover_hold,sensor_dropout,1,0.0031705,0.000281066,0.00146136,0.0159253,-0.000221251,0,0,0.00264938,3182.92,11704,nan,nan,nan,double
ecm,MHE-RTI,optimization,hover_hold,sensor_dropout,1,0.00595552,0.00148174,0.00406563,0.0221057,-0.00223724,0,0,0.00291296,17240.8,26928,nan,nan,nan,double
ecm,MHE,optimization,hover_hold,sensor_dropout,1,0.00567498,0.00155482,0.00385772,0.0222042,-0.00232032,0,0,0.00291278,32576,26928,nan,nan,nan,double
ecm,ERTS,smoothers,hover_hold,sensor_dropout,1,0.000843076,0.000451408,0.000650301,0.00200771,-0.000766129,0,0,0.00259192,891.195,7118232,nan,nan,nan,double
ecm,URTS,smoothers,hover_hold,sensor_dropout,1,0.000876502,0.000339828,0.000645803,0.00213542,-0.000629711,0,0,0.00259146,2414.89,7118256,nan,nan,nan,double
ecm,Batch-NLS,smoothers,hover_hold,sensor_dropout,1,0.00195285,0.000825307,0.00164489,0.00379459,0.00031882,0,0,0.00260329,4429.4,9854552,nan,nan,nan,double
ecm,FixedLag-EKF,smoothers,hover_hold,sensor_dropout,1,0.00246318,0.000453045,0.00125792,0.0141047,-0.000711349,0,0,0.00264092,9985.42,19992,nan,nan,nan,double
ecm,CoulombCounting,baselines,hover_hold,preisach,1,0.00222076,0.00282893,0.00198998,0.00329662,-0.00329644,0,0,0.0105877,79.4592,4184,nan,nan,nan,double
ecm,OCVLookup,baselines,hover_hold,preisach,1,0.0273899,0.0298497,0.0255225,0.0464244,0.0216487,0,0,0.0191556,1321.12,4192,nan,nan,nan,double
ecm,CoulombOCVHybrid,baselines,hover_hold,preisach,1,0.0155331,0.0161571,0.0151891,0.0173362,0.00378406,0,0,0.0201855,213.813,4192,nan,nan,nan,double
ecm,EKF,kalman,hover_hold,preisach,1,0.00562089,0.00351094,0.0044158,0.0155712,0.00620431,0,0,0.000905248,479.835,4336,nan,nan,nan,double
ecm,UKF,kalman,hover_hold,preisach,1,0.0120944,0.00395753,0.00659047,0.0541298,0.00656541,113.1,0,0.00148112,1447.2,4776,nan,nan,nan,double
ecm,LKF,kalman,hover_hold,preisach,1,0.0681302,0.0654783,0.0642607,0.0878099,0.0387296,0,0,0.00142557,330.462,4680,nan,nan,nan,double
ecm,IEKF,kalman,hover_hold,preisach,1,0.00830515,0.00287395,0.00583572,0.028531,0.0053647,114.3,0,0.00091408,592.812,4336,nan,nan,nan,double
ecm,CKF,kalman,hover_hold,preisach,1,0.0115319,0.00434646,0.00649149,0.0407377,0.00686611,113.7,0,0.00095269,1244.29,4560,nan,nan,nan,double
ecm,SCKF,kalman,hover_hold,preisach,1,0.0115319,0.00434646,0.00649149,0.0407377,0.00686611,113.7,0,0.00095269,1547.93,4696,nan,nan,nan,double
ecm,CKF5,kalman,hover_hold,preisach,1,0.0122556,0.00433674,0.00675775,0.0462108,0.00685069,115.9,0,0.000971959,4004.6,5624,nan,nan,nan,double
ecm,CDKF,kalman,hover_hold,preisach,1,0.0122556,0.00433674,0.00675775,0.0462108,0.00685069,115.9,0,0.000971959,1380.46,4312,nan,nan,nan,double
ecm,GHKF,kalman,hover_hold,preisach,1,0.0122556,0.00433674,0.00675775,0.0462108,0.00685069,115.9,0,0.000971959,11910.4,10784,nan,nan,nan,double
ecm,IPLF,kalman,hover_hold,preisach,1,0.00656991,0.00296039,0.00506425,0.0354551,0.00546251,0.4,0,0.00144584,2047.53,4784,nan,nan,nan,double
ecm,EIF,kalman,hover_hold,preisach,1,0.00562089,0.00351094,0.0044158,0.0155712,0.00620431,0,0,0.000905248,1221.71,4472,nan,nan,nan,double
ecm,SR-EKF,kalman,hover_hold,preisach,1,0.00562089,0.00351094,0.0044158,0.0155712,0.00620431,0,0,0.000905248,829.428,4440,nan,nan,nan,double
ecm,SR-UKF,kalman,hover_hold,preisach,1,0.0120944,0.00395753,0.00659047,0.0541298,0.00656541,113.1,0,0.00148112,1555.59,4896,nan,nan,nan,double
ecm,UD-EKF,kalman,hover_hold,preisach,1,0.00562089,0.00351094,0.0044158,0.0155712,0.00620431,0,0,0.000905248,482.96,4480,nan,nan,nan,double
ecm,SO-EKF,kalman,hover_hold,preisach,1,0.0146173,0.00356886,0.00784826,0.0551383,0.00616136,126.1,0,0.0014168,4201.91,4496,nan,nan,nan,double
ecm,SageHusa-AKF,adaptive_kalman,hover_hold,preisach,1,0.00559946,0.00353219,0.00440957,0.0143325,0.0061622,0,0,0.000903788,541.392,4808,nan,nan,nan,double
ecm,IAE-AKF,adaptive_kalman,hover_hold,preisach,1,0.00577706,0.00353914,0.00447999,0.0152114,0.00644809,0,0,0.000903176,497.689,5040,nan,nan,nan,double
ecm,VB-AKF,adaptive_kalman,hover_hold,preisach,1,0.00405461,0.00392025,0.00318136,0.0136403,0.00643718,0,0,0.000897376,870.089,4408,nan,nan,nan,double
ecm,STF,adaptive_kalman,hover_hold,preisach,1,0.0127291,0.0110787,0.0100272,0.0578404,0.0151681,132.2,0,0.0010532,531.983,4680,nan,nan,nan,double
ecm,Fading-EKF,adaptive_kalman,hover_hold,preisach,1,0.011635,0.00887379,0.00957537,0.0286507,0.01313,131.8,0,0.000899938,497.191,4384,nan,nan,nan,double
ecm,Fuzzy-AKF,adaptive_kalman,hover_hold,preisach,1,0.00534466,0.00353971,0.00418328,0.0151323,0.00615369,0,0,0.000902295,731.366,4816,nan,nan,nan,double
ecm,IMM,adaptive_kalman,hover_hold,preisach,1,0.00589503,0.0033497,0.00453325,0.0166083,0.0058779,0,0,0.0009066,2069.59,4976,nan,nan,nan,double
ecm,MMAE,adaptive_kalman,hover_hold,preisach,1,0.00778356,0.00293143,0.00611214,0.020459,0.00555704,0,0,0.00093277,1776.73,13200,0.00505367,nan,nan,double
ecm,Schmidt-KF,robust_kalman,hover_hold,preisach,1,0.0107733,0.00649274,0.00954904,0.0167747,0.0124513,0,0,0.00967928,1302,8856,nan,nan,nan,double
ecm,Hinf-EKF,robust_kalman,hover_hold,preisach,1,0.00688191,0.00417942,0.00507922,0.0209697,0.00693726,0,0,0.000905254,803.309,4408,nan,nan,nan,double
ecm,Huber-EKF,robust_kalman,hover_hold,preisach,1,0.00382184,0.00349617,0.00333814,0.0106815,0.00612341,0,0,0.000901367,640.47,4368,nan,nan,nan,double
ecm,MC-EKF,robust_kalman,hover_hold,preisach,1,0.00509006,0.00335059,0.00412305,0.0124812,0.00617819,0,0,0.000903847,993.288,4384,nan,nan,nan,double
ecm,StudentT-KF,robust_kalman,hover_hold,preisach,1,0.00445635,0.00355063,0.00367908,0.0121462,0.00621586,0,0,0.000908677,699.033,4568,nan,nan,nan,double
ecm,Constrained-EKF,robust_kalman,hover_hold,preisach,1,0.00562089,0.00351094,0.0044158,0.0155712,0.00620431,0,0,0.000905248,584.251,4416,nan,nan,nan,double
ecm,ReducedOrder-EKF,robust_kalman,hover_hold,preisach,1,0.0115119,0.0112434,0.00970644,0.0313224,0.0157316,0,0,0.00137849,329.752,4272,nan,nan,nan,double
ecm,SVSF,robust_kalman,hover_hold,preisach,1,0.00817632,0.00392964,0.00549028,0.0269337,0.0064994,113.2,0,0.000946874,582.496,4376,nan,nan,nan,double
ecm,Luenberger,observers,hover_hold,preisach,1,0.00896733,0.011358,0.00789039,0.0163187,0.0151024,0,0,0.000952254,558.412,4632,nan,nan,nan,double
ecm,SSKF,observers,hover_hold,preisach,1,0.00896733,0.011358,0.00789039,0.0163187,0.0151024,0,0,0.000952254,494.231,4632,nan,nan,nan,double
ecm,PI-Observer,observers,hover_hold,preisach,1,0.0123359,0.0124919,0.0102638,0.0338707,0.0156782,122.5,0,0.00095509,1645.85,4824,nan,nan,nan,double
ecm,SMO,observers,hover_hold,preisach,1,0.00912769,0.0114867,0.00804094,0.0165491,0.0152211,0,0,0.000956134,580.878,4800,nan,nan,nan,double
ecm,SMO-Adaptive,observers,hover_hold,preisach,1,0.00908728,0.0114251,0.0080071,0.0164406,0.0152293,0,0,0.000953434,563.845,4800,nan,nan,nan,double
ecm,SuperTwisting-SMO,observers,hover_hold,preisach,1,0.0124423,0.0125847,0.0103178,0.0327054,0.0160246,131.6,0,0.00142318,138.289,4280,nan,nan,nan,double
ecm,HGO,observers,hover_hold,preisach,1,0.00896733,0.011358,0.00789039,0.0163187,0.0151024,0,0,0.000952254,559.08,4680,nan,nan,nan,double
ecm,ESO,observers,hover_hold,preisach,1,0.0123359,0.0124919,0.0102638,0.0338707,0.0156782,122.5,0,0.00095509,1661.94,4784,nan,nan,nan,double
ecm,UIO,observers,hover_hold,preisach,1,0.00847754,0.0100099,0.00744255,0.0149328,0.0141611,0,0,0.00333613,695.93,5072,nan,nan,nan,double
ecm,DOB,observers,hover_hold,preisach,1,0.00517777,0.00627505,0.00457309,0.01029,0.00968238,0,0,0.00099121,714.574,4784,nan,nan,nan,double
ecm,AdaptiveObserver,observers,hover_hold,preisach,1,0.00879551,0.0110867,0.00774026,0.0156886,0.0149787,0,0,0.000951814,984.299,4864,0.0206882,nan,nan,double
ecm,IntervalObserver,observers,hover_hold,preisach,1,0.00896733,0.011358,0.00789039,0.0163187,0.0151024,0,0,0.000952254,876.239,9024,nan,0,0.265916,double
ecm,JointEKF,soh,hover_hold,preisach,1,0.00951265,0.0117121,0.0083753,0.0158387,0.0155958,0,0,0.00144277,1204.83,8752,0.207735,nan,nan,double
ecm,JointUKF,soh,hover_hold,preisach,1,0.0185203,0.0123964,0.0126695,0.0720217,0.0162383,130.2,0,0.0019549,3116.89,9600,0.220723,nan,nan,double
ecm,DualEKF,soh,hover_hold,preisach,1,0.00991978,0.0116749,0.00857933,0.0177929,0.0173988,0,0,0.000894343,1253.93,4752,0.284643,nan,nan,double
ecm,DualUKF,soh,hover_hold,preisach,1,0.0135731,0.0115919,0.00982147,0.0603776,0.0158953,63.7,0,0.00163647,2410.46,5512,0.218183,nan,nan,double
ecm,RLS-EKF,soh,hover_hold,preisach,1,0.028804,0.0323944,0.027173,0.0401902,0.0259947,0,0,0.00265102,494.182,8904,nan,nan,nan,double
ecm,AWTLS,soh,hover_hold,preisach,1,0.00644617,0.00567838,0.00531206,0.0155712,0.0100803,0,0,0.000899281,465.097,8776,0.163177,nan,nan,double
ecm,PF-Bootstrap,particle,hover_hold,preisach,1,0.0160517,0.0109924,0.0120922,0.0481003,0.0145837,141.1,0,0.000997881,76752.7,46472,nan,nan,nan,double
ecm,PF-Fast,particle,hover_hold,preisach,1,0.016459,0.0134721,0.0119193,0.0512234,0.0170156,117.6,0,0.0010563,16064.5,9664,nan,nan,nan,double
ecm,PF-Regularized,particle,hover_hold,preisach,1,0.0141396,0.0114522,0.0102562,0.047221,0.0154165,105.3,0,0.000985555,82201.1,46464,nan,nan,nan,double
ecm,PF-Auxiliary,particle,hover_hold,preisach,1,0.0154386,0.0116469,0.0117504,0.0457307,0.0147264,137.6,0,0.00101342,104176,54584,nan,nan,nan,double
ecm,RBPF,particle,hover_hold,preisach,1,0.0102812,0.00644407,0.00694487,0.0343681,0.009807,105.4,0,0.000947052,39494.7,34016,nan,nan,nan,double
ecm,UPF,particle,hover_hold,preisach,1,0.0169876,0.0130754,0.0127836,0.0584065,0.0155451,146.1,0,0.00140622,18676.7,25360,nan,nan,nan,double
ecm,EnKF,particle,hover_hold,preisach,1,0.0141211,0.00996501,0.00985027,0.049425,0.0117463,125.7,0,0.000962163,10247.5,6776,nan,nan,nan,double
ecm,ETKF,particle,hover_hold,preisach,1,0.012121,0.00277586,0.00679808,0.049267,-0.000983616,110.6,0,0.001009,10502.2,5304,nan,nan,nan,double
ecm,GSF,particle,hover_hold,preisach,1,0.0134233,0.00371387,0.00684395,0.0638219,0.00754199,85.4,0,0.00102186,1753.62,9192,nan,nan,nan,double
ecm,NN-Direct,learning,hover_hold,preisach,1,0.00402151,0.00500629,0.00326119,0.0173117,-0.0170803,0,0,nan,491.93,15152,nan,nan,nan,double
ecm,NN-EKF,learning,hover_hold,preisach,1,0.00162859,0.000554931,0.000979746,0.0111512,-0.000611397,0,0,0.000871625,1073.41,4376,nan,nan,nan,double
ecm,ELM-RLS-EKF,learning,hover_hold,preisach,1,0.00591068,0.00294343,0.00443508,0.0162111,0.00569405,0,0,0.000899838,3188.89,11704,nan,nan,nan,double
ecm,MHE-RTI,optimization,hover_hold,preisach,1,0.0114609,0.00682815,0.00817135,0.0399601,0.00946895,131.8,0,0.000941723,17015.9,26928,nan,nan,nan,double
ecm,MHE,optimization,hover_hold,preisach,1,0.0119705,0.00663469,0.00859571,0.0403175,0.00942614,147.2,0,0.000942515,32081.3,26928,nan,nan,nan,double
ecm,ERTS,smoothers,hover_hold,preisach,1,0.00563566,0.00592963,0.00562157,0.0062129,0.00620431,0,0,0.00117905,890.125,7118232,nan,nan,nan,double
ecm,URTS,smoothers,hover_hold,preisach,1,0.00622083,0.00635435,0.00621128,0.00687451,0.00656541,0,0,0.00296635,2409.9,7118256,nan,nan,nan,double
ecm,Batch-NLS,smoothers,hover_hold,preisach,1,0.0060501,0.0061722,0.00604213,0.00664719,0.00635503,0,0,0.000817163,4756.48,9854552,nan,nan,nan,double
ecm,FixedLag-EKF,smoothers,hover_hold,preisach,1,0.00539741,0.00394648,0.00422962,0.0155171,0.00625907,0,0,0.000905248,9800.2,19992,nan,nan,nan,double
ecm,CoulombCounting,baselines,hover_hold,combined,1,0.214826,0.196264,0.213853,0.250203,-0.185522,-1,0,4.71939,81.6819,4184,nan,nan,nan,double
ecm,OCVLookup,baselines,hover_hold,combined,1,0.0371097,0.00854166,0.021043,0.249143,0.00471981,261,0,0.0348745,1318.6,4192,nan,nan,nan,double
ecm,CoulombOCVHybrid,baselines,hover_hold,combined,1,0.0637685,0.0341309,0.0548772,0.249571,-0.00788554,-1,0,0.0336137,214.038,4192,nan,nan,nan,double
ecm,EKF,kalman,hover_hold,combined,1,0.173179,0.118278,0.160798,0.275639,-0.0387791,-1,0,0.0059938,476.17,4336,nan,nan,nan,double
ecm,UKF,kalman,hover_hold,combined,1,0.011745,0.0142742,0.0106163,0.076087,0.00686334,0.1,0,0.00573538,1443.72,4776,nan,nan,nan,double
ecm,LKF,kalman,hover_hold,combined,1,0.162126,0.198942,0.149641,0.234058,0.161663,-1,0,0.00645473,333.81,4680,nan,nan,nan,double
ecm,IEKF,kalman,hover_hold,combined,1,0.0164943,0.0191643,0.0157216,0.0503127,0.010917,0,0,0.00561372,608.549,4336,nan,nan,nan,double
ecm,CKF,kalman,hover_hold,combined,1,0.140068,0.0987382,0.129569,0.244751,-0.0369303,-1,0,0.00572593,1251.76,4560,nan,nan,nan,double
ecm,SCKF,kalman,hover_hold,combined,1,0.140068,0.0987382,0.129569,0.244751,-0.0369303,-1,0,0.00572593,1594.03,4696,nan,nan,nan,double
ecm,CKF5,kalman,hover_hold,combined,1,0.134906,0.0960927,0.126356,0.24676,-0.0375725,-1,0,0.00569566,3993.22,5624,nan,nan,nan,double
ecm,CDKF,kalman,hover_hold,combined,1,0.134906,0.0960927,0.126356,0.24676,-0.0375725,-1,0,0.00569566,1362.45,4312,nan,nan,nan,double
ecm,GHKF,kalman,hover_hold,combined,1,0.134906,0.0960927,0.126356,0.24676,-0.0375725,-1,0,0.00569566,11680.1,10784,nan,nan,nan,double
ecm,IPLF,kalman,hover_hold,combined,1,0.0165013,0.0185997,0.0158728,0.0472199,0.00853038,0,0,0.00569847,2048.52,4784,nan,nan,nan,double
ecm,EIF,kalman,hover_hold,combined,1,0.173179,0.118278,0.160798,0.275639,-0.0387791,-1,0,0.0059938,1219.94,4472,nan,nan,nan,double
ecm,SR-EKF,kalman,hover_hold,combined,1,0.173179,0.118278,0.160798,0.275639,-0.0387791,-1,0,0.0059938,829.64,4440,nan,nan,nan,double
ecm,SR-UKF,kalman,hover_hold,combined,1,0.011745,0.0142742,0.0106163,0.076087,0.00686334,0.1,0,0.00573538,1554.6,4896,nan,nan,nan,double
ecm,UD-EKF,kalman,hover_hold,combined,1,0.173179,0.118278,0.160798,0.275639,-0.0387791,-1,0,0.0059938,483.943,4480,nan,nan,nan,double
ecm,SO-EKF,kalman,hover_hold,combined,1,0.0116362,0.0141626,0.0105118,0.0734501,0.00695839,0.1,0,0.00569815,4196.27,4496,nan,nan,nan,double
ecm,SageHusa-AKF,adaptive_kalman,hover_hold,combined,1,0.0681204,0.0330618,0.0588625,0.145057,-0.00781596,1039.3,0,0.0143431,541.94,4808,nan,nan,nan,double
ecm,IAE-AKF,adaptive_kalman,hover_hold,combined,1,0.0628787,0.0309528,0.0548436,0.130035,-0.00948272,1041.4,0,0.0180457,500.076,5040,nan,nan,nan,double
ecm,VB-AKF,adaptive_kalman,hover_hold,combined,1,0.0643399,0.0305421,0.055359,0.135797,-0.0073804,1037.3,0,0.0154212,872.981,4408,nan,nan,nan,double
ecm,STF,adaptive_kalman,hover_hold,combined,1,0.0480548,0.0260117,0.0374068,0.203827,0.00165318,660,0,0.00366696,559.773,4680,nan,nan,nan,double
ecm,Fading-EKF,adaptive_kalman,hover_hold,combined,1,0.0132856,0.0161748,0.0111456,0.0724918,-0.00664405,0.3,0,0.0061972,505.058,4384,nan,nan,nan,double
ecm,Fuzzy-AKF,adaptive_kalman,hover_hold,combined,1,0.088558,0.0464452,0.0778466,0.191408,-0.0176537,-1,0,0.017884,718.73,4816,nan,nan,nan,double
ecm,IMM,adaptive_kalman,hover_hold,combined,1,0.014691,0.0074876,0.0116668,0.0789609,0.00178466,287.8,0,0.00670938,2077.98,4976,nan,nan,nan,double
ecm,MMAE,adaptive_kalman,hover_hold,combined,1,0.174295,0.119006,0.161802,0.276451,-0.0390195,-1,0,0.00602525,1796.64,13200,0.494875,nan,nan,double
ecm,Schmidt-KF,robust_kalman,hover_hold,combined,1,0.0593541,0.0154374,0.0441009,0.106647,-0.000828616,660,0,0.0273123,1301.07,8856,nan,nan,nan,double
ecm,Hinf-EKF,robust_kalman,hover_hold,combined,1,0.177484,0.118912,0.164126,0.287218,-0.0387957,-1,0,0.00597679,798.462,4408,nan,nan,nan,double
ecm,Huber-EKF,robust_kalman,hover_hold,combined,1,0.101356,0.0579794,0.0914094,0.211368,-0.0264894,-1,0,0.00963025,652.608,4368,nan,nan,nan,double
ecm,MC-EKF,robust_kalman,hover_hold,combined,1,0.0759289,0.0408711,0.0677526,0.158701,-0.0206348,-1,0,0.0139037,1046.72,4384,nan,nan,nan,double
ecm,StudentT-KF,robust_kalman,hover_hold,combined,1,0.110621,0.06566,0.100368,0.219219,-0.025984,-1,0,0.0101572,728.671,4568,nan,nan,nan,double
ecm,Constrained-EKF,robust_kalman,hover_hold,combined,1,0.181498,0.123529,0.168336,0.290447,-0.0423626,-1,0,0.0061861,589.305,4416,nan,nan,nan,double
ecm,ReducedOrder-EKF,robust_kalman,hover_hold,combined,1,0.0544692,0.023004,0.0424846,0.177998,0.000154694,704.5,0,0.00851087,330.984,4272,nan,nan,nan,double
ecm,SVSF,robust_kalman,hover_hold,combined,1,0.064389,0.0347208,0.0574572,0.130942,-0.010846,1075.1,0,0.0041715,582.37,4376,nan,nan,nan,double
ecm,Luenberger,observers,hover_hold,combined,1,0.069343,0.0242968,0.0532655,0.242793,0.00131468,662.4,0,0.00666286,787.19,4632,nan,nan,nan,double
ecm,SSKF,observers,hover_hold,combined,1,0.069341,0.0242856,0.0532706,0.242793,0.00132727,662.4,0,0.00662667,658.061,4632,nan,nan,nan,double
ecm,PI-Observer,observers,hover_hold,combined,1,0.0266858,0.0210476,0.0202476,0.240016,0.00275787,154.8,0,0.0201099,1896.32,4824,nan,nan,nan,double
ecm,SMO,observers,hover_hold,combined,1,0.0688089,0.0244199,0.0529029,0.242763,0.0011289,662.3,0,0.00661444,776.746,4800,nan,nan,nan,double
ecm,SMO-Adaptive,observers,hover_hold,combined,1,0.0677395,0.0243383,0.0520842,0.242763,0.0011142,662.3,0,0.00661698,880.92,4800,nan,nan,nan,double
ecm,SuperTwisting-SMO,observers,hover_hold,combined,1,0.0628526,0.0246215,0.0457481,0.249744,0.00120371,679.3,0,0.0289781,132.428,4280,nan,nan,nan,double
ecm,HGO,observers,hover_hold,combined,1,0.0684489,0.0242638,0.052724,0.242793,0.00131094,662.4,0,0.0068364,775.297,4680,nan,nan,nan,double
ecm,ESO,observers,hover_hold,combined,1,0.0282428,0.024809,0.0227176,0.240016,0.000958352,123.7,0,0.0149598,2284.67,4784,nan,nan,nan,double
ecm,UIO,observers,hover_hold,combined,1,0.0994424,0.0277234,0.073378,0.25,-0.000706752,766.6,0,0.0042485,778.825,5072,nan,nan,nan,double
ecm,DOB,observers,hover_hold,combined,1,0.0743806,0.0268404,0.058535,0.245119,-0.00309053,881.9,0,0.00629291,708.443,4784,nan,nan,nan,double
ecm,AdaptiveObserver,observers,hover_hold,combined,1,0.0517396,0.00385548,0.0296981,0.242793,0.00295384,400.1,0,0.00541823,1065.38,4864,0.510661,nan,nan,double
ecm,IntervalObserver,observers,hover_hold,combined,1,0.069341,0.0242856,0.0532706,0.242793,0.00132727,662.4,0,0.00662667,1049.3,9024,nan,0,0.26424,double
ecm,JointEKF,soh,hover_hold,combined,1,0.0331809,0.0129106,0.0210568,0.109916,0.00306463,191.7,0,0.00446812,1219.81,8752,0.228523,nan,nan,double
ecm,JointUKF,soh,hover_hold,combined,1,0.0177124,0.00640079,0.0100578,0.0791099,0.00161365,104.8,0,0.00449166,3078.14,9600,0.140585,nan,nan,double
ecm,DualEKF,soh,hover_hold,combined,1,0.0372133,0.0118217,0.0245955,0.106187,0.00233752,303.5,0,0.00279954,1251.15,4752,-0.0714368,nan,nan,double
ecm,DualUKF,soh,hover_hold,combined,1,0.0132477,0.0120889,0.0127281,0.076087,0.00344282,0.7,0,0.00391443,2479.99,5512,0.127597,nan,nan,double
ecm,RLS-EKF,soh,hover_hold,combined,1,0.148092,0.0791245,0.131668,0.275638,-0.0336682,-1,0,0.00801452,501.692,8904,nan,nan,nan,double
ecm,AWTLS,soh,hover_hold,combined,1,0.171618,0.113637,0.1582,0.275639,-0.0348309,-1,0,0.00576039,477.107,8776,1.13949,nan,nan,double
ecm,PF-Bootstrap,particle,hover_hold,combined,1,0.0439364,0.0250728,0.0351843,0.12901,0.000830279,0,0,0.00730739,80893.1,46472,nan,nan,nan,double
ecm,PF-Fast,particle,hover_hold,combined,1,0.0472262,0.0245938,0.036398,0.151137,0.000614826,0,0,0.00612752,17151,9664,nan,nan,nan,double
ecm,PF-Regularized,particle,hover_hold,combined,1,0.0449252,0.0244002,0.03566,0.129698,0.00142808,0,0,0.00731486,86356,46464,nan,nan,nan,double
ecm,PF-Auxiliary,particle,hover_hold,combined,1,0.0306737,0.021495,0.0259459,0.067472,0.00181278,0,0,0.00869751,105001,54584,nan,nan,nan,double
ecm,RBPF,particle,hover_hold,combined,1,0.0347169,0.0217875,0.0290926,0.102075,0.00281392,660.7,0,0.004769,41188.2,34016,nan,nan,nan,double
ecm,UPF,particle,hover_hold,combined,1,0.0492012,0.0250782,0.038331,0.161556,0.000968821,660.2,0,0.00478517,18723.8,25360,nan,nan,nan,double
ecm,EnKF,particle,hover_hold,combined,1,0.131167,0.0781728,0.118904,0.242513,-0.0336696,-1,0,0.00564481,10291.8,6776,nan,nan,nan,double
ecm,ETKF,particle,hover_hold,combined,1,0.103348,0.0818006,0.0982482,0.205782,-0.0366581,-1,0,0.00565056,10495.4,5304,nan,nan,nan,double
ecm,GSF,particle,hover_hold,combined,1,0.0904941,0.0475878,0.0494858,0.273486,0.00679377,723.9,0,0.00503053,1759.98,9192,nan,nan,nan,double
ecm,NN-Direct,learning,hover_hold,combined,1,0.0233794,0.0311469,0.0184921,0.0502951,0.0051799,62.3,0,nan,507.265,15152,nan,nan,nan,double
ecm,NN-EKF,learning,hover_hold,combined,1,0.154997,0.104494,0.143321,0.260996,-0.0337156,-1,0,0.00804868,1100.49,4376,nan,nan,nan,double
ecm,ELM-RLS-EKF,learning,hover_hold,combined,1,0.173178,0.117549,0.16091,0.27564,-0.0455976,-1,0,0.00543635,3068.97,11704,nan,nan,nan,double
ecm,MHE-RTI,optimization,hover_hold,combined,1,0.00580746,0.00519911,0.00376046,0.0724918,3.30538e-06,0.1,0,0.00535044,17247.6,26928,nan,nan,nan,double
ecm,MHE,optimization,hover_hold,combined,1,0.00807543,0.00868502,0.00684473,0.0359302,-0.00443986,0,0,0.00549976,32552.7,26928,nan,nan,nan,double
ecm,ERTS,smoothers,hover_hold,combined,1,0.119863,0.0805854,0.112771,0.179254,-0.0387791,-1,0,0.0166049,905.128,7118232,nan,nan,nan,double
ecm,URTS,smoothers,hover_hold,combined,1,0.0214901,0.00444297,0.0160679,0.0430902,0.00686334,416.3,0,0.00600261,2448.99,7118256,nan,nan,nan,double
ecm,Batch-NLS,smoothers,hover_hold,combined,1,0.0385186,0.0157951,0.0324119,0.0696108,-0.00206715,653.8,0,0.00822745,4661.54,9854552,nan,nan,nan,double
ecm,FixedLag-EKF,smoothers,hover_hold,combined,1,0.172419,0.117755,0.160081,0.274592,-0.0387288,-1,0,0.0059938,10039.3,19992,nan,nan,nan,double
ecm,CoulombCounting,baselines,ground_charge,nominal,1,0.000566103,0.000797128,0.000376718,0.00150576,-0.00150576,0,0,0.00135252,76.0181,4184,nan,nan,nan,double
ecm,OCVLookup,baselines,ground_charge,nominal,1,0.00707321,0.0055494,0.00653151,0.0105147,0.000336574,0,0,0.00630884,1306.49,4192,nan,nan,nan,double
ecm,CoulombOCVHybrid,baselines,ground_charge,nominal,1,0.00033671,0.000470335,0.000232628,0.000911921,0.000267997,0,0,0.000961862,260.284,4192,nan,nan,nan,double
ecm,EKF,kalman,ground_charge,nominal,1,0.000530055,0.000233293,0.00030836,0.00707921,-0.000288148,0,0,0.000740769,480.471,4336,nan,nan,nan,double
ecm,UKF,kalman,ground_charge,nominal,1,0.000632846,0.00021783,0.000262453,0.0151538,-0.000274103,0,0,0.000745835,1454.37,4776,nan,nan,nan,double
ecm,LKF,kalman,ground_charge,nominal,1,0.0309729,0.0405337,0.0277997,0.044881,0.0448721,0,0,0.000796106,344.156,4680,nan,nan,nan,double
ecm,IEKF,kalman,ground_charge,nominal,1,0.000542519,0.000201556,0.000320978,0.00741562,-9.57318e-05,0,0,0.000740782,598.651,4336,nan,nan,nan,double
ecm,CKF,kalman,ground_charge,nominal,1,0.000310218,0.000220606,0.000160071,0.0225771,-0.000302967,0.1,0,0.000802908,1269.92,4560,nan,nan,nan,double
ecm,SCKF,kalman,ground_charge,nominal,1,0.000310218,0.000220606,0.000160071,0.0225771,-0.000302967,0.1,0,0.000802908,1593.41,4696,nan,nan,nan,double
ecm,CKF5,kalman,ground_charge,nominal,1,0.000561583,0.000242335,0.000257507,0.0223569,-0.000304729,0.1,0,0.000778669,4057.28,5624,nan,nan,nan,double
ecm,CDKF,kalman,ground_charge,nominal,1,0.000561583,0.000242335,0.000257507,0.0223569,-0.000304729,0.1,0,0.000778669,1406.63,4312,nan,nan,nan,double
ecm,GHKF,kalman,ground_charge,nominal,1,0.000561583,0.000242335,0.000257507,0.0223569,-0.000304729,0.1,0,0.000778669,12085.8,10784,nan,nan,nan,double
ecm,IPLF,kalman,ground_charge,nominal,1,0.000873672,0.000377942,0.000628732,0.00741224,0.000233366,0,0,0.000745567,2035.85,4784,nan,nan,nan,double
ecm,EIF,kalman,ground_charge,nominal,1,0.000530055,0.000233293,0.00030836,0.00707921,-0.000288148,0,0,0.000740769,1210.31,4472,nan,nan,nan,double
ecm,SR-EKF,kalman,ground_charge,nominal,1,0.000530055,0.000233293,0.00030836,0.00707921,-0.000288148,0,0,0.000740769,831.196,4440,nan,nan,nan,double
ecm,SR-UKF,kalman,ground_charge,nominal,1,0.000632846,0.00021783,0.000262453,0.0151538,-0.000274103,0,0,0.000745835,1534.59,4896,nan,nan,nan,double
ecm,UD-EKF,kalman,ground_charge,nominal,1,0.000530055,0.000233293,0.00030836,0.00707921,-0.000288148,0,0,0.000740769,481.766,4480,nan,nan,nan,double
ecm,SO-EKF,kalman,ground_charge,nominal,1,0.000766582,0.000374499,0.000454988,0.0146839,-0.000374058,0,0,0.000745752,4248.15,4496,nan,nan,nan,double
ecm,SageHusa-AKF,adaptive_kalman,ground_charge,nominal,1,0.000496698,0.000249808,0.000242249,0.00717457,-0.000324594,0,0,0.000741005,561.542,4808,nan,nan,nan,double
ecm,IAE-AKF,adaptive_kalman,ground_charge,nominal,1,0.000463797,0.000160206,0.000194491,0.00726273,-0.000232053,0,0,0.000740072,508.889,5040,nan,nan,nan,double
ecm,VB-AKF,adaptive_kalman,ground_charge,nominal,1,0.000462835,0.000181871,0.000209813,0.00708273,-0.000289968,0,0,0.000740046,882.414,4408,nan,nan,nan,double
ecm,STF,adaptive_kalman,ground_charge,nominal,1,0.0016684,0.00183944,0.00108064,0.0200347,0.000968593,0,0,0.000832047,533.477,4680,nan,nan,nan,double
ecm,Fading-EKF,adaptive_kalman,ground_charge,nominal,1,0.00127724,0.000457363,0.000621653,0.00953985,0.000196266,0,0,0.0007208,509.433,4384,nan,nan,nan,double
ecm,Fuzzy-AKF,adaptive_kalman,ground_charge,nominal,1,0.000490793,0.000232217,0.000236614,0.00714573,-0.000278286,0,0,0.000741554,733.082,4816,nan,nan,nan,double
ecm,IMM,adaptive_kalman,ground_charge,nominal,1,0.000484982,0.000224036,0.000244555,0.00709213,-0.000238063,0,0,0.000740845,2098.94,4976,nan,nan,nan,double
ecm,MMAE,adaptive_kalman,ground_charge,nominal,1,0.00464354,0.00208218,0.00363645,0.00953905,9.70021e-06,0,0,0.000748147,1764.58,13200,-0.000860661,nan,nan,double
ecm,Schmidt-KF,robust_kalman,ground_charge,nominal,1,0.0336609,0.0334965,0.0313488,0.0514434,0.00414691,0,0,0.0256594,1304.04,8856,nan,nan,nan,double
ecm,Hinf-EKF,robust_kalman,ground_charge,nominal,1,0.000511176,0.000315336,0.000270001,0.00732471,-0.000334636,0,0,0.000741073,805.512,4408,nan,nan,nan,double
ecm,Huber-EKF,robust_kalman,ground_charge,nominal,1,0.00045487,0.00023198,0.000208319,0.00711709,-0.000232411,0,0,0.000728659,649.513,4368,nan,nan,nan,double
ecm,MC-EKF,robust_kalman,ground_charge,nominal,1,0.000524956,0.000306106,0.000259693,0.00753617,-0.000369167,0,0,0.000736067,1012.45,4384,nan,nan,nan,double
ecm,StudentT-KF,robust_kalman,ground_charge,nominal,1,0.000474251,0.000227002,0.000207629,0.00694543,-0.000218676,0,0,0.000711952,703.103,4568,nan,nan,nan,double
ecm,Constrained-EKF,robust_kalman,ground_charge,nominal,1,0.000529323,0.000229704,0.000307162,0.00707921,-0.000273441,0,0,0.000740783,579.625,4416,nan,nan,nan,double
ecm,ReducedOrder-EKF,robust_kalman,ground_charge,nominal,1,0.00055843,0.000353785,0.000282078,0.00765445,0.000298182,0,0,0.000671686,327.499,4272,nan,nan,nan,double
ecm,SVSF,robust_kalman,ground_charge,nominal,1,0.000592016,0.000189737,0.000211016,0.00688552,-0.000209769,0,0,0.000716832,586.21,4376,nan,nan,nan,double
ecm,Luenberger,observers,ground_charge,nominal,1,0.000540364,0.000398394,0.00035171,0.00422595,0.00032968,0,0,0.000770025,461.289,4632,nan,nan,nan,double
ecm,SSKF,observers,ground_charge,nominal,1,0.000540364,0.000398394,0.00035171,0.00422595,0.00032968,0,0,0.000770025,418.909,4632,nan,nan,nan,double
ecm,PI-Observer,observers,ground_charge,nominal,1,0.00087016,0.000818286,0.000494053,0.00422249,0.000341547,0,0,0.00125565,420.51,4824,nan,nan,nan,double
ecm,SMO,observers,ground_charge,nominal,1,0.000588993,0.000480274,0.000393165,0.00448647,0.000345761,0,0,0.000779014,496.984,4800,nan,nan,nan,double
ecm,SMO-Adaptive,observers,ground_charge,nominal,1,0.000562371,0.000414404,0.000364401,0.00448138,0.00033711,0,0,0.000774603,505.369,4800,nan,nan,nan,double
ecm,SuperTwisting-SMO,observers,ground_charge,nominal,1,0.000743818,0.000609405,0.000413819,0.00478867,0.000355655,0,0,0.000690826,145.343,4280,nan,nan,nan,double
ecm,HGO,observers,ground_charge,nominal,1,0.000540364,0.000398394,0.00035171,0.00422595,0.00032968,0,0,0.000770025,479.4,4680,nan,nan,nan,double
ecm,ESO,observers,ground_charge,nominal,1,0.000972936,0.000974541,0.000585289,0.00734553,0.000331765,0,0,0.000769094,1422.12,4784,nan,nan,nan,double
ecm,UIO,observers,ground_charge,nominal,1,0.0334672,0.0473189,0.0132933,0.26684,-0.124505,0,0,0.0107399,1290.53,5072,nan,nan,nan,double
ecm,DOB,observers,ground_charge,nominal,1,0.000332518,0.000239881,0.000231627,0.00261155,0.000145376,0,0,0.000876238,575.051,4784,nan,nan,nan,double
ecm,AdaptiveObserver,observers,ground_charge,nominal,1,0.000720564,0.000737828,0.000551759,0.00417343,0.000332728,0,0,0.000767384,895.602,4864,0.0142817,nan,nan,double
ecm,IntervalObserver,observers,ground_charge,nominal,1,0.000540364,0.000398394,0.00035171,0.00422595,0.00032968,0,0,0.000770025,776.486,9024,nan,0,0.378661,double
ecm,JointEKF,soh,ground_charge,nominal,1,0.045846,0.0384547,0.043593,0.0620376,0.00896464,3150.3,0,0.000494421,1220.25,8752,0.390367,nan,nan,double
ecm,JointUKF,soh,ground_charge,nominal,1,0.044846,0.0360131,0.0420862,0.0627362,0.00690378,3046.9,0,0.000479394,3139.09,9600,0.423584,nan,nan,double
ecm,DualEKF,soh,ground_charge,nominal,1,0.0590704,0.060789,0.0518423,0.0824668,0.0176064,0,0,0.000818481,1289.87,4752,0.160129,nan,nan,double
ecm,DualUKF,soh,ground_charge,nominal,1,0.0401924,0.0361738,0.0335435,0.116468,-0.0258254,1122.7,0,0.000994538,2409.1,5512,2.09108,nan,nan,double
ecm,RLS-EKF,soh,ground_charge,nominal,1,0.0293281,0.0313747,0.0278956,0.0396221,0.0107446,0,0,0.00059169,494.829,8904,nan,nan,nan,double
ecm,AWTLS,soh,ground_charge,nominal,1,0.000530055,0.000233293,0.00030836,0.00707921,-0.000288148,0,0,0.000740769,480.602,8776,0.0142217,nan,nan,double
ecm,PF-Bootstrap,particle,ground_charge,nominal,1,0.00265516,0.00353546,0.00144089,0.0166746,7.73879e-05,0,0,0.000825221,77602.9,46472,nan,nan,nan,double
ecm,PF-Fast,particle,ground_charge,nominal,1,0.00518599,0.0069746,0.0031234,0.0243159,-0.000900778,0,0,0.000996393,16306,9664,nan,nan,nan,double
ecm,PF-Regularized,particle,ground_charge,nominal,1,0.00134878,0.0013727,0.00101619,0.00590294,0.000279003,0,0,0.00081699,82915.2,46464,nan,nan,nan,double
ecm,PF-Auxiliary,particle,ground_charge,nominal,1,0.00194756,0.00228289,0.00129049,0.0087012,0.000781156,0,0,0.000853084,105074,54584,nan,nan,nan,double
ecm,RBPF,particle,ground_charge,nominal,1,0.000607284,0.000475852,0.000426418,0.00732136,-0.000449394,0,0,0.000846914,40172.1,34016,nan,nan,nan,double
ecm,UPF,particle,ground_charge,nominal,1,0.006832,0.00763212,0.00444054,0.0361117,0.000877838,0,0,0.00135022,18490.1,25360,nan,nan,nan,double
ecm,EnKF,particle,ground_charge,nominal,1,0.00337675,0.00420279,0.00240441,0.0130634,-0.00041898,0,0,0.00083142,10304.4,6776,nan,nan,nan,double
ecm,ETKF,particle,ground_charge,nominal,1,0.000987724,0.000507968,0.000566107,0.0181884,-0.00128376,0,0,0.000892443,10621.8,5304,nan,nan,nan,double
ecm,GSF,particle,ground_charge,nominal,1,0.000525667,0.000224146,0.000248764,0.00757259,-0.000238226,0,0,0.000742167,1767.9,9192,nan,nan,nan,double
ecm,NN-Direct,learning,ground_charge,nominal,1,0.292149,0.0885702,0.227462,0.524177,-0.0194804,2713.7,0,nan,575.649,15152,nan,nan,nan,double
ecm,NN-EKF,learning,ground_charge,nominal,1,0.0083377,0.00953354,0.00741249,0.0228397,0.0112094,15.9,0,0.000749374,1088.85,4376,nan,nan,nan,double
ecm,ELM-RLS-EKF,learning,ground_charge,nominal,1,0.000561273,0.000284169,0.000358211,0.00707921,-0.000295333,0,0,0.000674385,3345.07,11704,nan,nan,nan,double
ecm,MHE-RTI,optimization,ground_charge,nominal,1,0.00211899,0.0011053,0.00176275,0.0115274,0.00023105,0,0,0.000801653,17293.7,26928,nan,nan,nan,double
ecm,MHE,optimization,ground_charge,nominal,1,0.00232044,0.00127944,0.0019841,0.0111237,0.000254329,0,0,0.000801566,31424.3,26928,nan,nan,nan,double
ecm,ERTS,smoothers,ground_charge,nominal,1,0.000255818,0.000261231,0.000238208,0.000346505,-0.000288148,0,0,0.000678359,942.635,22468632,nan,nan,nan,double
ecm,URTS,smoothers,ground_charge,nominal,1,0.000297749,0.000270863,0.000281818,0.000376351,-0.000274103,0,0,0.000678801,2505.58,22468656,nan,nan,nan,double
ecm,Batch-NLS,smoothers,ground_charge,nominal,1,0.00026669,0.000256522,0.00025241,0.000360612,-0.000299371,0,0,0.000678359,4655.23,31108952,nan,nan,nan,double
ecm,FixedLag-EKF,smoothers,ground_charge,nominal,1,0.000694156,0.000394815,0.000528911,0.00735445,-0.000287093,0,0,0.000740769,10018.9,19992,nan,nan,nan,double
ecm,CoulombCounting,baselines,ground_charge,init_error,1,0.180366,0.180702,0.180366,0.181506,-0.181506,-1,0,0.170583,79.253,4184,nan,nan,nan,double
ecm,OCVLookup,baselines,ground_charge,init_error,1,0.0142735,0.0055494,0.00802901,0.179404,0.000336574,87.8,0,0.0220195,1311.14,4192,nan,nan,nan,double
ecm,CoulombOCVHybrid,baselines,ground_charge,init_error,1,0.167307,0.153534,0.156841,0.180912,0.000239945,3205.6,0,0.164437,259.003,4192,nan,nan,nan,double
ecm,EKF,kalman,ground_charge,init_error,1,0.0824697,0.0377599,0.0716448,0.160574,-0.0135078,3353.5,0,0.00318094,481.202,4336,nan,nan,nan,double
ecm,UKF,kalman,ground_charge,init_error,1,0.00142287,0.000266027,0.000542892,0.139369,-0.000288817,0.2,0,0.007993,1469.36,4776,nan,nan,nan,double
ecm,LKF,kalman,ground_charge,init_error,1,0.568744,0.727197,0.5215,0.822815,-0.822789,-1,1,0.00507342,333.812,4680,nan,nan,nan,double
ecm,IEKF,kalman,ground_charge,init_error,1,0.00052794,0.000142598,0.000241989,0.00884365,-9.48238e-05,0,0,0.00248234,598.438,4336,nan,nan,nan,double
ecm,CKF,kalman,ground_charge,init_error,1,0.00488343,0.000611734,0.002288,0.148677,-0.00040041,63,0,0.0265653,1281.41,4560,nan,nan,nan,double
ecm,SCKF,kalman,ground_charge,init_error,1,0.00488343,0.000611734,0.002288,0.148677,-0.00040041,63,0,0.0265653,1709.27,4696,nan,nan,nan,double
ecm,CKF5,kalman,ground_charge,init_error,1,0.00454526,0.000555485,0.00207368,0.14217,-0.000384266,56.7,0,0.0265419,4232.47,5624,nan,nan,nan,double
ecm,CDKF,kalman,ground_charge,init_error,1,0.00454526,0.000555485,0.00207368,0.14217,-0.000384266,56.7,0,0.0265419,1447.07,4312,nan,nan,nan,double
ecm,GHKF,kalman,ground_charge,init_error,1,0.00454526,0.000555485,0.00207368,0.14217,-0.000384266,56.7,0,0.0265419,12102.2,10784,nan,nan,nan,double
ecm,IPLF,kalman,ground_charge,init_error,1,0.000898194,0.000377295,0.00062964,0.00875469,0.000232996,0,0,0.00780928,2033.75,4784,nan,nan,nan,double
ecm,EIF,kalman,ground_charge,init_error,1,0.0824697,0.0377599,0.0716448,0.160574,-0.0135078,3353.5,0,0.00318094,1228.54,4472,nan,nan,nan,double
ecm,SR-EKF,kalman,ground_charge,init_error,1,0.0824697,0.0377599,0.0716448,0.160574,-0.0135078,3353.5,0,0.00318094,832.042,4440,nan,nan,nan,double
ecm,SR-UKF,kalman,ground_charge,init_error,1,0.00142287,0.000266027,0.000542892,0.139369,-0.000288817,0.2,0,0.007993,1581.1,4896,nan,nan,nan,double
ecm,UD-EKF,kalman,ground_charge,init_error,1,0.0824697,0.0377599,0.0716448,0.160574,-0.0135078,3353.5,0,0.00318094,487.826,4480,nan,nan,nan,double
ecm,SO-EKF,kalman,ground_charge,init_error,1,0.00133878,0.000343572,0.000539051,0.139089,-0.000357849,0.2,0,0.00802914,4280.66,4496,nan,nan,nan,double
ecm,SageHusa-AKF,adaptive_kalman,ground_charge,init_error,1,0.0837196,0.0364363,0.0718259,0.160572,-0.0124395,3304.9,0,0.022837,555.057,4808,nan,nan,nan,double
ecm,IAE-AKF,adaptive_kalman,ground_charge,init_error,1,0.0831308,0.0364384,0.0714159,0.160572,-0.0123457,3303.4,0,0.0183965,503.236,5040,nan,nan,nan,double
ecm,VB-AKF,adaptive_kalman,ground_charge,init_error,1,0.0666381,0.0262343,0.0555878,0.132824,-0.00845282,3073.7,0,0.0304519,879.748,4408,nan,nan,nan,double
ecm,STF,adaptive_kalman,ground_charge,init_error,1,0.00163677,0.00183956,0.000958386,0.118379,0.000968594,0.3,0,0.00273607,545.287,4680,nan,nan,nan,double
ecm,Fading-EKF,adaptive_kalman,ground_charge,init_error,1,0.00541089,0.000456434,0.00215681,0.118379,0.000196269,87.8,0,0.00319894,508.816,4384,nan,nan,nan,double
ecm,Fuzzy-AKF,adaptive_kalman,ground_charge,init_error,1,0.0833369,0.0364805,0.0715677,0.160574,-0.012368,3304.8,0,0.0196847,736.681,4816,nan,nan,nan,double
ecm,IMM,adaptive_kalman,ground_charge,init_error,1,0.033665,0.010665,0.0263085,0.118412,-0.00334486,1651.8,0,0.00335861,2085.58,4976,nan,nan,nan,double
ecm,MMAE,adaptive_kalman,ground_charge,init_error,1,0.0597756,0.0240085,0.0419106,0.160502,0.00226035,1388.6,0,0.00300521,1811.89,13200,-0.482418,nan,nan,double
ecm,Schmidt-KF,robust_kalman,ground_charge,init_error,1,0.0621269,0.0284886,0.04473,0.16337,0.00402573,1122.1,0,0.0664993,1310.71,8856,nan,nan,nan,double
ecm,Hinf-EKF,robust_kalman,ground_charge,init_error,1,0.0803934,0.0316754,0.0674505,0.160574,-0.00750413,3110,0,0.00316437,806.236,4408,nan,nan,nan,double
ecm,Huber-EKF,robust_kalman,ground_charge,init_error,1,0.0778687,0.0348808,0.0672567,0.154589,-0.012091,3287.7,0,0.00608443,652.38,4368,nan,nan,nan,double
ecm,MC-EKF,robust_kalman,ground_charge,init_error,1,0.0711102,0.0314941,0.0611781,0.141613,-0.0104339,3195.9,0,0.0108718,1017.77,4384,nan,nan,nan,double
ecm,StudentT-KF,robust_kalman,ground_charge,init_error,1,0.0772146,0.0344357,0.0665919,0.153341,-0.0116676,3268.8,0,0.0065933,725.576,4568,nan,nan,nan,double
ecm,Constrained-EKF,robust_kalman,ground_charge,init_error,1,0.079672,0.0360374,0.0690356,0.155121,-0.0130348,3312,0,0.0030514,640.535,4416,nan,nan,nan,double
ecm,ReducedOrder-EKF,robust_kalman,ground_charge,init_error,1,0.0124853,0.000353785,0.00263143,0.128607,0.000298182,125.6,0,0.00918586,329.373,4272,nan,nan,nan,double
ecm,SVSF,robust_kalman,ground_charge,init_error,1,0.0867615,0.0393246,0.0751234,0.170897,-0.0131139,3341.4,0,0.00330554,592.638,4376,nan,nan,nan,double
ecm,Luenberger,observers,ground_charge,init_error,1,0.00889679,0.000397311,0.00293615,0.161743,0.00032968,180.7,0,0.00422789,481.102,4632,nan,nan,nan,double
ecm,SSKF,observers,ground_charge,init_error,1,0.00889679,0.000397311,0.00293615,0.161743,0.00032968,180.7,0,0.00422789,409.772,4632,nan,nan,nan,double
ecm,PI-Observer,observers,ground_charge,init_error,1,0.0169841,0.000818286,0.00316859,0.179934,0.000341547,110.7,0,0.0651745,429.705,4824,nan,nan,nan,double
ecm,SMO,observers,ground_charge,init_error,1,0.00844791,0.000480182,0.00274404,0.161713,0.000345761,165.7,0,0.00422377,488.626,4800,nan,nan,nan,double
ecm,SMO-Adaptive,observers,ground_charge,init_error,1,0.00813303,0.000413481,0.00258912,0.161713,0.00033711,154.5,0,0.00422245,525.982,4800,nan,nan,nan,double
ecm,SuperTwisting-SMO,observers,ground_charge,init_error,1,0.0243182,0.000609412,0.00499325,0.179945,0.000355655,143.5,0,0.0442173,139.758,4280,nan,nan,nan,double
ecm,HGO,observers,ground_charge,init_error,1,0.00876307,0.000397312,0.00288591,0.161743,0.00032968,176.6,0,0.00424272,490.741,4680,nan,nan,nan,double
ecm,ESO,observers,ground_charge,init_error,1,0.00677372,0.000974541,0.00208968,0.173647,0.000331765,110.3,0,0.00594157,1480.76,4784,nan,nan,nan,double
ecm,UIO,observers,ground_charge,init_error,1,0.036757,0.038522,0.0204529,0.190688,-0.0975188,441,0,0.020971,1278.54,5072,nan,nan,nan,double
ecm,DOB,observers,ground_charge,init_error,1,0.010071,0.00143649,0.00557121,0.144986,-7.42644e-05,188,0,0.00323769,749.032,4784,nan,nan,nan,double
ecm,AdaptiveObserver,observers,ground_charge,init_error,1,0.00987064,0.00234358,0.00510002,0.161743,0.000322263,196.6,0,0.00421974,910.406,4864,0.0134707,nan,nan,double
ecm,IntervalObserver,observers,ground_charge,init_error,1,0.00889679,0.000397311,0.00293615,0.161743,0.00032968,180.7,0,0.00422789,794.346,9024,nan,0,0.31788,double
ecm,JointEKF,soh,ground_charge,init_error,1,0.062576,0.0627195,0.052517,0.170716,0.0206444,671.6,0,0.00562909,1222.97,8752,-0.953024,nan,nan,double
ecm,JointUKF,soh,ground_charge,init_error,1,0.0454709,0.0371703,0.0426761,0.139648,0.00732978,3070.4,0,0.00810665,3155.91,9600,0.404955,nan,nan,double
ecm,DualEKF,soh,ground_charge,init_error,1,0.108177,0.114176,0.0990615,0.161702,0.0341855,1143.8,0,0.0034058,1286.53,4752,-1.36117,nan,nan,double
ecm,DualUKF,soh,ground_charge,init_error,1,0.0377947,0.0382046,0.0318573,0.139369,-0.0277191,998.3,0,0.0080256,2420.59,5512,2.00679,nan,nan,double
ecm,RLS-EKF,soh,ground_charge,init_error,1,0.0744877,0.0187882,0.0573856,0.160574,-0.00339547,2280.2,0,0.00321818,491.093,8904,nan,nan,nan,double
ecm,AWTLS,soh,ground_charge,init_error,1,0.0824697,0.0377599,0.0716448,0.160574,-0.0135078,3353.5,0,0.00318094,476.34,8776,0.0142217,nan,nan,double
ecm,PF-Bootstrap,particle,ground_charge,init_error,1,0.00204127,0.00254582,0.00148129,0.0104916,-0.000225522,0,0,0.00476759,76895,46472,nan,nan,nan,double
ecm,PF-Fast,particle,ground_charge,init_error,1,0.00323736,0.00419028,0.00225133,0.0155035,0.000208942,0,0,0.00465721,17815.2,9664,nan,nan,nan,double
ecm,PF-Regularized,particle,ground_charge,init_error,1,0.00181067,0.00136976,0.00145741,0.00817595,-0.000290466,0,0,0.00476575,82341.5,46464,nan,nan,nan,double
ecm,PF-Auxiliary,particle,ground_charge,init_error,1,0.00185785,0.0017321,0.00133738,0.00836729,0.000697314,0,0,0.00477201,106190,54584,nan,nan,nan,double
ecm,RBPF,particle,ground_charge,init_error,1,0.00122676,0.000680531,0.00105714,0.00811499,-6.75597e-05,0,0,0.00488663,40524.6,34016,nan,nan,nan,double
ecm,UPF,particle,ground_charge,init_error,1,0.00508355,0.0060374,0.00354772,0.0285917,-0.00150607,0,0,0.00444728,18499.1,25360,nan,nan,nan,double
ecm,EnKF,particle,ground_charge,init_error,1,0.00354263,0.00420378,0.00252254,0.0995669,-0.000418975,0.2,0,0.00464239,10866.5,6776,nan,nan,nan,double
ecm,ETKF,particle,ground_charge,init_error,1,0.00135377,0.000741732,0.000766475,0.0909754,-0.00147725,0.2,0,0.00472292,11652.8,5304,nan,nan,nan,double
ecm,GSF,particle,ground_charge,init_error,1,0.0169154,0.00412511,0.0120604,0.0562328,-0.00143491,727.5,0,0.00496121,1869.46,9192,nan,nan,nan,double
ecm,NN-Direct,learning,ground_charge,init_error,1,0.292149,0.0885702,0.227462,0.524177,-0.0194804,2713.7,0,nan,649.932,15152,nan,nan,nan,double
ecm,NN-EKF,learning,ground_charge,init_error,1,0.0656363,0.0215637,0.0524983,0.139678,0.00387557,2792.3,0,0.00373684,1108.44,4376,nan,nan,nan,double
ecm,ELM-RLS-EKF,learning,ground_charge,init_error,1,0.08244,0.037756,0.0716169,0.160574,-0.0135068,3350.3,0,0.00315713,3347.87,11704,nan,nan,nan,double
ecm,MHE-RTI,optimization,ground_charge,init_error,1,0.00242363,0.00126486,0.00197875,0.118379,0.000238914,0.3,0,0.00272451,17468.5,26928,nan,nan,nan,double
ecm,MHE,optimization,ground_charge,init_error,1,0.00242055,0.00129403,0.00203827,0.0125992,0.000255203,0,0,0.00250115,31464,26928,nan,nan,nan,double
ecm,ERTS,smoothers,ground_charge,init_error,1,0.0596243,0.0236134,0.0492505,0.135946,-0.0135078,2857.5,0,0.00266347,945.888,22468632,nan,nan,nan,double
ecm,URTS,smoothers,ground_charge,init_error,1,0.000223614,0.000241907,0.00020139,0.000324855,-0.000288817,0,0,0.000678782,2519.64,22468656,nan,nan,nan,double
ecm,Batch-NLS,smoothers,ground_charge,init_error,1,0.000171968,0.000160639,0.000158389,0.000384789,-0.000384789,0,0,0.000678201,4562.96,31108952,nan,nan,nan,double
ecm,FixedLag-EKF,smoothers,ground_charge,init_error,1,0.0826945,0.0379479,0.0718678,0.160946,-0.0135073,3353.9,0,0.00318094,9998.51,19992,nan,nan,nan,double
ecm,CoulombCounting,baselines,ground_charge,current_bias,1,0.0189109,0.0251987,0.0161503,0.0353316,-0.0353316,0,0,0.0245468,80.2034,4184,nan,nan,nan,double
ecm,OCVLookup,baselines,ground_charge,current_bias,1,0.00447751,0.00476493,0.00385723,0.0137334,0.0042711,0,0,0.00632848,1317.99,4192,nan,nan,nan,double
ecm,CoulombOCVHybrid,baselines,ground_charge,current_bias,1,0.0143732,0.0182457,0.0118293,0.027627,0.00333866,0,0,0.0148708,271.299,4192,nan,nan,nan,double
ecm,EKF,kalman,ground_charge,current_bias,1,0.00322808,0.00428218,0.00268782,0.00671376,-0.00349293,0,0,0.000754702,483.153,4336,nan,nan,nan,double
ecm,UKF,kalman,ground_charge,current_bias,1,0.00318794,0.00422351,0.00265287,0.0128872,-0.00336279,0,0,0.000758989,1449.74,4776,nan,nan,nan,double
ecm,LKF,kalman,ground_charge,current_bias,1,0.0287025,0.0365303,0.026544,0.0411237,0.0381119,0,0,0.000828995,330.771,4680,nan,nan,nan,double
ecm,IEKF,kalman,ground_charge,current_bias,1,0.00337693,0.00409077,0.00291454,0.00624454,-0.00345328,0,0,0.000754058,598.665,4336,nan,nan,nan,double
ecm,CKF,kalman,ground_charge,current_bias,1,0.00304145,0.00390372,0.002565,0.0233269,-0.00290279,0.1,0,0.000816964,1238.49,4560,nan,nan,nan,double
ecm,SCKF,kalman,ground_charge,current_bias,1,0.00304145,0.00390372,0.002565,0.0233269,-0.00290279,0.1,0,0.000816964,1556.73,4696,nan,nan,nan,double
ecm,CKF5,kalman,ground_charge,current_bias,1,0.00301095,0.00391457,0.00252603,0.0233789,-0.00292178,0.1,0,0.000792351,4070.43,5624,nan,nan,nan,double
ecm,CDKF,kalman,ground_charge,current_bias,1,0.00301095,0.00391457,0.00252603,0.0233789,-0.00292178,0.1,0,0.000792351,1392.36,4312,nan,nan,nan,double
ecm,GHKF,kalman,ground_charge,current_bias,1,0.00301095,0.00391457,0.00252603,0.0233789,-0.00292178,0.1,0,0.000792351,12532.4,10784,nan,nan,nan,double
ecm,IPLF,kalman,ground_charge,current_bias,1,0.00342316,0.0036923,0.0029129,0.00783624,-0.00278239,0,0,0.0007557,2220.12,4784,nan,nan,nan,double
ecm,EIF,kalman,ground_charge,current_bias,1,0.00322808,0.00428218,0.00268782,0.00671376,-0.00349293,0,0,0.000754702,1334.35,4472,nan,nan,nan,double
ecm,SR-EKF,kalman,ground_charge,current_bias,1,0.00322808,0.00428218,0.00268782,0.00671376,-0.00349293,0,0,0.000754702,877.889,4440,nan,nan,nan,double
ecm,SR-UKF,kalman,ground_charge,current_bias,1,0.00318794,0.00422351,0.00265287,0.0128872,-0.00336279,0,0,0.000758989,1709.51,4896,nan,nan,nan,double
ecm,UD-EKF,kalman,ground_charge,current_bias,1,0.00322808,0.00428218,0.00268782,0.00671376,-0.00349293,0,0,0.000754702,528.753,4480,nan,nan,nan,double
ecm,SO-EKF,kalman,ground_charge,current_bias,1,0.00339934,0.00451704,0.00282008,0.0123969,-0.00405158,0,0,0.00075987,4514.22,4496,nan,nan,nan,double
ecm,SageHusa-AKF,adaptive_kalman,ground_charge,current_bias,1,0.00328017,0.0041965,0.00278446,0.00625244,-0.00361704,0,0,0.000754453,553.058,4808,nan,nan,nan,double
ecm,IAE-AKF,adaptive_kalman,ground_charge,current_bias,1,0.0032514,0.00417306,0.00276025,0.00627525,-0.00362637,0,0,0.00075369,532.334,5040,nan,nan,nan,double
ecm,VB-AKF,adaptive_kalman,ground_charge,current_bias,1,0.00336554,0.00447704,0.00278605,0.00674724,-0.00405022,0,0,0.000754641,881.202,4408,nan,nan,nan,double
ecm,STF,adaptive_kalman,ground_charge,current_bias,1,0.00576085,0.00720793,0.00474895,0.0329608,0.00344073,0,0,0.000829598,537.325,4680,nan,nan,nan,double
ecm,Fading-EKF,adaptive_kalman,ground_charge,current_bias,1,0.00420641,0.00528081,0.00356002,0.013315,0.00264269,0,0,0.000719799,506.819,4384,nan,nan,nan,double
ecm,Fuzzy-AKF,adaptive_kalman,ground_charge,current_bias,1,0.00329001,0.00439212,0.00271826,0.00668981,-0.0036331,0,0,0.000755063,737.827,4816,nan,nan,nan,double
ecm,IMM,adaptive_kalman,ground_charge,current_bias,1,0.00317071,0.00419651,0.002652,0.00627311,-0.0036485,0,0,0.000755003,2083.42,4976,nan,nan,nan,double
ecm,MMAE,adaptive_kalman,ground_charge,current_bias,1,0.00622069,0.00367184,0.00531755,0.0112314,-0.00155756,0,0,0.00074669,1803.31,13200,-0.0830879,nan,nan,double
ecm,Schmidt-KF,robust_kalman,ground_charge,current_bias,1,0.0329471,0.0328363,0.0309552,0.0504251,0.00411842,3014.8,0,0.0221281,1316.22,8856,nan,nan,nan,double
ecm,Hinf-EKF,robust_kalman,ground_charge,current_bias,1,0.00214991,0.00211427,0.00189658,0.005131,-0.00179314,0,0,0.000747818,806.02,4408,nan,nan,nan,double
ecm,Huber-EKF,robust_kalman,ground_charge,current_bias,1,0.00325537,0.00429247,0.00271856,0.00650077,-0.00362764,0,0,0.000749669,634.217,4368,nan,nan,nan,double
ecm,MC-EKF,robust_kalman,ground_charge,current_bias,1,0.00330274,0.00437931,0.00274006,0.0067182,-0.0036458,0,0,0.000752316,995.877,4384,nan,nan,nan,double
ecm,StudentT-KF,robust_kalman,ground_charge,current_bias,1,0.00335678,0.00432091,0.00283602,0.00668859,-0.00353805,0,0,0.000747523,705.257,4568,nan,nan,nan,double
ecm,Constrained-EKF,robust_kalman,ground_charge,current_bias,1,0.00324021,0.00430012,0.00269953,0.00671318,-0.00366614,0,0,0.00075484,598.614,4416,nan,nan,nan,double
ecm,ReducedOrder-EKF,robust_kalman,ground_charge,current_bias,1,0.00467629,0.00534486,0.00437552,0.0107676,0.0036789,0,0,0.000813134,330.394,4272,nan,nan,nan,double
ecm,SVSF,robust_kalman,ground_charge,current_bias,1,0.00312311,0.00409954,0.00260386,0.0063292,-0.0032289,0,0,0.00075378,593.88,4376,nan,nan,nan,double
ecm,Luenberger,observers,ground_charge,current_bias,1,0.00403737,0.00435951,0.00390982,0.0069396,0.00400802,0,0,0.000766299,462.22,4632,nan,nan,nan,double
ecm,SSKF,observers,ground_charge,current_bias,1,0.00403737,0.00435951,0.00390982,0.0069396,0.00400802,0,0,0.000766299,402.303,4632,nan,nan,nan,double
ecm,PI-Observer,observers,ground_charge,current_bias,1,0.00686958,0.00868595,0.00552814,0.0240437,0.00436684,0,0,0.00117792,431.039,4824,nan,nan,nan,double
ecm,SMO,observers,ground_charge,current_bias,1,0.00431989,0.00482548,0.00411574,0.00875017,0.00406545,0,0,0.000775333,510.872,4800,nan,nan,nan,double
ecm,SMO-Adaptive,observers,ground_charge,current_bias,1,0.00416058,0.004562,0.00400339,0.00770497,0.00403763,0,0,0.000770924,512.398,4800,nan,nan,nan,double
ecm,SuperTwisting-SMO,observers,ground_charge,current_bias,1,0.00660692,0.00827165,0.0054321,0.0238738,0.00437048,0,0,0.000676056,142.646,4280,nan,nan,nan,double
ecm,HGO,observers,ground_charge,current_bias,1,0.00403737,0.00435951,0.00390982,0.0069396,0.00400802,0,0,0.000766299,476.281,4680,nan,nan,nan,double
ecm,ESO,observers,ground_charge,current_bias,1,0.00657449,0.00821103,0.00541188,0.0243945,0.00435844,0,0,0.000764378,1336.71,4784,nan,nan,nan,double
ecm,UIO,observers,ground_charge,current_bias,1,0.010806,0.0150241,0.00666812,0.035673,0.00106585,0,0,0.00296172,1047.52,5072,nan,nan,nan,double
ecm,DOB,observers,ground_charge,current_bias,1,0.000378674,0.000337457,0.000312706,0.00158676,0.000317361,0,0,0.000875266,563.454,4784,nan,nan,nan,double
ecm,AdaptiveObserver,observers,ground_charge,current_bias,1,0.00430474,0.00471667,0.00414363,0.00768814,0.00399619,0,0,0.000763874,876.311,4864,0.0140601,nan,nan,double
ecm,IntervalObserver,observers,ground_charge,current_bias,1,0.00403737,0.00435951,0.00390982,0.0069396,0.00400802,0,0,0.000766299,782.815,9024,nan,0,0.37911,double
ecm,JointEKF,soh,ground_charge,current_bias,1,0.0475161,0.0386458,0.0449601,0.0665866,0.00749223,3150.7,0,0.000479044,1234.72,8752,0.190487,nan,nan,double
ecm,JointUKF,soh,ground_charge,current_bias,1,0.0470845,0.0379407,0.0441946,0.0661998,0.00612596,3080.5,0,0.000474167,3156.24,9600,0.211823,nan,nan,double
ecm,DualEKF,soh,ground_charge,current_bias,1,0.0618705,0.0634774,0.0545546,0.0855928,0.0162253,0,0,0.000805472,1277.68,4752,-0.0224471,nan,nan,double
ecm,DualUKF,soh,ground_charge,current_bias,1,0.0423155,0.0415,0.0355119,0.115565,-0.0346325,1100.1,0,0.00107605,2429.68,5512,1.46001,nan,nan,double
ecm,RLS-EKF,soh,ground_charge,current_bias,1,0.0275787,0.0273895,0.0262975,0.034232,0.00677479,0,0,0.000562213,498.865,8904,nan,nan,nan,double
ecm,AWTLS,soh,ground_charge,current_bias,1,0.00322808,0.00428218,0.00268782,0.00671376,-0.00349293,0,0,0.000754702,482.616,8776,0.0142217,nan,nan,double
ecm,PF-Bootstrap,particle,ground_charge,current_bias,1,0.00514609,0.00626144,0.00415044,0.023156,0.00398654,0,0,0.000830091,77269.7,46472,nan,nan,nan,double
ecm,PF-Fast,particle,ground_charge,current_bias,1,0.00743432,0.00906961,0.00565426,0.0304288,0.00277021,0,0,0.000998016,16195.9,9664,nan,nan,nan,double
ecm,PF-Regularized,particle,ground_charge,current_bias,1,0.00373188,0.00379184,0.00349635,0.00754327,0.00374213,0,0,0.00081713,81666.3,46464,nan,nan,nan,double
ecm,PF-Auxiliary,particle,ground_charge,current_bias,1,0.00621158,0.00743218,0.00519983,0.0198962,0.00567585,0,0,0.000853786,104033,54584,nan,nan,nan,double
ecm,RBPF,particle,ground_charge,current_bias,1,0.00227511,0.00282729,0.0018285,0.00587829,0.0037493,0,0,0.000856614,39824.2,34016,nan,nan,nan,double
ecm,UPF,particle,ground_charge,current_bias,1,0.00707481,0.00820164,0.00486129,0.0389531,0.00147364,0,0,0.00134849,18421.3,25360,nan,nan,nan,double
ecm,EnKF,particle,ground_charge,current_bias,1,0.00596865,0.00736167,0.0045789,0.0196309,0.00312418,0,0,0.000833091,10231.4,6776,nan,nan,nan,double
ecm,ETKF,particle,ground_charge,current_bias,1,0.0078899,0.0105979,0.00667116,0.0184831,-0.0126411,0,0,0.000936092,10586,5304,nan,nan,nan,double
ecm,GSF,particle,ground_charge,current_bias,1,0.00319971,0.00425144,0.00265391,0.00659988,-0.00349695,0,0,0.000757193,1812.34,9192,nan,nan,nan,double
ecm,NN-Direct,learning,ground_charge,current_bias,1,0.29166,0.0885849,0.226689,0.524843,-0.0156959,2724.8,0,nan,573.049,15152,nan,nan,nan,double
ecm,NN-EKF,learning,ground_charge,current_bias,1,0.00551292,0.00595906,0.00485228,0.0202304,0.00836144,1.1,0,0.000880677,1083.96,4376,nan,nan,nan,double
ecm,ELM-RLS-EKF,learning,ground_charge,current_bias,1,0.00342061,0.00458876,0.00280258,0.0067431,-0.00404605,0,0,0.000684408,3374.88,11704,nan,nan,nan,double
ecm,MHE-RTI,optimization,ground_charge,current_bias,1,0.0041982,0.00292779,0.00387153,0.0145633,0.000666144,0,0,0.000798105,17390.7,26928,nan,nan,nan,double
ecm,MHE,optimization,ground_charge,current_bias,1,0.00390501,0.00183888,0.00329553,0.0144296,0.000664951,0,0,0.000798179,31802.8,26928,nan,nan,nan,double
ecm,ERTS,smoothers,ground_charge,current_bias,1,0.00723902,0.00326175,0.00610474,0.0146264,-0.00349293,0,0,0.000718678,975.302,22468632,nan,nan,nan,double
ecm,URTS,smoothers,ground_charge,current_bias,1,0.00742616,0.00344972,0.0062996,0.0148694,-0.00336279,0,0,0.000719611,2489.47,22468656,nan,nan,nan,double
ecm,Batch-NLS,smoothers,ground_charge,current_bias,1,0.00806291,0.00417527,0.00698744,0.0156102,-0.00272047,0,0,0.000675746,3958.69,31108952,nan,nan,nan,double
ecm,FixedLag-EKF,smoothers,ground_charge,current_bias,1,0.00329654,0.00442007,0.00273674,0.00689252,-0.00347955,0,0,0.000754702,10082.9,19992,nan,nan,nan,double
ecm,CoulombCounting,baselines,ground_charge,noise_step,1,0.000566103,0.000797128,0.000376718,0.00150576,-0.00150576,0,0,0.00135252,81.7896,4184,nan,nan,nan,double
ecm,OCVLookup,baselines,ground_charge,noise_step,1,0.00835819,0.00825645,0.00726636,0.0218988,-0.00031437,0,0,0.00690576,1317.53,4192,nan,nan,nan,double
ecm,CoulombOCVHybrid,baselines,ground_charge,noise_step,1,0.000401999,0.000563625,0.000277461,0.00130358,-0.000290505,0,0,0.00108371,262.085,4192,nan,nan,nan,double
ecm,EKF,kalman,ground_charge,noise_step,1,0.00402309,0.00533606,0.00284689,0.0106254,-0.00980276,0,0,0.00316554,507.14,4336,nan,nan,nan,double
ecm,UKF,kalman,ground_charge,noise_step,1,0.00804334,0.0112112,0.0050559,0.0203046,-0.0193872,0,0,0.0031737,1438.04,4776,nan,nan,nan,double
ecm,LKF,kalman,ground_charge,noise_step,1,0.0310559,0.0406518,0.0278619,0.0453975,0.0448377,0,0,0.00314023,335.205,4680,nan,nan,nan,double
ecm,IEKF,kalman,ground_charge,noise_step,1,0.00557205,0.00695255,0.00480934,0.01244,0.00581653,0,0,0.00316877,580.481,4336,nan,nan,nan,double
ecm,CKF,kalman,ground_charge,noise_step,1,0.00615115,0.00854258,0.00363204,0.0225771,-0.0146956,0.1,0,0.00318397,1231.79,4560,nan,nan,nan,double
ecm,SCKF,kalman,ground_charge,noise_step,1,0.00615115,0.00854258,0.00363204,0.0225771,-0.0146956,0.1,0,0.00318397,1590.62,4696,nan,nan,nan,double
ecm,CKF5,kalman,ground_charge,noise_step,1,0.00626093,0.00867414,0.00374776,0.0223569,-0.015329,0.1,0,0.00317818,3981.15,5624,nan,nan,nan,double
ecm,CDKF,kalman,ground_charge,noise_step,1,0.00626093,0.00867414,0.00374776,0.0223569,-0.015329,0.1,0,0.00317818,1358.84,4312,nan,nan,nan,double
ecm,GHKF,kalman,ground_charge,noise_step,1,0.00626093,0.00867414,0.00374776,0.0223569,-0.015329,0.1,0,0.00317818,11900.5,10784,nan,nan,nan,double
ecm,IPLF,kalman,ground_charge,noise_step,1,0.004914,0.00598284,0.00398642,0.0129806,0.00650082,0,0,0.0031679,2058.67,4784,nan,nan,nan,double
ecm,EIF,kalman,ground_charge,noise_step,1,0.00402309,0.00533606,0.00284689,0.0106254,-0.00980276,0,0,0.00316554,1216.58,4472,nan,nan,nan,double
ecm,SR-EKF,kalman,ground_charge,noise_step,1,0.00402309,0.00533606,0.00284689,0.0106254,-0.00980276,0,0,0.00316554,823.678,4440,nan,nan,nan,double
ecm,SR-UKF,kalman,ground_charge,noise_step,1,0.00804334,0.0112112,0.0050559,0.0203046,-0.0193872,0,0,0.0031737,1560.87,4896,nan,nan,nan,double
ecm,UD-EKF,kalman,ground_charge,noise_step,1,0.00402309,0.00533606,0.00284689,0.0106254,-0.00980276,0,0,0.00316554,492.544,4480,nan,nan,nan,double
ecm,SO-EKF,kalman,ground_charge,noise_step,1,0.00248358,0.00326099,0.00169542,0.0146839,-0.00485626,0,0,0.00316674,4244.41,4496,nan,nan,nan,double
ecm,SageHusa-AKF,adaptive_kalman,ground_charge,noise_step,1,0.000480464,0.00016423,0.000208733,0.00717457,-0.000173501,0,0,0.00103774,551.367,4808,nan,nan,nan,double
ecm,IAE-AKF,adaptive_kalman,ground_charge,noise_step,1,0.000465296,0.000161807,0.000205694,0.00726273,-0.000170237,0,0,0.00103555,501.983,5040,nan,nan,nan,double
ecm,VB-AKF,adaptive_kalman,ground_charge,noise_step,1,0.000462468,0.000169403,0.000213037,0.00708273,-0.000174571,0,0,0.00103329,873.808,4408,nan,nan,nan,double
ecm,STF,adaptive_kalman,ground_charge,noise_step,1,0.0274673,0.0343886,0.0182106,0.21359,0.00904697,0,0,0.019166,572.272,4680,nan,nan,nan,double
ecm,Fading-EKF,adaptive_kalman,ground_charge,noise_step,1,0.0141248,0.019864,0.00787665,0.0530149,-0.00387203,0,0,0.00282283,512.432,4384,nan,nan,nan,double
ecm,Fuzzy-AKF,adaptive_kalman,ground_charge,noise_step,1,0.000480036,0.000171087,0.000214686,0.00714573,-0.000205613,0,0,0.00104476,730.122,4816,nan,nan,nan,double
ecm,IMM,adaptive_kalman,ground_charge,noise_step,1,0.000475268,0.000170774,0.0002194,0.00709213,-0.000173259,0,0,0.00104126,2091.14,4976,nan,nan,nan,double
ecm,MMAE,adaptive_kalman,ground_charge,noise_step,1,0.0053718,0.00534363,0.00475687,0.0104869,-0.00909231,0,0,0.00317226,1805.83,13200,-0.0105144,nan,nan,double
ecm,Schmidt-KF,robust_kalman,ground_charge,noise_step,1,0.0423859,0.0467001,0.0350276,0.0946542,-0.00953148,0,0,0.029271,1343.15,8856,nan,nan,nan,double
ecm,Hinf-EKF,robust_kalman,ground_charge,noise_step,1,0.00727435,0.00934586,0.00563258,0.0179949,-0.00938519,0,0,0.00317199,796.861,4408,nan,nan,nan,double
ecm,Huber-EKF,robust_kalman,ground_charge,noise_step,1,0.000602375,0.00056855,0.000385501,0.00711709,-0.000344979,0,0,0.00162703,662.728,4368,nan,nan,nan,double
ecm,MC-EKF,robust_kalman,ground_charge,noise_step,1,0.000890187,0.000937521,0.000676443,0.00753617,-0.000935051,0,0,0.00212389,1145.95,4384,nan,nan,nan,double
ecm,StudentT-KF,robust_kalman,ground_charge,noise_step,1,0.000553031,0.000420922,0.000327325,0.00694543,-0.000249622,0,0,0.00150919,770.789,4568,nan,nan,nan,double
ecm,Constrained-EKF,robust_kalman,ground_charge,noise_step,1,0.00479702,0.00644867,0.00335041,0.0121696,-0.00966585,0,0,0.00316759,591.166,4416,nan,nan,nan,double
ecm,ReducedOrder-EKF,robust_kalman,ground_charge,noise_step,1,0.000855732,0.000833224,0.000533663,0.00765445,0.00017636,0,0,0.00159725,329.272,4272,nan,nan,nan,double
ecm,SVSF,robust_kalman,ground_charge,noise_step,1,0.204415,0.281702,0.15721,0.367277,-0.364253,0,1,0.00961251,590.006,4376,nan,nan,nan,double
ecm,Luenberger,observers,ground_charge,noise_step,1,0.00621206,0.00846533,0.00419382,0.0221325,-0.00107275,0,0,0.00360538,2183.17,4632,nan,nan,nan,double
ecm,SSKF,observers,ground_charge,noise_step,1,0.00621206,0.00846533,0.00419382,0.0221325,-0.00107275,0,0,0.00360538,1741.92,4632,nan,nan,nan,double
ecm,PI-Observer,observers,ground_charge,noise_step,1,0.00215374,0.0025888,0.00146529,0.0144157,-0.000220091,0,0,0.00367247,1558.3,4824,nan,nan,nan,double
ecm,SMO,observers,ground_charge,noise_step,1,0.0060128,0.00815938,0.00418689,0.0226718,-0.0011373,0,0,0.00363385,2264.99,4800,nan,nan,nan,double
ecm,SMO-Adaptive,observers,ground_charge,noise_step,1,0.00587475,0.00783471,0.00418307,0.0213168,-0.00116191,0,0,0.0038221,2841.98,4800,nan,nan,nan,double
ecm,SuperTwisting-SMO,observers,ground_charge,noise_step,1,0.00146994,0.00164214,0.000973851,0.0101507,0.000303609,0,0,0.00110607,134.554,4280,nan,nan,nan,double
ecm,HGO,observers,ground_charge,noise_step,1,0.00599419,0.00814509,0.00414712,0.020605,-0.00116021,0,0,0.00360599,2223.69,4680,nan,nan,nan,double
ecm,ESO,observers,ground_charge,noise_step,1,0.00736956,0.00991795,0.00449386,0.0481913,-0.000605321,0,0,0.00357269,9692.28,4784,nan,nan,nan,double
ecm,UIO,observers,ground_charge,noise_step,1,0.0224539,0.031671,0.0103308,0.196838,-0.103906,0,0,0.0158012,1804.33,5072,nan,nan,nan,double
ecm,DOB,observers,ground_charge,noise_step,1,0.00219222,0.0023785,0.00164751,0.00988965,0.000404121,0,0,0.00504701,3519.53,4784,nan,nan,nan,double
ecm,AdaptiveObserver,observers,ground_charge,noise_step,1,0.00593153,0.00803606,0.00410365,0.0223823,-0.00107642,0,0,0.00360765,2659.24,4864,0.0199273,nan,nan,double
ecm,IntervalObserver,observers,ground_charge,noise_step,1,0.00621206,0.00846533,0.00419382,0.0221325,-0.00107275,0,0,0.00360538,2129.56,9024,nan,0,0.378949,double
ecm,JointEKF,soh,ground_charge,noise_step,1,0.0406617,0.0420292,0.0367132,0.0799448,0.0034082,3009.1,0,0.0031737,1252.6,8752,0.369034,nan,nan,double
ecm,JointUKF,soh,ground_charge,noise_step,1,0.0303085,0.0215097,0.0264012,0.066977,-0.0194619,1523.1,0,0.00318647,3204.22,9600,0.43602,nan,nan,double
ecm,DualEKF,soh,ground_charge,noise_step,1,0.040281,0.0456317,0.0354735,0.0640952,0.011885,0,0,0.00320482,1277.84,4752,-0.0189315,nan,nan,double
ecm,DualUKF,soh,ground_charge,noise_step,1,0.0454669,0.0477047,0.0381111,0.116468,-0.0693659,1050.5,0,0.00331518,2393.52,5512,2.14785,nan,nan,double
ecm,RLS-EKF,soh,ground_charge,noise_step,1,0.0107673,0.0095657,0.00840455,0.0223556,-0.00988415,0,0,0.00324504,497.511,8904,nan,nan,nan,double
ecm,AWTLS,soh,ground_charge,noise_step,1,0.00402309,0.00533606,0.00284689,0.0106254,-0.00980276,0,0,0.00316554,474.468,8776,0.0142217,nan,nan,double
ecm,PF-Bootstrap,particle,ground_charge,noise_step,1,0.00705746,0.00917265,0.00441709,0.0343651,0.0010772,0,0,0.0034831,92231.7,46472,nan,nan,nan,double
ecm,PF-Fast,particle,ground_charge,noise_step,1,0.00654811,0.00772001,0.00480458,0.036484,0.00297646,0,0,0.00458536,19327.8,9664,nan,nan,nan,double
ecm,PF-Regularized,particle,ground_charge,noise_step,1,0.00470563,0.00528392,0.00353956,0.0195384,-0.000105428,0,0,0.00352549,99023.8,46464,nan,nan,nan,double
ecm,PF-Auxiliary,particle,ground_charge,noise_step,1,0.00318925,0.00318606,0.00251372,0.0126246,-0.000547256,0,0,0.00273738,105392,54584,nan,nan,nan,double
ecm,RBPF,particle,ground_charge,noise_step,1,0.0195328,0.024464,0.0123646,0.0831274,0.00387557,0,0,0.0054274,44020.8,34016,nan,nan,nan,double
ecm,UPF,particle,ground_charge,noise_step,1,0.00903993,0.00980305,0.00706408,0.0405268,0.00880034,0,0,0.00683304,18031,25360,nan,nan,nan,double
ecm,EnKF,particle,ground_charge,noise_step,1,0.0461523,0.0573696,0.0341023,0.150467,-0.0911558,0,0,0.00329912,10152.8,6776,nan,nan,nan,double
ecm,ETKF,particle,ground_charge,noise_step,1,0.00716481,0.0086683,0.00611571,0.0181884,-0.00853839,0,0,0.00321433,10475,5304,nan,nan,nan,double
ecm,GSF,particle,ground_charge,noise_step,1,0.00464956,0.00546838,0.00304609,0.043971,-0.00625929,0,0,0.0031745,1762.93,9192,nan,nan,nan,double
ecm,NN-Direct,learning,ground_charge,noise_step,1,0.292164,0.0886105,0.227481,0.524177,-0.0186056,2725.4,0,nan,583.309,15152,nan,nan,nan,double
ecm,NN-EKF,learning,ground_charge,noise_step,1,0.00831378,0.00948193,0.00746633,0.0228397,0.0105298,15.9,0,0.00209614,1068.87,4376,nan,nan,nan,double
ecm,ELM-RLS-EKF,learning,ground_charge,noise_step,1,0.00663912,0.00927785,0.00405702,0.0179504,-0.0144853,0,0,0.00316705,2071.98,11704,nan,nan,nan,double
ecm,MHE-RTI,optimization,ground_charge,noise_step,1,0.0157888,0.0182137,0.0133403,0.0344652,-0.00265049,0,0,0.00410079,17331.3,26928,nan,nan,nan,double
ecm,MHE,optimization,ground_charge,noise_step,1,0.00973799,0.0109339,0.00769678,0.026671,-0.00264959,0,0,0.00409723,37293.1,26928,nan,nan,nan,double
ecm,ERTS,smoothers,ground_charge,noise_step,1,0.00604959,0.00776978,0.00552954,0.00987572,-0.00980276,0,0,0.00240831,946.144,22468632,nan,nan,nan,double
ecm,URTS,smoothers,ground_charge,noise_step,1,0.0127427,0.0165735,0.0115739,0.0198376,-0.0193872,0,0,0.00243219,2500.96,22468656,nan,nan,nan,double
ecm,Batch-NLS,smoothers,ground_charge,noise_step,1,0.00183705,0.00183158,0.00182209,0.00222845,0.00106247,0,0,0.00240545,4550,31108952,nan,nan,nan,double
ecm,FixedLag-EKF,smoothers,ground_charge,noise_step,1,0.00412299,0.00540357,0.00302456,0.0105923,-0.00980646,0,0,0.00316554,10094.9,19992,nan,nan,nan,double
ecm,CoulombCounting,baselines,ground_charge,outliers,1,0.000553968,0.000780306,0.00036673,0.00147067,-0.00147067,0,0,0.00133635,82.2865,4184,nan,nan,nan,double
ecm,OCVLookup,baselines,ground_charge,outliers,1,0.00711891,0.00560254,0.00662282,0.0120583,-0.000464657,0,0,0.00643238,1309.18,4192,nan,nan,nan,double
ecm,CoulombOCVHybrid,baselines,ground_charge,outliers,1,0.000339745,0.000475362,0.000228058,0.00105984,-0.000307806,0,0,0.00100398,261.947,4192,nan,nan,nan,double
ecm,EKF,kalman,ground_charge,outliers,1,0.00567112,0.0039565,0.00455963,0.0223636,-0.00452121,118.5,0,0.00207317,489.165,4336,nan,nan,nan,double
ecm,UKF,kalman,ground_charge,outliers,1,0.0063722,0.00588546,0.00517145,0.0277511,-0.00933544,78.8,0,0.00208316,1476.98,4776,nan,nan,nan,double
ecm,LKF,kalman,ground_charge,outliers,1,0.0310531,0.040602,0.0279222,0.0450072,0.0447991,10.3,0,0.00209102,359.363,4680,nan,nan,nan,double
ecm,IEKF,kalman,ground_charge,outliers,1,0.00641503,0.00293648,0.00519653,0.0792008,0.000822566,43.8,0,0.00208148,603.86,4336,nan,nan,nan,double
ecm,CKF,kalman,ground_charge,outliers,1,0.00523845,0.0032894,0.00390658,0.0224853,-0.00486632,0.1,0,0.00210146,1276.54,4560,nan,nan,nan,double
ecm,SCKF,kalman,ground_charge,outliers,1,0.00523845,0.0032894,0.00390658,0.0224853,-0.00486632,0.1,0,0.00210146,1585.88,4696,nan,nan,nan,double
ecm,CKF5,kalman,ground_charge,outliers,1,0.00556461,0.00339546,0.00419574,0.0222318,-0.00509803,79.6,0,0.00209539,4044.6,5624,nan,nan,nan,double
ecm,CDKF,kalman,ground_charge,outliers,1,0.00556461,0.00339546,0.00419574,0.0222318,-0.00509803,79.6,0,0.00209539,1382.11,4312,nan,nan,nan,double
ecm,GHKF,kalman,ground_charge,outliers,1,0.00556461,0.00339546,0.00419574,0.0222318,-0.00509803,79.6,0,0.00209539,11994,10784,nan,nan,nan,double
ecm,IPLF,kalman,ground_charge,outliers,1,0.00764773,0.00213463,0.00487338,0.0795802,2.05163e-05,208.2,0,0.00208527,2034.95,4784,nan,nan,nan,double
ecm,EIF,kalman,ground_charge,outliers,1,0.00567112,0.0039565,0.00455963,0.0223636,-0.00452121,118.5,0,0.00207317,1212.57,4472,nan,nan,nan,double
ecm,SR-EKF,kalman,ground_charge,outliers,1,0.00567112,0.0039565,0.00455963,0.0223636,-0.00452121,118.5,0,0.00207317,826.46,4440,nan,nan,nan,double
ecm,SR-UKF,kalman,ground_charge,outliers,1,0.0063722,0.00588546,0.00517145,0.0277511,-0.00933544,78.8,0,0.00208316,1563.83,4896,nan,nan,nan,double
ecm,UD-EKF,kalman,ground_charge,outliers,1,0.00567112,0.0039565,0.00455963,0.0223636,-0.00452121,118.5,0,0.00207317,487.022,4480,nan,nan,nan,double
ecm,SO-EKF,kalman,ground_charge,outliers,1,0.00467605,0.00384633,0.0040018,0.0296323,-0.00430451,0.3,0,0.00207887,4219.57,4496,nan,nan,nan,double
ecm,SageHusa-AKF,adaptive_kalman,ground_charge,outliers,1,0.00113497,0.000141003,0.000288208,0.019398,-0.000363664,0,0,0.00106309,548.431,4808,nan,nan,nan,double
ecm,IAE-AKF,adaptive_kalman,ground_charge,outliers,1,0.000861017,0.000117754,0.000220824,0.0199991,-0.000274563,0,0,0.000946591,499.858,5040,nan,nan,nan,double
ecm,VB-AKF,adaptive_kalman,ground_charge,outliers,1,0.000829196,0.000133293,0.000219654,0.0127348,-0.000361296,0,0,0.000967275,872.433,4408,nan,nan,nan,double
ecm,STF,adaptive_kalman,ground_charge,outliers,1,0.0167921,0.0198877,0.00762231,0.156543,-0.00248643,-1,0,0.0134245,554.221,4680,nan,nan,nan,double
ecm,Fading-EKF,adaptive_kalman,ground_charge,outliers,1,0.00471206,0.00650771,0.00267853,0.0258988,-0.000892242,0.3,0,0.00184463,507.347,4384,nan,nan,nan,double
ecm,Fuzzy-AKF,adaptive_kalman,ground_charge,outliers,1,0.00107295,0.000174517,0.000412225,0.0195097,-0.00030806,0,0,0.00140584,721.729,4816,nan,nan,nan,double
ecm,IMM,adaptive_kalman,ground_charge,outliers,1,0.00173359,0.00139563,0.00119576,0.0156396,-0.00170578,0,0,0.00089075,2038.06,4976,nan,nan,nan,double
ecm,MMAE,adaptive_kalman,ground_charge,outliers,1,0.00607618,0.00402569,0.00521841,0.0221158,-0.00410756,80.1,0,0.00207741,1789.82,13200,-0.00405901,nan,nan,double
ecm,Schmidt-KF,robust_kalman,ground_charge,outliers,1,0.0328824,0.0352621,0.0293894,0.0617738,0.003456,31,0,0.0257487,1300.79,8856,nan,nan,nan,double
ecm,Hinf-EKF,robust_kalman,ground_charge,outliers,1,0.00638403,0.00528689,0.00444341,0.0265497,-0.00567375,152,0,0.0020766,801.308,4408,nan,nan,nan,double
ecm,Huber-EKF,robust_kalman,ground_charge,outliers,1,0.000661607,0.000345859,0.000318694,0.00787532,-0.000379796,0,0,0.000752751,641.808,4368,nan,nan,nan,double
ecm,MC-EKF,robust_kalman,ground_charge,outliers,1,0.000693783,0.000336088,0.000325698,0.00660762,-0.000390241,0,0,0.000748031,994.606,4384,nan,nan,nan,double
ecm,StudentT-KF,robust_kalman,ground_charge,outliers,1,0.000602802,0.000106046,0.000220737,0.00781283,-0.000126497,0,0,0.000735378,701.168,4568,nan,nan,nan,double
ecm,Constrained-EKF,robust_kalman,ground_charge,outliers,1,0.00584314,0.00444602,0.00472447,0.0223636,-0.00604475,118.5,0,0.00207461,584.149,4416,nan,nan,nan,double
ecm,ReducedOrder-EKF,robust_kalman,ground_charge,outliers,1,0.000972376,0.000695029,0.000492541,0.0163272,-0.00022269,0,0,0.00115339,327.988,4272,nan,nan,nan,double
ecm,SVSF,robust_kalman,ground_charge,outliers,1,0.0409799,0.0472452,0.0371827,0.0844062,-0.080307,2461.6,0,0.00928625,586.779,4376,nan,nan,nan,double
ecm,Luenberger,observers,ground_charge,outliers,1,0.00234661,0.00264849,0.00185023,0.00947416,-0.000623338,0,0,0.00233327,893.127,4632,nan,nan,nan,double
ecm,SSKF,observers,ground_charge,outliers,1,0.00234661,0.00264849,0.00185023,0.00947416,-0.000623338,0,0,0.00233327,724.129,4632,nan,nan,nan,double
ecm,PI-Observer,observers,ground_charge,outliers,1,0.00286781,0.00344034,0.00166699,0.0132338,-0.000326278,0,0,0.00650944,661.534,4824,nan,nan,nan,double
ecm,SMO,observers,ground_charge,outliers,1,0.00265498,0.00330153,0.00195556,0.0114117,-0.000222727,0,0,0.00229296,997.628,4800,nan,nan,nan,double
ecm,SMO-Adaptive,observers,ground_charge,outliers,1,0.00300521,0.00384971,0.00216116,0.0128055,-0.00012384,0,0,0.00228581,1042.7,4800,nan,nan,nan,double
ecm,SuperTwisting-SMO,observers,ground_charge,outliers,1,0.000858817,0.000772369,0.000490453,0.0049339,0.000111546,0,0,0.000734877,142.796,4280,nan,nan,nan,double
ecm,HGO,observers,ground_charge,outliers,1,0.00234661,0.00264849,0.00185023,0.00947416,-0.000623338,0,0,0.00233327,886.628,4680,nan,nan,nan,double
ecm,ESO,observers,ground_charge,outliers,1,0.00681536,0.00932333,0.00344836,0.0495278,-0.000336806,0,0,0.00231674,3303.02,4784,nan,nan,nan,double
ecm,UIO,observers,ground_charge,outliers,1,0.0256308,0.0362181,0.00963968,0.214899,-0.134729,0,0,0.0160464,1087.51,5072,nan,nan,nan,double
ecm,DOB,observers,ground_charge,outliers,1,0.00153637,0.00138459,0.0011247,0.00886104,-8.80494e-05,0,0,0.00324635,1291.73,4784,nan,nan,nan,double
ecm,AdaptiveObserver,observers,ground_charge,outliers,1,0.0024817,0.00292158,0.00193403,0.00944626,-0.000623976,0,0,0.00233192,1353.49,4864,0.0159804,nan,nan,double
ecm,IntervalObserver,observers,ground_charge,outliers,1,0.00234661,0.00264849,0.00185023,0.00947416,-0.000623338,0,0,0.00233327,1114.36,9024,nan,0,0.380173,double
ecm,JointEKF,soh,ground_charge,outliers,1,0.0402974,0.0311,0.0373994,0.0756993,0.00571901,2983.5,0,0.00203728,1212.43,8752,0.366423,nan,nan,double
ecm,JointUKF,soh,ground_charge,outliers,1,0.0482127,0.0533088,0.0446968,0.086862,0.0141817,376.8,0,0.00216833,3133.95,9600,-0.617815,nan,nan,double
ecm,DualEKF,soh,ground_charge,outliers,1,0.0455296,0.0547263,0.0400688,0.077611,0.0179052,80.8,0,0.00214684,1268.52,4752,-0.0476752,nan,nan,double
ecm,DualUKF,soh,ground_charge,outliers,1,0.0416004,0.0223673,0.0314077,0.131094,-0.0163868,1206.1,0,0.00220834,2375.5,5512,1.40671,nan,nan,double
ecm,RLS-EKF,soh,ground_charge,outliers,1,0.00958932,0.00943097,0.0091167,0.0209848,0.0031542,7.4,0,0.0020708,488.456,8904,nan,nan,nan,double
ecm,AWTLS,soh,ground_charge,outliers,1,0.00567112,0.0039565,0.00455963,0.0223636,-0.00452121,118.5,0,0.00207317,480.388,8776,0.0142217,nan,nan,double
ecm,PF-Bootstrap,particle,ground_charge,outliers,1,0.00657799,0.00869382,0.00420547,0.0250728,0.00435987,0,0,0.00159318,78797.9,46472,nan,nan,nan,double
ecm,PF-Fast,particle,ground_charge,outliers,1,0.00403681,0.00484304,0.00275487,0.020069,-0.0016298,0,0,0.00165457,16546.7,9664,nan,nan,nan,double
ecm,PF-Regularized,particle,ground_charge,outliers,1,0.00442262,0.00527213,0.00338455,0.0163693,0.00220382,0,0,0.00160293,84022.1,46464,nan,nan,nan,double
ecm,PF-Auxiliary,particle,ground_charge,outliers,1,0.00327578,0.00306369,0.00260639,0.0119692,-0.000954367,0,0,0.00175172,103989,54584,nan,nan,nan,double
ecm,RBPF,particle,ground_charge,outliers,1,0.00851165,0.0061447,0.00674679,0.0282071,0.00425274,128.8,0,0.0020603,40798.3,34016,nan,nan,nan,double
ecm,UPF,particle,ground_charge,outliers,1,0.00587539,0.00623163,0.00430115,0.0328655,-0.000248908,39.3,0,0.004165,18058.8,25360,nan,nan,nan,double
ecm,EnKF,particle,ground_charge,outliers,1,0.0253108,0.0245744,0.0205008,0.0696826,-0.0159203,380.7,0,0.00222209,10152.4,6776,nan,nan,nan,double
ecm,ETKF,particle,ground_charge,outliers,1,0.00490219,0.00505825,0.00420914,0.0624043,-0.00209462,10.6,0,0.00214333,10525.6,5304,nan,nan,nan,double
ecm,GSF,particle,ground_charge,outliers,1,0.00661724,0.00400237,0.0040529,0.0758723,-0.00442067,33.5,0,0.00207574,1764.97,9192,nan,nan,nan,double
ecm,NN-Direct,learning,ground_charge,outliers,1,0.292142,0.0885883,0.227468,0.523974,-0.0204321,2720.3,0,nan,572.612,15152,nan,nan,nan,double
ecm,NN-EKF,learning,ground_charge,outliers,1,0.00834874,0.0091967,0.00742958,0.0291437,0.0105702,61.6,0,0.00145702,1075.18,4376,nan,nan,nan,double
ecm,ELM-RLS-EKF,learning,ground_charge,outliers,1,0.00595174,0.00445008,0.00463178,0.0223606,-0.00529263,80.1,0,0.00204472,3257.7,11704,nan,nan,nan,double
ecm,MHE-RTI,optimization,ground_charge,outliers,1,0.0156054,0.0137319,0.0136999,0.0474021,-0.00100362,226,0,0.00264728,17282.1,26928,nan,nan,nan,double
ecm,MHE,optimization,ground_charge,outliers,1,0.012174,0.0113037,0.00907696,0.0576031,-0.000993864,226,0,0.00264376,34253.9,26928,nan,nan,nan,double
ecm,ERTS,smoothers,ground_charge,outliers,1,0.00386253,0.00433494,0.00379747,0.00516742,-0.00452121,0,0,0.00160669,924.73,22468632,nan,nan,nan,double
ecm,URTS,smoothers,ground_charge,outliers,1,0.00650661,0.00811022,0.00614656,0.00947412,-0.00933544,0,0,0.00160792,2498.53,22468656,nan,nan,nan,double
ecm,Batch-NLS,smoothers,ground_charge,outliers,1,0.00129355,0.00158847,0.00119135,0.00191547,0.00078067,0,0,0.00160259,4476.12,31108952,nan,nan,nan,double
ecm,FixedLag-EKF,smoothers,ground_charge,outliers,1,0.00584865,0.00406602,0.00478111,0.0226343,-0.00452097,118.6,0,0.00207317,9895.95,19992,nan,nan,nan,double
ecm,CoulombCounting,baselines,ground_charge,cold,1,0.000372841,0.000489913,0.000278231,0.00102662,-0.00102662,0,0,0.00212706,79.4288,4184,nan,nan,nan,double
ecm,OCVLookup,baselines,ground_charge,cold,1,0.00606011,0.00228752,0.00502832,0.0107332,0.000518407,0,0,0.00562251,1316.88,4192,nan,nan,nan,double
ecm,CoulombOCVHybrid,baselines,ground_charge,cold,1,0.000777924,0.00108274,0.000462171,0.00250394,0.00231943,0,0,0.00194142,329.707,4192,nan,nan,nan,double
ecm,EKF,kalman,ground_charge,cold,1,0.000977425,0.000600393,0.000630869,0.00812232,-0.00112869,0,0,0.00182566,487.221,4336,nan,nan,nan,double
ecm,UKF,kalman,ground_charge,cold,1,0.00130596,0.000688005,0.00100764,0.0142418,-0.00101231,0,0,0.00182725,1483.46,4776,nan,nan,nan,double
ecm,LKF,kalman,ground_charge,cold,1,0.0152346,0.0140296,0.0135191,0.0256361,0.0256361,0,0,0.00184814,340.947,4680,nan,nan,nan,double
ecm,IEKF,kalman,ground_charge,cold,1,0.00352293,0.00286576,0.00342443,0.00721483,0.0029479,0,0,0.0018258,597.587,4336,nan,nan,nan,double
ecm,CKF,kalman,ground_charge,cold,1,0.000905928,0.000402953,0.00065734,0.0229838,-0.000501277,0.1,0,0.00185262,1267.37,4560,nan,nan,nan,double
ecm,SCKF,kalman,ground_charge,cold,1,0.000905928,0.000402953,0.00065734,0.0229838,-0.000501277,0.1,0,0.00185262,1589.89,4696,nan,nan,nan,double
ecm,CKF5,kalman,ground_charge,cold,1,0.00135791,0.000612665,0.00104438,0.0229176,-0.000696205,0.1,0,0.00184224,4085.29,5624,nan,nan,nan,double
ecm,CDKF,kalman,ground_charge,cold,1,0.00135791,0.000612665,0.00104438,0.0229176,-0.000696205,0.1,0,0.00184224,1386.27,4312,nan,nan,nan,double
ecm,GHKF,kalman,ground_charge,cold,1,0.00135791,0.000612665,0.00104438,0.0229176,-0.000696205,0.1,0,0.00184224,12063.3,10784,nan,nan,nan,double
ecm,IPLF,kalman,ground_charge,cold,1,0.00573502,0.00460087,0.00554717,0.00946012,0.00368197,0,0,0.001828,2040.48,4784,nan,nan,nan,double
ecm,EIF,kalman,ground_charge,cold,1,0.000977425,0.000600393,0.000630869,0.00812232,-0.00112869,0,0,0.00182566,1246.19,4472,nan,nan,nan,double
ecm,SR-EKF,kalman,ground_charge,cold,1,0.000977425,0.000600393,0.000630869,0.00812232,-0.00112869,0,0,0.00182566,828.222,4440,nan,nan,nan,double
ecm,SR-UKF,kalman,ground_charge,cold,1,0.00130596,0.000688005,0.00100764,0.0142418,-0.00101231,0,0,0.00182725,1568.4,4896,nan,nan,nan,double
ecm,UD-EKF,kalman,ground_charge,cold,1,0.000977425,0.000600393,0.000630869,0.00812232,-0.00112869,0,0,0.00182566,486.494,4480,nan,nan,nan,double
ecm,SO-EKF,kalman,ground_charge,cold,1,0.00126657,0.000718997,0.000804175,0.0137603,-0.00112307,0,0,0.00182718,4253.98,4496,nan,nan,nan,double
ecm,SageHusa-AKF,adaptive_kalman,ground_charge,cold,1,0.00314867,0.00178739,0.00277152,0.00814164,-0.00252904,0,0,0.00182418,553.932,4808,nan,nan,nan,double
ecm,IAE-AKF,adaptive_kalman,ground_charge,cold,1,0.00101074,0.00059138,0.00058969,0.0080758,-0.00107527,0,0,0.00182352,501.684,5040,nan,nan,nan,double
ecm,VB-AKF,adaptive_kalman,ground_charge,cold,1,0.000914439,0.00075077,0.000724625,0.00810832,-0.00111743,0,0,0.0018235,879.899,4408,nan,nan,nan,double
ecm,STF,adaptive_kalman,ground_charge,cold,1,0.00285938,0.00349198,0.00240216,0.0142192,0.00221438,0,0,0.00190387,531.243,4680,nan,nan,nan,double
ecm,Fading-EKF,adaptive_kalman,ground_charge,cold,1,0.00188649,0.000612485,0.00133613,0.0104418,0.00125553,0,0,0.00180935,506.452,4384,nan,nan,nan,double
ecm,Fuzzy-AKF,adaptive_kalman,ground_charge,cold,1,0.000906648,0.000635624,0.000585166,0.00816792,-0.00109476,0,0,0.0018244,736.874,4816,nan,nan,nan,double
ecm,IMM,adaptive_kalman,ground_charge,cold,1,0.000986469,0.000723015,0.00070097,0.00799289,-0.00113195,0,0,0.00182565,2076.34,4976,nan,nan,nan,double
ecm,MMAE,adaptive_kalman,ground_charge,cold,1,0.0114118,0.0119468,0.0108123,0.0165295,0.0128883,0,0,0.00182896,1811.5,13200,-0.210739,nan,nan,double
ecm,Schmidt-KF,robust_kalman,ground_charge,cold,1,0.103363,0.0983453,0.102437,0.124631,0.0961572,-1,0,0.0805881,1294.17,8856,nan,nan,nan,double
ecm,Hinf-EKF,robust_kalman,ground_charge,cold,1,0.0488904,0.0576657,0.0402942,0.140798,0.0314126,0,0,0.00185169,802.518,4408,nan,nan,nan,double
ecm,Huber-EKF,robust_kalman,ground_charge,cold,1,0.0012938,0.00118121,0.000963508,0.0077258,-0.0014886,0,0,0.00181854,645.279,4368,nan,nan,nan,double
ecm,MC-EKF,robust_kalman,ground_charge,cold,1,0.00221497,0.00176926,0.00196216,0.0077165,-0.00204119,0,0,0.00182285,1004.37,4384,nan,nan,nan,double
ecm,StudentT-KF,robust_kalman,ground_charge,cold,1,0.00113037,0.000545945,0.000879746,0.00762713,-0.00134933,0,0,0.00180909,695.427,4568,nan,nan,nan,double
ecm,Constrained-EKF,robust_kalman,ground_charge,cold,1,0.00102073,0.000730352,0.000705581,0.00812232,-0.00142366,0,0,0.00182567,588.669,4416,nan,nan,nan,double
ecm,ReducedOrder-EKF,robust_kalman,ground_charge,cold,1,0.000938919,0.000965746,0.000673814,0.00842681,0.00166322,0,0,0.00179648,328.565,4272,nan,nan,nan,double
ecm,SVSF,robust_kalman,ground_charge,cold,1,0.00158695,0.000528423,0.00116196,0.00791855,-0.00062509,0,0,0.00182878,583.832,4376,nan,nan,nan,double
ecm,Luenberger,observers,ground_charge,cold,1,0.00180831,0.00157483,0.00123124,0.00906681,0.00186792,0,0,0.00187021,276.379,4632,nan,nan,nan,double
ecm,SSKF,observers,ground_charge,cold,1,0.000863188,0.00103754,0.000656794,0.00423203,0.00176978,0,0,0.0018375,375.06,4632,nan,nan,nan,double
ecm,PI-Observer,observers,ground_charge,cold,1,0.0117182,0.00210769,0.00629426,0.0519302,0.00349612,401.3,0,0.00185177,874.67,4824,nan,nan,nan,double
ecm,SMO,observers,ground_charge,cold,1,0.00135931,0.0013415,0.000952001,0.00731456,0.0019702,0,0,0.00181798,315.121,4800,nan,nan,nan,double
ecm,SMO-Adaptive,observers,ground_charge,cold,1,0.00141586,0.00145943,0.0010045,0.00728705,0.0019401,0,0,0.00181986,307.879,4800,nan,nan,nan,double
ecm,SuperTwisting-SMO,observers,ground_charge,cold,1,0.0011575,0.00133329,0.000875708,0.00473547,0.00211048,0,0,0.00179409,140.264,4280,nan,nan,nan,double
ecm,HGO,observers,ground_charge,cold,1,0.00180831,0.00157483,0.00123124,0.00906681,0.00186792,0,0,0.00187021,286.663,4680,nan,nan,nan,double
ecm,ESO,observers,ground_charge,cold,1,0.0130222,0.00191466,0.0068658,0.0538428,0.00324136,88.5,0,0.00187311,906.752,4784,nan,nan,nan,double
ecm,UIO,observers,ground_charge,cold,1,0.00117854,0.00112908,0.000911939,0.00410573,0.00201216,0,0,0.00225623,508.344,5072,nan,nan,nan,double
ecm,DOB,observers,ground_charge,cold,1,0.000126376,7.35315e-05,9.53522e-05,0.000632486,6.58218e-05,0,0,0.00193121,355.324,4784,nan,nan,nan,double
ecm,AdaptiveObserver,observers,ground_charge,cold,1,0.00397117,0.00364324,0.00373308,0.00722702,0.00472598,0,0,0.00176606,713.894,4864,-0.0032859,nan,nan,double
ecm,IntervalObserver,observers,ground_charge,cold,1,0.000863188,0.00103754,0.000656794,0.00423203,0.00176978,0,0,0.0018375,755.385,9024,nan,0,0.513393,double
ecm,JointEKF,soh,ground_charge,cold,1,0.116077,0.104423,0.115062,0.139901,0.100254,-1,0,0.000583295,1223.08,8752,0.412272,nan,nan,double
ecm,JointUKF,soh,ground_charge,cold,1,0.113144,0.0993992,0.11185,0.138695,0.0932686,-1,0,0.000587316,3136.13,9600,0.447884,nan,nan,double
ecm,DualEKF,soh,ground_charge,cold,1,0.121825,0.14124,0.114363,0.144305,0.136941,0,0,0.00083613,1285.82,4752,-0.203588,nan,nan,double
ecm,DualUKF,soh,ground_charge,cold,1,0.0785738,0.0282164,0.0642946,0.153526,0.00489019,2828.3,0,0.0013674,2392.78,5512,2.50234,nan,nan,double
ecm,RLS-EKF,soh,ground_charge,cold,1,0.000977425,0.000600393,0.000630869,0.00812232,-0.00112869,0,0,0.00182566,490.101,8904,nan,nan,nan,double
ecm,AWTLS,soh,ground_charge,cold,1,0.000977425,0.000600393,0.000630869,0.00812232,-0.00112869,0,0,0.00182566,475.833,8776,0.00260934,nan,nan,double
ecm,PF-Bootstrap,particle,ground_charge,cold,1,0.00529823,0.00667193,0.00376522,0.0279812,0.0279812,0,0,0.00188208,76283.1,46472,nan,nan,nan,double
ecm,PF-Fast,particle,ground_charge,cold,1,0.00667061,0.00748669,0.00479946,0.0316294,0.0297445,0,0,0.00194256,15830,9664,nan,nan,nan,double
ecm,PF-Regularized,particle,ground_charge,cold,1,0.00244478,0.00290617,0.00188073,0.00928895,0.00894846,0,0,0.00185515,81044.1,46464,nan,nan,nan,double
ecm,PF-Auxiliary,particle,ground_charge,cold,1,0.00376428,0.00491418,0.00290109,0.0112744,0.00881017,0,0,0.00187613,104080,54584,nan,nan,nan,double
ecm,RBPF,particle,ground_charge,cold,1,0.000502311,0.000302142,0.000322569,0.00667051,-0.000429004,0,0,0.00186843,39726,34016,nan,nan,nan,double
ecm,UPF,particle,ground_charge,cold,1,0.00706276,0.00570958,0.00578961,0.0255273,-0.00262961,155.1,0,0.00220348,18310.8,25360,nan,nan,nan,double
ecm,EnKF,particle,ground_charge,cold,1,0.0248545,0.0341584,0.0154733,0.0787262,0.0410361,0,0,0.00191502,10285.7,6776,nan,nan,nan,double
ecm,ETKF,particle,ground_charge,cold,1,0.00547931,0.00533199,0.00525112,0.0183267,0.00411907,0,0,0.00189351,10578.5,5304,nan,nan,nan,double
ecm,GSF,particle,ground_charge,cold,1,0.00226081,0.0010425,0.00181728,0.00774459,-0.00109118,0,0,0.00182607,1815.41,9192,nan,nan,nan,double
ecm,NN-Direct,learning,ground_charge,cold,1,0.405407,0.233909,0.369682,0.711864,0.162955,-1,1,nan,601.653,15152,nan,nan,nan,double
ecm,NN-EKF,learning,ground_charge,cold,1,0.00684367,0.00172313,0.00485631,0.0249676,0.00276182,56.3,0,0.0017768,1101.5,4376,nan,nan,nan,double
ecm,ELM-RLS-EKF,learning,ground_charge,cold,1,0.0041366,0.0018544,0.00361456,0.00812232,-0.00208042,0,0,0.00164965,3348.35,11704,nan,nan,nan,double
ecm,MHE-RTI,optimization,ground_charge,cold,1,0.0169837,0.0130918,0.0161937,0.0289072,0.0106218,0,0,0.00186442,17303.3,26928,nan,nan,nan,double
ecm,MHE,optimization,ground_charge,cold,1,0.0166225,0.0120696,0.0158303,0.0270385,0.00799682,0,0,0.00186441,31483.4,26928,nan,nan,nan,double
ecm,ERTS,smoothers,ground_charge,cold,1,0.000415372,0.000574915,0.000280601,0.00112869,-0.00112869,0,0,0.00175063,934.657,22468632,nan,nan,nan,double
ecm,URTS,smoothers,ground_charge,cold,1,0.000361906,0.000492603,0.000248895,0.00101231,-0.00101231,0,0,0.00175113,2479.49,22468656,nan,nan,nan,double
ecm,Batch-NLS,smoothers,ground_charge,cold,1,0.00189802,0.00169193,0.00187047,0.00222686,0.00102017,0,0,0.00175063,4501.89,31108952,nan,nan,nan,double
ecm,FixedLag-EKF,smoothers,ground_charge,cold,1,0.00110939,0.000685475,0.000796984,0.00839827,-0.00118978,0,0,0.00182566,9982.4,19992,nan,nan,nan,double
ecm,CoulombCounting,baselines,ground_charge,hot,1,0.00160571,0.00222138,0.00123832,0.00322938,-0.00322938,0,0,0.00268234,78.6003,4184,nan,nan,nan,double
ecm,OCVLookup,baselines,ground_charge,hot,1,0.00710576,0.00581669,0.00646451,0.0104607,0.000427843,0,0,0.00648905,1310.97,4192,nan,nan,nan,double
ecm,CoulombOCVHybrid,baselines,ground_charge,hot,1,0.00107573,0.00144647,0.000788908,0.00245248,0.000350726,0,0,0.00147334,305.304,4192,nan,nan,nan,double
ecm,EKF,kalman,ground_charge,hot,1,0.000531209,0.000361432,0.000280662,0.00833231,-9.37349e-05,0,0,0.000520551,480.492,4336,nan,nan,nan,double
ecm,UKF,kalman,ground_charge,hot,1,0.000590161,0.000348389,0.000298282,0.0141899,-8.4762e-05,0,0,0.000527539,1448.77,4776,nan,nan,nan,double
ecm,LKF,kalman,ground_charge,hot,1,0.0362229,0.0476913,0.032201,0.0535206,0.0509773,0,0,0.000689095,332.396,4680,nan,nan,nan,double
ecm,IEKF,kalman,ground_charge,hot,1,0.000403828,0.000321775,0.000193632,0.00770244,-5.09716e-05,0,0,0.00052026,628.277,4336,nan,nan,nan,double
ecm,CKF,kalman,ground_charge,hot,1,0.000352486,0.000277698,0.000218464,0.0228347,-8.6922e-05,0.1,0,0.000605146,1288.28,4560,nan,nan,nan,double
ecm,SCKF,kalman,ground_charge,hot,1,0.000352486,0.000277698,0.000218464,0.0228347,-8.6922e-05,0.1,0,0.000605146,1588.63,4696,nan,nan,nan,double
ecm,CKF5,kalman,ground_charge,hot,1,0.000517414,0.000277095,0.000265899,0.0227045,-6.45156e-05,0.1,0,0.000572659,4046.93,5624,nan,nan,nan,double
ecm,CDKF,kalman,ground_charge,hot,1,0.000517414,0.000277095,0.000265899,0.0227045,-6.45156e-05,0.1,0,0.000572659,1386.66,4312,nan,nan,nan,double
ecm,GHKF,kalman,ground_charge,hot,1,0.000517414,0.000277095,0.000265899,0.0227045,-6.45156e-05,0.1,0,0.000572659,11981.9,10784,nan,nan,nan,double
ecm,IPLF,kalman,ground_charge,hot,1,0.000365609,0.000271042,0.000177381,0.0076915,-4.30486e-05,0,0,0.000527285,2020.39,4784,nan,nan,nan,double
ecm,EIF,kalman,ground_charge,hot,1,0.000531209,0.000361432,0.000280662,0.00833231,-9.37349e-05,0,0,0.000520551,1196.86,4472,nan,nan,nan,double
ecm,SR-EKF,kalman,ground_charge,hot,1,0.000531209,0.000361432,0.000280662,0.00833231,-9.37349e-05,0,0,0.000520551,814.147,4440,nan,nan,nan,double
ecm,SR-UKF,kalman,ground_charge,hot,1,0.000590161,0.000348389,0.000298282,0.0141899,-8.4762e-05,0,0,0.000527539,1550.53,4896,nan,nan,nan,double
ecm,UD-EKF,kalman,ground_charge,hot,1,0.000531209,0.000361432,0.000280662,0.00833231,-9.37349e-05,0,0,0.000520551,479.976,4480,nan,nan,nan,double
ecm,SO-EKF,kalman,ground_charge,hot,1,0.000584441,0.000413494,0.000305805,0.0137133,-0.0001104,0,0,0.000527114,4252.52,4496,nan,nan,nan,double
ecm,SageHusa-AKF,adaptive_kalman,ground_charge,hot,1,0.000564005,0.000453601,0.000317595,0.00833301,-0.000120846,0,0,0.000521633,551.755,4808,nan,nan,nan,double
ecm,IAE-AKF,adaptive_kalman,ground_charge,hot,1,0.000513463,0.000319213,0.000259621,0.00833301,-7.91074e-05,0,0,0.000520276,501.335,5040,nan,nan,nan,double
ecm,VB-AKF,adaptive_kalman,ground_charge,hot,1,0.00056073,0.000423717,0.000305464,0.00823266,-0.000109489,0,0,0.000520263,881.676,4408,nan,nan,nan,double
ecm,STF,adaptive_kalman,ground_charge,hot,1,0.00153369,0.00168291,0.000957855,0.0181068,0.00150195,0,0,0.000632948,536.321,4680,nan,nan,nan,double
ecm,Fading-EKF,adaptive_kalman,ground_charge,hot,1,0.00117148,0.000622957,0.000600663,0.00946224,0.000410776,0,0,0.000500586,507.936,4384,nan,nan,nan,double
ecm,Fuzzy-AKF,adaptive_kalman,ground_charge,hot,1,0.000523592,0.00033619,0.000265582,0.00833231,-6.96322e-05,0,0,0.000522106,732.213,4816,nan,nan,nan,double
ecm,IMM,adaptive_kalman,ground_charge,hot,1,0.000527967,0.000342837,0.000269135,0.00835113,-7.03531e-05,0,0,0.000520479,2090.28,4976,nan,nan,nan,double
ecm,MMAE,adaptive_kalman,ground_charge,hot,1,0.00288846,0.000358903,0.00190207,0.00833302,-2.3775e-05,0,0,0.000530281,1804.15,13200,0.0158222,nan,nan,double
ecm,Schmidt-KF,robust_kalman,ground_charge,hot,1,0.0158995,0.0158357,0.0138383,0.0280973,0.000394803,0,0,0.0110171,1317.22,8856,nan,nan,nan,double
ecm,Hinf-EKF,robust_kalman,ground_charge,hot,1,0.000509394,0.000278218,0.000236548,0.00839598,-7.55423e-05,0,0,0.000520574,811.144,4408,nan,nan,nan,double
ecm,Huber-EKF,robust_kalman,ground_charge,hot,1,0.000495373,0.000345516,0.000264348,0.00762853,-8.08383e-05,0,0,0.000505179,646.74,4368,nan,nan,nan,double
ecm,MC-EKF,robust_kalman,ground_charge,hot,1,0.000507759,0.000334855,0.000269156,0.00782561,-7.91675e-05,0,0,0.000514359,995.638,4384,nan,nan,nan,double
ecm,StudentT-KF,robust_kalman,ground_charge,hot,1,0.000496464,0.000330572,0.000262226,0.00740734,-8.02663e-05,0,0,0.000483497,698.818,4568,nan,nan,nan,double
ecm,Constrained-EKF,robust_kalman,ground_charge,hot,1,0.000528636,0.000354432,0.000277478,0.00833231,-9.42975e-05,0,0,0.000520569,586.556,4416,nan,nan,nan,double
ecm,ReducedOrder-EKF,robust_kalman,ground_charge,hot,1,0.000589893,0.000491668,0.000366983,0.00779686,0.000337909,0,0,0.000418562,328.758,4272,nan,nan,nan,double
ecm,SVSF,robust_kalman,ground_charge,hot,1,0.000596803,0.00029162,0.000268622,0.00671431,-6.28858e-05,0,0,0.000488102,588.489,4376,nan,nan,nan,double
ecm,Luenberger,observers,ground_charge,hot,1,0.0006356,0.00050721,0.000439979,0.00445498,0.000408129,0,0,0.000567403,411.429,4632,nan,nan,nan,double
ecm,SSKF,observers,ground_charge,hot,1,0.0006356,0.00050721,0.000439979,0.00445498,0.000408129,0,0,0.000567403,363.503,4632,nan,nan,nan,double
ecm,PI-Observer,observers,ground_charge,hot,1,0.000923925,0.000861616,0.000568609,0.00724256,0.000412001,0,0,0.000562998,1064.26,4824,nan,nan,nan,double
ecm,SMO,observers,ground_charge,hot,1,0.000658303,0.000528942,0.000454893,0.00469892,0.000416507,0,0,0.000579609,436.136,4800,nan,nan,nan,double
ecm,SMO-Adaptive,observers,ground_charge,hot,1,0.000652111,0.000517382,0.000448699,0.00469406,0.000412004,0,0,0.000573608,438.436,4800,nan,nan,nan,double
ecm,SuperTwisting-SMO,observers,ground_charge,hot,1,0.000822086,0.000760268,0.000512671,0.00477751,0.000469338,0,0,0.000460215,141.796,4280,nan,nan,nan,double
ecm,HGO,observers,ground_charge,hot,1,0.0006356,0.00050721,0.000439979,0.00445498,0.000408129,0,0,0.000567403,412.509,4680,nan,nan,nan,double
ecm,ESO,observers,ground_charge,hot,1,0.000923925,0.000861616,0.000568609,0.00724256,0.000412001,0,0,0.000562998,1104.69,4784,nan,nan,nan,double
ecm,UIO,observers,ground_charge,hot,1,0.0443189,0.0626715,0.0186881,0.225767,-0.114875,0,0,0.0304713,983.292,5072,nan,nan,nan,double
ecm,DOB,observers,ground_charge,hot,1,0.000480215,0.000358198,0.00032674,0.00396889,0.000244376,0,0,0.000703938,697.397,4784,nan,nan,nan,double
ecm,AdaptiveObserver,observers,ground_charge,hot,1,0.000688618,0.000613235,0.000501306,0.00443439,0.000407777,0,0,0.000566829,809.006,4864,0.0308755,nan,nan,double
ecm,IntervalObserver,observers,ground_charge,hot,1,0.0006356,0.00050721,0.000439979,0.00445498,0.000408129,0,0,0.000567403,738.398,9024,nan,0,0.354991,double
ecm,JointEKF,soh,ground_charge,hot,1,0.0271344,0.0211452,0.0246887,0.0390357,0.00146249,2760.1,0,0.00044518,1227.42,8752,0.180285,nan,nan,double
ecm,JointUKF,soh,ground_charge,hot,1,0.0269978,0.0207915,0.0243711,0.0394104,0.00127422,2747.9,0,0.000448294,3128.19,9600,0.180512,nan,nan,double
ecm,DualEKF,soh,ground_charge,hot,1,0.0324264,0.0291682,0.0266889,0.0555552,0.00307738,0,0,0.000746544,1273.08,4752,0.091393,nan,nan,double
ecm,DualUKF,soh,ground_charge,hot,1,0.0208082,0.0256297,0.0174243,0.0479607,-0.00485346,0,0,0.00120746,2404.48,5512,2.53085,nan,nan,double
ecm,RLS-EKF,soh,ground_charge,hot,1,0.0175745,0.0193398,0.0158457,0.0278273,0.00255899,0,0,0.000524365,496.238,8904,nan,nan,nan,double
ecm,AWTLS,soh,ground_charge,hot,1,0.000531209,0.000361432,0.000280662,0.00833231,-9.37349e-05,0,0,0.000520551,481.326,8776,0.0308926,nan,nan,double
ecm,PF-Bootstrap,particle,ground_charge,hot,1,0.00107989,0.00096566,0.000785048,0.00644126,1.39297e-05,0,0,0.000634395,76424.7,46472,nan,nan,nan,double
ecm,PF-Fast,particle,ground_charge,hot,1,0.00283578,0.00346824,0.00186554,0.0181581,0.00160346,0,0,0.000863047,15956.7,9664,nan,nan,nan,double
ecm,PF-Regularized,particle,ground_charge,hot,1,0.00097816,0.000885909,0.000719208,0.0057365,0.00070335,0,0,0.000629752,81437.8,46464,nan,nan,nan,double
ecm,PF-Auxiliary,particle,ground_charge,hot,1,0.0013606,0.00155829,0.000856155,0.00734977,-0.00040222,0,0,0.000680127,104003,54584,nan,nan,nan,double
ecm,RBPF,particle,ground_charge,hot,1,0.000630889,0.000608471,0.000386773,0.0113953,0.000312831,0,0,0.000681893,39761.1,34016,nan,nan,nan,double
ecm,UPF,particle,ground_charge,hot,1,0.003505,0.00310143,0.00256737,0.0177173,-0.00189914,0,0,0.00124984,18311.8,25360,nan,nan,nan,double
ecm,EnKF,particle,ground_charge,hot,1,0.00148299,0.00154879,0.00107925,0.0132173,-5.84857e-05,0,0,0.000641073,10027.5,6776,nan,nan,nan,double
ecm,ETKF,particle,ground_charge,hot,1,0.000936859,0.000777586,0.000630181,0.018302,-0.000534062,0,0,0.000720289,10605.1,5304,nan,nan,nan,double
ecm,GSF,particle,ground_charge,hot,1,0.000520887,0.000361421,0.000279939,0.00790107,-9.37175e-05,0,0,0.000522256,1769.16,9192,nan,nan,nan,double
ecm,NN-Direct,learning,ground_charge,hot,1,0.266904,0.0873091,0.216546,0.490282,-0.0945012,2329.5,0,nan,580.546,15152,nan,nan,nan,double
ecm,NN-EKF,learning,ground_charge,hot,1,0.0098245,0.0118261,0.00878767,0.0227096,0.011537,12.4,0,0.000685267,1075.11,4376,nan,nan,nan,double
ecm,ELM-RLS-EKF,learning,ground_charge,hot,1,0.000535312,0.000367515,0.000288363,0.00833231,-0.000108891,0,0,0.000489368,3375.16,11704,nan,nan,nan,double
ecm,MHE-RTI,optimization,ground_charge,hot,1,0.000814896,0.000544564,0.000578835,0.0145507,0.000177769,0,0,0.000605703,17357.6,26928,nan,nan,nan,double
ecm,MHE,optimization,ground_charge,hot,1,0.000843063,0.000575767,0.000603607,0.0141597,0.000166068,0,0,0.000605699,33134.7,26928,nan,nan,nan,double
ecm,ERTS,smoothers,ground_charge,hot,1,0.000354292,0.000228574,0.000315027,0.000496727,-9.37349e-05,0,0,0.000456902,946.001,22468632,nan,nan,nan,double
ecm,URTS,smoothers,ground_charge,hot,1,0.000342426,0.000237222,0.000310427,0.000474727,-8.4762e-05,0,0,0.000457251,2534.19,22468656,nan,nan,nan,double
ecm,Batch-NLS,smoothers,ground_charge,hot,1,0.000442042,0.000422445,0.000419009,0.000575327,-1.9035e-05,0,0,0.000457032,4545.48,31108952,nan,nan,nan,double
ecm,FixedLag-EKF,smoothers,ground_charge,hot,1,0.000684243,0.000535364,0.000500696,0.00860875,-9.2327e-05,0,0,0.000520551,10011.1,19992,nan,nan,nan,double
ecm,CoulombCounting,baselines,ground_charge,aged_cell,1,0.0879864,0.113556,0.0785809,0.121844,-0.121844,0,0,0.0764354,78.9423,4184,nan,nan,nan,double
ecm,OCVLookup,baselines,ground_charge,aged_cell,1,0.0172303,0.0195358,0.0129608,0.0508022,0.000542726,0,0,0.00688148,1301.64,4192,nan,nan,nan,double
ecm,CoulombOCVHybrid,baselines,ground_charge,aged_cell,1,0.0643249,0.0754136,0.0497431,0.117265,0.000466881,0,0,0.063238,393.703,4192,nan,nan,nan,double
ecm,EKF,kalman,ground_charge,aged_cell,1,0.0145696,0.0174591,0.0126345,0.0277675,-0.0065342,153.9,0,0.000867647,477.349,4336,nan,nan,nan,double
ecm,UKF,kalman,ground_charge,aged_cell,1,0.0142998,0.0166991,0.0123172,0.0258156,-0.00556769,180.3,0,0.000856121,1434.71,4776,nan,nan,nan,double
ecm,LKF,kalman,ground_charge,aged_cell,1,0.0280839,0.0281554,0.0277919,0.0360785,0.0359628,-1,0,0.000955436,330.616,4680,nan,nan,nan,double
ecm,IEKF,kalman,ground_charge,aged_cell,1,0.0147297,0.0168452,0.012682,0.0283445,-0.00583216,223,0,0.000860247,601.23,4336,nan,nan,nan,double
ecm,CKF,kalman,ground_charge,aged_cell,1,0.0137791,0.0157768,0.0117947,0.0316107,-0.00474694,193.6,0,0.000939811,1265.14,4560,nan,nan,nan,double
ecm,SCKF,kalman,ground_charge,aged_cell,1,0.0137791,0.0157768,0.0117947,0.0316107,-0.00474694,193.6,0,0.000939811,1594.17,4696,nan,nan,nan,double
ecm,CKF5,kalman,ground_charge,aged_cell,1,0.0137901,0.0157888,0.0118083,0.0346707,-0.00476079,193.6,0,0.000909184,4045.19,5624,nan,nan,nan,double
ecm,CDKF,kalman,ground_charge,aged_cell,1,0.0137901,0.0157888,0.0118083,0.0346707,-0.00476079,193.6,0,0.000909184,1386.02,4312,nan,nan,nan,double
ecm,GHKF,kalman,ground_charge,aged_cell,1,0.0137901,0.0157888,0.0118083,0.0346707,-0.00476079,193.6,0,0.000909184,12043.8,10784,nan,nan,nan,double
ecm,IPLF,kalman,ground_charge,aged_cell,1,0.0145317,0.0161646,0.0124293,0.0295193,-0.00512434,271.9,0,0.000849981,2039.9,4784,nan,nan,nan,double
ecm,EIF,kalman,ground_charge,aged_cell,1,0.0145696,0.0174591,0.0126345,0.0277675,-0.0065342,153.9,0,0.000867647,1232.15,4472,nan,nan,nan,double
ecm,SR-EKF,kalman,ground_charge,aged_cell,1,0.0145696,0.0174591,0.0126345,0.0277675,-0.0065342,153.9,0,0.000867647,827.089,4440,nan,nan,nan,double
ecm,SR-UKF,kalman,ground_charge,aged_cell,1,0.0142998,0.0166991,0.0123172,0.0258156,-0.00556769,180.3,0,0.000856121,1567.27,4896,nan,nan,nan,double
ecm,UD-EKF,kalman,ground_charge,aged_cell,1,0.0145696,0.0174591,0.0126345,0.0277675,-0.0065342,153.9,0,0.000867647,485.463,4480,nan,nan,nan,double
ecm,SO-EKF,kalman,ground_charge,aged_cell,1,0.0146716,0.0171972,0.0126982,0.0259209,-0.0062979,200.7,0,0.000859957,4253.62,4496,nan,nan,nan,double
ecm,SageHusa-AKF,adaptive_kalman,ground_charge,aged_cell,1,0.014498,0.0172231,0.0125539,0.0277675,-0.00608865,178.8,0,0.000870841,546.467,4808,nan,nan,nan,double
ecm,IAE-AKF,adaptive_kalman,ground_charge,aged_cell,1,0.0145361,0.0172893,0.0125695,0.0277675,-0.00606591,175.3,0,0.00087374,501.067,5040,nan,nan,nan,double
ecm,VB-AKF,adaptive_kalman,ground_charge,aged_cell,1,0.0144749,0.0172353,0.0125205,0.0277675,-0.00601626,169.4,0,0.000872171,881.174,4408,nan,nan,nan,double
ecm,STF,adaptive_kalman,ground_charge,aged_cell,1,0.0205529,0.0210547,0.0170857,0.0601858,0.000854008,289.3,0,0.000838785,546.365,4680,nan,nan,nan,double
ecm,Fading-EKF,adaptive_kalman,ground_charge,aged_cell,1,0.0168192,0.0163007,0.014435,0.0379675,0.000451318,41.5,0,0.00073901,505.529,4384,nan,nan,nan,double
ecm,Fuzzy-AKF,adaptive_kalman,ground_charge,aged_cell,1,0.0145719,0.0174403,0.012634,0.0277675,-0.00620994,153.9,0,0.000873169,732.534,4816,nan,nan,nan,double
ecm,IMM,adaptive_kalman,ground_charge,aged_cell,1,0.0146475,0.0174771,0.0127201,0.0266078,-0.00653715,178.8,0,0.000867855,2078.17,4976,nan,nan,nan,double
ecm,MMAE,adaptive_kalman,ground_charge,aged_cell,1,0.0177947,0.0139989,0.0155363,0.0277675,0.000614087,1349.5,0,0.000740231,1789.78,13200,0.26311,nan,nan,double
ecm,Schmidt-KF,robust_kalman,ground_charge,aged_cell,1,0.031582,0.0266791,0.0286207,0.0508446,0.00261062,2691.6,0,0.011715,1344.35,8856,nan,nan,nan,double
ecm,Hinf-EKF,robust_kalman,ground_charge,aged_cell,1,0.0112966,0.00828647,0.00958938,0.0278192,-0.00242995,221.2,0,0.000799699,837.668,4408,nan,nan,nan,double
ecm,Huber-EKF,robust_kalman,ground_charge,aged_cell,1,0.0145509,0.0173181,0.0126062,0.0277675,-0.00611757,175.2,0,0.000900986,650.824,4368,nan,nan,nan,double
ecm,MC-EKF,robust_kalman,ground_charge,aged_cell,1,0.0146053,0.0174863,0.012672,0.0277677,-0.00641742,159.6,0,0.000876734,1006.73,4384,nan,nan,nan,double
ecm,StudentT-KF,robust_kalman,ground_charge,aged_cell,1,0.0145948,0.0172814,0.0126272,0.0277675,-0.00607292,180.3,0,0.000982574,705.637,4568,nan,nan,nan,double
ecm,Constrained-EKF,robust_kalman,ground_charge,aged_cell,1,0.0145882,0.01749,0.0126455,0.0277675,-0.00654825,153.9,0,0.000867355,618.721,4416,nan,nan,nan,double
ecm,ReducedOrder-EKF,robust_kalman,ground_charge,aged_cell,1,0.0195013,0.0172123,0.0166752,0.0384123,0.000605596,201.1,0,0.0017374,331.782,4272,nan,nan,nan,double
ecm,SVSF,robust_kalman,ground_charge,aged_cell,1,0.0142853,0.016656,0.012304,0.0258146,-0.00555884,180.3,0,0.0010008,598.731,4376,nan,nan,nan,double
ecm,Luenberger,observers,ground_charge,aged_cell,1,0.0177985,0.0144405,0.0153672,0.0283324,0.000510597,0,0,0.000807971,451.918,4632,nan,nan,nan,double
ecm,SSKF,observers,ground_charge,aged_cell,1,0.0177985,0.0144405,0.0153672,0.0283324,0.000510597,0,0,0.000807971,389.866,4632,nan,nan,nan,double
ecm,PI-Observer,observers,ground_charge,aged_cell,1,0.0251658,0.0259769,0.0200391,0.0679787,0.00053034,1319.1,0,0.00444128,562.826,4824,nan,nan,nan,double
ecm,SMO,observers,ground_charge,aged_cell,1,0.0184781,0.0155691,0.0158766,0.0317829,0.000520374,0,0,0.000815029,503.476,4800,nan,nan,nan,double
ecm,SMO-Adaptive,observers,ground_charge,aged_cell,1,0.0178858,0.0143411,0.0154402,0.0276221,0.000514982,0,0,0.000810533,451.257,4800,nan,nan,nan,double
ecm,SuperTwisting-SMO,observers,ground_charge,aged_cell,1,0.0242323,0.0241779,0.0196098,0.0622379,0.000558634,1320.6,0,0.00117459,142.108,4280,nan,nan,nan,double
ecm,HGO,observers,ground_charge,aged_cell,1,0.0177985,0.0144405,0.0153672,0.0283324,0.000510597,0,0,0.000807971,452.114,4680,nan,nan,nan,double
ecm,ESO,observers,ground_charge,aged_cell,1,0.023922,0.0234794,0.0194998,0.0613437,0.000513626,1324.1,0,0.000799947,1295.96,4784,nan,nan,nan,double
ecm,UIO,observers,ground_charge,aged_cell,1,0.0399119,0.0542958,0.0255799,0.212829,-0.132752,0,0,0.0265592,1191.93,5072,nan,nan,nan,double
ecm,DOB,observers,ground_charge,aged_cell,1,0.0115661,0.0102817,0.0102153,0.021288,0.000788984,0,0,0.000888784,1059.9,4784,nan,nan,nan,double
ecm,AdaptiveObserver,observers,ground_charge,aged_cell,1,0.0174296,0.0137637,0.0150714,0.0258856,0.000509645,0,0,0.000807399,839.709,4864,0.762456,nan,nan,double
ecm,IntervalObserver,observers,ground_charge,aged_cell,1,0.0177985,0.0144405,0.0153672,0.0283324,0.000510597,0,0,0.000807971,760.58,9024,nan,0,0.368326,double
ecm,JointEKF,soh,ground_charge,aged_cell,1,0.0626713,0.0455734,0.0570551,0.0936186,0.00774807,2998.1,0,0.000593751,1221.67,8752,0.477047,nan,nan,double
ecm,JointUKF,soh,ground_charge,aged_cell,1,0.0615773,0.0435563,0.0556082,0.0922922,0.00662981,2919.5,0,0.000557009,3134.8,9600,0.509984,nan,nan,double
ecm,DualEKF,soh,ground_charge,aged_cell,1,0.0732394,0.0707258,0.0641819,0.112349,0.0152147,142.6,0,0.00103306,1275.03,4752,0.125925,nan,nan,double
ecm,DualUKF,soh,ground_charge,aged_cell,1,0.0514435,0.0498608,0.0451012,0.119384,-0.0257456,1172.8,0,0.00122129,2424.55,5512,3.26238,nan,nan,double
ecm,RLS-EKF,soh,ground_charge,aged_cell,1,0.021024,0.00728633,0.0167802,0.0383331,0.000372114,1718.1,0,0.000689807,519.358,8904,nan,nan,nan,double
ecm,AWTLS,soh,ground_charge,aged_cell,1,0.0145696,0.0174591,0.0126345,0.0277675,-0.0065342,153.9,0,0.000867647,502.877,8776,0.763107,nan,nan,double
ecm,PF-Bootstrap,particle,ground_charge,aged_cell,1,0.0201387,0.0193686,0.0167059,0.0496496,-0.00101783,132.4,0,0.000868292,76773.1,46472,nan,nan,nan,double
ecm,PF-Fast,particle,ground_charge,aged_cell,1,0.0214921,0.0191775,0.0178149,0.0527822,4.29846e-05,2388,0,0.00106579,15803.8,9664,nan,nan,nan,double
ecm,PF-Regularized,particle,ground_charge,aged_cell,1,0.0187961,0.015472,0.0160995,0.0324096,-0.000952724,193.5,0,0.000859173,81363.7,46464,nan,nan,nan,double
ecm,PF-Auxiliary,particle,ground_charge,aged_cell,1,0.0205358,0.0176513,0.0172584,0.0405353,-0.000920233,1333.1,0,0.000894621,103752,54584,nan,nan,nan,double
ecm,RBPF,particle,ground_charge,aged_cell,1,0.0089757,0.0028614,0.00657442,0.0266484,0.000557946,245,0,0.000945147,39757,34016,nan,nan,nan,double
ecm,UPF,particle,ground_charge,aged_cell,1,0.0238802,0.0240023,0.0196431,0.066473,0.000722096,271.8,0,0.00141964,18140.5,25360,nan,nan,nan,double
ecm,EnKF,particle,ground_charge,aged_cell,1,0.0187248,0.0153286,0.0160031,0.039958,0.000177042,1296.8,0,0.00087974,10314.1,6776,nan,nan,nan,double
ecm,ETKF,particle,ground_charge,aged_cell,1,0.0361546,0.0474257,0.0318504,0.0563206,-0.039498,240.3,0,0.00129478,10498.8,5304,nan,nan,nan,double
ecm,GSF,particle,ground_charge,aged_cell,1,0.01468,0.0172466,0.0127199,0.0258764,-0.00637059,200,0,0.000877533,1783.95,9192,nan,nan,nan,double
ecm,NN-Direct,learning,ground_charge,aged_cell,1,0.263745,0.0470204,0.19144,0.526096,-0.0145347,2410.1,0,nan,574.489,15152,nan,nan,nan,double
ecm,NN-EKF,learning,ground_charge,aged_cell,1,0.00721976,0.00802313,0.00564893,0.0155767,0.0067719,0,0,0.00135642,1077.34,4376,nan,nan,nan,double
ecm,ELM-RLS-EKF,learning,ground_charge,aged_cell,1,0.0144327,0.0172603,0.0124854,0.0277675,-0.00601981,145.4,0,0.000798307,3332.15,11704,nan,nan,nan,double
ecm,MHE-RTI,optimization,ground_charge,aged_cell,1,0.0132285,0.00328534,0.00989528,0.0306799,0.000163719,785.4,0,0.000799372,17368.6,26928,nan,nan,nan,double
ecm,MHE,optimization,ground_charge,aged_cell,1,0.0142224,0.00340216,0.0106632,0.0319525,0.000218112,862.3,0,0.000798759,33030,26928,nan,nan,nan,double
ecm,ERTS,smoothers,ground_charge,aged_cell,1,0.0302186,0.00691948,0.0222752,0.0723669,-0.0065342,1426.9,0,0.0017903,931.298,22468632,nan,nan,nan,double
ecm,URTS,smoothers,ground_charge,aged_cell,1,0.0308543,0.00596468,0.022417,0.0736575,-0.00556769,1463.6,0,0.0018531,2525.13,22468656,nan,nan,nan,double
ecm,Batch-NLS,smoothers,ground_charge,aged_cell,1,0.0327543,0.00502411,0.0233529,0.0774205,-0.00428568,1541.6,0,0.000679915,4535.4,31108952,nan,nan,nan,double
ecm,FixedLag-EKF,smoothers,ground_charge,aged_cell,1,0.0145768,0.0175636,0.0126416,0.0277675,-0.00653318,143,0,0.000867647,9989.5,19992,nan,nan,nan,double
ecm,CoulombCounting,baselines,ground_charge,param_mismatch,1,0.000566103,0.000797128,0.000376718,0.00150576,-0.00150576,0,0,0.00838756,79.774,4184,nan,nan,nan,double
ecm,OCVLookup,baselines,ground_charge,param_mismatch,1,0.00563642,0.00721014,0.00366064,0.0215162,-0.000644285,0,0,0.00627836,1312.13,4192,nan,nan,nan,double
ecm,CoulombOCVHybrid,baselines,ground_charge,param_mismatch,1,0.000364157,0.000509595,0.000250148,0.000911863,-0.000729245,0,0,0.00836748,264.093,4192,nan,nan,nan,double
ecm,EKF,kalman,ground_charge,param_mismatch,1,0.010579,0.00807805,0.0100577,0.0214888,0.00242957,0.1,0,0.000585123,482.375,4336,nan,nan,nan,double
ecm,UKF,kalman,ground_charge,param_mismatch,1,0.01044,0.00791781,0.00989342,0.0156854,0.00211482,0,0,0.000581234,1444.67,4776,nan,nan,nan,double
ecm,LKF,kalman,ground_charge,param_mismatch,1,0.0400418,0.0484446,0.0385258,0.0528409,0.0491863,0.1,0,0.000614945,332.843,4680,nan,nan,nan,double
ecm,IEKF,kalman,ground_charge,param_mismatch,1,0.011818,0.00920241,0.0113411,0.0207214,0.00344315,0.1,0,0.000586637,596.802,4336,nan,nan,nan,double
ecm,CKF,kalman,ground_charge,param_mismatch,1,0.0104036,0.008088,0.00986809,0.0296343,0.00189017,0.1,0,0.000695108,1259.31,4560,nan,nan,nan,double
ecm,SCKF,kalman,ground_charge,param_mismatch,1,0.0104036,0.008088,0.00986809,0.0296343,0.00189017,0.1,0,0.000695108,1589.17,4696,nan,nan,nan,double
ecm,CKF5,kalman,ground_charge,param_mismatch,1,0.0103353,0.00805227,0.00980554,0.0319767,0.00186942,0.1,0,0.000655926,4046.41,5624,nan,nan,nan,double
ecm,CDKF,kalman,ground_charge,param_mismatch,1,0.0103353,0.00805227,0.00980554,0.0319767,0.00186942,0.1,0,0.000655926,1383.52,4312,nan,nan,nan,double
ecm,GHKF,kalman,ground_charge,param_mismatch,1,0.0103353,0.00805227,0.00980554,0.0319767,0.00186942,0.1,0,0.000655926,12045.8,10784,nan,nan,nan,double
ecm,IPLF,kalman,ground_charge,param_mismatch,1,0.012205,0.00928773,0.0116398,0.0206599,0.00341784,0.1,0,0.000583008,2055.83,4784,nan,nan,nan,double
ecm,EIF,kalman,ground_charge,param_mismatch,1,0.010579,0.00807805,0.0100577,0.0214888,0.00242957,0.1,0,0.000585123,1229.32,4472,nan,nan,nan,double
ecm,SR-EKF,kalman,ground_charge,param_mismatch,1,0.010579,0.00807805,0.0100577,0.0214888,0.00242957,0.1,0,0.000585123,829.289,4440,nan,nan,nan,double
ecm,SR-UKF,kalman,ground_charge,param_mismatch,1,0.01044,0.00791781,0.00989342,0.0156854,0.00211482,0,0,0.000581234,1535.94,4896,nan,nan,nan,double
ecm,UD-EKF,kalman,ground_charge,param_mismatch,1,0.010579,0.00807805,0.0100577,0.0214888,0.00242957,0.1,0,0.000585123,488.135,4480,nan,nan,nan,double
ecm,SO-EKF,kalman,ground_charge,param_mismatch,1,0.0109581,0.00869006,0.0105577,0.0159274,0.0033507,0,0,0.00058213,4236.72,4496,nan,nan,nan,double
ecm,SageHusa-AKF,adaptive_kalman,ground_charge,param_mismatch,1,0.0103469,0.0078086,0.00978352,0.0214888,0.00195709,0.1,0,0.000585294,553.105,4808,nan,nan,nan,double
ecm,IAE-AKF,adaptive_kalman,ground_charge,param_mismatch,1,0.0100668,0.00780065,0.00956103,0.0214888,0.00213427,0.1,0,0.000584398,501.075,5040,nan,nan,nan,double
ecm,VB-AKF,adaptive_kalman,ground_charge,param_mismatch,1,0.0103474,0.00790442,0.00984902,0.0214888,0.00245371,0.1,0,0.000584505,877.527,4408,nan,nan,nan,double
ecm,STF,adaptive_kalman,ground_charge,param_mismatch,1,0.0118351,0.0118064,0.0105056,0.0418819,0.00100421,0.1,0,0.000689599,535.286,4680,nan,nan,nan,double
ecm,Fading-EKF,adaptive_kalman,ground_charge,param_mismatch,1,0.0105052,0.00951797,0.00964179,0.0214888,0.000189361,0.1,0,0.000559586,512.396,4384,nan,nan,nan,double
ecm,Fuzzy-AKF,adaptive_kalman,ground_charge,param_mismatch,1,0.0105906,0.00844109,0.0101444,0.0214888,0.00268402,0.1,0,0.000586918,732.698,4816,nan,nan,nan,double
ecm,IMM,adaptive_kalman,ground_charge,param_mismatch,1,0.0103948,0.00802961,0.00993278,0.0206264,0.0026613,0.1,0,0.000584985,2076.96,4976,nan,nan,nan,double
ecm,MMAE,adaptive_kalman,ground_charge,param_mismatch,1,0.016134,0.0121606,0.0149945,0.0235107,0.00293403,0.1,0,0.000596357,1759.73,13200,-0.000845186,nan,nan,double
ecm,Schmidt-KF,robust_kalman,ground_charge,param_mismatch,1,0.0299533,0.0296415,0.0279131,0.046662,0.00413618,2914.6,0,0.0135734,1298.51,8856,nan,nan,nan,double
ecm,Hinf-EKF,robust_kalman,ground_charge,param_mismatch,1,0.00862893,0.00507439,0.00680467,0.0332502,-9.88614e-06,0.1,0,0.000586491,789.043,4408,nan,nan,nan,double
ecm,Huber-EKF,robust_kalman,ground_charge,param_mismatch,1,0.0106413,0.00804422,0.0101082,0.0214888,0.00243342,0.1,0,0.000571755,648.628,4368,nan,nan,nan,double
ecm,MC-EKF,robust_kalman,ground_charge,param_mismatch,1,0.0103748,0.00797433,0.00988736,0.0214889,0.00237272,0.1,0,0.000579532,1000.92,4384,nan,nan,nan,double
ecm,StudentT-KF,robust_kalman,ground_charge,param_mismatch,1,0.010775,0.00858082,0.0103689,0.0214888,0.00312401,0.1,0,0.000557439,701.109,4568,nan,nan,nan,double
ecm,Constrained-EKF,robust_kalman,ground_charge,param_mismatch,1,0.0107296,0.00845922,0.0101584,0.0214888,0.000433027,0.1,0,0.000585464,589.657,4416,nan,nan,nan,double
ecm,ReducedOrder-EKF,robust_kalman,ground_charge,param_mismatch,1,0.0107564,0.00979269,0.00954999,0.0215598,-0.000575039,0.1,0,0.000734232,328.948,4272,nan,nan,nan,double
ecm,SVSF,robust_kalman,ground_charge,param_mismatch,1,0.0104721,0.00816345,0.00998789,0.0149945,0.00235539,0,0,0.000563379,588.79,4376,nan,nan,nan,double
ecm,Luenberger,observers,ground_charge,param_mismatch,1,0.0098953,0.00895742,0.00893954,0.0162755,-0.000511194,0,0,0.000633489,514.151,4632,nan,nan,nan,double
ecm,SSKF,observers,ground_charge,param_mismatch,1,0.0098953,0.00895742,0.00893954,0.0162755,-0.000511194,0,0,0.000633489,421.833,4632,nan,nan,nan,double
ecm,PI-Observer,observers,ground_charge,param_mismatch,1,0.0121992,0.0127036,0.00996523,0.0328041,-0.000612203,0,0,0.00202103,374.958,4824,nan,nan,nan,double
ecm,SMO,observers,ground_charge,param_mismatch,1,0.00995771,0.00902397,0.00897765,0.0167066,-0.000517172,0,0,0.000643387,526.381,4800,nan,nan,nan,double
ecm,SMO-Adaptive,observers,ground_charge,param_mismatch,1,0.00995603,0.00901721,0.0089845,0.0164482,-0.000511798,0,0,0.000638314,533.794,4800,nan,nan,nan,double
ecm,SuperTwisting-SMO,observers,ground_charge,param_mismatch,1,0.0116618,0.012009,0.00982544,0.0308695,-0.000596116,0,0,0.000625262,144.089,4280,nan,nan,nan,double
ecm,HGO,observers,ground_charge,param_mismatch,1,0.0098953,0.00895742,0.00893954,0.0162755,-0.000511194,0,0,0.000633489,510.689,4680,nan,nan,nan,double
ecm,ESO,observers,ground_charge,param_mismatch,1,0.0112246,0.011099,0.00957054,0.0289709,-0.00060928,0,0,0.000631469,1470.75,4784,nan,nan,nan,double
ecm,UIO,observers,ground_charge,param_mismatch,1,0.0450181,0.0629147,0.0253758,0.249327,-0.13053,0,0,0.00897196,1378.61,5072,nan,nan,nan,double
ecm,DOB,observers,ground_charge,param_mismatch,1,0.00866338,0.00858229,0.00812358,0.014249,0.0011383,0,0,0.000744619,733.268,4784,nan,nan,nan,double
ecm,AdaptiveObserver,observers,ground_charge,param_mismatch,1,0.00977354,0.00872196,0.00884889,0.0150629,-0.000512433,0,0,0.000633319,850.936,4864,0.0143849,nan,nan,double
ecm,IntervalObserver,observers,ground_charge,param_mismatch,1,0.0098953,0.00895742,0.00893954,0.0162755,-0.000511194,0,0,0.000633489,795.304,9024,nan,0,0.389023,double
ecm,JointEKF,soh,ground_charge,param_mismatch,1,0.0401257,0.0320357,0.0380819,0.0569627,0.00904766,3080.5,0,0.000434959,1216.3,8752,0.359937,nan,nan,double
ecm,JointUKF,soh,ground_charge,param_mismatch,1,0.0394134,0.0306268,0.0367909,0.0566627,0.00564456,2950.3,0,0.000416708,3136.87,9600,0.400466,nan,nan,double
ecm,DualEKF,soh,ground_charge,param_mismatch,1,0.0471953,0.049784,0.0435668,0.0627632,0.0196271,0.1,0,0.000589283,1274.22,4752,0.255186,nan,nan,double
ecm,DualUKF,soh,ground_charge,param_mismatch,1,0.0505964,0.0532579,0.0431327,0.104016,-0.0609927,1119.2,0,0.00078092,2398.13,5512,2.19751,nan,nan,double
ecm,RLS-EKF,soh,ground_charge,param_mismatch,1,0.0305544,0.0299294,0.0297744,0.0362756,0.0127143,0.1,0,0.000495997,498.5,8904,nan,nan,nan,double
ecm,AWTLS,soh,ground_charge,param_mismatch,1,0.010579,0.00807805,0.0100577,0.0214888,0.00242957,0.1,0,0.000585123,479.598,8776,0.0142217,nan,nan,double
ecm,PF-Bootstrap,particle,ground_charge,param_mismatch,1,0.0106511,0.0108723,0.00917891,0.0310623,-0.00234078,0,0,0.000725033,76201.1,46472,nan,nan,nan,double
ecm,PF-Fast,particle,ground_charge,param_mismatch,1,0.0134801,0.0142769,0.0106451,0.0448911,-0.00150547,0.1,0,0.000930443,16007.2,9664,nan,nan,nan,double
ecm,PF-Regularized,particle,ground_charge,param_mismatch,1,0.0102023,0.00958484,0.00906344,0.0191819,-0.0015503,0,0,0.0007112,80850.7,46464,nan,nan,nan,double
ecm,PF-Auxiliary,particle,ground_charge,param_mismatch,1,0.0117679,0.0115894,0.0101008,0.0288165,-0.00122035,0,0,0.000751382,103377,54584,nan,nan,nan,double
ecm,RBPF,particle,ground_charge,param_mismatch,1,0.0109221,0.00877616,0.0101935,0.0184511,-0.00036141,0,0,0.000767789,39238.4,34016,nan,nan,nan,double
ecm,UPF,particle,ground_charge,param_mismatch,1,0.0138294,0.01484,0.0105109,0.0484812,-0.000752642,0,0,0.00128335,18066.8,25360,nan,nan,nan,double
ecm,EnKF,particle,ground_charge,param_mismatch,1,0.0113952,0.0114573,0.0097635,0.0337236,-0.00226767,0,0,0.000740308,9989.46,6776,nan,nan,nan,double
ecm,ETKF,particle,ground_charge,param_mismatch,1,0.0123603,0.0107859,0.0121269,0.0209619,0.00549047,0.1,0,0.000826037,10413.8,5304,nan,nan,nan,double
ecm,GSF,particle,ground_charge,param_mismatch,1,0.0107656,0.00809467,0.0102084,0.0174053,0.00243034,0,0,0.000600045,1743.67,9192,nan,nan,nan,double
ecm,NN-Direct,learning,ground_charge,param_mismatch,1,0.292149,0.0885702,0.227462,0.524177,-0.0194804,2713.7,0,nan,572.07,15152,nan,nan,nan,double
ecm,NN-EKF,learning,ground_charge,param_mismatch,1,0.0125621,0.0156409,0.0117707,0.018311,0.0126792,0,0,0.000557612,1072.39,4376,nan,nan,nan,double
ecm,ELM-RLS-EKF,learning,ground_charge,param_mismatch,1,0.0105717,0.00849512,0.0101577,0.0214888,0.00288432,0.1,0,0.000548039,3259.6,11704,nan,nan,nan,double
ecm,MHE-RTI,optimization,ground_charge,param_mismatch,1,0.0141552,0.0121616,0.0133294,0.024578,-4.48941e-05,175.5,0,0.000654874,17003.9,26928,nan,nan,nan,double
ecm,MHE,optimization,ground_charge,param_mismatch,1,0.0141719,0.0119379,0.0133167,0.0271276,-2.97028e-05,193.6,0,0.000654155,31410.8,26928,nan,nan,nan,double
ecm,ERTS,smoothers,ground_charge,param_mismatch,1,0.00687742,0.00501241,0.00655696,0.00906021,0.00242957,0,0,0.000512765,930.274,22468632,nan,nan,nan,double
ecm,URTS,smoothers,ground_charge,param_mismatch,1,0.00648146,0.00461666,0.00614708,0.00862739,0.00211482,0,0,0.000513487,2524.1,22468656,nan,nan,nan,double
ecm,Batch-NLS,smoothers,ground_charge,param_mismatch,1,0.00611874,0.0043769,0.00580497,0.00810267,0.00196126,0,0,0.000510608,4566.17,31108952,nan,nan,nan,double
ecm,FixedLag-EKF,smoothers,ground_charge,param_mismatch,1,0.0103429,0.00788803,0.00983618,0.0214888,0.00243079,0.1,0,0.000585123,9920.67,19992,nan,nan,nan,double
ecm,CoulombCounting,baselines,ground_charge,sensor_dropout,1,0.000566103,0.000797128,0.000376718,0.00150576,-0.00150576,0,0,0.00135252,80.0051,4184,nan,nan,nan,double
ecm,OCVLookup,baselines,ground_charge,sensor_dropout,1,0.00710039,0.0055494,0.00655258,0.0107788,0.000336574,0,0,0.0063402,1312.65,4192,nan,nan,nan,double
ecm,CoulombOCVHybrid,baselines,ground_charge,sensor_dropout,1,0.00033671,0.000470335,0.000232628,0.000911921,0.000267997,0,0,0.000961862,262.148,4192,nan,nan,nan,double
ecm,EKF,kalman,ground_charge,sensor_dropout,1,0.000544466,0.000283305,0.000286347,0.00707921,-0.000286125,0,0,0.000803274,482.958,4336,nan,nan,nan,double
ecm,UKF,kalman,ground_charge,sensor_dropout,1,0.000657087,0.00021581,0.000260531,0.0151538,-0.000273828,0,0,0.000808014,1445.47,4776,nan,nan,nan,double
ecm,LKF,kalman,ground_charge,sensor_dropout,1,0.0309336,0.0405096,0.0277252,0.0448677,0.0448588,0,0,0.000858815,333.684,4680,nan,nan,nan,double
ecm,IEKF,kalman,ground_charge,sensor_dropout,1,0.000558375,0.000201443,0.000342464,0.00741562,-9.5693e-05,0,0,0.000802291,603.09,4336,nan,nan,nan,double
ecm,CKF,kalman,ground_charge,sensor_dropout,1,0.000350076,0.000217259,0.000172696,0.0225771,-0.000301584,0.1,0,0.000860764,1271.75,4560,nan,nan,nan,double
ecm,SCKF,kalman,ground_charge,sensor_dropout,1,0.000350076,0.000217259,0.000172696,0.0225771,-0.000301584,0.1,0,0.000860764,1596.53,4696,nan,nan,nan,double
ecm,CKF5,kalman,ground_charge,sensor_dropout,1,0.000587572,0.00023859,0.000253879,0.0223569,-0.000303601,0.1,0,0.000838393,4038.57,5624,nan,nan,nan,double
ecm,CDKF,kalman,ground_charge,sensor_dropout,1,0.000587572,0.00023859,0.000253879,0.0223569,-0.000303601,0.1,0,0.000838393,1391.31,4312,nan,nan,nan,double
ecm,GHKF,kalman,ground_charge,sensor_dropout,1,0.000587572,0.00023859,0.000253879,0.0223569,-0.000303601,0.1,0,0.000838393,11790.9,10784,nan,nan,nan,double
ecm,IPLF,kalman,ground_charge,sensor_dropout,1,0.000866385,0.00038054,0.000626948,0.00741224,0.00023516,0,0,0.000806236,2002.74,4784,nan,nan,nan,double
ecm,EIF,kalman,ground_charge,sensor_dropout,1,0.000544466,0.000283305,0.000286347,0.00707921,-0.000286125,0,0,0.000803274,1210.31,4472,nan,nan,nan,double
ecm,SR-EKF,kalman,ground_charge,sensor_dropout,1,0.000544466,0.000283305,0.000286347,0.00707921,-0.000286125,0,0,0.000803274,814.691,4440,nan,nan,nan,double
ecm,SR-UKF,kalman,ground_charge,sensor_dropout,1,0.000657087,0.00021581,0.000260531,0.0151538,-0.000273828,0,0,0.000808014,1529.84,4896,nan,nan,nan,double
ecm,UD-EKF,kalman,ground_charge,sensor_dropout,1,0.000544466,0.000283305,0.000286347,0.00707921,-0.000286125,0,0,0.000803274,468.846,4480,nan,nan,nan,double
ecm,SO-EKF,kalman,ground_charge,sensor_dropout,1,0.000780394,0.000290626,0.000426385,0.0146839,-0.000286287,0,0,0.000808052,4194.82,4496,nan,nan,nan,double
ecm,SageHusa-AKF,adaptive_kalman,ground_charge,sensor_dropout,1,0.00057106,0.000244528,0.000329234,0.00717457,-0.000231874,0,0,0.000805409,550.61,4808,nan,nan,nan,double
ecm,IAE-AKF,adaptive_kalman,ground_charge,sensor_dropout,1,0.000532811,0.0002732,0.00026839,0.00726273,-0.000286948,0,0,0.000813337,480.882,5040,nan,nan,nan,double
ecm,VB-AKF,adaptive_kalman,ground_charge,sensor_dropout,1,0.000551388,0.000283037,0.000345397,0.00708273,-0.000322883,0,0,0.000804893,851.571,4408,nan,nan,nan,double
ecm,STF,adaptive_kalman,ground_charge,sensor_dropout,1,0.00183194,0.00183969,0.0012654,0.0200351,0.000968594,0,0,0.0008785,514.02,4680,nan,nan,nan,double
ecm,Fading-EKF,adaptive_kalman,ground_charge,sensor_dropout,1,0.00131085,0.000457365,0.000639274,0.00953985,0.000196266,0,0,0.000784057,490.102,4384,nan,nan,nan,double
ecm,Fuzzy-AKF,adaptive_kalman,ground_charge,sensor_dropout,1,0.00057741,0.000253805,0.000348455,0.00714573,-0.000286338,0,0,0.00081369,705.245,4816,nan,nan,nan,double
ecm,IMM,adaptive_kalman,ground_charge,sensor_dropout,1,0.000758925,0.000543927,0.000552782,0.00709213,-0.000595528,0,0,0.000805377,2032.53,4976,nan,nan,nan,double
ecm,MMAE,adaptive_kalman,ground_charge,sensor_dropout,1,0.00473287,0.0022003,0.00371267,0.0096018,1.15026e-05,0,0,0.000807996,1721.85,13200,-0.000860644,nan,nan,double
ecm,Schmidt-KF,robust_kalman,ground_charge,sensor_dropout,1,0.0338689,0.0336927,0.0315126,0.0511613,0.00395001,0,0,0.0257598,1245.59,8856,nan,nan,nan,double
ecm,Hinf-EKF,robust_kalman,ground_charge,sensor_dropout,1,0.000535048,0.00017878,0.000249926,0.00732471,-0.000197584,0,0,0.00080378,803.329,4408,nan,nan,nan,double
ecm,Huber-EKF,robust_kalman,ground_charge,sensor_dropout,1,0.000485594,0.000199963,0.000207083,0.00711709,-0.000284788,0,0,0.000797261,647.86,4368,nan,nan,nan,double
ecm,MC-EKF,robust_kalman,ground_charge,sensor_dropout,1,0.000644907,0.000545782,0.000368737,0.00753617,-0.000590498,0,0,0.000800143,970.2,4384,nan,nan,nan,double
ecm,StudentT-KF,robust_kalman,ground_charge,sensor_dropout,1,0.000534467,0.000247467,0.000279488,0.00694543,-0.000220417,0,0,0.000783512,698.686,4568,nan,nan,nan,double
ecm,Constrained-EKF,robust_kalman,ground_charge,sensor_dropout,1,0.000544471,0.000283862,0.000286174,0.00707921,-0.000286079,0,0,0.000803278,585.896,4416,nan,nan,nan,double
ecm,ReducedOrder-EKF,robust_kalman,ground_charge,sensor_dropout,1,0.000574541,0.000353785,0.000300628,0.00765445,0.000298182,0,0,0.000700508,329.302,4272,nan,nan,nan,double
ecm,SVSF,robust_kalman,ground_charge,sensor_dropout,1,0.000626437,0.000218889,0.000271728,0.00688552,-0.000210006,0,0,0.00075828,566.357,4376,nan,nan,nan,double
ecm,Luenberger,observers,ground_charge,sensor_dropout,1,0.00059175,0.000398394,0.000366721,0.00532138,0.00032968,0,0,0.000834604,443.797,4632,nan,nan,nan,double
ecm,SSKF,observers,ground_charge,sensor_dropout,1,0.00059175,0.000398394,0.000366721,0.00532138,0.00032968,0,0,0.000834604,381.261,4632,nan,nan,nan,double
ecm,PI-Observer,observers,ground_charge,sensor_dropout,1,0.000884383,0.000818286,0.000515671,0.00422249,0.000341547,0,0,0.0012943,398.851,4824,nan,nan,nan,double
ecm,SMO,observers,ground_charge,sensor_dropout,1,0.000639987,0.000480274,0.00040885,0.00551695,0.000345761,0,0,0.000843814,484.185,4800,nan,nan,nan,double
ecm,SMO-Adaptive,observers,ground_charge,sensor_dropout,1,0.000614943,0.000414404,0.000380051,0.00547057,0.00033711,0,0,0.000839376,490.433,4800,nan,nan,nan,double
ecm,SuperTwisting-SMO,observers,ground_charge,sensor_dropout,1,0.000791071,0.000609404,0.000437233,0.00494201,0.000355655,0,0,0.00073516,141.631,4280,nan,nan,nan,double
ecm,HGO,observers,ground_charge,sensor_dropout,1,0.00059175,0.000398394,0.000366721,0.00532138,0.00032968,0,0,0.000834604,458.016,4680,nan,nan,nan,double
ecm,ESO,observers,ground_charge,sensor_dropout,1,0.00102935,0.000974541,0.000605678,0.00755125,0.000331765,0,0,0.000843023,1434.88,4784,nan,nan,nan,double
ecm,UIO,observers,ground_charge,sensor_dropout,1,0.0272491,0.038522,0.0116485,0.190688,-0.0975188,0,0,0.0206817,1238.59,5072,nan,nan,nan,double
ecm,DOB,observers,ground_charge,sensor_dropout,1,0.000366775,0.000238493,0.000244263,0.00317993,0.00014476,0,0,0.000938727,555.893,4784,nan,nan,nan,double
ecm,AdaptiveObserver,observers,ground_charge,sensor_dropout,1,0.000760025,0.000741237,0.000569103,0.0052246,0.000332896,0,0,0.000832144,880.906,4864,0.0142627,nan,nan,double
ecm,IntervalObserver,observers,ground_charge,sensor_dropout,1,0.00059175,0.000398394,0.000366721,0.00532138,0.00032968,0,0,0.000834604,773.458,9024,nan,0,0.378661,double
ecm,JointEKF,soh,ground_charge,sensor_dropout,1,0.0455076,0.0376192,0.0432077,0.0620088,0.00865806,3130.8,0,0.000577514,1207.28,8752,0.398678,nan,nan,double
ecm,JointUKF,soh,ground_charge,sensor_dropout,1,0.0449681,0.0364153,0.0422262,0.0625187,0.00695264,3050.9,0,0.000565123,3219.47,9600,0.420976,nan,nan,double
ecm,DualEKF,soh,ground_charge,sensor_dropout,1,0.0589438,0.0606671,0.0517575,0.0824599,0.017704,0,0,0.000878497,1294.64,4752,0.152483,nan,nan,double
ecm,DualUKF,soh,ground_charge,sensor_dropout,1,0.0401616,0.0361745,0.0335219,0.116468,-0.0258256,1122.2,0,0.00103711,2347.76,5512,2.09232,nan,nan,double
ecm,RLS-EKF,soh,ground_charge,sensor_dropout,1,0.0282807,0.0304187,0.0268798,0.0385226,0.0103359,0,0,0.000667682,505.917,8904,nan,nan,nan,double
ecm,AWTLS,soh,ground_charge,sensor_dropout,1,0.000544466,0.000283305,0.000286347,0.00707921,-0.000286125,0,0,0.000803274,481.953,8776,0.0142217,nan,nan,double
ecm,PF-Bootstrap,particle,ground_charge,sensor_dropout,1,0.00188378,0.00237453,0.00139266,0.00813473,-0.000454596,0,0,0.000887815,76156.6,46472,nan,nan,nan,double
ecm,PF-Fast,particle,ground_charge,sensor_dropout,1,0.00431744,0.00564026,0.00275479,0.0205026,-0.000227585,0,0,0.00105313,15600.9,9664,nan,nan,nan,double
ecm,PF-Regularized,particle,ground_charge,sensor_dropout,1,0.00166361,0.0014026,0.001225,0.00670171,0.000316026,0,0,0.000878765,79400.3,46464,nan,nan,nan,double
ecm,PF-Auxiliary,particle,ground_charge,sensor_dropout,1,0.00178409,0.00132152,0.00138294,0.00882189,-2.23683e-05,0,0,0.000915408,101683,54584,nan,nan,nan,double
ecm,RBPF,particle,ground_charge,sensor_dropout,1,0.000839965,0.000336294,0.000542381,0.00732136,-0.000297252,0,0,0.000900955,39122,34016,nan,nan,nan,double
ecm,UPF,particle,ground_charge,sensor_dropout,1,0.00582026,0.00612421,0.00385182,0.0316188,0.00350582,0,0,0.00139141,18184.1,25360,nan,nan,nan,double
ecm,EnKF,particle,ground_charge,sensor_dropout,1,0.00340629,0.00420239,0.00241401,0.0130634,-0.000418973,0,0,0.000886841,10117.1,6776,nan,nan,nan,double
ecm,ETKF,particle,ground_charge,sensor_dropout,1,0.00117673,0.000933892,0.000907079,0.0181884,-0.00159517,0,0,0.00094372,10550.5,5304,nan,nan,nan,double
ecm,GSF,particle,ground_charge,sensor_dropout,1,0.00063874,0.000311176,0.000413014,0.00757259,-0.000322731,0,0,0.000804629,1735.02,9192,nan,nan,nan,double
ecm,NN-Direct,learning,ground_charge,sensor_dropout,1,0.292147,0.0885702,0.227461,0.524177,-0.0194804,2713.7,0,nan,577.522,15152,nan,nan,nan,double
ecm,NN-EKF,learning,ground_charge,sensor_dropout,1,0.00839449,0.00952984,0.00747251,0.0228397,0.011212,15.9,0,0.000801594,1075.93,4376,nan,nan,nan,double
ecm,ELM-RLS-EKF,learning,ground_charge,sensor_dropout,1,0.000628577,0.000283999,0.000418768,0.00707921,-0.000295385,0,0,0.000742811,3344.26,11704,nan,nan,nan,double
ecm,MHE-RTI,optimization,ground_charge,sensor_dropout,1,0.00222345,0.0012965,0.00193032,0.0115274,0.000236853,0,0,0.000870923,17279.4,26928,nan,nan,nan,double
ecm,MHE,optimization,ground_charge,sensor_dropout,1,0.00246514,0.00129255,0.00208214,0.0111237,0.000255201,0,0,0.000870776,31431.1,26928,nan,nan,nan,double
ecm,ERTS,smoothers,ground_charge,sensor_dropout,1,0.000297986,0.000225175,0.000280051,0.000409116,-0.000286125,0,0,0.000744523,938.539,22468632,nan,nan,nan,double
ecm,URTS,smoothers,ground_charge,sensor_dropout,1,0.000305042,0.000272181,0.00028887,0.000382986,-0.000273828,0,0,0.00074543,2510.06,22468656,nan,nan,nan,double
ecm,Batch-NLS,smoothers,ground_charge,sensor_dropout,1,0.000270454,0.000255349,0.000256559,0.000353936,-0.00028354,0,0,0.000744693,4790.95,31108952,nan,nan,nan,double
ecm,FixedLag-EKF,smoothers,ground_charge,sensor_dropout,1,0.000645287,0.000427969,0.000398895,0.00735445,-0.000285071,0,0,0.000803274,9873.12,19992,nan,nan,nan,double
ecm,CoulombCounting,baselines,ground_charge,preisach,1,0.000559232,0.000787339,0.000371696,0.00150807,-0.00150807,0,0,0.0112472,77.9809,4184,nan,nan,nan,double
ecm,OCVLookup,baselines,ground_charge,preisach,1,0.0227376,0.0301867,0.0178099,0.0678423,-0.0110049,0,0,0.00621599,1284.74,4192,nan,nan,nan,double
ecm,CoulombOCVHybrid,baselines,ground_charge,preisach,1,0.00403241,0.0057022,0.0017287,0.0111972,-0.0110739,0,0,0.0093991,260.136,4192,nan,nan,nan,double
ecm,EKF,kalman,ground_charge,preisach,1,0.00673919,0.00927264,0.00544598,0.0152895,-0.0113489,0,0,0.000755954,486.502,4336,nan,nan,nan,double
ecm,UKF,kalman,ground_charge,preisach,1,0.00682912,0.00934902,0.00558071,0.0114797,-0.0113849,0,0,0.000755167,1451.97,4776,nan,nan,nan,double
ecm,LKF,kalman,ground_charge,preisach,1,0.0242021,0.0300398,0.0228323,0.0352143,0.0298998,0,0,0.000784322,334.152,4680,nan,nan,nan,double
ecm,IEKF,kalman,ground_charge,preisach,1,0.0067448,0.00903454,0.00567354,0.0149597,-0.0111322,0,0,0.000756666,595.742,4336,nan,nan,nan,double
ecm,CKF,kalman,ground_charge,preisach,1,0.00695214,0.00950155,0.00567899,0.0276831,-0.0114821,0.1,0,0.00083606,1261.86,4560,nan,nan,nan,double
ecm,SCKF,kalman,ground_charge,preisach,1,0.00695214,0.00950155,0.00567899,0.0276831,-0.0114821,0.1,0,0.00083606,1500.08,4696,nan,nan,nan,double
ecm,CKF5,kalman,ground_charge,preisach,1,0.00695347,0.00952267,0.00566473,0.0293169,-0.0114948,0.1,0,0.000806533,3849.23,5624,nan,nan,nan,double
ecm,CDKF,kalman,ground_charge,preisach,1,0.00695347,0.00952267,0.00566473,0.0293169,-0.0114948,0.1,0,0.000806533,1385.12,4312,nan,nan,nan,double
ecm,GHKF,kalman,ground_charge,preisach,1,0.00695347,0.00952267,0.00566473,0.0293169,-0.0114948,0.1,0,0.000806533,12060.5,10784,nan,nan,nan,double
ecm,IPLF,kalman,ground_charge,preisach,1,0.0068453,0.00898216,0.00583415,0.0145954,-0.0110825,0,0,0.000756285,2044.16,4784,nan,nan,nan,double
ecm,EIF,kalman,ground_charge,preisach,1,0.00673919,0.00927264,0.00544598,0.0152895,-0.0113489,0,0,0.000755954,1253.87,4472,nan,nan,nan,double
ecm,SR-EKF,kalman,ground_charge,preisach,1,0.00673919,0.00927264,0.00544598,0.0152895,-0.0113489,0,0,0.000755954,839.053,4440,nan,nan,nan,double
ecm,SR-UKF,kalman,ground_charge,preisach,1,0.00682912,0.00934902,0.00558071,0.0114797,-0.0113849,0,0,0.000755167,1620.8,4896,nan,nan,nan,double
ecm,UD-EKF,kalman,ground_charge,preisach,1,0.00673919,0.00927264,0.00544598,0.0152895,-0.0113489,0,0,0.000755954,485.851,4480,nan,nan,nan,double
ecm,SO-EKF,kalman,ground_charge,preisach,1,0.00685574,0.00935628,0.00564078,0.0115618,-0.0114671,0,0,0.000755105,4219.27,4496,nan,nan,nan,double
ecm,SageHusa-AKF,adaptive_kalman,ground_charge,preisach,1,0.00682248,0.00937171,0.00552903,0.0152895,-0.0114758,0,0,0.000756417,552.647,4808,nan,nan,nan,double
ecm,IAE-AKF,adaptive_kalman,ground_charge,preisach,1,0.00677961,0.00933565,0.00546759,0.0152895,-0.0114628,0,0,0.000755825,499.913,5040,nan,nan,nan,double
ecm,VB-AKF,adaptive_kalman,ground_charge,preisach,1,0.00670788,0.00924521,0.00540415,0.0152895,-0.0113132,0,0,0.000755598,876.337,4408,nan,nan,nan,double
ecm,STF,adaptive_kalman,ground_charge,preisach,1,0.0157491,0.0218198,0.0113276,0.0616884,-0.0100239,0,0,0.000840523,536.402,4680,nan,nan,nan,double
ecm,Fading-EKF,adaptive_kalman,ground_charge,preisach,1,0.0142828,0.0196842,0.0107083,0.0434621,-0.0110258,0,0,0.000736942,503.24,4384,nan,nan,nan,double
ecm,Fuzzy-AKF,adaptive_kalman,ground_charge,preisach,1,0.00672824,0.00925642,0.00544692,0.0152895,-0.0113063,0,0,0.000757078,725.831,4816,nan,nan,nan,double
ecm,IMM,adaptive_kalman,ground_charge,preisach,1,0.0067034,0.00926843,0.00526924,0.0146513,-0.0113216,0,0,0.000755608,2054.43,4976,nan,nan,nan,double
ecm,MMAE,adaptive_kalman,ground_charge,preisach,1,0.00738607,0.00848112,0.00666524,0.0152895,-0.0110684,0,0,0.000767585,1767.52,13200,-0.000846061,nan,nan,double
ecm,Schmidt-KF,robust_kalman,ground_charge,preisach,1,0.0301814,0.0235779,0.0273957,0.043875,-0.00845763,2783.7,0,0.0288134,1290.87,8856,nan,nan,nan,double
ecm,Hinf-EKF,robust_kalman,ground_charge,preisach,1,0.00794661,0.0108827,0.0065031,0.015318,-0.0121257,0,0,0.000754559,789.785,4408,nan,nan,nan,double
ecm,Huber-EKF,robust_kalman,ground_charge,preisach,1,0.0067577,0.00924569,0.00551335,0.0152895,-0.0113445,0,0,0.000748477,624.145,4368,nan,nan,nan,double
ecm,MC-EKF,robust_kalman,ground_charge,preisach,1,0.00671756,0.00925257,0.00541569,0.0152895,-0.0113207,0,0,0.00075248,997.684,4384,nan,nan,nan,double
ecm,StudentT-KF,robust_kalman,ground_charge,preisach,1,0.00674177,0.00926154,0.00548263,0.0152895,-0.0113489,0,0,0.000742259,687.461,4568,nan,nan,nan,double
ecm,Constrained-EKF,robust_kalman,ground_charge,preisach,1,0.00673919,0.00927264,0.00544598,0.0152895,-0.0113489,0,0,0.000755954,590.626,4416,nan,nan,nan,double
ecm,ReducedOrder-EKF,robust_kalman,ground_charge,preisach,1,0.0153445,0.021218,0.0111111,0.0438382,-0.0111331,0,0,0.00139461,331.377,4272,nan,nan,nan,double
ecm,SVSF,robust_kalman,ground_charge,preisach,1,0.00681655,0.00927042,0.00562976,0.0114171,-0.0113337,0,0,0.000749273,586.352,4376,nan,nan,nan,double
ecm,Luenberger,observers,ground_charge,preisach,1,0.0138459,0.0190578,0.0105582,0.0358471,-0.011074,0,0,0.000782978,458.123,4632,nan,nan,nan,double
ecm,SSKF,observers,ground_charge,preisach,1,0.0138459,0.0190578,0.0105582,0.0358471,-0.011074,0,0,0.000782978,390.364,4632,nan,nan,nan,double
ecm,PI-Observer,observers,ground_charge,preisach,1,0.0190194,0.0264456,0.0125074,0.0656344,-0.0109805,0,0,0.00212283,379.813,4824,nan,nan,nan,double
ecm,SMO,observers,ground_charge,preisach,1,0.0146721,0.0202448,0.0109681,0.0396902,-0.0110652,0,0,0.000791163,464.109,4800,nan,nan,nan,double
ecm,SMO-Adaptive,observers,ground_charge,preisach,1,0.0141419,0.0194795,0.0107124,0.0375308,-0.0110677,0,0,0.000786842,474.945,4800,nan,nan,nan,double
ecm,SuperTwisting-SMO,observers,ground_charge,preisach,1,0.0185222,0.0257328,0.0123718,0.0638493,-0.0109746,0,0,0.000787833,139.917,4280,nan,nan,nan,double
ecm,HGO,observers,ground_charge,preisach,1,0.0138459,0.0190578,0.0105582,0.0358471,-0.011074,0,0,0.000782978,443.81,4680,nan,nan,nan,double
ecm,ESO,observers,ground_charge,preisach,1,0.0185214,0.0257226,0.012414,0.0636897,-0.0110266,0,0,0.000778819,1263.16,4784,nan,nan,nan,double
ecm,UIO,observers,ground_charge,preisach,1,0.0436293,0.0615271,0.025832,0.152609,-0.113971,0,0,0.0183023,1026.2,5072,nan,nan,nan,double
ecm,DOB,observers,ground_charge,preisach,1,0.0123964,0.017311,0.00919931,0.0294985,-0.0136373,0,0,0.000876078,663.053,4784,nan,nan,nan,double
ecm,AdaptiveObserver,observers,ground_charge,preisach,1,0.0136222,0.0187472,0.0104278,0.0347809,-0.0110779,0,0,0.000781582,889.927,4864,0.0142861,nan,nan,double
ecm,IntervalObserver,observers,ground_charge,preisach,1,0.0138459,0.0190578,0.0105582,0.0358471,-0.011074,0,0,0.000782978,772.792,9024,nan,0,0.381281,double
ecm,JointEKF,soh,ground_charge,preisach,1,0.0401601,0.0256249,0.0355579,0.0644297,-0.00490902,2782.3,0,0.0004823,1238.86,8752,0.515689,nan,nan,double
ecm,JointUKF,soh,ground_charge,preisach,1,0.0391842,0.0235115,0.0344527,0.063423,-0.00670636,2724.9,0,0.000465171,3123.83,9600,0.558077,nan,nan,double
ecm,DualEKF,soh,ground_charge,preisach,1,0.0493834,0.0462651,0.0422141,0.0759706,0.00383987,0,0,0.000785466,1257.39,4752,0.304434,nan,nan,double
ecm,DualUKF,soh,ground_charge,preisach,1,0.0457891,0.0474446,0.0391057,0.121787,-0.0444713,1112,0,0.000946038,2407.44,5512,2.30669,nan,nan,double
ecm,RLS-EKF,soh,ground_charge,preisach,1,0.0276731,0.0248058,0.0255839,0.0356086,-0.000545786,0,0,0.000608112,503.12,8904,nan,nan,nan,double
ecm,AWTLS,soh,ground_charge,preisach,1,0.00673919,0.00927264,0.00544598,0.0152895,-0.0113489,0,0,0.000755954,482.595,8776,0.0142307,nan,nan,double
ecm,PF-Bootstrap,particle,ground_charge,preisach,1,0.0146944,0.0202373,0.0110043,0.0411176,-0.0123733,0,0,0.000848911,75158,46472,nan,nan,nan,double
ecm,PF-Fast,particle,ground_charge,preisach,1,0.0148817,0.0205201,0.0110307,0.0457904,-0.00989584,0,0,0.00101969,15638.3,9664,nan,nan,nan,double
ecm,PF-Regularized,particle,ground_charge,preisach,1,0.0124595,0.0169626,0.0100031,0.0306277,-0.0118524,0,0,0.000844003,80432.7,46464,nan,nan,nan,double
ecm,PF-Auxiliary,particle,ground_charge,preisach,1,0.0155683,0.0214441,0.0113413,0.0452046,-0.0113154,0,0,0.000878484,102087,54584,nan,nan,nan,double
ecm,RBPF,particle,ground_charge,preisach,1,0.00862804,0.0118737,0.00704005,0.0148497,-0.0114241,0,0,0.000887435,39488.2,34016,nan,nan,nan,double
ecm,UPF,particle,ground_charge,preisach,1,0.0180541,0.0252043,0.0117677,0.072083,-0.0119309,0,0,0.00137635,17929,25360,nan,nan,nan,double
ecm,EnKF,particle,ground_charge,preisach,1,0.0117852,0.0157666,0.00983921,0.0275794,-0.01187,0,0,0.000866613,10101.3,6776,nan,nan,nan,double
ecm,ETKF,particle,ground_charge,preisach,1,0.00429108,0.00511237,0.0036287,0.0201951,-0.00896223,0.1,0,0.000944997,10555.8,5304,nan,nan,nan,double
ecm,GSF,particle,ground_charge,preisach,1,0.00680176,0.00928372,0.00560352,0.0114579,-0.0113573,0,0,0.000764627,1795.86,9192,nan,nan,nan,double
ecm,NN-Direct,learning,ground_charge,preisach,1,0.292051,0.0878274,0.227705,0.525379,-0.0234166,2625.8,0,nan,572.899,15152,nan,nan,nan,double
ecm,NN-EKF,learning,ground_charge,preisach,1,0.00339497,0.00051381,0.00244229,0.00835612,8.47121e-05,0,0,0.000675684,1074.74,4376,nan,nan,nan,double
ecm,ELM-RLS-EKF,learning,ground_charge,preisach,1,0.00671992,0.00924691,0.00542763,0.0152895,-0.0113101,0,0,0.0006958,3320.93,11704,nan,nan,nan,double
ecm,MHE-RTI,optimization,ground_charge,preisach,1,0.0080413,0.0107265,0.0069406,0.0152895,-0.0112982,0,0,0.000807262,17413.6,26928,nan,nan,nan,double
ecm,MHE,optimization,ground_charge,preisach,1,0.00819209,0.0108818,0.00707405,0.0149597,-0.0113648,0,0,0.000807242,32600.7,26928,nan,nan,nan,double
ecm,ERTS,smoothers,ground_charge,preisach,1,0.00816271,0.0101756,0.00770672,0.0113489,-0.0113489,0,0,0.000682913,920.322,22468632,nan,nan,nan,double
ecm,URTS,smoothers,ground_charge,preisach,1,0.00822686,0.0102401,0.00777508,0.0113849,-0.0113849,0,0,0.000683267,2459.5,22468656,nan,nan,nan,double
ecm,Batch-NLS,smoothers,ground_charge,preisach,1,0.00831545,0.0103842,0.00783545,0.0114942,-0.0114942,0,0,0.000682245,4431.61,31108952,nan,nan,nan,double
ecm,FixedLag-EKF,smoothers,ground_charge,preisach,1,0.00683734,0.00941252,0.00551115,0.0152895,-0.0113477,0,0,0.000755954,9898.03,19992,nan,nan,nan,double
ecm,CoulombCounting,baselines,ground_charge,combined,1,0.234442,0.255878,0.232926,0.270181,-0.270181,-1,0,0.247684,79.2616,4184,nan,nan,nan,double
ecm,OCVLookup,baselines,ground_charge,combined,1,0.0327099,0.0362913,0.0294843,0.179274,0.0233394,45.6,0,0.02234,1271.84,4192,nan,nan,nan,double
ecm,CoulombOCVHybrid,baselines,ground_charge,combined,1,0.190858,0.168527,0.173086,0.252383,0.0263463,-1,0,0.212675,401.936,4192,nan,nan,nan,double
ecm,EKF,kalman,ground_charge,combined,1,0.157604,0.147648,0.157144,0.172657,-0.136515,-1,0,0.0035496,470.584,4336,nan,nan,nan,double
ecm,UKF,kalman,ground_charge,combined,1,0.0148313,0.00880622,0.0124387,0.138504,-0.0175082,821,0,0.00826166,1426.32,4776,nan,nan,nan,double
ecm,LKF,kalman,ground_charge,combined,1,0.530732,0.663375,0.494173,0.748689,-0.748676,-1,1,0.0047921,319.169,4680,nan,nan,nan,double
ecm,IEKF,kalman,ground_charge,combined,1,0.0172606,0.00807942,0.0140898,0.0372431,-0.0163991,1029.2,0,0.00287788,588.794,4336,nan,nan,nan,double
ecm,CKF,kalman,ground_charge,combined,1,0.00921272,0.0113459,0.00770685,0.148472,-0.0207337,0.3,0,0.0267894,1252.64,4560,nan,nan,nan,double
ecm,SCKF,kalman,ground_charge,combined,1,0.00921272,0.0113459,0.00770685,0.148472,-0.0207337,0.3,0,0.0267894,1576,4696,nan,nan,nan,double
ecm,CKF5,kalman,ground_charge,combined,1,0.0104245,0.00973589,0.00912381,0.141925,-0.0187592,0.3,0,0.0267564,4003.96,5624,nan,nan,nan,double
ecm,CDKF,kalman,ground_charge,combined,1,0.0104245,0.00973589,0.00912381,0.141925,-0.0187592,0.3,0,0.0267564,1380.09,4312,nan,nan,nan,double
ecm,GHKF,kalman,ground_charge,combined,1,0.0104245,0.00973589,0.00912381,0.141925,-0.0187592,0.3,0,0.0267564,12052,10784,nan,nan,nan,double
ecm,IPLF,kalman,ground_charge,combined,1,0.0177338,0.00730247,0.0143787,0.0385282,-0.0145195,1091.2,0,0.0080573,2023.39,4784,nan,nan,nan,double
ecm,EIF,kalman,ground_charge,combined,1,0.157604,0.147648,0.157144,0.172657,-0.136515,-1,0,0.0035496,1220.15,4472,nan,nan,nan,double
ecm,SR-EKF,kalman,ground_charge,combined,1,0.157604,0.147648,0.157144,0.172657,-0.136515,-1,0,0.0035496,821.889,4440,nan,nan,nan,double
ecm,SR-UKF,kalman,ground_charge,combined,1,0.0148313,0.00880622,0.0124387,0.138504,-0.0175082,821,0,0.00826166,1560.2,4896,nan,nan,nan,double
ecm,UD-EKF,kalman,ground_charge,combined,1,0.157604,0.147648,0.157144,0.172657,-0.136515,-1,0,0.0035496,476.667,4480,nan,nan,nan,double
ecm,SO-EKF,kalman,ground_charge,combined,1,0.0157014,0.00931212,0.0130237,0.138223,-0.0183496,879.9,0,0.00829873,4189.15,4496,nan,nan,nan,double
ecm,SageHusa-AKF,adaptive_kalman,ground_charge,combined,1,0.156969,0.146521,0.15647,0.172398,-0.135154,-1,0,0.00481634,542.315,4808,nan,nan,nan,double
ecm,IAE-AKF,adaptive_kalman,ground_charge,combined,1,0.157182,0.146791,0.156684,0.172573,-0.135282,-1,0,0.00382397,482.146,5040,nan,nan,nan,double
ecm,VB-AKF,adaptive_kalman,ground_charge,combined,1,0.129162,0.119544,0.128725,0.142656,-0.113033,-1,0,0.0256328,842.439,4408,nan,nan,nan,double
ecm,STF,adaptive_kalman,ground_charge,combined,1,0.0342113,0.0362791,0.0329185,0.11392,0.0272259,-1,0,0.00314758,522.291,4680,nan,nan,nan,double
ecm,Fading-EKF,adaptive_kalman,ground_charge,combined,1,0.0215715,0.0266463,0.0190753,0.11392,0.0270555,4.5,0,0.0039363,496.429,4384,nan,nan,nan,double
ecm,Fuzzy-AKF,adaptive_kalman,ground_charge,combined,1,0.156964,0.14649,0.156461,0.172432,-0.13508,-1,0,0.00386324,728.012,4816,nan,nan,nan,double
ecm,IMM,adaptive_kalman,ground_charge,combined,1,0.0691547,0.0647184,0.0689789,0.113965,-0.0687706,-1,0,0.00389508,2095.87,4976,nan,nan,nan,double
ecm,MMAE,adaptive_kalman,ground_charge,combined,1,0.0913668,0.0509969,0.0830219,0.157805,-0.0425798,-1,0,0.00336063,1798.48,13200,-0.480692,nan,nan,double
ecm,Schmidt-KF,robust_kalman,ground_charge,combined,1,0.0948648,0.0589885,0.0823796,0.165598,0.0560623,1528.8,0,0.108048,1311.72,8856,nan,nan,nan,double
ecm,Hinf-EKF,robust_kalman,ground_charge,combined,1,0.146031,0.123188,0.143603,0.171847,-0.0867399,-1,0,0.00352257,800.5,4408,nan,nan,nan,double
ecm,Huber-EKF,robust_kalman,ground_charge,combined,1,0.15415,0.144207,0.153682,0.16923,-0.133578,-1,0,0.0067273,651.075,4368,nan,nan,nan,double
ecm,MC-EKF,robust_kalman,ground_charge,combined,1,0.139934,0.132356,0.139612,0.152746,-0.124332,-1,0,0.0110074,1027.52,4384,nan,nan,nan,double
ecm,StudentT-KF,robust_kalman,ground_charge,combined,1,0.152587,0.142688,0.152121,0.167533,-0.132211,-1,0,0.00724287,722.95,4568,nan,nan,nan,double
ecm,Constrained-EKF,robust_kalman,ground_charge,combined,1,0.152877,0.143624,0.152451,0.167489,-0.133123,-1,0,0.00343096,652.532,4416,nan,nan,nan,double
ecm,ReducedOrder-EKF,robust_kalman,ground_charge,combined,1,0.0309669,0.0278225,0.0290194,0.120204,0.028588,149,0,0.00842534,330.675,4272,nan,nan,nan,double
ecm,SVSF,robust_kalman,ground_charge,combined,1,0.165882,0.153732,0.165272,0.182538,-0.140698,-1,0,0.00356353,588.79,4376,nan,nan,nan,double
ecm,Luenberger,observers,ground_charge,combined,1,0.102956,0.0329738,0.0603124,0.461336,0.026124,-1,0,0.0742187,319.096,4632,nan,nan,nan,double
ecm,SSKF,observers,ground_charge,combined,1,0.0226374,0.0247161,0.0211863,0.162322,0.0240025,171.8,0,0.00490226,402.497,4632,nan,nan,nan,double
ecm,PI-Observer,observers,ground_charge,combined,1,0.328527,0.27085,0.25646,0.653729,0.02011,2900.1,1,0.0311707,1141.84,4824,nan,nan,nan,double
ecm,SMO,observers,ground_charge,combined,1,0.101928,0.0295033,0.0602265,0.456331,0.0258014,-1,0,0.0717757,327.248,4800,nan,nan,nan,double
ecm,SMO-Adaptive,observers,ground_charge,combined,1,0.0964758,0.0292214,0.0614238,0.428548,0.0253315,-1,0,0.0621214,326.625,4800,nan,nan,nan,double
ecm,SuperTwisting-SMO,observers,ground_charge,combined,1,0.0435002,0.0394785,0.0382448,0.179943,0.0242282,-1,0,0.0487998,141.787,4280,nan,nan,nan,double
ecm,HGO,observers,ground_charge,combined,1,0.0973035,0.0329738,0.0589217,0.422058,0.026124,-1,0,0.0647807,322.885,4680,nan,nan,nan,double
ecm,ESO,observers,ground_charge,combined,1,0.326589,0.265071,0.25412,0.651559,0.0201194,2884.5,1,0.03492,1077.44,4784,nan,nan,nan,double
ecm,UIO,observers,ground_charge,combined,1,0.0358187,0.0102693,0.021532,0.18,-0.00988632,822.2,0,0.00444203,996.785,5072,nan,nan,nan,double
ecm,DOB,observers,ground_charge,combined,1,0.0141595,0.00154365,0.00694207,0.14944,-0.00199086,372,0,0.00369889,744.321,4784,nan,nan,nan,double
ecm,AdaptiveObserver,observers,ground_charge,combined,1,0.0598628,0.0141173,0.0275488,0.265563,0.00963502,504.8,0,0.0713847,722.665,4864,1.10295,nan,nan,double
ecm,IntervalObserver,observers,ground_charge,combined,1,0.0226374,0.0247161,0.0211863,0.162322,0.0240025,171.8,0,0.00490226,793.219,9024,nan,0,0.392756,double
ecm,JointEKF,soh,ground_charge,combined,1,0.14163,0.164248,0.133392,0.179643,0.119981,869,0,0.00335411,1230.18,8752,-1.50048,nan,nan,double
ecm,JointUKF,soh,ground_charge,combined,1,0.126629,0.1207,0.124454,0.147146,0.0780522,-1,0,0.00830493,3128.58,9600,0.0847191,nan,nan,double
ecm,DualEKF,soh,ground_charge,combined,1,0.124522,0.122696,0.116098,0.167601,0.120055,1404.7,0,0.00325878,1278.01,4752,-1.77966,nan,nan,double
ecm,DualUKF,soh,ground_charge,combined,1,0.209432,0.191348,0.202094,0.290147,-0.11752,-1,0,0.00945792,2406.43,5512,-1.99518,nan,nan,double
ecm,RLS-EKF,soh,ground_charge,combined,1,0.150387,0.138322,0.149779,0.166334,-0.127184,-1,0,0.00346156,499.024,8904,nan,nan,nan,double
ecm,AWTLS,soh,ground_charge,combined,1,0.157604,0.147648,0.157144,0.172657,-0.136515,-1,0,0.0035496,484.515,8776,0.50427,nan,nan,double
ecm,PF-Bootstrap,particle,ground_charge,combined,1,0.0340651,0.039156,0.0309392,0.0716358,-6.7616e-05,3295,0,0.00506226,75983.8,46472,nan,nan,nan,double
ecm,PF-Fast,particle,ground_charge,combined,1,0.0339646,0.0367672,0.0312964,0.07387,-0.00100913,3354.9,0,0.00494924,15643.7,9664,nan,nan,nan,double
ecm,PF-Regularized,particle,ground_charge,combined,1,0.0270799,0.0268353,0.026891,0.04265,0.0203068,-1,0,0.00505866,80511.2,46464,nan,nan,nan,double
ecm,PF-Auxiliary,particle,ground_charge,combined,1,0.0336692,0.0355087,0.0326264,0.0518215,0.0177123,-1,0,0.00506349,103982,54584,nan,nan,nan,double
ecm,RBPF,particle,ground_charge,combined,1,0.0179574,0.00976781,0.014397,0.0392217,-0.019175,933.7,0,0.00518016,40064.4,34016,nan,nan,nan,double
ecm,UPF,particle,ground_charge,combined,1,0.0346954,0.0363694,0.0324286,0.0723116,0.0238743,2074.1,0,0.00473888,18267.2,25360,nan,nan,nan,double
ecm,EnKF,particle,ground_charge,combined,1,0.0358459,0.0364808,0.0346728,0.0971129,0.00890158,3491.4,0,0.00496634,10098,6776,nan,nan,nan,double
ecm,ETKF,particle,ground_charge,combined,1,0.0217308,0.0244304,0.0194418,0.0883581,-0.0358727,762.8,0,0.00504803,10355,5304,nan,nan,nan,double
ecm,GSF,particle,ground_charge,combined,1,0.0533528,0.0460143,0.0491103,0.242554,-0.0528712,-1,0,0.00528932,1795.04,9192,nan,nan,nan,double
ecm,NN-Direct,learning,ground_charge,combined,1,0.360381,0.162427,0.310913,0.656404,0.0783619,-1,0,nan,602.174,15152,nan,nan,nan,double
ecm,NN-EKF,learning,ground_charge,combined,1,0.135015,0.124609,0.134485,0.150005,-0.115047,-1,0,0.00413955,1103.52,4376,nan,nan,nan,double
ecm,ELM-RLS-EKF,learning,ground_charge,combined,1,0.157562,0.147649,0.157101,0.172551,-0.136427,-1,0,0.00348199,3343.93,11704,nan,nan,nan,double
ecm,MHE-RTI,optimization,ground_charge,combined,1,0.0292966,0.0152677,0.0261916,0.11392,0.00589757,2089.3,0,0.00312837,17244.9,26928,nan,nan,nan,double
ecm,MHE,optimization,ground_charge,combined,1,0.0289397,0.0141771,0.0252472,0.0485332,0.00413115,2089.8,0,0.00289259,31105.5,26928,nan,nan,nan,double
ecm,ERTS,smoothers,ground_charge,combined,1,0.132453,0.130213,0.132376,0.14454,-0.136515,-1,0,0.00258595,941.936,22468632,nan,nan,nan,double
ecm,URTS,smoothers,ground_charge,combined,1,0.0300903,0.00908564,0.0230514,0.0665447,-0.0175082,1487.4,0,0.00146094,2491.11,22468656,nan,nan,nan,double
ecm,Batch-NLS,smoothers,ground_charge,combined,1,0.0292685,0.0102102,0.0226388,0.0651475,-0.0197741,1429.2,0,0.00167353,4505.11,31108952,nan,nan,nan,double
ecm,FixedLag-EKF,smoothers,ground_charge,combined,1,0.157789,0.147743,0.157323,0.172932,-0.136578,-1,0,0.0035496,9933.54,19992,nan,nan,nan,double
