t,i_meas,v_meas,T_true,soc_true,soc_est,soc_std,v_pred,soc_lower,soc_upper,capacity_est,capacity_true,v_true
0,-5.02,3.555,298.15,0.2,0.2,-1,3.55575,nan,nan,nan,5,3.55089
1,-5,3.555,298.151,0.200276,0.200277,-1,3.56158,nan,nan,nan,4.99986,3.55701
2,-5,3.563,298.152,0.200553,0.200554,-1,3.56702,nan,nan,nan,4.99978,3.56215
3,-4.97,3.566,298.154,0.200829,0.20083,-1,3.5706,nan,nan,nan,4.99972,3.56647
4,-5,3.572,298.156,0.201106,0.201106,-1,3.5743,nan,nan,nan,4.99967,3.57013
5,-4.95,3.572,298.158,0.201382,0.201383,-1,3.57726,nan,nan,nan,4.99962,3.57324
6,-5.07,3.574,298.161,0.201658,0.201661,-1,3.58087,nan,nan,nan,4.99958,3.5759
7,-4.99,3.577,298.163,0.201935,0.201939,-1,3.5828,nan,nan,nan,4.99954,3.5782
8,-5.1,3.577,298.166,0.202211,0.202218,-1,3.58585,nan,nan,nan,4.9995,3.58019
9,-4.99,3.578,298.169,0.202488,0.202495,-1,3.58662,nan,nan,nan,4.99946,3.58193
10,-4.99,3.582,298.172,0.202764,0.20277,-1,3.58746,nan,nan,nan,4.99943,3.58348
11,-4.99,3.587,298.174,0.203041,0.203045,-1,3.58906,nan,nan,nan,4.9994,3.58485
12,-5.03,3.586,298.177,0.203317,0.20332,-1,3.59079,nan,nan,nan,4.99936,3.58609
13,-5.02,3.587,298.181,0.203593,0.203598,-1,3.59172,nan,nan,nan,4.99933,3.58721
14,-5.03,3.589,298.184,0.20387,0.203875,-1,3.59197,nan,nan,nan,4.99931,3.58824
15,-5.02,3.587,298.187,0.204146,0.204151,-1,3.59305,nan,nan,nan,4.99928,3.5892
16,-4.97,3.59,298.19,0.204423,0.204429,-1,3.59421,nan,nan,nan,4.99925,3.59008
17,-5.02,3.594,298.193,0.204699,0.204705,-1,3.59529,nan,nan,nan,4.99922,3.59092
18,-5,3.592,298.196,0.204976,0.204982,-1,3.59565,nan,nan,nan,4.9992,3.59171
19,-4.92,3.592,298.2,0.205252,0.205259,-1,3.59565,nan,nan,nan,4.99917,3.59247
20,-4.96,3.596,298.203,0.205528,0.205534,-1,3.59637,nan,nan,nan,4.99915,3.59319
21,-5.09,3.593,298.206,0.205805,0.205811,-1,3.59923,nan,nan,nan,4.99912,3.59389
22,-5.01,3.596,298.21,0.206081,0.206087,-1,3.59751,nan,nan,nan,4.9991,3.59457
23,-5.05,3.597,298.213,0.206358,0.206365,-1,3.599,nan,nan,nan,4.99908,3.59523
24,-5,3.595,298.216,0.206634,0.20664,-1,3.5997,nan,nan,nan,4.99905,3.59587
25,-4.93,3.598,298.22,0.206911,0.206918,-1,3.59908,nan,nan,nan,4.99903,3.5965
26,-4.96,3.599,298.223,0.207187,0.207193,-1,3.60051,nan,nan,nan,4.99901,3.59712
27,-4.95,3.597,298.226,0.207463,0.20747,-1,3.60048,nan,nan,nan,4.99899,3.59773
28,-5.01,3.6,298.23,0.20774,0.207746,-1,3.60142,nan,nan,nan,4.99897,3.59833
29,-5.03,3.597,298.233,0.208016,0.208023,-1,3.60346,nan,nan,nan,4.99895,3.59892
30,-4.98,3.601,298.237,0.208293,0.208298,-1,3.60243,nan,nan,nan,4.99893,3.59951
31,-4.89,3.598,298.24,0.208569,0.208574,-1,3.60151,nan,nan,nan,4.99891,3.60009
32,-5.07,3.602,298.244,0.208846,0.208851,-1,3.60484,nan,nan,nan,4.99889,3.60066
33,-5.04,3.602,298.247,0.209122,0.209128,-1,3.60475,nan,nan,nan,4.99887,3.60123
34,-4.92,3.599,298.251,0.209399,0.209406,-1,3.60411,nan,nan,nan,4.99885,3.60179
35,-4.97,3.599,298.254,0.209675,0.209682,-1,3.60503,nan,nan,nan,4.99883,3.60235
36,-5.01,3.603,298.258,0.209952,0.209958,-1,3.60631,nan,nan,nan,4.99881,3.60291
37,-4.92,3.604,298.261,0.210228,0.210235,-1,3.60572,nan,nan,nan,4.99879,3.60346
38,-5.02,3.606,298.265,0.210504,0.210511,-1,3.60752,nan,nan,nan,4.99877,3.60401
39,-4.94,3.607,298.268,0.210781,0.210788,-1,3.60613,nan,nan,nan,4.99875,3.60455
40,-4.98,3.602,298.272,0.211057,0.211064,-1,3.60787,nan,nan,nan,4.99874,3.60509
41,-4.94,3.604,298.275,0.211334,0.21134,-1,3.60693,nan,nan,nan,4.99872,3.60563
42,-5,3.607,298.279,0.21161,0.211616,-1,3.60867,nan,nan,nan,4.9987,3.60616
43,-4.97,3.604,298.282,0.211887,0.211893,-1,3.6091,nan,nan,nan,4.99868,3.60669
44,-5.03,3.604,298.286,0.212163,0.21217,-1,3.61011,nan,nan,nan,4.99867,3.60722
45,-5.03,3.612,298.289,0.21244,0.212446,-1,3.61064,nan,nan,nan,4.99865,3.60775
46,-4.85,3.605,298.293,0.212716,0.212723,-1,3.60911,nan,nan,nan,4.99863,3.60827
47,-5.05,3.607,298.297,0.212993,0.212999,-1,3.61205,nan,nan,nan,4.99862,3.60879
48,-5.07,3.608,298.3,0.213269,0.213277,-1,3.61261,nan,nan,nan,4.9986,3.60931
49,-5.08,3.611,298.304,0.213545,0.213555,-1,3.61332,nan,nan,nan,4.99858,3.60982
50,-5.02,3.609,298.307,0.213822,0.213831,-1,3.61348,nan,nan,nan,4.99857,3.61034
51,-5.1,3.613,298.311,0.214098,0.214107,-1,3.61505,nan,nan,nan,4.99855,3.61085
52,-4.97,3.611,298.314,0.214375,0.214385,-1,3.61311,nan,nan,nan,4.99853,3.61135
53,-4.99,3.613,298.318,0.214651,0.214661,-1,3.61439,nan,nan,nan,4.99852,3.61186
54,-5.02,3.612,298.322,0.214928,0.214939,-1,3.61533,nan,nan,nan,4.9985,3.61236
55,-5.07,3.611,298.325,0.215204,0.215215,-1,3.61601,nan,nan,nan,4.99849,3.61286
56,-5.04,3.616,298.329,0.215481,0.215491,-1,3.61627,nan,nan,nan,4.99847,3.61336
57,-5.02,3.614,298.332,0.215757,0.215767,-1,3.61591,nan,nan,nan,4.99846,3.61385
58,-4.97,3.616,298.336,0.216034,0.216044,-1,3.61566,nan,nan,nan,4.99844,3.61435
59,-5.02,3.618,298.34,0.21631,0.21632,-1,3.61745,nan,nan,nan,4.99843,3.61484
60,-4.98,3.616,298.343,0.216587,0.216597,-1,3.61772,nan,nan,nan,4.99841,3.61532
61,-5.02,3.614,298.347,0.216863,0.216874,-1,3.61931,nan,nan,nan,4.9984,3.61581
62,-4.96,3.617,298.351,0.21714,0.21715,-1,3.61771,nan,nan,nan,4.99838,3.6163
63,-4.98,3.622,298.354,0.217416,0.217426,-1,3.61833,nan,nan,nan,4.99837,3.61678
64,-5.05,3.619,298.358,0.217693,0.217701,-1,3.6201,nan,nan,nan,4.99835,3.61726
65,-4.99,3.615,298.361,0.217969,0.217978,-1,3.6199,nan,nan,nan,4.99834,3.61773
66,-4.92,3.618,298.365,0.218246,0.218254,-1,3.61946,nan,nan,nan,4.99832,3.61821
67,-5.06,3.622,298.369,0.218522,0.21853,-1,3.62157,nan,nan,nan,4.99831,3.61868
68,-5.01,3.619,298.372,0.218799,0.218807,-1,3.62124,nan,nan,nan,4.99829,3.61915
69,-4.96,3.619,298.376,0.219075,0.219084,-1,3.62057,nan,nan,nan,4.99828,3.61962
70,-4.95,3.616,298.38,0.219351,0.219362,-1,3.6217,nan,nan,nan,4.99827,3.62009
71,-5.02,3.62,298.383,0.219628,0.219637,-1,3.62278,nan,nan,nan,4.99825,3.62056
72,-5.1,3.619,298.387,0.219904,0.219914,-1,3.62475,nan,nan,nan,4.99824,3.62102
73,-4.99,3.617,298.39,0.220181,0.220191,-1,3.6229,nan,nan,nan,4.99823,3.62148
74,-5.03,3.624,298.394,0.220457,0.220469,-1,3.62433,nan,nan,nan,4.99821,3.62194
75,-5.05,3.625,298.398,0.220734,0.220746,-1,3.62445,nan,nan,nan,4.9982,3.6224
76,-4.96,3.625,298.401,0.22101,0.221023,-1,3.62416,nan,nan,nan,4.99818,3.62286
77,-4.97,3.619,298.405,0.221287,0.221299,-1,3.62422,nan,nan,nan,4.99817,3.62331
78,-4.96,3.622,298.409,0.221563,0.221575,-1,3.62541,nan,nan,nan,4.99816,3.62376
79,-5.01,3.624,298.412,0.22184,0.221851,-1,3.62573,nan,nan,nan,4.99814,3.62422
80,-4.95,3.625,298.416,0.222116,0.222127,-1,3.62517,nan,nan,nan,4.99813,3.62466
81,-4.92,3.621,298.419,0.222393,0.222403,-1,3.62596,nan,nan,nan,4.99812,3.62511
82,-5.08,3.624,298.423,0.222669,0.22268,-1,3.62787,nan,nan,nan,4.99811,3.62556
83,-4.99,3.629,298.427,0.222946,0.222956,-1,3.62766,nan,nan,nan,4.99809,3.626
84,-5.03,3.628,298.43,0.223222,0.223233,-1,3.62851,nan,nan,nan,4.99808,3.62644
85,-4.98,3.626,298.434,0.223499,0.22351,-1,3.62866,nan,nan,nan,4.99807,3.62688
86,-5.03,3.63,298.438,0.223775,0.223787,-1,3.62926,nan,nan,nan,4.99805,3.62732
87,-5.14,3.627,298.441,0.224052,0.224064,-1,3.63123,nan,nan,nan,4.99804,3.62776
88,-5.02,3.633,298.445,0.224328,0.224342,-1,3.63019,nan,nan,nan,4.99803,3.6282
89,-4.99,3.629,298.448,0.224605,0.22462,-1,3.63035,nan,nan,nan,4.99802,3.62863
90,-5,3.627,298.452,0.224881,0.224895,-1,3.63083,nan,nan,nan,4.998,3.62907
91,-4.99,3.632,298.456,0.225158,0.225171,-1,3.63045,nan,nan,nan,4.99799,3.6295
92,-5.02,3.632,298.459,0.225434,0.225449,-1,3.6317,nan,nan,nan,4.99798,3.62993
93,-5.01,3.627,298.463,0.225711,0.225726,-1,3.63205,nan,nan,nan,4.99797,3.63036
94,-5.13,3.63,298.466,0.225987,0.226001,-1,3.63352,nan,nan,nan,4.99795,3.63078
95,-5.07,3.63,298.47,0.226264,0.226278,-1,3.6333,nan,nan,nan,4.99794,3.63121
96,-5.02,3.629,298.474,0.22654,0.226555,-1,3.63345,nan,nan,nan,4.99793,3.63163
97,-5.03,3.629,298.477,0.226817,0.226831,-1,3.6342,nan,nan,nan,4.99792,3.63206
98,-5.01,3.631,298.481,0.227093,0.227108,-1,3.63386,nan,nan,nan,4.9979,3.63248
99,-4.96,3.632,298.484,0.22737,0.227384,-1,3.63425,nan,nan,nan,4.99789,3.6329
100,-4.98,3.635,298.488,0.227646,0.22766,-1,3.63462,nan,nan,nan,4.99788,3.63332
101,-5.04,3.632,298.491,0.227923,0.227935,-1,3.63521,nan,nan,nan,4.99787,3.63373
102,-5.09,3.631,298.495,0.228199,0.228211,-1,3.63651,nan,nan,nan,4.99786,3.63415
103,-4.97,3.635,298.499,0.228476,0.228489,-1,3.63493,nan,nan,nan,4.99785,3.63456
104,-5.03,3.63,298.502,0.228752,0.228766,-1,3.6363,nan,nan,nan,4.99783,3.63498
105,-4.98,3.634,298.506,0.229029,0.229042,-1,3.63611,nan,nan,nan,4.99782,3.63539
106,-4.98,3.636,298.509,0.229305,0.229319,-1,3.63659,nan,nan,nan,4.99781,3.6358
107,-4.97,3.636,298.513,0.229582,0.229595,-1,3.63693,nan,nan,nan,4.9978,3.63621
108,-5.01,3.635,298.516,0.229858,0.229871,-1,3.63746,nan,nan,nan,4.99779,3.63662
109,-5.03,3.637,298.52,0.230135,0.230147,-1,3.63854,nan,nan,nan,4.99778,3.63703
110,-5.04,3.636,298.523,0.230411,0.230425,-1,3.63907,nan,nan,nan,4.99776,3.63743
111,-5,3.637,298.527,0.230688,0.230701,-1,3.63923,nan,nan,nan,4.99775,3.63784
112,-5.02,3.637,298.531,0.230964,0.23098,-1,3.64003,nan,nan,nan,4.99774,3.63824
113,-5.08,3.639,298.534,0.231241,0.231256,-1,3.64122,nan,nan,nan,4.99773,3.63865
114,-4.99,3.639,298.538,0.231518,0.231532,-1,3.63968,nan,nan,nan,4.99772,3.63905
115,-5.01,3.636,298.541,0.231794,0.231808,-1,3.64039,nan,nan,nan,4.99771,3.63945
116,-4.94,3.641,298.545,0.232071,0.232085,-1,3.64025,nan,nan,nan,4.9977,3.63985
117,-4.94,3.638,298.548,0.232347,0.232361,-1,3.64025,nan,nan,nan,4.99768,3.64025
118,-5.06,3.645,298.552,0.232624,0.232637,-1,3.64245,nan,nan,nan,4.99767,3.64064
119,-5.05,3.639,298.555,0.2329,0.232915,-1,3.64225,nan,nan,nan,4.99766,3.64104
120,-4.95,3.642,298.559,0.233177,0.233192,-1,3.64186,nan,nan,nan,4.99765,3.64144
121,-5.04,3.641,298.562,0.233453,0.233468,-1,3.64362,nan,nan,nan,4.99764,3.64183
122,-5.01,3.642,298.566,0.23373,0.233744,-1,3.64349,nan,nan,nan,4.99763,3.64222
123,-4.94,3.645,298.569,0.234006,0.23402,-1,3.64288,nan,nan,nan,4.99762,3.64262
124,-5.01,3.639,298.572,0.234283,0.234295,-1,3.64354,nan,nan,nan,4.99761,3.64301
125,-5.05,3.643,298.576,0.234559,0.234572,-1,3.64419,nan,nan,nan,4.9976,3.6434
126,-5.01,3.64,298.579,0.234836,0.234848,-1,3.64478,nan,nan,nan,4.99759,3.64379
127,-5.02,3.645,298.583,0.235112,0.235124,-1,3.64472,nan,nan,nan,4.99757,3.64418
128,-4.98,3.643,298.586,0.235389,0.2354,-1,3.64498,nan,nan,nan,4.99756,3.64456
129,-5.07,3.646,298.59,0.235665,0.235675,-1,3.64662,nan,nan,nan,4.99755,3.64495
130,-5.04,3.643,298.593,0.235942,0.23595,-1,3.64634,nan,nan,nan,4.99754,3.64534
131,-4.95,3.646,298.597,0.236218,0.236227,-1,3.64576,nan,nan,nan,4.99753,3.64572
132,-4.96,3.646,298.6,0.236495,0.236503,-1,3.64665,nan,nan,nan,4.99752,3.6461
133,-5,3.647,298.603,0.236771,0.236778,-1,3.64727,nan,nan,nan,4.99751,3.64649
134,-5.06,3.65,298.607,0.237048,0.237055,-1,3.64902,nan,nan,nan,4.9975,3.64687
135,-4.94,3.646,298.61,0.237324,0.237332,-1,3.64609,nan,nan,nan,4.99749,3.64725
136,-5,3.648,298.614,0.237601,0.23761,-1,3.64836,nan,nan,nan,4.99748,3.64763
137,-5.03,3.646,298.617,0.237878,0.237888,-1,3.64907,nan,nan,nan,4.99747,3.64801
138,-5.05,3.648,298.62,0.238154,0.238166,-1,3.65018,nan,nan,nan,4.99746,3.64839
139,-4.96,3.646,298.624,0.238431,0.238442,-1,3.64878,nan,nan,nan,4.99745,3.64877
140,-5.02,3.649,298.627,0.238707,0.238717,-1,3.64984,nan,nan,nan,4.99744,3.64915
141,-4.92,3.649,298.63,0.238984,0.238994,-1,3.64963,nan,nan,nan,4.99743,3.64952
142,-4.9,3.649,298.634,0.23926,0.23927,-1,3.64953,nan,nan,nan,4.99742,3.6499
143,-5.03,3.645,298.637,0.239537,0.239545,-1,3.65123,nan,nan,nan,4.99741,3.65027
144,-4.89,3.647,298.64,0.239813,0.239822,-1,3.65014,nan,nan,nan,4.9974,3.65065
145,-4.98,3.648,298.644,0.24009,0.240097,-1,3.6509,nan,nan,nan,4.99739,3.65102
146,-5.14,3.65,298.647,0.240366,0.240374,-1,3.65382,nan,nan,nan,4.99738,3.65139
147,-5.05,3.651,298.65,0.240643,0.240653,-1,3.65311,nan,nan,nan,4.99737,3.65177
148,-5,3.653,298.654,0.240919,0.24093,-1,3.65303,nan,nan,nan,4.99736,3.65214
149,-5.02,3.655,298.657,0.241196,0.241206,-1,3.65249,nan,nan,nan,4.99735,3.65251
150,-5.05,3.65,298.66,0.241472,0.241483,-1,3.65454,nan,nan,nan,4.99734,3.65288
151,-5.07,3.654,298.664,0.241749,0.24176,-1,3.65497,nan,nan,nan,4.99733,3.65325
152,-5,3.653,298.667,0.242026,0.242038,-1,3.65419,nan,nan,nan,4.99732,3.65362
153,-5.04,3.655,298.67,0.242302,0.242315,-1,3.65504,nan,nan,nan,4.99731,3.65398
154,-5.08,3.653,298.673,0.242579,0.242592,-1,3.65552,nan,nan,nan,4.9973,3.65435
155,-5.01,3.655,298.677,0.242855,0.24287,-1,3.65582,nan,nan,nan,4.99729,3.65472
156,-4.94,3.653,298.68,0.243132,0.243146,-1,3.65502,nan,nan,nan,4.99728,3.65508
157,-5.01,3.654,298.683,0.243408,0.243421,-1,3.65584,nan,nan,nan,4.99727,3.65545
158,-5.01,3.654,298.686,0.243685,0.243698,-1,3.65626,nan,nan,nan,4.99726,3.65581
159,-5.02,3.656,298.69,0.243961,0.243973,-1,3.65721,nan,nan,nan,4.99725,3.65618
160,-4.92,3.657,298.693,0.244238,0.24425,-1,3.65663,nan,nan,nan,4.99724,3.65654
161,-4.99,3.658,298.696,0.244514,0.244526,-1,3.6572,nan,nan,nan,4.99723,3.6569
162,-5.02,3.655,298.699,0.244791,0.244803,-1,3.65812,nan,nan,nan,4.99722,3.65727
163,-5.05,3.658,298.702,0.245067,0.24508,-1,3.65877,nan,nan,nan,4.99721,3.65763
164,-4.97,3.656,298.706,0.245344,0.245356,-1,3.65804,nan,nan,nan,4.9972,3.65799
165,-5,3.658,298.709,0.245621,0.245633,-1,3.65862,nan,nan,nan,4.99719,3.65835
166,-5.03,3.66,298.712,0.245897,0.245909,-1,3.65968,nan,nan,nan,4.99718,3.65871
167,-5.03,3.659,298.715,0.246174,0.246185,-1,3.65989,nan,nan,nan,4.99717,3.65907
168,-5.08,3.662,298.718,0.24645,0.246461,-1,3.66006,nan,nan,nan,4.99716,3.65943
169,-5,3.661,298.722,0.246727,0.246737,-1,3.66002,nan,nan,nan,4.99715,3.65978
170,-5.07,3.659,298.725,0.247003,0.247013,-1,3.66102,nan,nan,nan,4.99714,3.66014
171,-4.97,3.657,298.728,0.24728,0.24729,-1,3.65999,nan,nan,nan,4.99713,3.6605
172,-5.04,3.66,298.731,0.247556,0.247567,-1,3.66112,nan,nan,nan,4.99712,3.66086
173,-4.98,3.663,298.734,0.247833,0.247844,-1,3.66093,nan,nan,nan,4.99711,3.66121
174,-4.99,3.662,298.737,0.248109,0.24812,-1,3.66154,nan,nan,nan,4.9971,3.66157
175,-4.99,3.662,298.74,0.248386,0.248397,-1,3.66193,nan,nan,nan,4.99709,3.66192
176,-5,3.665,298.743,0.248663,0.248674,-1,3.66245,nan,nan,nan,4.99708,3.66228
177,-5.01,3.663,298.746,0.248939,0.248951,-1,3.66328,nan,nan,nan,4.99707,3.66263
178,-5.11,3.663,298.75,0.249216,0.249228,-1,3.66528,nan,nan,nan,4.99707,3.66298
179,-4.94,3.664,298.753,0.249492,0.249505,-1,3.663,nan,nan,nan,4.99706,3.66334
180,-5.02,3.665,298.756,0.249769,0.249781,-1,3.66489,nan,nan,nan,4.99705,3.66369
181,-5,3.662,298.759,0.250045,0.250058,-1,3.66455,nan,nan,nan,4.99704,3.66404
182,-5,3.663,298.762,0.250322,0.250336,-1,3.66459,nan,nan,nan,4.99703,3.66439
183,-5.02,3.665,298.765,0.250598,0.250613,-1,3.66496,nan,nan,nan,4.99702,3.66474
184,-4.98,3.665,298.768,0.250875,0.250889,-1,3.66501,nan,nan,nan,4.99701,3.66509
185,-4.94,3.666,298.771,0.251152,0.251166,-1,3.66535,nan,nan,nan,4.997,3.66544
186,-4.98,3.668,298.774,0.251428,0.251443,-1,3.66623,nan,nan,nan,4.99699,3.66579
187,-4.97,3.666,298.777,0.251705,0.25172,-1,3.66603,nan,nan,nan,4.99698,3.66614
188,-4.96,3.671,298.78,0.251981,0.251997,-1,3.6665,nan,nan,nan,4.99697,3.66649
189,-5.03,3.662,298.783,0.252258,0.252273,-1,3.6672,nan,nan,nan,4.99696,3.66684
190,-4.93,3.668,298.786,0.252534,0.25255,-1,3.66672,nan,nan,nan,4.99695,3.66719
191,-4.95,3.669,298.789,0.252811,0.252825,-1,3.66744,nan,nan,nan,4.99695,3.66753
192,-5,3.669,298.792,0.253087,0.253101,-1,3.66785,nan,nan,nan,4.99694,3.66788
193,-4.91,3.667,298.795,0.253364,0.253377,-1,3.66735,nan,nan,nan,4.99693,3.66823
194,-5.07,3.671,298.798,0.253641,0.253651,-1,3.66941,nan,nan,nan,4.99692,3.66857
195,-5.12,3.667,298.801,0.253917,0.25393,-1,3.67066,nan,nan,nan,4.99691,3.66892
196,-4.98,3.666,298.804,0.254194,0.254206,-1,3.6693,nan,nan,nan,4.9969,3.66927
197,-5.01,3.671,298.807,0.25447,0.254483,-1,3.66978,nan,nan,nan,4.99689,3.66961
198,-4.99,3.671,298.81,0.254747,0.25476,-1,3.66948,nan,nan,nan,4.99688,3.66995
199,-5.01,3.671,298.812,0.255023,0.255037,-1,3.67047,nan,nan,nan,4.99687,3.6703
200,-4.98,3.668,298.815,0.2553,0.255313,-1,3.67025,nan,nan,nan,4.99687,3.67064
201,-5,3.672,298.818,0.255576,0.255589,-1,3.67051,nan,nan,nan,4.99686,3.67098
202,-4.94,3.67,298.821,0.255853,0.255865,-1,3.67114,nan,nan,nan,4.99685,3.67133
203,-4.97,3.674,298.824,0.25613,0.256141,-1,3.67196,nan,nan,nan,4.99684,3.67167
204,-4.98,3.673,298.827,0.256406,0.256417,-1,3.67209,nan,nan,nan,4.99683,3.67201
205,-4.97,3.676,298.83,0.256683,0.256694,-1,3.67226,nan,nan,nan,4.99682,3.67235
206,-5.04,3.673,298.833,0.256959,0.256971,-1,3.6731,nan,nan,nan,4.99681,3.67269
207,-5.07,3.673,298.835,0.257236,0.257247,-1,3.67457,nan,nan,nan,4.9968,3.67304
208,-5.04,3.671,298.838,0.257512,0.257524,-1,3.67456,nan,nan,nan,4.99679,3.67338
209,-4.96,3.674,298.841,0.257789,0.257802,-1,3.67318,nan,nan,nan,4.99679,3.67372
210,-5,3.672,298.844,0.258066,0.258078,-1,3.67435,nan,nan,nan,4.99678,3.67406
211,-4.95,3.676,298.847,0.258342,0.258355,-1,3.67403,nan,nan,nan,4.99677,3.67439
212,-5.02,3.671,298.85,0.258619,0.258631,-1,3.67586,nan,nan,nan,4.99676,3.67473
213,-5.03,3.674,298.852,0.258895,0.258908,-1,3.67564,nan,nan,nan,4.99675,3.67507
214,-5.06,3.677,298.855,0.259172,0.259186,-1,3.67651,nan,nan,nan,4.99674,3.67541
215,-5.01,3.673,298.858,0.259448,0.259463,-1,3.67632,nan,nan,nan,4.99673,3.67575
216,-4.98,3.679,298.861,0.259725,0.259738,-1,3.67602,nan,nan,nan,4.99673,3.67609
217,-5.09,3.678,298.864,0.260002,0.260013,-1,3.67723,nan,nan,nan,4.99672,3.67642
218,-4.98,3.674,298.866,0.260278,0.260291,-1,3.67632,nan,nan,nan,4.99671,3.67676
219,-5,3.676,298.869,0.260555,0.260566,-1,3.67747,nan,nan,nan,4.9967,3.6771
220,-5.01,3.677,298.872,0.260831,0.260843,-1,3.67809,nan,nan,nan,4.99669,3.67743
221,-5.06,3.679,298.874,0.261108,0.26112,-1,3.67868,nan,nan,nan,4.99668,3.67777
222,-5.03,3.677,298.877,0.261384,0.261397,-1,3.67842,nan,nan,nan,4.99667,3.6781
223,-5,3.676,298.88,0.261661,0.261675,-1,3.679,nan,nan,nan,4.99667,3.67844
224,-5.02,3.678,298.883,0.261938,0.261952,-1,3.67963,nan,nan,nan,4.99666,3.67877
225,-4.99,3.682,298.885,0.262214,0.26223,-1,3.67901,nan,nan,nan,4.99665,3.67911
226,-5.07,3.682,298.888,0.262491,0.262507,-1,3.68077,nan,nan,nan,4.99664,3.67944
227,-4.97,3.68,298.891,0.262767,0.262784,-1,3.68003,nan,nan,nan,4.99663,3.67977
228,-4.95,3.684,298.893,0.263044,0.263061,-1,3.67903,nan,nan,nan,4.99662,3.68011
229,-5.01,3.679,298.896,0.26332,0.263339,-1,3.6809,nan,nan,nan,4.99662,3.68044
230,-5.07,3.682,298.899,0.263597,0.263614,-1,3.6818,nan,nan,nan,4.99661,3.68077
231,-5.03,3.683,298.901,0.263874,0.263891,-1,3.68131,nan,nan,nan,4.9966,3.6811
232,-4.97,3.678,298.904,0.26415,0.264169,-1,3.68096,nan,nan,nan,4.99659,3.68144
233,-5,3.679,298.907,0.264427,0.264445,-1,3.68161,nan,nan,nan,4.99658,3.68177
234,-4.97,3.686,298.909,0.264703,0.264722,-1,3.68243,nan,nan,nan,4.99657,3.6821
235,-5.1,3.684,298.912,0.26498,0.265,-1,3.68371,nan,nan,nan,4.99657,3.68243
236,-5.04,3.682,298.914,0.265256,0.265277,-1,3.68347,nan,nan,nan,4.99656,3.68276
237,-4.97,3.687,298.917,0.265533,0.265554,-1,3.68207,nan,nan,nan,4.99655,3.68309
238,-5.03,3.682,298.92,0.26581,0.265829,-1,3.68358,nan,nan,nan,4.99654,3.68342
239,-5.02,3.685,298.922,0.266086,0.266105,-1,3.68433,nan,nan,nan,4.99653,3.68375
240,-5.03,3.685,298.925,0.266363,0.266382,-1,3.68388,nan,nan,nan,4.99652,3.68408
241,-4.99,3.688,298.927,0.266639,0.266659,-1,3.68435,nan,nan,nan,4.99652,3.68441
242,-5.01,3.686,298.93,0.266916,0.266936,-1,3.68516,nan,nan,nan,4.99651,3.68474
243,-4.99,3.684,298.933,0.267193,0.267213,-1,3.68492,nan,nan,nan,4.9965,3.68506
244,-5.05,3.685,298.935,0.267469,0.267488,-1,3.68622,nan,nan,nan,4.99649,3.68539
245,-5.11,3.682,298.938,0.267746,0.267767,-1,3.68704,nan,nan,nan,4.99648,3.68572
246,-4.97,3.682,298.94,0.268022,0.268043,-1,3.68591,nan,nan,nan,4.99647,3.68605
247,-4.97,3.687,298.943,0.268299,0.26832,-1,3.68673,nan,nan,nan,4.99647,3.68637
248,-5.08,3.687,298.945,0.268575,0.268597,-1,3.68748,nan,nan,nan,4.99646,3.6867
249,-5,3.684,298.948,0.268852,0.268876,-1,3.68657,nan,nan,nan,4.99645,3.68703
250,-5.04,3.689,298.95,0.269129,0.269153,-1,3.68806,nan,nan,nan,4.99644,3.68735
251,-4.93,3.687,298.953,0.269405,0.26943,-1,3.68739,nan,nan,nan,4.99643,3.68768
252,-4.93,3.686,298.955,0.269682,0.269706,-1,3.68731,nan,nan,nan,4.99643,3.688
253,-4.98,3.688,298.958,0.269958,0.269981,-1,3.68757,nan,nan,nan,4.99642,3.68833
254,-5.02,3.688,298.96,0.270235,0.270259,-1,3.68911,nan,nan,nan,4.99641,3.68865
255,-5.02,3.694,298.963,0.270512,0.270535,-1,3.68943,nan,nan,nan,4.9964,3.68898
256,-5.08,3.686,298.965,0.270788,0.270811,-1,3.69029,nan,nan,nan,4.99639,3.6893
257,-5,3.692,298.967,0.271065,0.271089,-1,3.68951,nan,nan,nan,4.99639,3.68962
258,-4.99,3.688,298.97,0.271341,0.271366,-1,3.69002,nan,nan,nan,4.99638,3.68995
259,-4.96,3.688,298.972,0.271618,0.271644,-1,3.68971,nan,nan,nan,4.99637,3.69027
260,-5.03,3.691,298.975,0.271895,0.27192,-1,3.69097,nan,nan,nan,4.99636,3.69059
261,-5.02,3.692,298.977,0.272171,0.272196,-1,3.69072,nan,nan,nan,4.99635,3.69091
262,-4.99,3.693,298.979,0.272448,0.272472,-1,3.6916,nan,nan,nan,4.99635,3.69123
263,-4.98,3.69,298.982,0.272724,0.272748,-1,3.69111,nan,nan,nan,4.99634,3.69156
264,-4.99,3.691,298.984,0.273001,0.273024,-1,3.69145,nan,nan,nan,4.99633,3.69188
265,-5.07,3.69,298.987,0.273277,0.273301,-1,3.69317,nan,nan,nan,4.99632,3.6922
266,-5,3.692,298.989,0.273554,0.273578,-1,3.69249,nan,nan,nan,4.99632,3.69252
267,-4.95,3.693,298.991,0.273831,0.273855,-1,3.69269,nan,nan,nan,4.99631,3.69284
268,-5.02,3.694,298.994,0.274107,0.274132,-1,3.69332,nan,nan,nan,4.9963,3.69316
269,-4.98,3.696,298.996,0.274384,0.274408,-1,3.69311,nan,nan,nan,4.99629,3.69348
270,-4.98,3.694,298.998,0.27466,0.274684,-1,3.69371,nan,nan,nan,4.99628,3.6938
271,-4.96,3.695,299.001,0.274937,0.27496,-1,3.69272,nan,nan,nan,4.99628,3.69412
272,-4.96,3.692,299.003,0.275214,0.275236,-1,3.69388,nan,nan,nan,4.99627,3.69444
273,-4.99,3.694,299.005,0.27549,0.275512,-1,3.69514,nan,nan,nan,4.99626,3.69475
274,-4.98,3.695,299.008,0.275767,0.275788,-1,3.69527,nan,nan,nan,4.99625,3.69507
275,-5.09,3.697,299.01,0.276043,0.276064,-1,3.6962,nan,nan,nan,4.99624,3.69539
276,-4.96,3.698,299.012,0.27632,0.276342,-1,3.69563,nan,nan,nan,4.99624,3.69571
277,-5.02,3.7,299.014,0.276597,0.276618,-1,3.69615,nan,nan,nan,4.99623,3.69602
278,-4.93,3.695,299.017,0.276873,0.276894,-1,3.69579,nan,nan,nan,4.99622,3.69634
279,-5.01,3.699,299.019,0.27715,0.27717,-1,3.69662,nan,nan,nan,4.99621,3.69665
280,-5.01,3.697,299.021,0.277426,0.277447,-1,3.69688,nan,nan,nan,4.99621,3.69697
281,-4.98,3.695,299.024,0.277703,0.277723,-1,3.6968,nan,nan,nan,4.9962,3.69729
282,-4.94,3.698,299.026,0.27798,0.278,-1,3.69637,nan,nan,nan,4.99619,3.6976
283,-4.98,3.696,299.028,0.278256,0.278276,-1,3.69806,nan,nan,nan,4.99618,3.69792
284,-4.99,3.7,299.03,0.278533,0.278552,-1,3.69797,nan,nan,nan,4.99618,3.69823
285,-5.04,3.702,299.032,0.278809,0.278828,-1,3.69938,nan,nan,nan,4.99617,3.69854
286,-4.96,3.7,299.035,0.279086,0.279105,-1,3.69847,nan,nan,nan,4.99616,3.69886
287,-5.02,3.7,299.037,0.279363,0.27938,-1,3.69904,nan,nan,nan,4.99615,3.69917
288,-4.96,3.701,299.039,0.279639,0.279658,-1,3.69873,nan,nan,nan,4.99614,3.69948
289,-4.98,3.697,299.041,0.279916,0.279933,-1,3.69971,nan,nan,nan,4.99614,3.6998
290,-5.01,3.697,299.043,0.280192,0.280211,-1,3.69984,nan,nan,nan,4.99613,3.70011
291,-5,3.7,299.046,0.280469,0.280487,-1,3.70123,nan,nan,nan,4.99612,3.70042
292,-5,3.703,299.048,0.280746,0.280764,-1,3.70116,nan,nan,nan,4.99611,3.70073
293,-5.01,3.707,299.05,0.281022,0.281041,-1,3.70156,nan,nan,nan,4.99611,3.70104
294,-5.07,3.702,299.052,0.281299,0.281317,-1,3.70196,nan,nan,nan,4.9961,3.70136
295,-5.05,3.7,299.054,0.281575,0.281595,-1,3.70199,nan,nan,nan,4.99609,3.70167
296,-5.1,3.703,299.056,0.281852,0.281872,-1,3.70381,nan,nan,nan,4.99608,3.70198
297,-5.03,3.703,299.059,0.282129,0.282148,-1,3.70251,nan,nan,nan,4.99608,3.70229
298,-4.98,3.703,299.061,0.282405,0.282426,-1,3.70228,nan,nan,nan,4.99607,3.7026
299,-5.06,3.706,299.063,0.282682,0.282702,-1,3.70333,nan,nan,nan,4.99606,3.7029
300,-5.03,3.704,299.065,0.282958,0.28298,-1,3.70427,nan,nan,nan,4.99605,3.70321
301,-4.96,3.704,299.067,0.283235,0.283257,-1,3.70262,nan,nan,nan,4.99605,3.70352
302,-5.05,3.704,299.069,0.283512,0.283533,-1,3.70486,nan,nan,nan,4.99604,3.70383
303,-5.08,3.706,299.071,0.283788,0.28381,-1,3.70558,nan,nan,nan,4.99603,3.70414
304,-4.97,3.705,299.073,0.284065,0.284087,-1,3.70458,nan,nan,nan,4.99602,3.70444
305,-5.05,3.707,299.075,0.284341,0.284363,-1,3.70587,nan,nan,nan,4.99602,3.70475
306,-5.02,3.703,299.077,0.284618,0.284641,-1,3.70547,nan,nan,nan,4.99601,3.70506
307,-5.05,3.705,299.079,0.284895,0.284917,-1,3.7066,nan,nan,nan,4.996,3.70536
308,-4.95,3.707,299.081,0.285171,0.285194,-1,3.70578,nan,nan,nan,4.996,3.70567
309,-4.95,3.705,299.084,0.285448,0.285471,-1,3.70551,nan,nan,nan,4.99599,3.70598
310,-5,3.703,299.086,0.285725,0.285746,-1,3.70621,nan,nan,nan,4.99598,3.70628
311,-4.86,3.706,299.088,0.286001,0.286023,-1,3.7052,nan,nan,nan,4.99597,3.70658
312,-4.9,3.704,299.09,0.286278,0.286298,-1,3.70578,nan,nan,nan,4.99597,3.70689
313,-4.89,3.708,299.092,0.286554,0.286574,-1,3.70546,nan,nan,nan,4.99596,3.70719
314,-4.92,3.709,299.094,0.286831,0.286848,-1,3.70615,nan,nan,nan,4.99595,3.7075
315,-4.97,3.709,299.096,0.287108,0.287125,-1,3.70746,nan,nan,nan,4.99594,3.7078
316,-4.96,3.705,299.098,0.287384,0.287402,-1,3.70727,nan,nan,nan,4.99594,3.7081
317,-5.02,3.709,299.1,0.287661,0.287679,-1,3.70859,nan,nan,nan,4.99593,3.7084
318,-4.97,3.709,299.102,0.287937,0.287955,-1,3.70793,nan,nan,nan,4.99592,3.70871
319,-4.99,3.712,299.104,0.288214,0.288231,-1,3.70891,nan,nan,nan,4.99591,3.70901
320,-4.93,3.708,299.106,0.288491,0.288508,-1,3.70851,nan,nan,nan,4.99591,3.70931
321,-4.99,3.71,299.107,0.288767,0.288784,-1,3.70955,nan,nan,nan,4.9959,3.70961
322,-5.08,3.708,299.109,0.289044,0.289061,-1,3.71099,nan,nan,nan,4.99589,3.70991
323,-5.03,3.707,299.111,0.289321,0.289338,-1,3.71068,nan,nan,nan,4.99589,3.71021
324,-5.02,3.712,299.113,0.289597,0.289615,-1,3.71048,nan,nan,nan,4.99588,3.71051
325,-4.97,3.708,299.115,0.289874,0.289892,-1,3.70999,nan,nan,nan,4.99587,3.71081
326,-4.98,3.71,299.117,0.29015,0.290168,-1,3.71185,nan,nan,nan,4.99586,3.71111
327,-5.05,3.71,299.119,0.290427,0.290446,-1,3.71177,nan,nan,nan,4.99586,3.71141
328,-5.08,3.715,299.121,0.290704,0.290722,-1,3.71228,nan,nan,nan,4.99585,3.71171
329,-5.07,3.713,299.123,0.29098,0.291,-1,3.71245,nan,nan,nan,4.99584,3.712
330,-4.97,3.708,299.125,0.291257,0.291275,-1,3.7116,nan,nan,nan,4.99583,3.7123
331,-5.01,3.712,299.127,0.291533,0.291553,-1,3.71288,nan,nan,nan,4.99583,3.7126
332,-5.06,3.708,299.129,0.29181,0.291829,-1,3.71369,nan,nan,nan,4.99582,3.71289
333,-5.06,3.711,299.13,0.292087,0.292106,-1,3.714,nan,nan,nan,4.99581,3.71319
334,-5.01,3.712,299.132,0.292363,0.292381,-1,3.7139,nan,nan,nan,4.99581,3.71349
335,-4.99,3.71,299.134,0.29264,0.292658,-1,3.71371,nan,nan,nan,4.9958,3.71378
336,-4.94,3.716,299.136,0.292917,0.292936,-1,3.71416,nan,nan,nan,4.99579,3.71408
337,-4.98,3.713,299.138,0.293193,0.293212,-1,3.71351,nan,nan,nan,4.99578,3.71437
338,-5.05,3.715,299.14,0.29347,0.293488,-1,3.7152,nan,nan,nan,4.99578,3.71467
339,-5.12,3.712,299.142,0.293746,0.293765,-1,3.71564,nan,nan,nan,4.99577,3.71496
340,-4.97,3.716,299.143,0.294023,0.294043,-1,3.71519,nan,nan,nan,4.99576,3.71525
341,-5.06,3.718,299.145,0.2943,0.294322,-1,3.71617,nan,nan,nan,4.99576,3.71555
342,-4.95,3.712,299.147,0.294576,0.294599,-1,3.71562,nan,nan,nan,4.99575,3.71584
343,-5.03,3.718,299.149,0.294853,0.294875,-1,3.71638,nan,nan,nan,4.99574,3.71613
344,-5.07,3.718,299.151,0.29513,0.295153,-1,3.71742,nan,nan,nan,4.99574,3.71642
345,-5,3.716,299.152,0.295406,0.29543,-1,3.71658,nan,nan,nan,4.99573,3.71671
346,-5.03,3.712,299.154,0.295683,0.295707,-1,3.71726,nan,nan,nan,4.99572,3.717
347,-4.91,3.717,299.156,0.295959,0.295982,-1,3.71637,nan,nan,nan,4.99571,3.71729
348,-5.06,3.72,299.158,0.296236,0.296259,-1,3.71844,nan,nan,nan,4.99571,3.71758
349,-4.99,3.718,299.16,0.296513,0.296536,-1,3.7175,nan,nan,nan,4.9957,3.71787
350,-4.96,3.718,299.161,0.296789,0.296812,-1,3.7177,nan,nan,nan,4.99569,3.71816
351,-4.99,3.715,299.163,0.297066,0.297089,-1,3.7185,nan,nan,nan,4.99569,3.71845
352,-5.1,3.719,299.165,0.297343,0.297366,-1,3.71997,nan,nan,nan,4.99568,3.71874
353,-5.05,3.72,299.167,0.297619,0.297643,-1,3.71969,nan,nan,nan,4.99567,3.71903
354,-4.99,3.717,299.168,0.297896,0.297921,-1,3.71882,nan,nan,nan,4.99567,3.71932
355,-5,3.72,299.17,0.298172,0.298198,-1,3.71951,nan,nan,nan,4.99566,3.7196
356,-4.93,3.718,299.172,0.298449,0.298474,-1,3.71933,nan,nan,nan,4.99565,3.71989
357,-5.05,3.722,299.173,0.298726,0.298751,-1,3.72154,nan,nan,nan,4.99564,3.72018
358,-4.99,3.721,299.175,0.299002,0.299029,-1,3.72047,nan,nan,nan,4.99564,3.72046
359,-4.92,3.724,299.177,0.299279,0.299305,-1,3.7196,nan,nan,nan,4.99563,3.72075
360,-5,3.722,299.179,0.299556,0.299582,-1,3.72097,nan,nan,nan,4.99562,3.72103
361,-4.91,3.721,299.18,0.299832,0.299858,-1,3.72006,nan,nan,nan,4.99562,3.72132
362,-5.08,3.725,299.182,0.300109,0.300135,-1,3.72225,nan,nan,nan,4.99561,3.7216
363,-4.99,3.721,299.184,0.300386,0.300412,-1,3.7219,nan,nan,nan,4.9956,3.72188
364,-4.99,3.724,299.185,0.300662,0.300689,-1,3.72226,nan,nan,nan,4.9956,3.72217
365,-4.93,3.721,299.187,0.300939,0.300965,-1,3.72159,nan,nan,nan,4.99559,3.72245
366,-4.99,3.722,299.189,0.301215,0.301241,-1,3.72268,nan,nan,nan,4.99558,3.72273
367,-5,3.721,299.19,0.301492,0.301518,-1,3.72343,nan,nan,nan,4.99558,3.72301
368,-5.04,3.723,299.192,0.301769,0.301794,-1,3.72362,nan,nan,nan,4.99557,3.7233
369,-4.96,3.724,299.194,0.302045,0.302069,-1,3.72325,nan,nan,nan,4.99556,3.72358
370,-4.95,3.723,299.195,0.302322,0.302346,-1,3.72309,nan,nan,nan,4.99555,3.72386
371,-5,3.722,299.197,0.302599,0.302622,-1,3.72433,nan,nan,nan,4.99555,3.72414
372,-5.02,3.726,299.199,0.302875,0.302899,-1,3.72513,nan,nan,nan,4.99554,3.72442
373,-5.01,3.73,299.2,0.303152,0.303176,-1,3.72472,nan,nan,nan,4.99553,3.7247
374,-5.02,3.724,299.202,0.303428,0.303453,-1,3.72524,nan,nan,nan,4.99553,3.72498
375,-4.99,3.729,299.203,0.303705,0.30373,-1,3.72591,nan,nan,nan,4.99552,3.72525
376,-5.01,3.727,299.205,0.303982,0.304007,-1,3.72587,nan,nan,nan,4.99551,3.72553
377,-4.92,3.726,299.207,0.304258,0.304283,-1,3.72505,nan,nan,nan,4.99551,3.72581
378,-5.01,3.728,299.208,0.304535,0.304559,-1,3.72537,nan,nan,nan,4.9955,3.72609
379,-5.02,3.727,299.21,0.304812,0.304836,-1,3.72627,nan,nan,nan,4.99549,3.72636
380,-5.07,3.729,299.211,0.305088,0.305112,-1,3.72732,nan,nan,nan,4.99549,3.72664
381,-5.06,3.726,299.213,0.305365,0.305389,-1,3.7277,nan,nan,nan,4.99548,3.72692
382,-5.02,3.728,299.214,0.305642,0.305667,-1,3.72779,nan,nan,nan,4.99547,3.72719
383,-4.95,3.729,299.216,0.305918,0.305942,-1,3.72738,nan,nan,nan,4.99547,3.72747
384,-5.04,3.729,299.218,0.306195,0.306219,-1,3.72772,nan,nan,nan,4.99546,3.72774
385,-5.03,3.731,299.219,0.306472,0.306496,-1,3.72813,nan,nan,nan,4.99545,3.72802
386,-5.04,3.729,299.221,0.306748,0.306774,-1,3.72854,nan,nan,nan,4.99545,3.72829
387,-5.01,3.722,299.222,0.307025,0.307052,-1,3.72856,nan,nan,nan,4.99544,3.72856
388,-5.05,3.728,299.224,0.307301,0.307329,-1,3.7296,nan,nan,nan,4.99543,3.72883
389,-4.91,3.731,299.225,0.307578,0.307606,-1,3.72804,nan,nan,nan,4.99543,3.72911
390,-5.01,3.728,299.227,0.307855,0.307881,-1,3.72917,nan,nan,nan,4.99542,3.72938
391,-5.08,3.729,299.228,0.308131,0.308157,-1,3.73004,nan,nan,nan,4.99541,3.72965
392,-4.99,3.728,299.23,0.308408,0.308434,-1,3.72927,nan,nan,nan,4.99541,3.72992
393,-4.97,3.728,299.231,0.308685,0.308711,-1,3.7297,nan,nan,nan,4.9954,3.73019
394,-4.98,3.731,299.233,0.308961,0.308988,-1,3.73022,nan,nan,nan,4.99539,3.73046
395,-5.03,3.732,299.234,0.309238,0.309264,-1,3.73094,nan,nan,nan,4.99539,3.73073
396,-4.97,3.73,299.236,0.309515,0.30954,-1,3.73033,nan,nan,nan,4.99538,3.731
397,-5.01,3.733,299.237,0.309791,0.309815,-1,3.73118,nan,nan,nan,4.99537,3.73127
398,-5.07,3.731,299.239,0.310068,0.310093,-1,3.73239,nan,nan,nan,4.99537,3.73154
399,-5.01,3.732,299.24,0.310345,0.31037,-1,3.73203,nan,nan,nan,4.99536,3.73181
400,-4.98,3.731,299.242,0.310621,0.310646,-1,3.73148,nan,nan,nan,4.99535,3.73207
401,-4.93,3.733,299.243,0.310898,0.310923,-1,3.73126,nan,nan,nan,4.99535,3.73234
402,-4.97,3.736,299.245,0.311174,0.311198,-1,3.73226,nan,nan,nan,4.99534,3.73261
403,-4.89,3.733,299.246,0.311451,0.311475,-1,3.73158,nan,nan,nan,4.99533,3.73287
404,-5,3.731,299.248,0.311728,0.311751,-1,3.73283,nan,nan,nan,4.99533,3.73314
405,-4.96,3.733,299.249,0.312004,0.312026,-1,3.73275,nan,nan,nan,4.99532,3.7334
406,-5.01,3.733,299.25,0.312281,0.312303,-1,3.73335,nan,nan,nan,4.99531,3.73367
407,-4.98,3.735,299.252,0.312558,0.312579,-1,3.73263,nan,nan,nan,4.99531,3.73393
408,-5.04,3.736,299.253,0.312834,0.312856,-1,3.73369,nan,nan,nan,4.9953,3.7342
409,-5.05,3.736,299.255,0.313111,0.313133,-1,3.73454,nan,nan,nan,4.99529,3.73446
410,-5.04,3.734,299.256,0.313388,0.313411,-1,3.73531,nan,nan,nan,4.99529,3.73472
411,-4.96,3.733,299.258,0.313664,0.313687,-1,3.7346,nan,nan,nan,4.99528,3.73499
412,-5.04,3.735,299.259,0.313941,0.313963,-1,3.73587,nan,nan,nan,4.99527,3.73525
413,-5.02,3.736,299.26,0.314218,0.314241,-1,3.73566,nan,nan,nan,4.99527,3.73551
414,-5,3.738,299.262,0.314494,0.314518,-1,3.7357,nan,nan,nan,4.99526,3.73577
415,-5.07,3.736,299.263,0.314771,0.314794,-1,3.73657,nan,nan,nan,4.99525,3.73603
416,-4.96,3.737,299.265,0.315048,0.315071,-1,3.73574,nan,nan,nan,4.99525,3.73629
417,-5.11,3.732,299.266,0.315324,0.315348,-1,3.73738,nan,nan,nan,4.99524,3.73655
418,-5.04,3.736,299.267,0.315601,0.315627,-1,3.73728,nan,nan,nan,4.99523,3.73681
419,-4.99,3.74,299.269,0.315877,0.315906,-1,3.73715,nan,nan,nan,4.99523,3.73707
420,-4.98,3.742,299.27,0.316154,0.316182,-1,3.7366,nan,nan,nan,4.99522,3.73733
421,-5.1,3.736,299.271,0.316431,0.316459,-1,3.73888,nan,nan,nan,4.99522,3.73759
422,-4.93,3.732,299.273,0.316707,0.316736,-1,3.73737,nan,nan,nan,4.99521,3.73785
423,-5.05,3.739,299.274,0.316984,0.317012,-1,3.73813,nan,nan,nan,4.9952,3.7381
424,-4.99,3.739,299.275,0.317261,0.317289,-1,3.73819,nan,nan,nan,4.9952,3.73836
425,-5.07,3.739,299.277,0.317537,0.317565,-1,3.73888,nan,nan,nan,4.99519,3.73862
426,-5.09,3.742,299.278,0.317814,0.317842,-1,3.74087,nan,nan,nan,4.99518,3.73887
427,-5.01,3.742,299.279,0.318091,0.318119,-1,3.73921,nan,nan,nan,4.99518,3.73913
428,-5.04,3.739,299.281,0.318367,0.318395,-1,3.73952,nan,nan,nan,4.99517,3.73938
429,-4.97,3.742,299.282,0.318644,0.318671,-1,3.73981,nan,nan,nan,4.99516,3.73964
430,-5.07,3.741,299.283,0.318921,0.318948,-1,3.74061,nan,nan,nan,4.99516,3.73989
431,-5.03,3.736,299.285,0.319197,0.319224,-1,3.74008,nan,nan,nan,4.99515,3.74015
432,-5.07,3.742,299.286,0.319474,0.319501,-1,3.74117,nan,nan,nan,4.99514,3.7404
433,-5,3.738,299.287,0.319751,0.319777,-1,3.74024,nan,nan,nan,4.99514,3.74065
434,-4.98,3.743,299.289,0.320027,0.320055,-1,3.74006,nan,nan,nan,4.99513,3.74091
435,-5.03,3.743,299.29,0.320304,0.320331,-1,3.74172,nan,nan,nan,4.99513,3.74116
436,-4.94,3.745,299.291,0.320581,0.320609,-1,3.74057,nan,nan,nan,4.99512,3.74141
437,-4.96,3.741,299.292,0.320857,0.320885,-1,3.74142,nan,nan,nan,4.99511,3.74166
438,-4.99,3.744,299.294,0.321134,0.321161,-1,3.74167,nan,nan,nan,4.99511,3.74191
439,-5.01,3.745,299.295,0.321411,0.321437,-1,3.74186,nan,nan,nan,4.9951,3.74216
440,-4.88,3.741,299.296,0.321687,0.321715,-1,3.74058,nan,nan,nan,4.99509,3.74241
441,-4.97,3.742,299.298,0.321964,0.321991,-1,3.74231,nan,nan,nan,4.99509,3.74266
442,-4.99,3.745,299.299,0.322241,0.322268,-1,3.74312,nan,nan,nan,4.99508,3.74291
443,-4.96,3.743,299.3,0.322517,0.322544,-1,3.74226,nan,nan,nan,4.99507,3.74316
444,-5.02,3.745,299.301,0.322794,0.32282,-1,3.74338,nan,nan,nan,4.99507,3.74341
445,-5.03,3.744,299.303,0.323071,0.323097,-1,3.74342,nan,nan,nan,4.99506,3.74365
446,-4.92,3.745,299.304,0.323347,0.323374,-1,3.74245,nan,nan,nan,4.99506,3.7439
447,-4.97,3.744,299.305,0.323624,0.32365,-1,3.7437,nan,nan,nan,4.99505,3.74415
448,-5.06,3.743,299.306,0.323901,0.323926,-1,3.74567,nan,nan,nan,4.99504,3.7444
449,-4.95,3.745,299.307,0.324177,0.324202,-1,3.7445,nan,nan,nan,4.99504,3.74464
450,-4.99,3.741,299.309,0.324454,0.32448,-1,3.74482,nan,nan,nan,4.99503,3.74489
451,-5,3.747,299.31,0.324731,0.324756,-1,3.74484,nan,nan,nan,4.99502,3.74513
452,-4.99,3.746,299.311,0.325007,0.325033,-1,3.74517,nan,nan,nan,4.99502,3.74538
453,-5.04,3.743,299.312,0.325284,0.325311,-1,3.74591,nan,nan,nan,4.99501,3.74562
454,-5,3.747,299.314,0.325561,0.325588,-1,3.74629,nan,nan,nan,4.99501,3.74587
455,-5,3.747,299.315,0.325837,0.325866,-1,3.74587,nan,nan,nan,4.995,3.74611
456,-4.98,3.748,299.316,0.326114,0.326143,-1,3.74596,nan,nan,nan,4.99499,3.74635
457,-5.01,3.746,299.317,0.326391,0.326419,-1,3.74654,nan,nan,nan,4.99499,3.7466
458,-4.99,3.746,299.318,0.326667,0.326695,-1,3.74636,nan,nan,nan,4.99498,3.74684
459,-5.06,3.746,299.319,0.326944,0.326972,-1,3.74793,nan,nan,nan,4.99497,3.74708
460,-5.05,3.75,299.321,0.327221,0.327249,-1,3.748,nan,nan,nan,4.99497,3.74732
461,-4.94,3.749,299.322,0.327497,0.327526,-1,3.74638,nan,nan,nan,4.99496,3.74756
462,-5.08,3.746,299.323,0.327774,0.327802,-1,3.74866,nan,nan,nan,4.99496,3.7478
463,-5.06,3.751,299.324,0.328051,0.32808,-1,3.74847,nan,nan,nan,4.99495,3.74804
464,-5.01,3.748,299.325,0.328327,0.328357,-1,3.74846,nan,nan,nan,4.99494,3.74828
465,-5.03,3.746,299.326,0.328604,0.328632,-1,3.74906,nan,nan,nan,4.99494,3.74852
466,-4.97,3.752,299.328,0.328881,0.328908,-1,3.74836,nan,nan,nan,4.99493,3.74876
467,-4.94,3.75,299.329,0.329157,0.329184,-1,3.74818,nan,nan,nan,4.99492,3.749
468,-4.88,3.747,299.33,0.329434,0.329462,-1,3.74819,nan,nan,nan,4.99492,3.74924
469,-5.01,3.747,299.331,0.329711,0.329737,-1,3.74972,nan,nan,nan,4.99491,3.74948
470,-4.96,3.75,299.332,0.329987,0.330013,-1,3.74909,nan,nan,nan,4.99491,3.74972
471,-5.08,3.749,299.333,0.330264,0.330289,-1,3.75076,nan,nan,nan,4.9949,3.74995
472,-4.94,3.75,299.334,0.330541,0.330566,-1,3.75001,nan,nan,nan,4.99489,3.75019
473,-4.99,3.751,299.336,0.330817,0.330843,-1,3.75068,nan,nan,nan,4.99489,3.75043
474,-4.88,3.756,299.337,0.331094,0.331119,-1,3.7493,nan,nan,nan,4.99488,3.75066
475,-5.07,3.753,299.338,0.331371,0.331394,-1,3.75146,nan,nan,nan,4.99488,3.7509
476,-4.99,3.748,299.339,0.331647,0.331673,-1,3.75105,nan,nan,nan,4.99487,3.75113
477,-4.98,3.75,299.34,0.331924,0.331951,-1,3.75062,nan,nan,nan,4.99486,3.75137
478,-5.08,3.754,299.341,0.332201,0.332227,-1,3.75187,nan,nan,nan,4.99486,3.7516
479,-5.03,3.748,299.342,0.332477,0.332504,-1,3.75254,nan,nan,nan,4.99485,3.75184
480,-4.96,3.753,299.343,0.332754,0.332782,-1,3.75086,nan,nan,nan,4.99484,3.75207
481,-4.91,3.753,299.344,0.333031,0.333059,-1,3.7514,nan,nan,nan,4.99484,3.7523
482,-4.99,3.752,299.346,0.333307,0.333335,-1,3.75289,nan,nan,nan,4.99483,3.75254
483,-5.04,3.753,299.347,0.333584,0.333612,-1,3.75282,nan,nan,nan,4.99483,3.75277
484,-4.96,3.752,299.348,0.333861,0.333889,-1,3.75236,nan,nan,nan,4.99482,3.753
485,-4.99,3.755,299.349,0.334137,0.334166,-1,3.75291,nan,nan,nan,4.99481,3.75323
486,-5,3.754,299.35,0.334414,0.334443,-1,3.75328,nan,nan,nan,4.99481,3.75346
487,-5,3.757,299.351,0.334691,0.334719,-1,3.75348,nan,nan,nan,4.9948,3.75369
488,-5,3.754,299.352,0.334967,0.334994,-1,3.75444,nan,nan,nan,4.9948,3.75392
489,-4.98,3.752,299.353,0.335244,0.33527,-1,3.754,nan,nan,nan,4.99479,3.75415
490,-5.09,3.753,299.354,0.335521,0.335546,-1,3.75486,nan,nan,nan,4.99478,3.75438
491,-5.07,3.756,299.355,0.335797,0.335824,-1,3.75574,nan,nan,nan,4.99478,3.75461
492,-5.07,3.755,299.356,0.336074,0.336101,-1,3.75565,nan,nan,nan,4.99477,3.75484
493,-4.94,3.753,299.357,0.336351,0.336378,-1,3.7546,nan,nan,nan,4.99477,3.75507
494,-5.04,3.759,299.358,0.336627,0.336654,-1,3.75577,nan,nan,nan,4.99476,3.7553
495,-5.07,3.755,299.359,0.336904,0.336931,-1,3.7571,nan,nan,nan,4.99475,3.75553
496,-5,3.755,299.36,0.337181,0.337207,-1,3.75537,nan,nan,nan,4.99475,3.75576
497,-4.97,3.757,299.361,0.337457,0.337485,-1,3.75558,nan,nan,nan,4.99474,3.75598
498,-5.04,3.758,299.362,0.337734,0.337763,-1,3.75657,nan,nan,nan,4.99474,3.75621
499,-4.96,3.759,299.363,0.338011,0.33804,-1,3.75523,nan,nan,nan,4.99473,3.75644
500,-5.06,3.757,299.364,0.338288,0.338316,-1,3.75714,nan,nan,nan,4.99472,3.75666
501,-5.01,3.758,299.365,0.338564,0.338594,-1,3.75685,nan,nan,nan,4.99472,3.75689
502,-5.06,3.761,299.366,0.338841,0.33887,-1,3.75784,nan,nan,nan,4.99471,3.75711
503,-5.02,3.762,299.367,0.339118,0.339147,-1,3.75728,nan,nan,nan,4.9947,3.75734
504,-5.05,3.757,299.368,0.339394,0.339423,-1,3.75796,nan,nan,nan,4.9947,3.75756
505,-5.05,3.757,299.369,0.339671,0.339702,-1,3.75833,nan,nan,nan,4.99469,3.75779
506,-4.94,3.759,299.37,0.339948,0.339978,-1,3.7575,nan,nan,nan,4.99469,3.75801
507,-5.03,3.757,299.371,0.340224,0.340254,-1,3.7587,nan,nan,nan,4.99468,3.75824
508,-4.99,3.76,299.372,0.340501,0.34053,-1,3.75844,nan,nan,nan,4.99468,3.75846
509,-5.01,3.758,299.373,0.340778,0.340808,-1,3.75858,nan,nan,nan,4.99467,3.75868
510,-5.08,3.759,299.374,0.341054,0.341084,-1,3.75981,nan,nan,nan,4.99466,3.75891
511,-5.04,3.756,299.375,0.341331,0.341362,-1,3.75969,nan,nan,nan,4.99466,3.75913
512,-5.02,3.759,299.376,0.341608,0.341638,-1,3.75945,nan,nan,nan,4.99465,3.75935
513,-5.02,3.761,299.377,0.341884,0.341915,-1,3.75957,nan,nan,nan,4.99465,3.75957
514,-4.9,3.764,299.378,0.342161,0.342192,-1,3.75802,nan,nan,nan,4.99464,3.75979
515,-5.04,3.761,299.379,0.342438,0.342469,-1,3.75953,nan,nan,nan,4.99463,3.76002
516,-4.85,3.759,299.38,0.342714,0.342746,-1,3.75852,nan,nan,nan,4.99463,3.76024
517,-4.94,3.761,299.381,0.342991,0.343023,-1,3.7607,nan,nan,nan,4.99462,3.76046
518,-4.98,3.759,299.382,0.343268,0.343299,-1,3.76062,nan,nan,nan,4.99462,3.76068
519,-4.97,3.76,299.383,0.343545,0.343576,-1,3.76073,nan,nan,nan,4.99461,3.7609
520,-5.04,3.761,299.384,0.343821,0.343854,-1,3.76198,nan,nan,nan,4.9946,3.76112
521,-4.98,3.762,299.385,0.344098,0.344131,-1,3.76155,nan,nan,nan,4.9946,3.76134
522,-5.09,3.762,299.386,0.344375,0.344408,-1,3.76258,nan,nan,nan,4.99459,3.76155
523,-4.98,3.763,299.387,0.344651,0.344684,-1,3.76227,nan,nan,nan,4.99459,3.76177
524,-5.01,3.765,299.388,0.344928,0.344962,-1,3.76237,nan,nan,nan,4.99458,3.76199
525,-5.01,3.762,299.389,0.345205,0.345239,-1,3.76261,nan,nan,nan,4.99457,3.76221
526,-5.03,3.757,299.39,0.345481,0.345516,-1,3.76292,nan,nan,nan,4.99457,3.76243
527,-4.98,3.763,299.391,0.345758,0.345794,-1,3.76245,nan,nan,nan,4.99456,3.76264
528,-4.99,3.761,299.392,0.346035,0.34607,-1,3.76287,nan,nan,nan,4.99456,3.76286
529,-5.02,3.763,299.392,0.346311,0.346347,-1,3.76252,nan,nan,nan,4.99455,3.76308
530,-4.99,3.764,299.393,0.346588,0.346623,-1,3.76302,nan,nan,nan,4.99454,3.76329
531,-5.01,3.764,299.394,0.346865,0.3469,-1,3.76347,nan,nan,nan,4.99454,3.76351
532,-5.03,3.76,299.395,0.347141,0.347176,-1,3.7635,nan,nan,nan,4.99453,3.76373
533,-5.11,3.764,299.396,0.347418,0.347452,-1,3.76482,nan,nan,nan,4.99453,3.76394
534,-4.95,3.769,299.397,0.347695,0.347731,-1,3.76357,nan,nan,nan,4.99452,3.76416
535,-5.04,3.763,299.398,0.347972,0.348005,-1,3.76453,nan,nan,nan,4.99452,3.76437
536,-4.91,3.765,299.399,0.348248,0.348282,-1,3.76359,nan,nan,nan,4.99451,3.76459
537,-4.94,3.766,299.4,0.348525,0.348558,-1,3.76396,nan,nan,nan,4.9945,3.7648
538,-5.02,3.768,299.401,0.348802,0.348836,-1,3.76552,nan,nan,nan,4.9945,3.76501
539,-5.02,3.762,299.401,0.349078,0.349113,-1,3.7653,nan,nan,nan,4.99449,3.76523
540,-5.11,3.762,299.402,0.349355,0.349391,-1,3.766,nan,nan,nan,4.99449,3.76544
541,-5.03,3.769,299.403,0.349632,0.349669,-1,3.76632,nan,nan,nan,4.99448,3.76565
542,-5.07,3.764,299.404,0.349908,0.349946,-1,3.76605,nan,nan,nan,4.99447,3.76587
543,-5.02,3.767,299.405,0.350185,0.350223,-1,3.76675,nan,nan,nan,4.99447,3.76608
544,-5.02,3.766,299.406,0.350462,0.350501,-1,3.76658,nan,nan,nan,4.99446,3.76629
545,-4.98,3.766,299.407,0.350738,0.350777,-1,3.76641,nan,nan,nan,4.99446,3.7665
546,-4.99,3.767,299.408,0.351015,0.351053,-1,3.76649,nan,nan,nan,4.99445,3.76672
547,-4.99,3.77,299.408,0.351292,0.35133,-1,3.76685,nan,nan,nan,4.99445,3.76693
548,-5.07,3.766,299.409,0.351569,0.351606,-1,3.76808,nan,nan,nan,4.99444,3.76714
549,-5.03,3.766,299.41,0.351845,0.351883,-1,3.76764,nan,nan,nan,4.99443,3.76735
550,-4.99,3.765,299.411,0.352122,0.352161,-1,3.76734,nan,nan,nan,4.99443,3.76756
551,-4.93,3.768,299.412,0.352399,0.352435,-1,3.76667,nan,nan,nan,4.99442,3.76777
552,-4.97,3.769,299.413,0.352675,0.352712,-1,3.76769,nan,nan,nan,4.99442,3.76798
553,-5,3.768,299.414,0.352952,0.352991,-1,3.76807,nan,nan,nan,4.99441,3.76819
554,-5.03,3.767,299.414,0.353229,0.353267,-1,3.76906,nan,nan,nan,4.99441,3.7684
555,-5,3.767,299.415,0.353505,0.353543,-1,3.76836,nan,nan,nan,4.9944,3.76861
556,-5,3.768,299.416,0.353782,0.353818,-1,3.76906,nan,nan,nan,4.99439,3.76882
557,-4.99,3.767,299.417,0.354059,0.354095,-1,3.76876,nan,nan,nan,4.99439,3.76903
558,-4.99,3.768,299.418,0.354336,0.354372,-1,3.76943,nan,nan,nan,4.99438,3.76924
559,-4.98,3.77,299.419,0.354612,0.35465,-1,3.76868,nan,nan,nan,4.99438,3.76945
560,-5.05,3.771,299.419,0.354889,0.354924,-1,3.76969,nan,nan,nan,4.99437,3.76966
561,-5.08,3.77,299.42,0.355166,0.3552,-1,3.77051,nan,nan,nan,4.99437,3.76986
562,-4.99,3.769,299.421,0.355442,0.355479,-1,3.76972,nan,nan,nan,4.99436,3.77007
563,-4.97,3.772,299.422,0.355719,0.355755,-1,3.77008,nan,nan,nan,4.99435,3.77028
564,-5.06,3.771,299.423,0.355996,0.356032,-1,3.77185,nan,nan,nan,4.99435,3.77049
565,-5.08,3.771,299.423,0.356272,0.356309,-1,3.77104,nan,nan,nan,4.99434,3.77069
566,-4.96,3.772,299.424,0.356549,0.356585,-1,3.77053,nan,nan,nan,4.99434,3.7709
567,-4.98,3.773,299.425,0.356826,0.356863,-1,3.77049,nan,nan,nan,4.99433,3.77111
568,-4.95,3.772,299.426,0.357103,0.35714,-1,3.77062,nan,nan,nan,4.99433,3.77131
569,-5.06,3.77,299.427,0.357379,0.357416,-1,3.77231,nan,nan,nan,4.99432,3.77152
570,-5.02,3.774,299.427,0.357656,0.357695,-1,3.77191,nan,nan,nan,4.99431,3.77172
571,-5.06,3.773,299.428,0.357933,0.357972,-1,3.77295,nan,nan,nan,4.99431,3.77193
572,-5.07,3.771,299.429,0.358209,0.358248,-1,3.77272,nan,nan,nan,4.9943,3.77214
573,-4.98,3.77,299.43,0.358486,0.358524,-1,3.77248,nan,nan,nan,4.9943,3.77234
574,-5.01,3.774,299.431,0.358763,0.3588,-1,3.77231,nan,nan,nan,4.99429,3.77255
575,-4.99,3.773,299.431,0.35904,0.359076,-1,3.77278,nan,nan,nan,4.99429,3.77275
576,-5.03,3.775,299.432,0.359316,0.359353,-1,3.77357,nan,nan,nan,4.99428,3.77296
577,-5.08,3.772,299.433,0.359593,0.35963,-1,3.77397,nan,nan,nan,4.99427,3.77316
578,-5.16,3.773,299.434,0.35987,0.359909,-1,3.77481,nan,nan,nan,4.99427,3.77336
579,-4.98,3.772,299.434,0.360146,0.360187,-1,3.77349,nan,nan,nan,4.99426,3.77357
580,-5.04,3.775,299.435,0.360423,0.360464,-1,3.77433,nan,nan,nan,4.99426,3.77377
581,-4.94,3.777,299.436,0.3607,0.360741,-1,3.77336,nan,nan,nan,4.99425,3.77398
582,-4.97,3.776,299.437,0.360976,0.361018,-1,3.77413,nan,nan,nan,4.99425,3.77418
583,-5.05,3.775,299.438,0.361253,0.361296,-1,3.77521,nan,nan,nan,4.99424,3.77438
584,-5.01,3.775,299.438,0.36153,0.361573,-1,3.77488,nan,nan,nan,4.99423,3.77458
585,-4.99,3.777,299.439,0.361807,0.36185,-1,3.77526,nan,nan,nan,4.99423,3.77479
586,-5.03,3.778,299.44,0.362083,0.362125,-1,3.77543,nan,nan,nan,4.99422,3.77499
587,-5.06,3.778,299.441,0.36236,0.362402,-1,3.77603,nan,nan,nan,4.99422,3.77519
588,-4.99,3.777,299.441,0.362637,0.362679,-1,3.7751,nan,nan,nan,4.99421,3.7754
589,-4.95,3.774,299.442,0.362913,0.362955,-1,3.77484,nan,nan,nan,4.99421,3.7756
590,-4.94,3.774,299.443,0.36319,0.363232,-1,3.775,nan,nan,nan,4.9942,3.7758
591,-5.01,3.778,299.444,0.363467,0.36351,-1,3.77551,nan,nan,nan,4.9942,3.776
592,-4.99,3.777,299.444,0.363744,0.363787,-1,3.77544,nan,nan,nan,4.99419,3.7762
593,-5.01,3.776,299.445,0.36402,0.364064,-1,3.77676,nan,nan,nan,4.99418,3.7764
594,-5.04,3.776,299.446,0.364297,0.364341,-1,3.77687,nan,nan,nan,4.99418,3.7766
595,-5.04,3.778,299.446,0.364574,0.364619,-1,3.77761,nan,nan,nan,4.99417,3.77681
596,-5.02,3.775,299.447,0.36485,0.364896,-1,3.77716,nan,nan,nan,4.99417,3.77701
597,-5.09,3.775,299.448,0.365127,0.365173,-1,3.77855,nan,nan,nan,4.99416,3.77721
598,-4.97,3.777,299.449,0.365404,0.365451,-1,3.77736,nan,nan,nan,4.99416,3.77741
599,-5.01,3.781,299.449,0.365681,0.365728,-1,3.77796,nan,nan,nan,4.99415,3.77761
600,-4.95,3.778,299.45,0.365957,0.366004,-1,3.77656,nan,nan,nan,4.99415,3.77781
601,-4.94,3.777,299.451,0.366234,0.366282,-1,3.77746,nan,nan,nan,4.99414,3.77801
602,-5.05,3.779,299.451,0.366511,0.366559,-1,3.779,nan,nan,nan,4.99413,3.77821
603,-5.01,3.782,299.452,0.366787,0.366836,-1,3.77845,nan,nan,nan,4.99413,3.77841
604,-4.99,3.778,299.453,0.367064,0.367112,-1,3.77924,nan,nan,nan,4.99412,3.77861
605,-4.92,3.782,299.454,0.367341,0.367389,-1,3.77715,nan,nan,nan,4.99412,3.77881
606,-5.05,3.78,299.454,0.367618,0.367667,-1,3.77942,nan,nan,nan,4.99411,3.77901
607,-5.01,3.779,299.455,0.367894,0.367944,-1,3.77923,nan,nan,nan,4.99411,3.7792
608,-5.1,3.781,299.456,0.368171,0.368218,-1,3.78093,nan,nan,nan,4.9941,3.7794
609,-5.05,3.78,299.456,0.368448,0.368495,-1,3.78066,nan,nan,nan,4.9941,3.7796
610,-4.97,3.777,299.457,0.368724,0.368772,-1,3.77951,nan,nan,nan,4.99409,3.7798
611,-5,3.779,299.458,0.369001,0.369048,-1,3.78002,nan,nan,nan,4.99408,3.78
612,-5.01,3.784,299.458,0.369278,0.369325,-1,3.77958,nan,nan,nan,4.99408,3.7802
613,-5.01,3.775,299.459,0.369555,0.369602,-1,3.78088,nan,nan,nan,4.99407,3.7804
614,-5.03,3.779,299.46,0.369831,0.36988,-1,3.78097,nan,nan,nan,4.99407,3.78059
615,-5.01,3.782,299.461,0.370108,0.370158,-1,3.78165,nan,nan,nan,4.99406,3.78079
616,-5.04,3.783,299.461,0.370385,0.370435,-1,3.78125,nan,nan,nan,4.99406,3.78099
617,-4.91,3.781,299.462,0.370661,0.370712,-1,3.78053,nan,nan,nan,4.99405,3.78119
618,-5.08,3.783,299.463,0.370938,0.370987,-1,3.78289,nan,nan,nan,4.99405,3.78139
619,-5.02,3.781,299.463,0.371215,0.371265,-1,3.78193,nan,nan,nan,4.99404,3.78158
620,-4.99,3.78,299.464,0.371492,0.371541,-1,3.78127,nan,nan,nan,4.99403,3.78178
621,-5.01,3.781,299.465,0.371768,0.371819,-1,3.78199,nan,nan,nan,4.99403,3.78198
622,-5.01,3.783,299.465,0.372045,0.372095,-1,3.78261,nan,nan,nan,4.99402,3.78217
623,-4.98,3.781,299.466,0.372322,0.372372,-1,3.78202,nan,nan,nan,4.99402,3.78237
624,-5.01,3.784,299.467,0.372598,0.372649,-1,3.78232,nan,nan,nan,4.99401,3.78257
625,-5.02,3.784,299.467,0.372875,0.372925,-1,3.78267,nan,nan,nan,4.99401,3.78277
626,-5.03,3.783,299.468,0.373152,0.373203,-1,3.7832,nan,nan,nan,4.994,3.78296
627,-5.09,3.784,299.469,0.373429,0.373478,-1,3.7848,nan,nan,nan,4.994,3.78316
628,-5.05,3.788,299.469,0.373705,0.373756,-1,3.78372,nan,nan,nan,4.99399,3.78335
629,-5.07,3.783,299.47,0.373982,0.374032,-1,3.7844,nan,nan,nan,4.99399,3.78355
630,-5.03,3.784,299.471,0.374259,0.374308,-1,3.78378,nan,nan,nan,4.99398,3.78375
631,-4.96,3.782,299.471,0.374535,0.374584,-1,3.78299,nan,nan,nan,4.99397,3.78394
632,-4.94,3.785,299.472,0.374812,0.374861,-1,3.78331,nan,nan,nan,4.99397,3.78414
633,-5.02,3.784,299.472,0.375089,0.375138,-1,3.78493,nan,nan,nan,4.99396,3.78434
634,-5.07,3.787,299.473,0.375366,0.375414,-1,3.78538,nan,nan,nan,4.99396,3.78453
635,-5.06,3.781,299.474,0.375642,0.375692,-1,3.78543,nan,nan,nan,4.99395,3.78473
636,-5.02,3.787,299.474,0.375919,0.375969,-1,3.78472,nan,nan,nan,4.99395,3.78492
637,-5.03,3.787,299.475,0.376196,0.376247,-1,3.78522,nan,nan,nan,4.99394,3.78512
638,-4.99,3.787,299.476,0.376473,0.376523,-1,3.78481,nan,nan,nan,4.99394,3.78531
639,-5,3.787,299.476,0.376749,0.376796,-1,3.78583,nan,nan,nan,4.99393,3.78551
640,-4.97,3.789,299.477,0.377026,0.377074,-1,3.78569,nan,nan,nan,4.99393,3.7857
641,-5.01,3.787,299.478,0.377303,0.377349,-1,3.78554,nan,nan,nan,4.99392,3.7859
642,-4.96,3.787,299.478,0.377579,0.377626,-1,3.78515,nan,nan,nan,4.99391,3.78609
643,-5.05,3.787,299.479,0.377856,0.377902,-1,3.78746,nan,nan,nan,4.99391,3.78629
644,-5.04,3.783,299.479,0.378133,0.378179,-1,3.78647,nan,nan,nan,4.9939,3.78649
645,-5.09,3.787,299.48,0.37841,0.378457,-1,3.78753,nan,nan,nan,4.9939,3.78668
646,-4.95,3.786,299.481,0.378686,0.378735,-1,3.78652,nan,nan,nan,4.99389,3.78687
647,-4.99,3.79,299.481,0.378963,0.379011,-1,3.78697,nan,nan,nan,4.99389,3.78707
648,-5.06,3.785,299.482,0.37924,0.379287,-1,3.78834,nan,nan,nan,4.99388,3.78726
649,-4.98,3.787,299.483,0.379517,0.379564,-1,3.78756,nan,nan,nan,4.99388,3.78746
650,-5.01,3.784,299.483,0.379793,0.37984,-1,3.78749,nan,nan,nan,4.99387,3.78765
651,-5.04,3.789,299.484,0.38007,0.380118,-1,3.78873,nan,nan,nan,4.99387,3.78785
652,-5.01,3.791,299.484,0.380347,0.380394,-1,3.78862,nan,nan,nan,4.99386,3.78804
653,-4.91,3.789,299.485,0.380623,0.380671,-1,3.78764,nan,nan,nan,4.99386,3.78824
654,-5.05,3.787,299.486,0.3809,0.380948,-1,3.78842,nan,nan,nan,4.99385,3.78843
655,-5.03,3.786,299.486,0.381177,0.381224,-1,3.78866,nan,nan,nan,4.99385,3.78863
656,-4.94,3.79,299.487,0.381454,0.3815,-1,3.78875,nan,nan,nan,4.99384,3.78882
657,-4.97,3.792,299.487,0.38173,0.381777,-1,3.78848,nan,nan,nan,4.99383,3.78901
658,-5.02,3.79,299.488,0.382007,0.382054,-1,3.78883,nan,nan,nan,4.99383,3.78921
659,-5.1,3.788,299.489,0.382284,0.38233,-1,3.79125,nan,nan,nan,4.99382,3.7894
660,-5.04,3.79,299.489,0.382561,0.382607,-1,3.79053,nan,nan,nan,4.99382,3.7896
661,-5.01,3.786,299.49,0.382837,0.382885,-1,3.78954,nan,nan,nan,4.99381,3.78979
662,-5.03,3.789,299.49,0.383114,0.383162,-1,3.79065,nan,nan,nan,4.99381,3.78998
663,-4.97,3.792,299.491,0.383391,0.383439,-1,3.78925,nan,nan,nan,4.9938,3.79018
664,-5.04,3.793,299.491,0.383667,0.383718,-1,3.79093,nan,nan,nan,4.9938,3.79037
665,-4.9,3.788,299.492,0.383944,0.383995,-1,3.78923,nan,nan,nan,4.99379,3.79057
666,-4.99,3.789,299.493,0.384221,0.384271,-1,3.79104,nan,nan,nan,4.99379,3.79076
667,-5.03,3.794,299.493,0.384498,0.384547,-1,3.79164,nan,nan,nan,4.99378,3.79095
668,-4.9,3.789,299.494,0.384774,0.384824,-1,3.79012,nan,nan,nan,4.99378,3.79115
669,-5,3.792,299.494,0.385051,0.385099,-1,3.79126,nan,nan,nan,4.99377,3.79134
670,-4.97,3.794,299.495,0.385328,0.385375,-1,3.79164,nan,nan,nan,4.99377,3.79154
671,-4.97,3.79,299.496,0.385605,0.385652,-1,3.79096,nan,nan,nan,4.99376,3.79173
672,-4.93,3.79,299.496,0.385881,0.385928,-1,3.79074,nan,nan,nan,4.99375,3.79192
673,-4.92,3.791,299.497,0.386158,0.386206,-1,3.79099,nan,nan,nan,4.99375,3.79212
674,-5.03,3.798,299.497,0.386435,0.386481,-1,3.79282,nan,nan,nan,4.99374,3.79231
675,-4.98,3.796,299.498,0.386712,0.386757,-1,3.7919,nan,nan,nan,4.99374,3.7925
676,-4.95,3.792,299.498,0.386988,0.387033,-1,3.79205,nan,nan,nan,4.99373,3.7927
677,-4.88,3.792,299.499,0.387265,0.387309,-1,3.79124,nan,nan,nan,4.99373,3.79289
678,-5.03,3.793,299.499,0.387542,0.387585,-1,3.79254,nan,nan,nan,4.99372,3.79309
679,-5.03,3.795,299.5,0.387818,0.387862,-1,3.79414,nan,nan,nan,4.99372,3.79328
680,-5.01,3.796,299.501,0.388095,0.388139,-1,3.79334,nan,nan,nan,4.99371,3.79347
681,-5.07,3.793,299.501,0.388372,0.388415,-1,3.79464,nan,nan,nan,4.99371,3.79367
682,-5.08,3.793,299.502,0.388649,0.388691,-1,3.79488,nan,nan,nan,4.9937,3.79386
683,-5.02,3.799,299.502,0.388925,0.388967,-1,3.79343,nan,nan,nan,4.9937,3.79405
684,-4.91,3.793,299.503,0.389202,0.389245,-1,3.7931,nan,nan,nan,4.99369,3.79425
685,-5.04,3.797,299.503,0.389479,0.38952,-1,3.79445,nan,nan,nan,4.99369,3.79444
686,-5.05,3.795,299.504,0.389756,0.389797,-1,3.79475,nan,nan,nan,4.99368,3.79463
687,-5,3.793,299.504,0.390032,0.390073,-1,3.79458,nan,nan,nan,4.99368,3.79483
688,-4.99,3.792,299.505,0.390309,0.39035,-1,3.79452,nan,nan,nan,4.99367,3.79502
689,-4.95,3.794,299.506,0.390586,0.390626,-1,3.79473,nan,nan,nan,4.99367,3.79521
690,-5.03,3.794,299.506,0.390863,0.390903,-1,3.79582,nan,nan,nan,4.99366,3.79541
691,-4.88,3.797,299.507,0.391139,0.391178,-1,3.79405,nan,nan,nan,4.99365,3.7956
692,-4.97,3.794,299.507,0.391416,0.391453,-1,3.79525,nan,nan,nan,4.99365,3.7958
693,-4.98,3.794,299.508,0.391693,0.391727,-1,3.79597,nan,nan,nan,4.99364,3.79599
694,-5.03,3.796,299.508,0.39197,0.392004,-1,3.79634,nan,nan,nan,4.99364,3.79618
695,-4.99,3.796,299.509,0.392246,0.39228,-1,3.79635,nan,nan,nan,4.99363,3.79638
696,-5.03,3.794,299.509,0.392523,0.392556,-1,3.79698,nan,nan,nan,4.99363,3.79657
697,-5.05,3.802,299.51,0.3928,0.392833,-1,3.79678,nan,nan,nan,4.99362,3.79676
698,-4.89,3.795,299.51,0.393077,0.39311,-1,3.79533,nan,nan,nan,4.99362,3.79696
699,-4.96,3.797,299.511,0.393353,0.393387,-1,3.79681,nan,nan,nan,4.99361,3.79715
700,-5.09,3.797,299.511,0.39363,0.393663,-1,3.79827,nan,nan,nan,4.99361,3.79735
701,-4.99,3.797,299.512,0.393907,0.39394,-1,3.79736,nan,nan,nan,4.9936,3.79754
702,-5.01,3.799,299.512,0.394184,0.394215,-1,3.79774,nan,nan,nan,4.9936,3.79773
703,-5.06,3.801,299.513,0.39446,0.394493,-1,3.79841,nan,nan,nan,4.99359,3.79793
704,-4.98,3.796,299.513,0.394737,0.39477,-1,3.79752,nan,nan,nan,4.99359,3.79812
705,-5.05,3.799,299.514,0.395014,0.395046,-1,3.79884,nan,nan,nan,4.99358,3.79832
706,-4.94,3.798,299.515,0.39529,0.395323,-1,3.79738,nan,nan,nan,4.99358,3.79851
707,-5.03,3.799,299.515,0.395567,0.3956,-1,3.79907,nan,nan,nan,4.99357,3.7987
708,-5.02,3.797,299.516,0.395844,0.395877,-1,3.79879,nan,nan,nan,4.99357,3.7989
709,-5.04,3.798,299.516,0.396121,0.396152,-1,3.79962,nan,nan,nan,4.99356,3.79909
710,-4.96,3.797,299.517,0.396397,0.39643,-1,3.79884,nan,nan,nan,4.99356,3.79929
711,-4.98,3.8,299.517,0.396674,0.396706,-1,3.79884,nan,nan,nan,4.99355,3.79948
712,-4.94,3.803,299.518,0.396951,0.396982,-1,3.79856,nan,nan,nan,4.99355,3.79968
713,-5.01,3.802,299.518,0.397228,0.397258,-1,3.79976,nan,nan,nan,4.99354,3.79987
714,-5.04,3.8,299.519,0.397504,0.397536,-1,3.80022,nan,nan,nan,4.99354,3.80006
715,-4.99,3.799,299.519,0.397781,0.397812,-1,3.80039,nan,nan,nan,4.99353,3.80026
716,-4.97,3.799,299.52,0.398058,0.398089,-1,3.79957,nan,nan,nan,4.99352,3.80045
717,-4.95,3.8,299.52,0.398335,0.398364,-1,3.79991,nan,nan,nan,4.99352,3.80065
718,-5.14,3.803,299.521,0.398611,0.39864,-1,3.80224,nan,nan,nan,4.99351,3.80084
719,-4.92,3.799,299.521,0.398888,0.398918,-1,3.79908,nan,nan,nan,4.99351,3.80104
720,-4.94,3.8,299.522,0.399165,0.399194,-1,3.80052,nan,nan,nan,4.9935,3.80123
721,-5.06,3.803,299.522,0.399442,0.39947,-1,3.80149,nan,nan,nan,4.9935,3.80143
722,-5.01,3.802,299.523,0.399718,0.399748,-1,3.80209,nan,nan,nan,4.99349,3.80162
723,-4.94,3.802,299.523,0.399995,0.400022,-1,3.80107,nan,nan,nan,4.99349,3.80182
724,-5.06,3.806,299.524,0.400272,0.400299,-1,3.80269,nan,nan,nan,4.99348,3.80201
725,-4.95,3.803,299.524,0.400549,0.400576,-1,3.80198,nan,nan,nan,4.99348,3.80221
726,-5,3.801,299.525,0.400825,0.400853,-1,3.80253,nan,nan,nan,4.99347,3.8024
727,-5.06,3.799,299.525,0.401102,0.40113,-1,3.80357,nan,nan,nan,4.99347,3.8026
728,-4.99,3.805,299.526,0.401379,0.401408,-1,3.80265,nan,nan,nan,4.99346,3.80279
729,-4.99,3.801,299.526,0.401656,0.401683,-1,3.8031,nan,nan,nan,4.99346,3.80299
730,-5.04,3.804,299.526,0.401932,0.401959,-1,3.80366,nan,nan,nan,4.99345,3.80319
731,-5.04,3.802,299.527,0.402209,0.402235,-1,3.80355,nan,nan,nan,4.99345,3.80338
732,-5.03,3.804,299.527,0.402486,0.402512,-1,3.80425,nan,nan,nan,4.99344,3.80358
733,-4.97,3.803,299.528,0.402763,0.402788,-1,3.8032,nan,nan,nan,4.99344,3.80377
734,-5.04,3.804,299.528,0.403039,0.403067,-1,3.80442,nan,nan,nan,4.99343,3.80397
735,-5.02,3.805,299.529,0.403316,0.403343,-1,3.80366,nan,nan,nan,4.99343,3.80416
736,-5.1,3.806,299.529,0.403593,0.40362,-1,3.80524,nan,nan,nan,4.99342,3.80436
737,-4.96,3.802,299.53,0.40387,0.403896,-1,3.80387,nan,nan,nan,4.99342,3.80456
738,-4.99,3.805,299.53,0.404146,0.404174,-1,3.80443,nan,nan,nan,4.99341,3.80475
739,-5.03,3.805,299.531,0.404423,0.40445,-1,3.80515,nan,nan,nan,4.99341,3.80495
740,-5.11,3.806,299.531,0.4047,0.404726,-1,3.80571,nan,nan,nan,4.9934,3.80515
741,-4.92,3.803,299.532,0.404977,0.405003,-1,3.80424,nan,nan,nan,4.9934,3.80534
742,-5.08,3.806,299.532,0.405253,0.40528,-1,3.80678,nan,nan,nan,4.99339,3.80554
743,-5.05,3.802,299.533,0.40553,0.405557,-1,3.80713,nan,nan,nan,4.99339,3.80574
744,-5.16,3.805,299.533,0.405807,0.405832,-1,3.80723,nan,nan,nan,4.99338,3.80593
745,-5.05,3.807,299.534,0.406084,0.406109,-1,3.80656,nan,nan,nan,4.99338,3.80613
746,-5.01,3.807,299.534,0.40636,0.406387,-1,3.80685,nan,nan,nan,4.99337,3.80633
747,-5.04,3.809,299.534,0.406637,0.406662,-1,3.80676,nan,nan,nan,4.99337,3.80652
748,-4.98,3.804,299.535,0.406914,0.406938,-1,3.8059,nan,nan,nan,4.99336,3.80672
749,-5.06,3.809,299.535,0.407191,0.407216,-1,3.80769,nan,nan,nan,4.99336,3.80692
750,-5.07,3.807,299.536,0.407468,0.407492,-1,3.80803,nan,nan,nan,4.99335,3.80712
751,-4.96,3.806,299.536,0.407744,0.40777,-1,3.80671,nan,nan,nan,4.99335,3.80731
752,-4.97,3.809,299.537,0.408021,0.408046,-1,3.80724,nan,nan,nan,4.99334,3.80751
753,-5.11,3.809,299.537,0.408298,0.408322,-1,3.80842,nan,nan,nan,4.99334,3.80771
754,-5.07,3.81,299.538,0.408575,0.408599,-1,3.80851,nan,nan,nan,4.99333,3.80791
755,-5.01,3.81,299.538,0.408851,0.408877,-1,3.80821,nan,nan,nan,4.99333,3.80811
756,-5.04,3.808,299.539,0.409128,0.409154,-1,3.80877,nan,nan,nan,4.99332,3.8083
757,-5.03,3.81,299.539,0.409405,0.40943,-1,3.80852,nan,nan,nan,4.99332,3.8085
758,-5.05,3.81,299.539,0.409682,0.409706,-1,3.8092,nan,nan,nan,4.99331,3.8087
759,-4.99,3.813,299.54,0.409958,0.409983,-1,3.80835,nan,nan,nan,4.99331,3.8089
760,-4.97,3.808,299.54,0.410235,0.410261,-1,3.80864,nan,nan,nan,4.9933,3.8091
761,-5.05,3.809,299.541,0.410512,0.410539,-1,3.80955,nan,nan,nan,4.9933,3.8093
762,-5.03,3.811,299.541,0.410789,0.410814,-1,3.8098,nan,nan,nan,4.99329,3.8095
763,-4.99,3.809,299.542,0.411065,0.411091,-1,3.80949,nan,nan,nan,4.99329,3.8097
764,-5.06,3.809,299.542,0.411342,0.411367,-1,3.81067,nan,nan,nan,4.99328,3.80989
765,-4.99,3.809,299.543,0.411619,0.411644,-1,3.80984,nan,nan,nan,4.99328,3.81009
766,-5,3.813,299.543,0.411896,0.41192,-1,3.81017,nan,nan,nan,4.99327,3.81029
767,-4.95,3.811,299.543,0.412172,0.412195,-1,3.81003,nan,nan,nan,4.99327,3.81049
768,-5.07,3.811,299.544,0.412449,0.412471,-1,3.81102,nan,nan,nan,4.99326,3.81069
769,-5.1,3.811,299.544,0.412726,0.41275,-1,3.81124,nan,nan,nan,4.99326,3.81089
770,-5.05,3.811,299.545,0.413003,0.413027,-1,3.81181,nan,nan,nan,4.99325,3.81109
771,-4.97,3.815,299.545,0.413279,0.413303,-1,3.81034,nan,nan,nan,4.99325,3.81129
772,-5.01,3.808,299.546,0.413556,0.413578,-1,3.81162,nan,nan,nan,4.99324,3.81149
773,-4.99,3.814,299.546,0.413833,0.413857,-1,3.81119,nan,nan,nan,4.99324,3.81169
774,-4.99,3.815,299.546,0.41411,0.414133,-1,3.81156,nan,nan,nan,4.99323,3.81189
775,-5.02,3.807,299.547,0.414387,0.414408,-1,3.81191,nan,nan,nan,4.99323,3.8121
776,-5.01,3.814,299.547,0.414663,0.414684,-1,3.81199,nan,nan,nan,4.99322,3.8123
777,-5.01,3.815,299.548,0.41494,0.414961,-1,3.81307,nan,nan,nan,4.99322,3.8125
778,-5.01,3.813,299.548,0.415217,0.415237,-1,3.81322,nan,nan,nan,4.99321,3.8127
779,-4.99,3.812,299.549,0.415494,0.415514,-1,3.81245,nan,nan,nan,4.99321,3.8129
780,-5,3.818,299.549,0.41577,0.415789,-1,3.81281,nan,nan,nan,4.9932,3.8131
781,-4.89,3.817,299.549,0.416047,0.416065,-1,3.81197,nan,nan,nan,4.9932,3.8133
782,-4.96,3.814,299.55,0.416324,0.416342,-1,3.81291,nan,nan,nan,4.99319,3.81351
783,-4.96,3.815,299.55,0.416601,0.416617,-1,3.81305,nan,nan,nan,4.99319,3.81371
784,-4.99,3.816,299.551,0.416877,0.416894,-1,3.81361,nan,nan,nan,4.99318,3.81391
785,-4.97,3.816,299.551,0.417154,0.41717,-1,3.81379,nan,nan,nan,4.99318,3.81411
786,-5.03,3.815,299.551,0.417431,0.417446,-1,3.81455,nan,nan,nan,4.99317,3.81431
787,-5.01,3.813,299.552,0.417708,0.417722,-1,3.81485,nan,nan,nan,4.99317,3.81452
788,-4.95,3.814,299.552,0.417984,0.417999,-1,3.81464,nan,nan,nan,4.99316,3.81472
789,-4.95,3.818,299.553,0.418261,0.418274,-1,3.81428,nan,nan,nan,4.99316,3.81492
790,-5,3.815,299.553,0.418538,0.418551,-1,3.81561,nan,nan,nan,4.99315,3.81513
791,-4.94,3.816,299.554,0.418815,0.41883,-1,3.81449,nan,nan,nan,4.99315,3.81533
792,-4.99,3.815,299.554,0.419092,0.419105,-1,3.81504,nan,nan,nan,4.99314,3.81553
793,-4.92,3.818,299.554,0.419368,0.419381,-1,3.81484,nan,nan,nan,4.99314,3.81574
794,-5.08,3.819,299.555,0.419645,0.419659,-1,3.81675,nan,nan,nan,4.99313,3.81594
795,-5.03,3.815,299.555,0.419922,0.419936,-1,3.81608,nan,nan,nan,4.99313,3.81614
796,-5.02,3.816,299.556,0.420199,0.420211,-1,3.81651,nan,nan,nan,4.99312,3.81635
797,-4.98,3.818,299.556,0.420475,0.420487,-1,3.81649,nan,nan,nan,4.99312,3.81655
798,-4.98,3.817,299.556,0.420752,0.420764,-1,3.8162,nan,nan,nan,4.99311,3.81676
799,-5.06,3.819,299.557,0.421029,0.421039,-1,3.81815,nan,nan,nan,4.99311,3.81696
800,-5.03,3.818,299.557,0.421306,0.421317,-1,3.81773,nan,nan,nan,4.9931,3.81717
801,-4.92,3.815,299.558,0.421582,0.421593,-1,3.81611,nan,nan,nan,4.9931,3.81737
802,-5,3.816,299.558,0.421859,0.421868,-1,3.81759,nan,nan,nan,4.99309,3.81758
803,-4.98,3.82,299.558,0.422136,0.422145,-1,3.81738,nan,nan,nan,4.99309,3.81778
804,-5.02,3.818,299.559,0.422413,0.422421,-1,3.81796,nan,nan,nan,4.99308,3.81799
805,-5.07,3.816,299.559,0.42269,0.422697,-1,3.81827,nan,nan,nan,4.99308,3.81819
806,-5.11,3.817,299.56,0.422966,0.422975,-1,3.81984,nan,nan,nan,4.99307,3.8184
807,-5.07,3.817,299.56,0.423243,0.423254,-1,3.8192,nan,nan,nan,4.99307,3.81861
808,-5.07,3.821,299.56,0.42352,0.423531,-1,3.81993,nan,nan,nan,4.99306,3.81881
809,-5,3.817,299.561,0.423797,0.423808,-1,3.81901,nan,nan,nan,4.99306,3.81902
810,-5.04,3.822,299.561,0.424073,0.424084,-1,3.81947,nan,nan,nan,4.99305,3.81923
811,-4.99,3.82,299.561,0.42435,0.42436,-1,3.81929,nan,nan,nan,4.99305,3.81943
812,-5.05,3.821,299.562,0.424627,0.424637,-1,3.8204,nan,nan,nan,4.99304,3.81964
813,-4.95,3.818,299.562,0.424904,0.424914,-1,3.81969,nan,nan,nan,4.99304,3.81985
814,-5.01,3.821,299.563,0.425181,0.425189,-1,3.82045,nan,nan,nan,4.99303,3.82006
815,-5.1,3.821,299.563,0.425457,0.425467,-1,3.82179,nan,nan,nan,4.99303,3.82026
816,-5.13,3.819,299.563,0.425734,0.425743,-1,3.82178,nan,nan,nan,4.99302,3.82047
817,-5.02,3.819,299.564,0.426011,0.426022,-1,3.82129,nan,nan,nan,4.99302,3.82068
818,-4.98,3.821,299.564,0.426288,0.426297,-1,3.82023,nan,nan,nan,4.99301,3.82089
819,-5,3.825,299.565,0.426564,0.426575,-1,3.82044,nan,nan,nan,4.99301,3.8211
820,-4.96,3.819,299.565,0.426841,0.42685,-1,3.82094,nan,nan,nan,4.993,3.8213
821,-5.1,3.822,299.565,0.427118,0.427127,-1,3.82303,nan,nan,nan,4.993,3.82151
822,-4.98,3.82,299.566,0.427395,0.427407,-1,3.82146,nan,nan,nan,4.993,3.82172
823,-4.97,3.82,299.566,0.427672,0.427682,-1,3.82191,nan,nan,nan,4.99299,3.82193
824,-5.06,3.819,299.566,0.427948,0.427958,-1,3.82279,nan,nan,nan,4.99299,3.82214
825,-5.04,3.825,299.567,0.428225,0.428235,-1,3.82265,nan,nan,nan,4.99298,3.82235
826,-4.94,3.821,299.567,0.428502,0.428512,-1,3.82156,nan,nan,nan,4.99298,3.82256
827,-5.07,3.824,299.568,0.428779,0.428788,-1,3.82323,nan,nan,nan,4.99297,3.82277
828,-4.99,3.826,299.568,0.429055,0.429066,-1,3.82222,nan,nan,nan,4.99297,3.82298
829,-4.91,3.822,299.568,0.429332,0.429341,-1,3.8217,nan,nan,nan,4.99296,3.82319
830,-4.96,3.824,299.569,0.429609,0.429618,-1,3.82221,nan,nan,nan,4.99296,3.8234
831,-4.97,3.821,299.569,0.429886,0.429894,-1,3.82346,nan,nan,nan,4.99295,3.82361
832,-4.98,3.821,299.569,0.430163,0.430171,-1,3.82369,nan,nan,nan,4.99295,3.82383
833,-5.09,3.828,299.57,0.430439,0.430448,-1,3.82463,nan,nan,nan,4.99294,3.82404
834,-4.95,3.827,299.57,0.430716,0.430726,-1,3.82379,nan,nan,nan,4.99294,3.82425
835,-4.99,3.827,299.571,0.430993,0.431001,-1,3.8244,nan,nan,nan,4.99293,3.82446
836,-4.98,3.827,299.571,0.43127,0.431278,-1,3.82428,nan,nan,nan,4.99293,3.82467
837,-4.95,3.826,299.571,0.431546,0.431554,-1,3.82425,nan,nan,nan,4.99292,3.82488
838,-5.04,3.828,299.572,0.431823,0.431831,-1,3.82518,nan,nan,nan,4.99292,3.8251
839,-5.08,3.826,299.572,0.4321,0.432107,-1,3.82605,nan,nan,nan,4.99291,3.82531
840,-5.05,3.827,299.572,0.432377,0.432384,-1,3.82587,nan,nan,nan,4.99291,3.82552
841,-5.09,3.828,299.573,0.432654,0.432662,-1,3.82662,nan,nan,nan,4.9929,3.82574
842,-5.05,3.828,299.573,0.43293,0.432939,-1,3.82626,nan,nan,nan,4.9929,3.82595
843,-4.98,3.827,299.574,0.433207,0.433214,-1,3.82543,nan,nan,nan,4.99289,3.82616
844,-5.07,3.827,299.574,0.433484,0.433491,-1,3.82648,nan,nan,nan,4.99289,3.82638
845,-5.07,3.824,299.574,0.433761,0.433769,-1,3.82743,nan,nan,nan,4.99288,3.82659
846,-5.02,3.825,299.575,0.434037,0.434045,-1,3.82702,nan,nan,nan,4.99288,3.8268
847,-5.03,3.828,299.575,0.434314,0.434322,-1,3.82766,nan,nan,nan,4.99287,3.82702
848,-4.98,3.827,299.575,0.434591,0.434598,-1,3.8265,nan,nan,nan,4.99287,3.82723
849,-4.94,3.827,299.576,0.434868,0.434874,-1,3.82735,nan,nan,nan,4.99287,3.82745
850,-5.11,3.829,299.576,0.435145,0.43515,-1,3.8285,nan,nan,nan,4.99286,3.82766
851,-5.01,3.83,299.576,0.435421,0.435427,-1,3.82787,nan,nan,nan,4.99286,3.82788
852,-5.03,3.827,299.577,0.435698,0.435704,-1,3.82795,nan,nan,nan,4.99285,3.82809
853,-5.02,3.83,299.577,0.435975,0.43598,-1,3.82863,nan,nan,nan,4.99285,3.82831
854,-4.84,3.828,299.577,0.436252,0.436256,-1,3.82641,nan,nan,nan,4.99284,3.82853
855,-4.97,3.83,299.578,0.436529,0.436534,-1,3.8281,nan,nan,nan,4.99284,3.82874
856,-5.02,3.829,299.578,0.436805,0.436811,-1,3.82887,nan,nan,nan,4.99283,3.82896
857,-4.96,3.83,299.578,0.437082,0.437087,-1,3.82795,nan,nan,nan,4.99283,3.82918
858,-5.03,3.834,299.579,0.437359,0.437362,-1,3.8298,nan,nan,nan,4.99282,3.82939
859,-4.98,3.828,299.579,0.437636,0.437639,-1,3.82939,nan,nan,nan,4.99282,3.82961
860,-5.09,3.828,299.58,0.437912,0.437915,-1,3.83064,nan,nan,nan,4.99281,3.82983
861,-4.85,3.832,299.58,0.438189,0.438193,-1,3.82797,nan,nan,nan,4.99281,3.83004
862,-5.01,3.83,299.58,0.438466,0.43847,-1,3.83006,nan,nan,nan,4.9928,3.83026
863,-5.04,3.831,299.581,0.438743,0.438746,-1,3.83053,nan,nan,nan,4.9928,3.83048
864,-5.1,3.831,299.581,0.43902,0.439022,-1,3.83195,nan,nan,nan,4.99279,3.8307
865,-5.02,3.83,299.581,0.439296,0.439298,-1,3.83088,nan,nan,nan,4.99279,3.83092
866,-5.04,3.832,299.582,0.439573,0.439576,-1,3.83152,nan,nan,nan,4.99278,3.83114
867,-4.98,3.833,299.582,0.43985,0.439853,-1,3.83131,nan,nan,nan,4.99278,3.83136
868,-4.94,3.833,299.582,0.440127,0.44013,-1,3.83014,nan,nan,nan,4.99277,3.83157
869,-4.9,3.832,299.583,0.440404,0.440406,-1,3.83064,nan,nan,nan,4.99277,3.83179
870,-5.02,3.831,299.583,0.44068,0.440682,-1,3.8319,nan,nan,nan,4.99277,3.83201
871,-4.95,3.832,299.583,0.440957,0.440958,-1,3.8318,nan,nan,nan,4.99276,3.83223
872,-5.09,3.833,299.584,0.441234,0.441236,-1,3.83343,nan,nan,nan,4.99276,3.83245
873,-5.01,3.832,299.584,0.441511,0.441513,-1,3.83248,nan,nan,nan,4.99275,3.83267
874,-4.93,3.835,299.584,0.441787,0.441789,-1,3.83203,nan,nan,nan,4.99275,3.8329
875,-5.13,3.833,299.585,0.442064,0.442066,-1,3.8349,nan,nan,nan,4.99274,3.83312
876,-5.01,3.832,299.585,0.442341,0.442343,-1,3.83339,nan,nan,nan,4.99274,3.83334
877,-4.99,3.834,299.585,0.442618,0.44262,-1,3.83365,nan,nan,nan,4.99273,3.83356
878,-4.94,3.834,299.586,0.442895,0.442896,-1,3.83236,nan,nan,nan,4.99273,3.83378
879,-5.08,3.834,299.586,0.443171,0.443173,-1,3.83426,nan,nan,nan,4.99272,3.834
880,-4.9,3.835,299.586,0.443448,0.44345,-1,3.83346,nan,nan,nan,4.99272,3.83422
881,-5.01,3.832,299.587,0.443725,0.443725,-1,3.83424,nan,nan,nan,4.99271,3.83445
882,-5.04,3.836,299.587,0.444002,0.444003,-1,3.8348,nan,nan,nan,4.99271,3.83467
883,-5.09,3.835,299.587,0.444279,0.44428,-1,3.83562,nan,nan,nan,4.9927,3.83489
884,-4.97,3.838,299.588,0.444555,0.444556,-1,3.83515,nan,nan,nan,4.9927,3.83512
885,-5.04,3.834,299.588,0.444832,0.444831,-1,3.83638,nan,nan,nan,4.99269,3.83534
886,-4.97,3.836,299.588,0.445109,0.445108,-1,3.83518,nan,nan,nan,4.99269,3.83556
887,-5.02,3.833,299.589,0.445386,0.445386,-1,3.83575,nan,nan,nan,4.99269,3.83579
888,-5.11,3.837,299.589,0.445663,0.445662,-1,3.83655,nan,nan,nan,4.99268,3.83601
889,-4.98,3.837,299.589,0.445939,0.445939,-1,3.83543,nan,nan,nan,4.99268,3.83623
890,-5.06,3.837,299.59,0.446216,0.446216,-1,3.83691,nan,nan,nan,4.99267,3.83646
891,-5.05,3.833,299.59,0.446493,0.446494,-1,3.83704,nan,nan,nan,4.99267,3.83668
892,-5.02,3.837,299.59,0.44677,0.44677,-1,3.83686,nan,nan,nan,4.99266,3.83691
893,-5.04,3.837,299.591,0.447047,0.447047,-1,3.8373,nan,nan,nan,4.99266,3.83713
894,-5.13,3.835,299.591,0.447323,0.447324,-1,3.83874,nan,nan,nan,4.99265,3.83736
895,-5.05,3.837,299.591,0.4476,0.447601,-1,3.83794,nan,nan,nan,4.99265,3.83759
896,-5.01,3.837,299.592,0.447877,0.447877,-1,3.83744,nan,nan,nan,4.99264,3.83781
897,-5.1,3.837,299.592,0.448154,0.448155,-1,3.83822,nan,nan,nan,4.99264,3.83804
898,-5.1,3.838,299.592,0.448431,0.448433,-1,3.83977,nan,nan,nan,4.99263,3.83826
899,-4.97,3.839,299.593,0.448707,0.448709,-1,3.83793,nan,nan,nan,4.99263,3.83849
900,-5.01,3.84,299.593,0.448984,0.448986,-1,3.83924,nan,nan,nan,4.99262,3.83872
901,-5,3.841,299.593,0.449261,0.449263,-1,3.8393,nan,nan,nan,4.99262,3.83895
902,-5.03,3.837,299.594,0.449538,0.449539,-1,3.83921,nan,nan,nan,4.99261,3.83917
903,-4.97,3.841,299.594,0.449815,0.449815,-1,3.83892,nan,nan,nan,4.99261,3.8394
904,-5.11,3.841,299.594,0.450091,0.450091,-1,3.84031,nan,nan,nan,4.99261,3.83963
905,-5.01,3.837,299.594,0.450368,0.450368,-1,3.84045,nan,nan,nan,4.9926,3.83986
906,-4.99,3.84,299.595,0.450645,0.450644,-1,3.83962,nan,nan,nan,4.9926,3.84009
907,-5.08,3.841,299.595,0.450922,0.450921,-1,3.84152,nan,nan,nan,4.99259,3.84031
908,-5.05,3.839,299.595,0.451198,0.451197,-1,3.84158,nan,nan,nan,4.99259,3.84054
909,-4.92,3.843,299.596,0.451475,0.451472,-1,3.83952,nan,nan,nan,4.99258,3.84077
910,-5.05,3.842,299.596,0.451752,0.451748,-1,3.84085,nan,nan,nan,4.99258,3.841
911,-4.99,3.841,299.596,0.452029,0.452026,-1,3.84102,nan,nan,nan,4.99257,3.84123
912,-5,3.842,299.597,0.452306,0.452302,-1,3.84154,nan,nan,nan,4.99257,3.84146
913,-4.92,3.843,299.597,0.452582,0.452579,-1,3.84035,nan,nan,nan,4.99256,3.84169
914,-5.1,3.844,299.597,0.452859,0.452854,-1,3.84306,nan,nan,nan,4.99256,3.84192
915,-5.02,3.844,299.598,0.453136,0.453133,-1,3.84161,nan,nan,nan,4.99255,3.84215
916,-5.02,3.841,299.598,0.453413,0.45341,-1,3.84293,nan,nan,nan,4.99255,3.84238
917,-4.99,3.844,299.598,0.45369,0.453687,-1,3.84251,nan,nan,nan,4.99255,3.84261
918,-4.91,3.845,299.599,0.453967,0.453962,-1,3.84149,nan,nan,nan,4.99254,3.84285
919,-5.02,3.846,299.599,0.454243,0.454237,-1,3.84286,nan,nan,nan,4.99254,3.84308
920,-5.1,3.845,299.599,0.45452,0.454514,-1,3.84421,nan,nan,nan,4.99253,3.84331
921,-4.96,3.845,299.599,0.454797,0.454791,-1,3.8435,nan,nan,nan,4.99253,3.84354
922,-5.05,3.844,299.6,0.455074,0.455066,-1,3.84378,nan,nan,nan,4.99252,3.84377
923,-5.02,3.842,299.6,0.455351,0.455342,-1,3.84329,nan,nan,nan,4.99252,3.84401
924,-5.04,3.848,299.6,0.455627,0.455619,-1,3.8448,nan,nan,nan,4.99251,3.84424
925,-5.05,3.847,299.601,0.455904,0.455896,-1,3.84451,nan,nan,nan,4.99251,3.84447
926,-5.04,3.845,299.601,0.456181,0.456173,-1,3.84534,nan,nan,nan,4.9925,3.84471
927,-4.94,3.848,299.601,0.456458,0.45645,-1,3.84387,nan,nan,nan,4.9925,3.84494
928,-4.99,3.843,299.602,0.456735,0.456727,-1,3.84479,nan,nan,nan,4.99249,3.84517
929,-4.95,3.846,299.602,0.457011,0.457004,-1,3.84426,nan,nan,nan,4.99249,3.84541
930,-4.99,3.847,299.602,0.457288,0.457282,-1,3.84618,nan,nan,nan,4.99249,3.84564
931,-4.95,3.844,299.603,0.457565,0.457558,-1,3.84572,nan,nan,nan,4.99248,3.84588
932,-4.91,3.846,299.603,0.457842,0.457835,-1,3.8447,nan,nan,nan,4.99248,3.84611
933,-5.05,3.845,299.603,0.458119,0.458111,-1,3.84642,nan,nan,nan,4.99247,3.84635
934,-4.97,3.849,299.603,0.458395,0.458389,-1,3.84609,nan,nan,nan,4.99247,3.84658
935,-4.98,3.849,299.604,0.458672,0.458666,-1,3.84611,nan,nan,nan,4.99246,3.84682
936,-5.01,3.844,299.604,0.458949,0.458943,-1,3.84779,nan,nan,nan,4.99246,3.84705
937,-4.95,3.848,299.604,0.459226,0.45922,-1,3.84635,nan,nan,nan,4.99245,3.84729
938,-4.88,3.848,299.605,0.459503,0.459495,-1,3.84626,nan,nan,nan,4.99245,3.84752
939,-5,3.846,299.605,0.459779,0.459771,-1,3.84741,nan,nan,nan,4.99244,3.84776
940,-5.03,3.843,299.605,0.460056,0.460048,-1,3.84885,nan,nan,nan,4.99244,3.848
941,-5.11,3.848,299.606,0.460333,0.460325,-1,3.8496,nan,nan,nan,4.99244,3.84823
942,-4.95,3.85,299.606,0.46061,0.460603,-1,3.84716,nan,nan,nan,4.99243,3.84847
943,-5.05,3.851,299.606,0.460887,0.460879,-1,3.8493,nan,nan,nan,4.99243,3.84871
944,-5.03,3.847,299.606,0.461163,0.461156,-1,3.84904,nan,nan,nan,4.99242,3.84895
945,-5.09,3.847,299.607,0.46144,0.461434,-1,3.85,nan,nan,nan,4.99242,3.84918
946,-5.04,3.849,299.607,0.461717,0.461711,-1,3.84938,nan,nan,nan,4.99241,3.84942
947,-5.07,3.849,299.607,0.461994,0.461989,-1,3.85016,nan,nan,nan,4.99241,3.84966
948,-5.02,3.849,299.608,0.462271,0.462266,-1,3.85007,nan,nan,nan,4.9924,3.8499
949,-4.95,3.848,299.608,0.462547,0.462543,-1,3.8497,nan,nan,nan,4.9924,3.85014
950,-5.08,3.85,299.608,0.462824,0.46282,-1,3.85146,nan,nan,nan,4.99239,3.85038
951,-4.91,3.85,299.608,0.463101,0.463097,-1,3.84923,nan,nan,nan,4.99239,3.85062
952,-4.96,3.85,299.609,0.463378,0.463372,-1,3.84983,nan,nan,nan,4.99238,3.85086
953,-5.01,3.851,299.609,0.463655,0.463649,-1,3.8512,nan,nan,nan,4.99238,3.8511
954,-5.05,3.853,299.609,0.463932,0.463925,-1,3.85187,nan,nan,nan,4.99238,3.85134
955,-5.04,3.849,299.61,0.464208,0.464201,-1,3.85185,nan,nan,nan,4.99237,3.85158
956,-5.13,3.853,299.61,0.464485,0.464478,-1,3.85328,nan,nan,nan,4.99237,3.85182
957,-4.99,3.852,299.61,0.464762,0.464754,-1,3.85141,nan,nan,nan,4.99236,3.85206
958,-4.99,3.855,299.61,0.465039,0.465029,-1,3.85237,nan,nan,nan,4.99236,3.8523
959,-4.94,3.852,299.611,0.465316,0.465306,-1,3.85203,nan,nan,nan,4.99235,3.85254
960,-4.98,3.851,299.611,0.465592,0.465583,-1,3.85204,nan,nan,nan,4.99235,3.85278
961,-5.02,3.854,299.611,0.465869,0.465859,-1,3.85284,nan,nan,nan,4.99234,3.85302
962,-4.97,3.857,299.612,0.466146,0.466135,-1,3.85236,nan,nan,nan,4.99234,3.85326
963,-5,3.852,299.612,0.466423,0.466411,-1,3.85302,nan,nan,nan,4.99233,3.85351
964,-5.04,3.854,299.612,0.4667,0.466687,-1,3.85419,nan,nan,nan,4.99233,3.85375
965,-4.96,3.854,299.612,0.466976,0.466964,-1,3.85355,nan,nan,nan,4.99233,3.85399
966,-4.96,3.858,299.613,0.467253,0.467241,-1,3.85358,nan,nan,nan,4.99232,3.85423
967,-5,3.853,299.613,0.46753,0.467516,-1,3.85423,nan,nan,nan,4.99232,3.85448
968,-5.02,3.857,299.613,0.467807,0.467793,-1,3.855,nan,nan,nan,4.99231,3.85472
969,-4.99,3.856,299.614,0.468084,0.468071,-1,3.85435,nan,nan,nan,4.99231,3.85496
970,-5.05,3.856,299.614,0.468361,0.468349,-1,3.85536,nan,nan,nan,4.9923,3.85521
971,-5.04,3.854,299.614,0.468637,0.468624,-1,3.85606,nan,nan,nan,4.9923,3.85545
972,-5.05,3.855,299.614,0.468914,0.4689,-1,3.85561,nan,nan,nan,4.99229,3.85569
973,-4.96,3.857,299.615,0.469191,0.469177,-1,3.85556,nan,nan,nan,4.99229,3.85594
974,-5.04,3.855,299.615,0.469468,0.469452,-1,3.85671,nan,nan,nan,4.99229,3.85618
975,-5.03,3.858,299.615,0.469745,0.469731,-1,3.85645,nan,nan,nan,4.99228,3.85643
976,-4.96,3.854,299.616,0.470021,0.470008,-1,3.85618,nan,nan,nan,4.99228,3.85667
977,-4.99,3.856,299.616,0.470298,0.470285,-1,3.85752,nan,nan,nan,4.99227,3.85692
978,-4.97,3.855,299.616,0.470575,0.470561,-1,3.85658,nan,nan,nan,4.99227,3.85716
979,-5.04,3.86,299.616,0.470852,0.470837,-1,3.85738,nan,nan,nan,4.99226,3.85741
980,-5.09,3.858,299.617,0.471129,0.471113,-1,3.85817,nan,nan,nan,4.99226,3.85765
981,-5.03,3.858,299.617,0.471406,0.471391,-1,3.85764,nan,nan,nan,4.99225,3.8579
982,-5,3.856,299.617,0.471682,0.471668,-1,3.85815,nan,nan,nan,4.99225,3.85814
983,-5.01,3.858,299.618,0.471959,0.471944,-1,3.8582,nan,nan,nan,4.99224,3.85839
984,-4.98,3.86,299.618,0.472236,0.472222,-1,3.85809,nan,nan,nan,4.99224,3.85864
985,-4.99,3.86,299.618,0.472513,0.4725,-1,3.85873,nan,nan,nan,4.99224,3.85888
986,-5.03,3.856,299.618,0.47279,0.472776,-1,3.85969,nan,nan,nan,4.99223,3.85913
987,-5,3.861,299.619,0.473066,0.473052,-1,3.85961,nan,nan,nan,4.99223,3.85938
988,-5.03,3.857,299.619,0.473343,0.473328,-1,3.86017,nan,nan,nan,4.99222,3.85963
989,-5.01,3.86,299.619,0.47362,0.473606,-1,3.85965,nan,nan,nan,4.99222,3.85987
990,-4.99,3.859,299.619,0.473897,0.473881,-1,3.85991,nan,nan,nan,4.99221,3.86012
991,-4.92,3.861,299.62,0.474174,0.474157,-1,3.85927,nan,nan,nan,4.99221,3.86037
992,-5.03,3.862,299.62,0.474451,0.474434,-1,3.86074,nan,nan,nan,4.9922,3.86062
993,-5.02,3.86,299.62,0.474727,0.474711,-1,3.86044,nan,nan,nan,4.9922,3.86086
994,-4.95,3.857,299.621,0.475004,0.474988,-1,3.86048,nan,nan,nan,4.9922,3.86111
995,-4.93,3.861,299.621,0.475281,0.475263,-1,3.86052,nan,nan,nan,4.99219,3.86136
996,-5.02,3.865,299.621,0.475558,0.475541,-1,3.8617,nan,nan,nan,4.99219,3.86161
997,-5.06,3.86,299.621,0.475835,0.475817,-1,3.86197,nan,nan,nan,4.99218,3.86186
998,-4.91,3.861,299.622,0.476111,0.476095,-1,3.8614,nan,nan,nan,4.99218,3.86211
999,-5.05,3.862,299.622,0.476388,0.476369,-1,3.86259,nan,nan,nan,4.99217,3.86236
1000,-5.03,3.861,299.622,0.476665,0.476644,-1,3.86257,nan,nan,nan,4.99217,3.86261
1001,-4.93,3.867,299.622,0.476942,0.476922,-1,3.86184,nan,nan,nan,4.99216,3.86286
1002,-4.9,3.862,299.623,0.477219,0.477197,-1,3.86196,nan,nan,nan,4.99216,3.86311
1003,-5.05,3.862,299.623,0.477496,0.477473,-1,3.86359,nan,nan,nan,4.99216,3.86336
1004,-4.93,3.865,299.623,0.477772,0.47775,-1,3.8624,nan,nan,nan,4.99215,3.86361
1005,-5,3.865,299.623,0.478049,0.478027,-1,3.8637,nan,nan,nan,4.99215,3.86386
1006,-5.08,3.862,299.624,0.478326,0.478304,-1,3.86487,nan,nan,nan,4.99214,3.86411
1007,-5,3.864,299.624,0.478603,0.478582,-1,3.86435,nan,nan,nan,4.99214,3.86436
1008,-5.04,3.864,299.624,0.47888,0.478858,-1,3.86481,nan,nan,nan,4.99213,3.86461
1009,-5.12,3.864,299.625,0.479157,0.479136,-1,3.86606,nan,nan,nan,4.99213,3.86486
1010,-4.97,3.863,299.625,0.479433,0.479414,-1,3.86439,nan,nan,nan,4.99212,3.86511
1011,-5.05,3.864,299.625,0.47971,0.479691,-1,3.86579,nan,nan,nan,4.99212,3.86536
1012,-4.97,3.869,299.625,0.479987,0.479968,-1,3.86488,nan,nan,nan,4.99212,3.86562
1013,-5.05,3.867,299.626,0.480264,0.480245,-1,3.86608,nan,nan,nan,4.99211,3.86587
1014,-4.9,3.868,299.626,0.480541,0.480522,-1,3.86464,nan,nan,nan,4.99211,3.86612
1015,-5.06,3.862,299.626,0.480817,0.480799,-1,3.86667,nan,nan,nan,4.9921,3.86637
1016,-5.05,3.869,299.626,0.481094,0.481075,-1,3.86707,nan,nan,nan,4.9921,3.86662
1017,-5.06,3.865,299.627,0.481371,0.481351,-1,3.86795,nan,nan,nan,4.99209,3.86688
1018,-4.99,3.864,299.627,0.481648,0.481628,-1,3.86683,nan,nan,nan,4.99209,3.86713
1019,-5.08,3.869,299.627,0.481925,0.481906,-1,3.8684,nan,nan,nan,4.99208,3.86738
1020,-5.03,3.871,299.627,0.482202,0.482183,-1,3.86831,nan,nan,nan,4.99208,3.86763
1021,-4.97,3.87,299.628,0.482478,0.482459,-1,3.86712,nan,nan,nan,4.99208,3.86789
1022,-5.04,3.869,299.628,0.482755,0.482736,-1,3.86754,nan,nan,nan,4.99207,3.86814
1023,-5.06,3.869,299.628,0.483032,0.483013,-1,3.86892,nan,nan,nan,4.99207,3.86839
1024,-5.01,3.869,299.628,0.483309,0.483289,-1,3.86869,nan,nan,nan,4.99206,3.86865
1025,-4.98,3.868,299.629,0.483586,0.483567,-1,3.86871,nan,nan,nan,4.99206,3.8689
1026,-5,3.869,299.629,0.483863,0.483843,-1,3.86873,nan,nan,nan,4.99205,3.86915
1027,-5.06,3.869,299.629,0.484139,0.484121,-1,3.87014,nan,nan,nan,4.99205,3.86941
1028,-4.94,3.869,299.63,0.484416,0.484396,-1,3.86897,nan,nan,nan,4.99204,3.86966
1029,-4.98,3.869,299.63,0.484693,0.484672,-1,3.86909,nan,nan,nan,4.99204,3.86992
1030,-5.05,3.871,299.63,0.48497,0.48495,-1,3.87074,nan,nan,nan,4.99204,3.87017
1031,-5.01,3.871,299.63,0.485247,0.485227,-1,3.87058,nan,nan,nan,4.99203,3.87043
1032,-5.12,3.871,299.631,0.485524,0.485504,-1,3.87122,nan,nan,nan,4.99203,3.87068
1033,-5.06,3.87,299.631,0.4858,0.485782,-1,3.87141,nan,nan,nan,4.99202,3.87094
1034,-5.03,3.873,299.631,0.486077,0.48606,-1,3.87163,nan,nan,nan,4.99202,3.87119
1035,-5.02,3.869,299.631,0.486354,0.486336,-1,3.87108,nan,nan,nan,4.99201,3.87145
1036,-4.97,3.872,299.632,0.486631,0.486613,-1,3.87063,nan,nan,nan,4.99201,3.8717
1037,-5.03,3.871,299.632,0.486908,0.486889,-1,3.87243,nan,nan,nan,4.99201,3.87196
1038,-4.99,3.873,299.632,0.487185,0.487167,-1,3.87219,nan,nan,nan,4.992,3.87221
1039,-4.98,3.873,299.632,0.487461,0.487444,-1,3.87244,nan,nan,nan,4.992,3.87247
1040,-5.07,3.872,299.633,0.487738,0.48772,-1,3.87273,nan,nan,nan,4.99199,3.87272
1041,-4.97,3.873,299.633,0.488015,0.487997,-1,3.87278,nan,nan,nan,4.99199,3.87298
1042,-4.99,3.872,299.633,0.488292,0.488274,-1,3.87278,nan,nan,nan,4.99198,3.87323
1043,-5.02,3.874,299.633,0.488569,0.488549,-1,3.87383,nan,nan,nan,4.99198,3.87349
1044,-5.04,3.874,299.634,0.488846,0.488827,-1,3.87412,nan,nan,nan,4.99197,3.87375
1045,-5,3.873,299.634,0.489122,0.489104,-1,3.87342,nan,nan,nan,4.99197,3.874
1046,-5,3.872,299.634,0.489399,0.489381,-1,3.87406,nan,nan,nan,4.99197,3.87426
1047,-4.92,3.878,299.634,0.489676,0.489658,-1,3.87375,nan,nan,nan,4.99196,3.87452
1048,-5.05,3.875,299.635,0.489953,0.489933,-1,3.87539,nan,nan,nan,4.99196,3.87477
1049,-4.95,3.875,299.635,0.49023,0.490211,-1,3.87471,nan,nan,nan,4.99195,3.87503
1050,-4.96,3.874,299.635,0.490507,0.490488,-1,3.87427,nan,nan,nan,4.99195,3.87529
1051,-5.03,3.877,299.635,0.490783,0.490766,-1,3.87585,nan,nan,nan,4.99194,3.87554
1052,-5.06,3.876,299.636,0.49106,0.491043,-1,3.87654,nan,nan,nan,4.99194,3.8758
1053,-4.94,3.876,299.636,0.491337,0.49132,-1,3.8753,nan,nan,nan,4.99194,3.87606
1054,-5.03,3.871,299.636,0.491614,0.491596,-1,3.87638,nan,nan,nan,4.99193,3.87631
1055,-4.99,3.874,299.636,0.491891,0.491873,-1,3.8758,nan,nan,nan,4.99193,3.87657
1056,-4.98,3.878,299.637,0.492168,0.49215,-1,3.87737,nan,nan,nan,4.99192,3.87683
1057,-4.99,3.877,299.637,0.492444,0.492426,-1,3.87726,nan,nan,nan,4.99192,3.87709
1058,-4.94,3.878,299.637,0.492721,0.492705,-1,3.87667,nan,nan,nan,4.99191,3.87734
1059,-4.94,3.877,299.637,0.492998,0.492979,-1,3.87644,nan,nan,nan,4.99191,3.8776
1060,-5.04,3.878,299.638,0.493275,0.493254,-1,3.87796,nan,nan,nan,4.99191,3.87786
1061,-5.05,3.879,299.638,0.493552,0.493532,-1,3.87857,nan,nan,nan,4.9919,3.87812
1062,-5.09,3.881,299.638,0.493829,0.493811,-1,3.87906,nan,nan,nan,4.9919,3.87837
1063,-5.04,3.88,299.638,0.494105,0.494088,-1,3.87907,nan,nan,nan,4.99189,3.87863
1064,-4.97,3.881,299.639,0.494382,0.494364,-1,3.8776,nan,nan,nan,4.99189,3.87889
1065,-4.95,3.877,299.639,0.494659,0.494641,-1,3.87853,nan,nan,nan,4.99188,3.87915
1066,-4.97,3.883,299.639,0.494936,0.494917,-1,3.87897,nan,nan,nan,4.99188,3.87941
1067,-5.1,3.881,299.639,0.495213,0.495194,-1,3.8807,nan,nan,nan,4.99187,3.87967
1068,-4.95,3.881,299.64,0.49549,0.495471,-1,3.87939,nan,nan,nan,4.99187,3.87992
1069,-5.06,3.882,299.64,0.495766,0.495748,-1,3.88039,nan,nan,nan,4.99187,3.88018
1070,-5,3.883,299.64,0.496043,0.496024,-1,3.88074,nan,nan,nan,4.99186,3.88044
1071,-5.02,3.881,299.64,0.49632,0.496301,-1,3.88064,nan,nan,nan,4.99186,3.8807
1072,-4.94,3.882,299.64,0.496597,0.496576,-1,3.8804,nan,nan,nan,4.99185,3.88096
1073,-4.95,3.883,299.641,0.496874,0.496853,-1,3.88044,nan,nan,nan,4.99185,3.88122
1074,-5.04,3.883,299.641,0.497151,0.497129,-1,3.88132,nan,nan,nan,4.99184,3.88148
1075,-5.03,3.879,299.641,0.497427,0.497405,-1,3.8818,nan,nan,nan,4.99184,3.88173
1076,-4.95,3.881,299.641,0.497704,0.497681,-1,3.88121,nan,nan,nan,4.99184,3.88199
1077,-5.02,3.886,299.642,0.497981,0.497958,-1,3.88173,nan,nan,nan,4.99183,3.88225
1078,-4.97,3.88,299.642,0.498258,0.498235,-1,3.88133,nan,nan,nan,4.99183,3.88251
1079,-4.94,3.882,299.642,0.498535,0.498511,-1,3.88172,nan,nan,nan,4.99182,3.88277
1080,-5.01,3.884,299.642,0.498812,0.498787,-1,3.8821,nan,nan,nan,4.99182,3.88303
1081,-4.91,3.882,299.643,0.499089,0.499065,-1,3.88207,nan,nan,nan,4.99181,3.88329
1082,-5.07,3.882,299.643,0.499365,0.49934,-1,3.88338,nan,nan,nan,4.99181,3.88355
1083,-5.06,3.886,299.643,0.499642,0.499617,-1,3.88416,nan,nan,nan,4.99181,3.88381
1084,-5.04,3.881,299.643,0.499919,0.499894,-1,3.8845,nan,nan,nan,4.9918,3.88407
1085,-4.96,3.885,299.644,0.500196,0.500172,-1,3.8839,nan,nan,nan,4.9918,3.88432
1086,-4.94,3.884,299.644,0.500473,0.500449,-1,3.88349,nan,nan,nan,4.99179,3.88458
1087,-4.99,3.889,299.644,0.50075,0.500724,-1,3.88466,nan,nan,nan,4.99179,3.88484
1088,-5.01,3.887,299.644,0.501026,0.501,-1,3.88463,nan,nan,nan,4.99178,3.8851
1089,-5.02,3.88,299.645,0.501303,0.501277,-1,3.88524,nan,nan,nan,4.99178,3.88536
1090,-5.07,3.888,299.645,0.50158,0.501554,-1,3.88581,nan,nan,nan,4.99178,3.88562
1091,-4.99,3.89,299.645,0.501857,0.501831,-1,3.88545,nan,nan,nan,4.99177,3.88588
1092,-4.98,3.884,299.645,0.502134,0.502108,-1,3.88573,nan,nan,nan,4.99177,3.88614
1093,-5.05,3.887,299.645,0.502411,0.502383,-1,3.88735,nan,nan,nan,4.99176,3.8864
1094,-5.04,3.885,299.646,0.502687,0.502661,-1,3.88672,nan,nan,nan,4.99176,3.88666
1095,-5.01,3.883,299.646,0.502964,0.502938,-1,3.88653,nan,nan,nan,4.99175,3.88692
1096,-5.06,3.888,299.646,0.503241,0.503215,-1,3.88801,nan,nan,nan,4.99175,3.88718
1097,-5.03,3.89,299.646,0.503518,0.503493,-1,3.88772,nan,nan,nan,4.99175,3.88744
1098,-5.05,3.888,299.647,0.503795,0.503769,-1,3.88783,nan,nan,nan,4.99174,3.8877
1099,-5.03,3.889,299.647,0.504072,0.504048,-1,3.888,nan,nan,nan,4.99174,3.88796
1100,-5.02,3.885,299.647,0.504349,0.504326,-1,3.8885,nan,nan,nan,4.99173,3.88822
1101,-4.98,3.889,299.647,0.504625,0.504602,-1,3.88785,nan,nan,nan,4.99173,3.88848
1102,-5.01,3.892,299.648,0.504902,0.504878,-1,3.88937,nan,nan,nan,4.99172,3.88874
1103,-4.97,3.886,299.648,0.505179,0.505156,-1,3.88814,nan,nan,nan,4.99172,3.889
1104,-5.01,3.891,299.648,0.505456,0.505432,-1,3.88912,nan,nan,nan,4.99172,3.88926
1105,-5,3.891,299.648,0.505733,0.505709,-1,3.88915,nan,nan,nan,4.99171,3.88952
1106,-4.95,3.891,299.649,0.50601,0.505986,-1,3.88917,nan,nan,nan,4.99171,3.88978
1107,-4.95,3.89,299.649,0.506286,0.506263,-1,3.8896,nan,nan,nan,4.9917,3.89004
1108,-5.11,3.886,299.649,0.506563,0.50654,-1,3.89091,nan,nan,nan,4.9917,3.89029
1109,-5,3.894,299.649,0.50684,0.506818,-1,3.8901,nan,nan,nan,4.99169,3.89055
1110,-5,3.892,299.649,0.507117,0.507094,-1,3.89058,nan,nan,nan,4.99169,3.89081
1111,-5,3.893,299.65,0.507394,0.50737,-1,3.89121,nan,nan,nan,4.99169,3.89107
1112,-5,3.89,299.65,0.507671,0.507647,-1,3.89127,nan,nan,nan,4.99168,3.89133
1113,-4.99,3.887,299.65,0.507948,0.507922,-1,3.89122,nan,nan,nan,4.99168,3.89159
1114,-5.11,3.893,299.65,0.508224,0.508199,-1,3.89282,nan,nan,nan,4.99167,3.89185
1115,-5.02,3.892,299.651,0.508501,0.508476,-1,3.89173,nan,nan,nan,4.99167,3.89211
1116,-4.97,3.887,299.651,0.508778,0.508751,-1,3.89197,nan,nan,nan,4.99166,3.89237
1117,-4.95,3.894,299.651,0.509055,0.509026,-1,3.89194,nan,nan,nan,4.99166,3.89263
1118,-4.96,3.891,299.651,0.509332,0.509303,-1,3.89213,nan,nan,nan,4.99166,3.89289
1119,-4.99,3.893,299.652,0.509609,0.50958,-1,3.89243,nan,nan,nan,4.99165,3.89315
1120,-5.07,3.895,299.652,0.509886,0.509856,-1,3.89365,nan,nan,nan,4.99165,3.89341
1121,-5.08,3.894,299.652,0.510162,0.510133,-1,3.89428,nan,nan,nan,4.99164,3.89367
1122,-5.04,3.895,299.652,0.510439,0.510411,-1,3.89461,nan,nan,nan,4.99164,3.89393
1123,-4.99,3.896,299.652,0.510716,0.510687,-1,3.89481,nan,nan,nan,4.99164,3.89419
1124,-4.97,3.895,299.653,0.510993,0.510965,-1,3.89416,nan,nan,nan,4.99163,3.89445
1125,-5.04,3.896,299.653,0.51127,0.51124,-1,3.8951,nan,nan,nan,4.99163,3.89471
1126,-4.97,3.893,299.653,0.511547,0.511519,-1,3.89466,nan,nan,nan,4.99162,3.89497
1127,-5.04,3.9,299.653,0.511824,0.511796,-1,3.89506,nan,nan,nan,4.99162,3.89522
1128,-4.97,3.895,299.654,0.5121,0.512071,-1,3.8945,nan,nan,nan,4.99161,3.89548
1129,-5,3.894,299.654,0.512377,0.512349,-1,3.89521,nan,nan,nan,4.99161,3.89574
1130,-4.96,3.9,299.654,0.512654,0.512626,-1,3.89561,nan,nan,nan,4.99161,3.896
1131,-5.09,3.894,299.654,0.512931,0.512903,-1,3.89659,nan,nan,nan,4.9916,3.89626
1132,-4.96,3.896,299.654,0.513208,0.51318,-1,3.89613,nan,nan,nan,4.9916,3.89652
1133,-4.97,3.894,299.655,0.513485,0.513457,-1,3.89631,nan,nan,nan,4.99159,3.89678
1134,-5.03,3.899,299.655,0.513761,0.513733,-1,3.89755,nan,nan,nan,4.99159,3.89704
1135,-4.98,3.899,299.655,0.514038,0.514009,-1,3.89674,nan,nan,nan,4.99158,3.8973
1136,-5.06,3.894,299.655,0.514315,0.514284,-1,3.89764,nan,nan,nan,4.99158,3.89755
1137,-4.95,3.896,299.656,0.514592,0.514562,-1,3.89667,nan,nan,nan,4.99158,3.89781
1138,-5.06,3.899,299.656,0.514869,0.514838,-1,3.89837,nan,nan,nan,4.99157,3.89807
1139,-4.98,3.898,299.656,0.515146,0.515114,-1,3.89798,nan,nan,nan,4.99157,3.89833
1140,-5.01,3.895,299.656,0.515423,0.515391,-1,3.89778,nan,nan,nan,4.99156,3.89859
1141,-4.96,3.898,299.656,0.515699,0.515667,-1,3.8983,nan,nan,nan,4.99156,3.89885
1142,-4.89,3.899,299.657,0.515976,0.515944,-1,3.89741,nan,nan,nan,4.99156,3.89911
1143,-5.06,3.901,299.657,0.516253,0.51622,-1,3.89985,nan,nan,nan,4.99155,3.89936
1144,-4.99,3.898,299.657,0.51653,0.516498,-1,3.89942,nan,nan,nan,4.99155,3.89962
1145,-5.03,3.9,299.657,0.516807,0.516775,-1,3.90017,nan,nan,nan,4.99154,3.89988
1146,-4.94,3.901,299.658,0.517084,0.517053,-1,3.89992,nan,nan,nan,4.99154,3.90014
1147,-5.03,3.897,299.658,0.517361,0.51733,-1,3.90078,nan,nan,nan,4.99153,3.9004
1148,-5.08,3.899,299.658,0.517637,0.517608,-1,3.9013,nan,nan,nan,4.99153,3.90065
1149,-4.96,3.899,299.658,0.517914,0.517885,-1,3.90021,nan,nan,nan,4.99153,3.90091
1150,-5.03,3.901,299.658,0.518191,0.518162,-1,3.90136,nan,nan,nan,4.99152,3.90117
1151,-5.03,3.899,299.659,0.518468,0.518439,-1,3.9015,nan,nan,nan,4.99152,3.90143
1152,-5.06,3.9,299.659,0.518745,0.518715,-1,3.90223,nan,nan,nan,4.99151,3.90168
1153,-4.99,3.9,299.659,0.519022,0.518993,-1,3.9012,nan,nan,nan,4.99151,3.90194
1154,-4.99,3.902,299.659,0.519299,0.519269,-1,3.90208,nan,nan,nan,4.9915,3.9022
1155,-4.95,3.906,299.66,0.519575,0.519546,-1,3.90199,nan,nan,nan,4.9915,3.90246
1156,-5.09,3.904,299.66,0.519852,0.519823,-1,3.90352,nan,nan,nan,4.9915,3.90271
1157,-5,3.907,299.66,0.520129,0.520101,-1,3.9033,nan,nan,nan,4.99149,3.90297
1158,-5.03,3.903,299.66,0.520406,0.520379,-1,3.9037,nan,nan,nan,4.99149,3.90323
1159,-5.05,3.91,299.66,0.520683,0.520655,-1,3.90473,nan,nan,nan,4.99148,3.90348
1160,-5.04,3.906,299.661,0.52096,0.520934,-1,3.90401,nan,nan,nan,4.99148,3.90374
1161,-5.08,3.905,299.661,0.521237,0.52121,-1,3.90379,nan,nan,nan,4.99148,3.904
1162,-4.93,3.904,299.661,0.521514,0.521487,-1,3.90286,nan,nan,nan,4.99147,3.90425
1163,-5.01,3.905,299.661,0.52179,0.521764,-1,3.90424,nan,nan,nan,4.99147,3.90451
1164,-5.04,3.905,299.661,0.522067,0.52204,-1,3.90546,nan,nan,nan,4.99146,3.90477
1165,-4.94,3.907,299.662,0.522344,0.522318,-1,3.90458,nan,nan,nan,4.99146,3.90502
1166,-5,3.907,299.662,0.522621,0.522596,-1,3.90514,nan,nan,nan,4.99145,3.90528
1167,-4.98,3.905,299.662,0.522898,0.522873,-1,3.9047,nan,nan,nan,4.99145,3.90553
1168,-4.99,3.901,299.662,0.523175,0.52315,-1,3.90587,nan,nan,nan,4.99145,3.90579
1169,-5,3.907,299.663,0.523452,0.523427,-1,3.90662,nan,nan,nan,4.99144,3.90605
1170,-4.98,3.907,299.663,0.523728,0.523704,-1,3.90655,nan,nan,nan,4.99144,3.9063
1171,-4.96,3.906,299.663,0.524005,0.52398,-1,3.90636,nan,nan,nan,4.99143,3.90656
1172,-5.06,3.905,299.663,0.524282,0.524255,-1,3.90698,nan,nan,nan,4.99143,3.90681
1173,-4.93,3.906,299.663,0.524559,0.524532,-1,3.90648,nan,nan,nan,4.99143,3.90707
1174,-4.99,3.908,299.664,0.524836,0.524808,-1,3.90702,nan,nan,nan,4.99142,3.90732
1175,-5.06,3.908,299.664,0.525113,0.525085,-1,3.90822,nan,nan,nan,4.99142,3.90758
1176,-4.94,3.908,299.664,0.52539,0.525363,-1,3.9072,nan,nan,nan,4.99141,3.90783
1177,-4.98,3.912,299.664,0.525666,0.525638,-1,3.90722,nan,nan,nan,4.99141,3.90809
1178,-5.01,3.906,299.664,0.525943,0.525915,-1,3.90841,nan,nan,nan,4.99141,3.90834
1179,-4.92,3.909,299.665,0.52622,0.526192,-1,3.90745,nan,nan,nan,4.9914,3.9086
1180,-5.02,3.912,299.665,0.526497,0.526469,-1,3.90912,nan,nan,nan,4.9914,3.90885
1181,-5.04,3.91,299.665,0.526774,0.526745,-1,3.90924,nan,nan,nan,4.99139,3.9091
1182,-5.04,3.908,299.665,0.527051,0.527022,-1,3.9098,nan,nan,nan,4.99139,3.90936
1183,-5.08,3.906,299.666,0.527328,0.5273,-1,3.91053,nan,nan,nan,4.99138,3.90961
1184,-5.02,3.913,299.666,0.527605,0.527577,-1,3.91015,nan,nan,nan,4.99138,3.90987
1185,-5.04,3.911,299.666,0.527881,0.527852,-1,3.91016,nan,nan,nan,4.99138,3.91012
1186,-5.01,3.911,299.666,0.528158,0.528129,-1,3.9102,nan,nan,nan,4.99137,3.91037
1187,-4.97,3.91,299.666,0.528435,0.528405,-1,3.91,nan,nan,nan,4.99137,3.91063
1188,-4.99,3.912,299.667,0.528712,0.528681,-1,3.91079,nan,nan,nan,4.99136,3.91088
1189,-5.02,3.91,299.667,0.528989,0.528958,-1,3.91137,nan,nan,nan,4.99136,3.91113
1190,-5.03,3.913,299.667,0.529266,0.529234,-1,3.91173,nan,nan,nan,4.99136,3.91139
1191,-5.11,3.912,299.667,0.529543,0.52951,-1,3.91263,nan,nan,nan,4.99135,3.91164
1192,-5,3.912,299.667,0.529819,0.529787,-1,3.9117,nan,nan,nan,4.99135,3.91189
1193,-5.01,3.91,299.668,0.530096,0.530061,-1,3.91208,nan,nan,nan,4.99134,3.91214
1194,-5.06,3.916,299.668,0.530373,0.530338,-1,3.91255,nan,nan,nan,4.99134,3.9124
1195,-4.97,3.909,299.668,0.53065,0.530615,-1,3.91268,nan,nan,nan,4.99133,3.91265
1196,-5,3.91,299.668,0.530927,0.530893,-1,3.91241,nan,nan,nan,4.99133,3.9129
1197,-5.1,3.915,299.668,0.531204,0.531172,-1,3.91422,nan,nan,nan,4.99133,3.91315
1198,-5.05,3.915,299.669,0.531481,0.53145,-1,3.91386,nan,nan,nan,4.99132,3.9134
1199,-4.96,3.918,299.669,0.531758,0.531727,-1,3.91303,nan,nan,nan,4.99132,3.91366
1200,-4.98,3.912,299.669,0.532034,0.532004,-1,3.91387,nan,nan,nan,4.99131,3.91391
1201,-5.01,3.912,299.669,0.532311,0.53228,-1,3.9138,nan,nan,nan,4.99131,3.91416
1202,-4.98,3.918,299.67,0.532588,0.532556,-1,3.91394,nan,nan,nan,4.99131,3.91441
1203,-5.01,3.915,299.67,0.532865,0.532834,-1,3.91472,nan,nan,nan,4.9913,3.91466
1204,-4.97,3.915,299.67,0.533142,0.533111,-1,3.91502,nan,nan,nan,4.9913,3.91491
1205,-5.04,3.914,299.67,0.533419,0.533388,-1,3.91487,nan,nan,nan,4.99129,3.91516
1206,-4.98,3.915,299.67,0.533696,0.533666,-1,3.91474,nan,nan,nan,4.99129,3.91541
1207,-4.98,3.918,299.671,0.533972,0.533943,-1,3.91518,nan,nan,nan,4.99129,3.91566
1208,-4.96,3.917,299.671,0.534249,0.53422,-1,3.91537,nan,nan,nan,4.99128,3.91591
1209,-5.04,3.919,299.671,0.534526,0.534497,-1,3.91662,nan,nan,nan,4.99128,3.91616
1210,-5.08,3.915,299.671,0.534803,0.534774,-1,3.91724,nan,nan,nan,4.99127,3.91641
1211,-5.01,3.916,299.671,0.53508,0.535051,-1,3.91635,nan,nan,nan,4.99127,3.91666
1212,-5.15,3.917,299.672,0.535357,0.535328,-1,3.91819,nan,nan,nan,4.99127,3.91691
1213,-4.98,3.92,299.672,0.535634,0.535604,-1,3.91662,nan,nan,nan,4.99126,3.91716
1214,-5.02,3.917,299.672,0.535911,0.535882,-1,3.9176,nan,nan,nan,4.99126,3.91741
1215,-5.01,3.918,299.672,0.536187,0.536157,-1,3.91748,nan,nan,nan,4.99125,3.91766
1216,-4.97,3.918,299.672,0.536464,0.536434,-1,3.91706,nan,nan,nan,4.99125,3.91791
1217,-4.98,3.917,299.673,0.536741,0.536711,-1,3.91836,nan,nan,nan,4.99124,3.91816
1218,-4.98,3.921,299.673,0.537018,0.536987,-1,3.91825,nan,nan,nan,4.99124,3.9184
1219,-5.04,3.921,299.673,0.537295,0.537263,-1,3.91866,nan,nan,nan,4.99124,3.91865
1220,-4.98,3.916,299.673,0.537572,0.537539,-1,3.91857,nan,nan,nan,4.99123,3.9189
1221,-4.99,3.922,299.673,0.537849,0.537815,-1,3.91871,nan,nan,nan,4.99123,3.91915
1222,-5.03,3.917,299.674,0.538126,0.538093,-1,3.9191,nan,nan,nan,4.99122,3.9194
1223,-4.95,3.918,299.674,0.538402,0.538371,-1,3.91912,nan,nan,nan,4.99122,3.91964
1224,-4.99,3.919,299.674,0.538679,0.538648,-1,3.91978,nan,nan,nan,4.99122,3.91989
1225,-4.99,3.921,299.674,0.538956,0.538923,-1,3.91979,nan,nan,nan,4.99121,3.92014
1226,-4.99,3.921,299.674,0.539233,0.5392,-1,3.91966,nan,nan,nan,4.99121,3.92038
1227,-5,3.919,299.675,0.53951,0.539477,-1,3.92057,nan,nan,nan,4.9912,3.92063
1228,-5.01,3.923,299.675,0.539787,0.539754,-1,3.92149,nan,nan,nan,4.9912,3.92088
1229,-5.09,3.924,299.675,0.540064,0.54003,-1,3.92118,nan,nan,nan,4.9912,3.92112
1230,-5,3.925,299.675,0.540341,0.540308,-1,3.92094,nan,nan,nan,4.99119,3.92137
1231,-5.04,3.921,299.675,0.540617,0.540585,-1,3.92198,nan,nan,nan,4.99119,3.92162
1232,-5.02,3.923,299.676,0.540894,0.540862,-1,3.92217,nan,nan,nan,4.99118,3.92186
1233,-4.99,3.921,299.676,0.541171,0.541139,-1,3.92247,nan,nan,nan,4.99118,3.92211
1234,-5.03,3.923,299.676,0.541448,0.541414,-1,3.92235,nan,nan,nan,4.99118,3.92235
1235,-4.96,3.923,299.676,0.541725,0.541691,-1,3.92223,nan,nan,nan,4.99117,3.9226
1236,-4.98,3.924,299.676,0.542002,0.541966,-1,3.92188,nan,nan,nan,4.99117,3.92284
1237,-5.01,3.924,299.677,0.542279,0.542244,-1,3.92297,nan,nan,nan,4.99116,3.92309
1238,-5.01,3.924,299.677,0.542556,0.54252,-1,3.92395,nan,nan,nan,4.99116,3.92333
1239,-4.89,3.923,299.677,0.542832,0.542798,-1,3.92198,nan,nan,nan,4.99116,3.92358
1240,-4.95,3.922,299.677,0.543109,0.543073,-1,3.92311,nan,nan,nan,4.99115,3.92382
1241,-5.01,3.922,299.677,0.543386,0.54335,-1,3.92431,nan,nan,nan,4.99115,3.92406
1242,-5.05,3.923,299.678,0.543663,0.543625,-1,3.9241,nan,nan,nan,4.99114,3.92431
1243,-5.01,3.928,299.678,0.54394,0.543901,-1,3.92462,nan,nan,nan,4.99114,3.92455
1244,-5.05,3.924,299.678,0.544217,0.544177,-1,3.92465,nan,nan,nan,4.99113,3.9248
1245,-5.05,3.925,299.678,0.544494,0.544452,-1,3.92522,nan,nan,nan,4.99113,3.92504
1246,-5,3.924,299.678,0.544771,0.54473,-1,3.9252,nan,nan,nan,4.99113,3.92528
1247,-4.96,3.927,299.679,0.545048,0.545006,-1,3.92508,nan,nan,nan,4.99112,3.92552
1248,-5.03,3.925,299.679,0.545324,0.545282,-1,3.92483,nan,nan,nan,4.99112,3.92577
1249,-5.07,3.924,299.679,0.545601,0.545558,-1,3.92635,nan,nan,nan,4.99111,3.92601
1250,-5.1,3.928,299.679,0.545878,0.545836,-1,3.92719,nan,nan,nan,4.99111,3.92625
1251,-4.99,3.927,299.679,0.546155,0.546114,-1,3.92648,nan,nan,nan,4.99111,3.92649
1252,-4.94,3.929,299.68,0.546432,0.54639,-1,3.92547,nan,nan,nan,4.9911,3.92674
1253,-4.92,3.926,299.68,0.546709,0.546667,-1,3.92567,nan,nan,nan,4.9911,3.92698
1254,-5.01,3.926,299.68,0.546986,0.546944,-1,3.92695,nan,nan,nan,4.99109,3.92722
1255,-5,3.93,299.68,0.547263,0.547221,-1,3.92702,nan,nan,nan,4.99109,3.92746
1256,-5.02,3.928,299.68,0.547539,0.547498,-1,3.92674,nan,nan,nan,4.99109,3.9277
1257,-5.07,3.926,299.681,0.547816,0.547772,-1,3.92857,nan,nan,nan,4.99108,3.92794
1258,-4.96,3.926,299.681,0.548093,0.548049,-1,3.92713,nan,nan,nan,4.99108,3.92818
1259,-5.03,3.932,299.681,0.54837,0.548327,-1,3.92883,nan,nan,nan,4.99107,3.92842
1260,-4.96,3.928,299.681,0.548647,0.548604,-1,3.92819,nan,nan,nan,4.99107,3.92866
1261,-5.01,3.932,299.681,0.548924,0.54888,-1,3.92845,nan,nan,nan,4.99107,3.9289
1262,-4.95,3.929,299.682,0.549201,0.549157,-1,3.92837,nan,nan,nan,4.99106,3.92914
1263,-4.99,3.928,299.682,0.549478,0.549433,-1,3.92873,nan,nan,nan,4.99106,3.92938
1264,-5.01,3.927,299.682,0.549755,0.549711,-1,3.92946,nan,nan,nan,4.99105,3.92962
1265,-5.08,3.93,299.682,0.550031,0.549988,-1,3.93088,nan,nan,nan,4.99105,3.92986
1266,-5.04,3.931,299.682,0.550308,0.550265,-1,3.93053,nan,nan,nan,4.99105,3.9301
1267,-4.92,3.93,299.683,0.550585,0.550543,-1,3.92927,nan,nan,nan,4.99104,3.93034
1268,-4.98,3.931,299.683,0.550862,0.550819,-1,3.92987,nan,nan,nan,4.99104,3.93058
1269,-5,3.93,299.683,0.551139,0.551096,-1,3.9308,nan,nan,nan,4.99103,3.93082
1270,-5.02,3.933,299.683,0.551416,0.551372,-1,3.93106,nan,nan,nan,4.99103,3.93105
1271,-5.02,3.933,299.683,0.551693,0.551649,-1,3.93117,nan,nan,nan,4.99103,3.93129
1272,-5.06,3.934,299.684,0.55197,0.551926,-1,3.93193,nan,nan,nan,4.99102,3.93153
1273,-5.01,3.934,299.684,0.552246,0.552203,-1,3.93192,nan,nan,nan,4.99102,3.93177
1274,-4.97,3.931,299.684,0.552523,0.55248,-1,3.93173,nan,nan,nan,4.99101,3.932
1275,-4.97,3.934,299.684,0.5528,0.552756,-1,3.93139,nan,nan,nan,4.99101,3.93224
1276,-4.99,3.932,299.684,0.553077,0.553034,-1,3.93182,nan,nan,nan,4.99101,3.93248
1277,-5.03,3.936,299.685,0.553354,0.553311,-1,3.93272,nan,nan,nan,4.991,3.93272
1278,-5,3.933,299.685,0.553631,0.553588,-1,3.93273,nan,nan,nan,4.991,3.93295
1279,-5.02,3.933,299.685,0.553908,0.553864,-1,3.93295,nan,nan,nan,4.99099,3.93319
1280,-5.11,3.931,299.685,0.554185,0.554141,-1,3.93427,nan,nan,nan,4.99099,3.93342
1281,-5.03,3.934,299.685,0.554462,0.554418,-1,3.9337,nan,nan,nan,4.99099,3.93366
1282,-5.04,3.937,299.685,0.554738,0.554694,-1,3.93432,nan,nan,nan,4.99098,3.9339
1283,-4.94,3.932,299.686,0.555015,0.554971,-1,3.93329,nan,nan,nan,4.99098,3.93413
1284,-5.01,3.935,299.686,0.555292,0.555246,-1,3.9345,nan,nan,nan,4.99097,3.93437
1285,-4.94,3.934,299.686,0.555569,0.555523,-1,3.93418,nan,nan,nan,4.99097,3.9346
1286,-5.02,3.935,299.686,0.555846,0.555801,-1,3.93516,nan,nan,nan,4.99097,3.93484
1287,-5.05,3.935,299.686,0.556123,0.556078,-1,3.93532,nan,nan,nan,4.99096,3.93507
1288,-5.08,3.937,299.687,0.5564,0.556352,-1,3.93583,nan,nan,nan,4.99096,3.93531
1289,-4.99,3.938,299.687,0.556677,0.556631,-1,3.93552,nan,nan,nan,4.99095,3.93554
1290,-5.08,3.935,299.687,0.556954,0.556907,-1,3.93663,nan,nan,nan,4.99095,3.93578
1291,-4.96,3.935,299.687,0.55723,0.557184,-1,3.93509,nan,nan,nan,4.99095,3.93601
1292,-5.01,3.933,299.687,0.557507,0.557461,-1,3.93607,nan,nan,nan,4.99094,3.93624
1293,-4.99,3.936,299.688,0.557784,0.557738,-1,3.9365,nan,nan,nan,4.99094,3.93648
1294,-5.02,3.934,299.688,0.558061,0.558014,-1,3.93678,nan,nan,nan,4.99093,3.93671
1295,-4.98,3.936,299.688,0.558338,0.55829,-1,3.93599,nan,nan,nan,4.99093,3.93694
1296,-4.98,3.939,299.688,0.558615,0.558566,-1,3.93626,nan,nan,nan,4.99093,3.93718
1297,-5,3.938,299.688,0.558892,0.558842,-1,3.93727,nan,nan,nan,4.99092,3.93741
1298,-5,3.941,299.689,0.559169,0.559119,-1,3.9381,nan,nan,nan,4.99092,3.93764
1299,-5.03,3.939,299.689,0.559446,0.559395,-1,3.93813,nan,nan,nan,4.99091,3.93787
1300,-4.97,3.934,299.689,0.559723,0.559671,-1,3.9379,nan,nan,nan,4.99091,3.93811
1301,-5.03,3.94,299.689,0.559999,0.559947,-1,3.93837,nan,nan,nan,4.99091,3.93834
1302,-5,3.94,299.689,0.560276,0.560223,-1,3.9385,nan,nan,nan,4.9909,3.93857
1303,-5.01,3.938,299.689,0.560553,0.560498,-1,3.93909,nan,nan,nan,4.9909,3.9388
1304,-5.01,3.937,299.69,0.56083,0.560773,-1,3.93929,nan,nan,nan,4.99089,3.93903
1305,-4.96,3.937,299.69,0.561107,0.56105,-1,3.93888,nan,nan,nan,4.99089,3.93926
1306,-4.97,3.939,299.69,0.561384,0.561326,-1,3.93891,nan,nan,nan,4.99089,3.93949
1307,-4.99,3.944,299.69,0.561661,0.5616,-1,3.9393,nan,nan,nan,4.99088,3.93973
1308,-5,3.937,299.69,0.561938,0.561875,-1,3.93974,nan,nan,nan,4.99088,3.93996
1309,-5.02,3.941,299.691,0.562215,0.562153,-1,3.94048,nan,nan,nan,4.99087,3.94019
1310,-5.02,3.942,299.691,0.562491,0.562431,-1,3.93991,nan,nan,nan,4.99087,3.94042
1311,-4.92,3.941,299.691,0.562768,0.562709,-1,3.93952,nan,nan,nan,4.99087,3.94065
1312,-5,3.943,299.691,0.563045,0.562985,-1,3.94,nan,nan,nan,4.99086,3.94088
1313,-4.96,3.941,299.691,0.563322,0.563262,-1,3.9403,nan,nan,nan,4.99086,3.94111
1314,-4.91,3.94,299.692,0.563599,0.563539,-1,3.93983,nan,nan,nan,4.99086,3.94134
1315,-5,3.941,299.692,0.563876,0.563816,-1,3.94075,nan,nan,nan,4.99085,3.94157
1316,-4.98,3.944,299.692,0.564153,0.564091,-1,3.94157,nan,nan,nan,4.99085,3.94179
1317,-5.03,3.94,299.692,0.56443,0.564369,-1,3.94179,nan,nan,nan,4.99084,3.94202
1318,-5.07,3.943,299.692,0.564707,0.564644,-1,3.94256,nan,nan,nan,4.99084,3.94225
1319,-4.96,3.944,299.692,0.564983,0.564921,-1,3.94221,nan,nan,nan,4.99084,3.94248
1320,-4.99,3.944,299.693,0.56526,0.565198,-1,3.94237,nan,nan,nan,4.99083,3.94271
1321,-5,3.943,299.693,0.565537,0.565476,-1,3.94331,nan,nan,nan,4.99083,3.94294
1322,-4.97,3.945,299.693,0.565814,0.565752,-1,3.94232,nan,nan,nan,4.99082,3.94317
1323,-4.94,3.945,299.693,0.566091,0.566029,-1,3.94272,nan,nan,nan,4.99082,3.94339
1324,-4.98,3.947,299.693,0.566368,0.566305,-1,3.94293,nan,nan,nan,4.99082,3.94362
1325,-4.99,3.946,299.694,0.566645,0.566582,-1,3.94339,nan,nan,nan,4.99081,3.94385
1326,-5.06,3.945,299.694,0.566922,0.56686,-1,3.94421,nan,nan,nan,4.99081,3.94408
1327,-4.97,3.945,299.694,0.567199,0.567137,-1,3.94361,nan,nan,nan,4.9908,3.9443
1328,-5.08,3.943,299.694,0.567476,0.567414,-1,3.94508,nan,nan,nan,4.9908,3.94453
1329,-4.99,3.945,299.694,0.567752,0.567692,-1,3.94438,nan,nan,nan,4.9908,3.94476
1330,-5.01,3.943,299.695,0.568029,0.567969,-1,3.94437,nan,nan,nan,4.99079,3.94498
1331,-4.99,3.941,299.695,0.568306,0.568246,-1,3.94472,nan,nan,nan,4.99079,3.94521
1332,-5.13,3.949,299.695,0.568583,0.568523,-1,3.94707,nan,nan,nan,4.99078,3.94544
1333,-5.02,3.948,299.695,0.56886,0.568799,-1,3.94586,nan,nan,nan,4.99078,3.94566
1334,-4.98,3.95,299.695,0.569137,0.569077,-1,3.94556,nan,nan,nan,4.99078,3.94589
1335,-5.06,3.945,299.695,0.569414,0.569353,-1,3.94653,nan,nan,nan,4.99077,3.94611
1336,-5,3.946,299.696,0.569691,0.569629,-1,3.94604,nan,nan,nan,4.99077,3.94634
1337,-5.01,3.947,299.696,0.569968,0.569905,-1,3.94599,nan,nan,nan,4.99076,3.94657
1338,-5.04,3.946,299.696,0.570245,0.57018,-1,3.94692,nan,nan,nan,4.99076,3.94679
1339,-5.01,3.946,299.696,0.570521,0.570456,-1,3.9473,nan,nan,nan,4.99076,3.94702
1340,-5,3.948,299.696,0.570798,0.570733,-1,3.94643,nan,nan,nan,4.99075,3.94724
1341,-5.02,3.948,299.697,0.571075,0.57101,-1,3.94734,nan,nan,nan,4.99075,3.94747
1342,-5,3.948,299.697,0.571352,0.571286,-1,3.94746,nan,nan,nan,4.99075,3.94769
1343,-5.07,3.949,299.697,0.571629,0.571562,-1,3.94789,nan,nan,nan,4.99074,3.94792
1344,-5,3.948,299.697,0.571906,0.57184,-1,3.94811,nan,nan,nan,4.99074,3.94814
1345,-4.99,3.946,299.697,0.572183,0.572115,-1,3.94775,nan,nan,nan,4.99073,3.94836
1346,-5.01,3.949,299.697,0.57246,0.572391,-1,3.94794,nan,nan,nan,4.99073,3.94859
1347,-4.97,3.947,299.698,0.572737,0.572666,-1,3.94862,nan,nan,nan,4.99073,3.94881
1348,-4.94,3.947,299.698,0.573014,0.572943,-1,3.94816,nan,nan,nan,4.99072,3.94904
1349,-4.95,3.948,299.698,0.57329,0.57322,-1,3.94803,nan,nan,nan,4.99072,3.94926
1350,-5.04,3.951,299.698,0.573567,0.573497,-1,3.94981,nan,nan,nan,4.99071,3.94948
1351,-5.07,3.948,299.698,0.573844,0.573775,-1,3.95062,nan,nan,nan,4.99071,3.94971
1352,-5.01,3.951,299.699,0.574121,0.574052,-1,3.9498,nan,nan,nan,4.99071,3.94993
1353,-5.02,3.951,299.699,0.574398,0.574328,-1,3.95081,nan,nan,nan,4.9907,3.95015
1354,-4.99,3.958,299.699,0.574675,0.574605,-1,3.94973,nan,nan,nan,4.9907,3.95038
1355,-4.99,3.95,299.699,0.574952,0.574881,-1,3.95079,nan,nan,nan,4.99069,3.9506
1356,-5.03,3.948,299.699,0.575229,0.575155,-1,3.95077,nan,nan,nan,4.99069,3.95082
1357,-5.03,3.95,299.699,0.575506,0.575433,-1,3.95124,nan,nan,nan,4.99069,3.95104
1358,-4.99,3.951,299.7,0.575783,0.575709,-1,3.95101,nan,nan,nan,4.99068,3.95127
1359,-5.1,3.953,299.7,0.57606,0.575985,-1,3.95256,nan,nan,nan,4.99068,3.95149
1360,-4.98,3.95,299.7,0.576336,0.576262,-1,3.95115,nan,nan,nan,4.99067,3.95171
1361,-4.95,3.952,299.7,0.576613,0.576539,-1,3.95159,nan,nan,nan,4.99067,3.95193
1362,-5,3.948,299.7,0.57689,0.576814,-1,3.95165,nan,nan,nan,4.99067,3.95216
1363,-4.96,3.953,299.701,0.577167,0.577091,-1,3.95181,nan,nan,nan,4.99066,3.95238
1364,-4.95,3.953,299.701,0.577444,0.577368,-1,3.95203,nan,nan,nan,4.99066,3.9526
1365,-5.07,3.953,299.701,0.577721,0.577644,-1,3.95303,nan,nan,nan,4.99066,3.95282
1366,-5.04,3.953,299.701,0.577998,0.57792,-1,3.95342,nan,nan,nan,4.99065,3.95304
1367,-4.94,3.956,299.701,0.578275,0.578196,-1,3.95258,nan,nan,nan,4.99065,3.95326
1368,-5,3.951,299.701,0.578552,0.578472,-1,3.95341,nan,nan,nan,4.99064,3.95349
1369,-5.07,3.954,299.702,0.578829,0.578748,-1,3.95405,nan,nan,nan,4.99064,3.95371
1370,-5.01,3.953,299.702,0.579105,0.579024,-1,3.95383,nan,nan,nan,4.99064,3.95393
1371,-5.01,3.956,299.702,0.579382,0.579302,-1,3.95385,nan,nan,nan,4.99063,3.95415
1372,-5.01,3.953,299.702,0.579659,0.579579,-1,3.9536,nan,nan,nan,4.99063,3.95437
1373,-5.02,3.953,299.702,0.579936,0.579856,-1,3.95485,nan,nan,nan,4.99062,3.95459
1374,-5.03,3.958,299.702,0.580213,0.580134,-1,3.95481,nan,nan,nan,4.99062,3.95481
1375,-4.98,3.954,299.703,0.58049,0.580411,-1,3.9551,nan,nan,nan,4.99062,3.95503
1376,-5,3.956,299.703,0.580767,0.580687,-1,3.9551,nan,nan,nan,4.99061,3.95525
1377,-4.97,3.957,299.703,0.581044,0.580965,-1,3.95475,nan,nan,nan,4.99061,3.95547
1378,-5.01,3.952,299.703,0.581321,0.581242,-1,3.95543,nan,nan,nan,4.99061,3.95569
1379,-5.04,3.954,299.703,0.581598,0.581519,-1,3.95634,nan,nan,nan,4.9906,3.95591
1380,-4.91,3.957,299.704,0.581875,0.581795,-1,3.95472,nan,nan,nan,4.9906,3.95613
1381,-5,3.958,299.704,0.582151,0.582071,-1,3.95619,nan,nan,nan,4.99059,3.95635
1382,-5.02,3.956,299.704,0.582428,0.582348,-1,3.95651,nan,nan,nan,4.99059,3.95657
1383,-5.01,3.959,299.704,0.582705,0.582626,-1,3.95631,nan,nan,nan,4.99059,3.95679
1384,-5,3.959,299.704,0.582982,0.582902,-1,3.95686,nan,nan,nan,4.99058,3.95701
1385,-5.05,3.957,299.704,0.583259,0.583178,-1,3.95714,nan,nan,nan,4.99058,3.95723
1386,-5.01,3.96,299.705,0.583536,0.583457,-1,3.95721,nan,nan,nan,4.99057,3.95745
1387,-5.02,3.96,299.705,0.583813,0.583733,-1,3.95714,nan,nan,nan,4.99057,3.95767
1388,-5.01,3.955,299.705,0.58409,0.58401,-1,3.95779,nan,nan,nan,4.99057,3.95789
1389,-4.97,3.957,299.705,0.584367,0.584287,-1,3.95798,nan,nan,nan,4.99056,3.95811
1390,-5.01,3.958,299.705,0.584644,0.584565,-1,3.95775,nan,nan,nan,4.99056,3.95833
1391,-5.02,3.955,299.705,0.584921,0.584841,-1,3.95905,nan,nan,nan,4.99055,3.95855
1392,-5.01,3.96,299.706,0.585198,0.585118,-1,3.95884,nan,nan,nan,4.99055,3.95877
1393,-4.97,3.959,299.706,0.585474,0.585394,-1,3.95837,nan,nan,nan,4.99055,3.95899
1394,-5.01,3.961,299.706,0.585751,0.585671,-1,3.95979,nan,nan,nan,4.99054,3.95921
1395,-5.03,3.96,299.706,0.586028,0.585947,-1,3.96005,nan,nan,nan,4.99054,3.95943
1396,-5.04,3.958,299.706,0.586305,0.586224,-1,3.96025,nan,nan,nan,4.99054,3.95965
1397,-5.04,3.962,299.707,0.586582,0.586502,-1,3.95994,nan,nan,nan,4.99053,3.95987
1398,-5.04,3.96,299.707,0.586859,0.586778,-1,3.96015,nan,nan,nan,4.99053,3.96009
1399,-4.96,3.964,299.707,0.587136,0.587055,-1,3.95964,nan,nan,nan,4.99052,3.96031
1400,-5.03,3.959,299.707,0.587413,0.587333,-1,3.96088,nan,nan,nan,4.99052,3.96053
1401,-4.99,3.963,299.707,0.58769,0.587609,-1,3.96144,nan,nan,nan,4.99052,3.96074
1402,-5.01,3.96,299.707,0.587967,0.587885,-1,3.96065,nan,nan,nan,4.99051,3.96096
1403,-5.01,3.964,299.708,0.588244,0.588163,-1,3.96131,nan,nan,nan,4.99051,3.96118
1404,-5.01,3.961,299.708,0.58852,0.58844,-1,3.96195,nan,nan,nan,4.9905,3.9614
1405,-5.05,3.96,299.708,0.588797,0.588717,-1,3.9619,nan,nan,nan,4.9905,3.96162
1406,-4.93,3.959,299.708,0.589074,0.588994,-1,3.96072,nan,nan,nan,4.9905,3.96184
1407,-5.01,3.962,299.708,0.589351,0.589271,-1,3.96176,nan,nan,nan,4.99049,3.96206
1408,-5.02,3.962,299.708,0.589628,0.589548,-1,3.96272,nan,nan,nan,4.99049,3.96228
1409,-4.91,3.966,299.709,0.589905,0.589827,-1,3.96177,nan,nan,nan,4.99049,3.9625
1410,-5.03,3.962,299.709,0.590182,0.590103,-1,3.96288,nan,nan,nan,4.99048,3.96272
1411,-5.01,3.964,299.709,0.590459,0.59038,-1,3.96256,nan,nan,nan,4.99048,3.96294
1412,-4.96,3.966,299.709,0.590736,0.590658,-1,3.96248,nan,nan,nan,4.99047,3.96315
1413,-4.97,3.963,299.709,0.591013,0.590935,-1,3.9633,nan,nan,nan,4.99047,3.96337
1414,-4.98,3.968,299.709,0.59129,0.59121,-1,3.96314,nan,nan,nan,4.99047,3.96359
1415,-5.01,3.965,299.71,0.591567,0.591489,-1,3.96364,nan,nan,nan,4.99046,3.96381
1416,-4.92,3.965,299.71,0.591843,0.591765,-1,3.96287,nan,nan,nan,4.99046,3.96403
1417,-5.04,3.965,299.71,0.59212,0.592041,-1,3.96462,nan,nan,nan,4.99046,3.96425
1418,-4.92,3.965,299.71,0.592397,0.592317,-1,3.96391,nan,nan,nan,4.99045,3.96447
1419,-5.03,3.966,299.71,0.592674,0.592594,-1,3.96474,nan,nan,nan,4.99045,3.96469
1420,-4.97,3.969,299.711,0.592951,0.592871,-1,3.96438,nan,nan,nan,4.99044,3.96491
1421,-4.96,3.967,299.711,0.593228,0.593148,-1,3.96484,nan,nan,nan,4.99044,3.96513
1422,-5.07,3.965,299.711,0.593505,0.593424,-1,3.96615,nan,nan,nan,4.99044,3.96535
1423,-4.98,3.964,299.711,0.593782,0.593702,-1,3.96494,nan,nan,nan,4.99043,3.96557
1424,-5.01,3.964,299.711,0.594059,0.59398,-1,3.96588,nan,nan,nan,4.99043,3.96579
1425,-5.01,3.968,299.711,0.594336,0.594259,-1,3.96586,nan,nan,nan,4.99042,3.96601
1426,-5.01,3.967,299.712,0.594613,0.594536,-1,3.96602,nan,nan,nan,4.99042,3.96623
1427,-4.99,3.969,299.712,0.59489,0.594812,-1,3.96647,nan,nan,nan,4.99042,3.96644
1428,-5.03,3.968,299.712,0.595166,0.595088,-1,3.96687,nan,nan,nan,4.99041,3.96666
1429,-5.01,3.966,299.712,0.595443,0.595364,-1,3.96623,nan,nan,nan,4.99041,3.96688
1430,-5.04,3.97,299.712,0.59572,0.59564,-1,3.96757,nan,nan,nan,4.99041,3.9671
1431,-5.06,3.969,299.712,0.595997,0.595916,-1,3.96789,nan,nan,nan,4.9904,3.96732
1432,-4.88,3.964,299.713,0.596274,0.596193,-1,3.96582,nan,nan,nan,4.9904,3.96754
1433,-5.03,3.969,299.713,0.596551,0.596469,-1,3.96797,nan,nan,nan,4.99039,3.96776
1434,-5.04,3.97,299.713,0.596828,0.596746,-1,3.96748,nan,nan,nan,4.99039,3.96799
1435,-4.98,3.971,299.713,0.597105,0.597023,-1,3.96774,nan,nan,nan,4.99039,3.96821
1436,-4.95,3.971,299.713,0.597382,0.597298,-1,3.96784,nan,nan,nan,4.99038,3.96843
1437,-5.05,3.966,299.713,0.597659,0.597575,-1,3.96947,nan,nan,nan,4.99038,3.96865
1438,-4.92,3.973,299.714,0.597936,0.597852,-1,3.96799,nan,nan,nan,4.99038,3.96887
1439,-5.01,3.968,299.714,0.598213,0.598127,-1,3.96815,nan,nan,nan,4.99037,3.96909
1440,-4.94,3.971,299.714,0.59849,0.598405,-1,3.96803,nan,nan,nan,4.99037,3.96931
1441,-5.11,3.972,299.714,0.598766,0.598682,-1,3.9705,nan,nan,nan,4.99036,3.96953
1442,-5.05,3.97,299.714,0.599043,0.598959,-1,3.97051,nan,nan,nan,4.99036,3.96975
1443,-4.97,3.969,299.714,0.59932,0.599237,-1,3.96989,nan,nan,nan,4.99036,3.96997
1444,-5.05,3.973,299.715,0.599597,0.599514,-1,3.97095,nan,nan,nan,4.99035,3.97019
1445,-5.04,3.966,299.715,0.599874,0.599792,-1,3.97024,nan,nan,nan,4.99035,3.97042
1446,-5.03,3.972,299.715,0.600151,0.600069,-1,3.97117,nan,nan,nan,4.99034,3.97064
1447,-4.98,3.974,299.715,0.600428,0.600344,-1,3.97033,nan,nan,nan,4.99034,3.97086
1448,-5.02,3.967,299.715,0.600705,0.600621,-1,3.97118,nan,nan,nan,4.99034,3.97108
1449,-4.95,3.974,299.715,0.600982,0.600897,-1,3.9703,nan,nan,nan,4.99033,3.9713
1450,-5.04,3.971,299.716,0.601259,0.601173,-1,3.97202,nan,nan,nan,4.99033,3.97153
1451,-5.2,3.975,299.716,0.601536,0.60145,-1,3.97397,nan,nan,nan,4.99033,3.97175
1452,-4.92,3.972,299.716,0.601813,0.601727,-1,3.97056,nan,nan,nan,4.99032,3.97197
1453,-4.88,3.978,299.716,0.60209,0.602002,-1,3.97046,nan,nan,nan,4.99032,3.9722
1454,-5.08,3.971,299.716,0.602366,0.602276,-1,3.97273,nan,nan,nan,4.99031,3.97242
1455,-5.04,3.976,299.716,0.602643,0.602552,-1,3.97233,nan,nan,nan,4.99031,3.97264
1456,-5.1,3.973,299.717,0.60292,0.602828,-1,3.97311,nan,nan,nan,4.99031,3.97287
1457,-5.12,3.975,299.717,0.603197,0.603105,-1,3.97373,nan,nan,nan,4.9903,3.97309
1458,-4.94,3.97,299.717,0.603474,0.603381,-1,3.97255,nan,nan,nan,4.9903,3.97331
1459,-5.03,3.973,299.717,0.603751,0.603657,-1,3.97275,nan,nan,nan,4.9903,3.97354
1460,-5.01,3.975,299.717,0.604028,0.603934,-1,3.97339,nan,nan,nan,4.99029,3.97376
1461,-4.95,3.975,299.717,0.604305,0.60421,-1,3.97317,nan,nan,nan,4.99029,3.97399
1462,-4.97,3.972,299.718,0.604582,0.604487,-1,3.97343,nan,nan,nan,4.99028,3.97421
1463,-4.99,3.975,299.718,0.604859,0.604763,-1,3.97403,nan,nan,nan,4.99028,3.97444
1464,-5.02,3.979,299.718,0.605136,0.605039,-1,3.97478,nan,nan,nan,4.99028,3.97466
1465,-4.95,3.973,299.718,0.605413,0.605315,-1,3.97473,nan,nan,nan,4.99027,3.97489
1466,-4.99,3.979,299.718,0.60569,0.605592,-1,3.97459,nan,nan,nan,4.99027,3.97511
1467,-4.99,3.977,299.718,0.605967,0.605869,-1,3.97463,nan,nan,nan,4.99027,3.97534
1468,-5.06,3.974,299.719,0.606243,0.606145,-1,3.9757,nan,nan,nan,4.99026,3.97557
1469,-4.96,3.978,299.719,0.60652,0.606423,-1,3.97532,nan,nan,nan,4.99026,3.97579
1470,-5.07,3.973,299.719,0.606797,0.6067,-1,3.97627,nan,nan,nan,4.99025,3.97602
1471,-5.05,3.978,299.719,0.607074,0.606976,-1,3.97656,nan,nan,nan,4.99025,3.97625
1472,-4.98,3.977,299.719,0.607351,0.607252,-1,3.97559,nan,nan,nan,4.99025,3.97647
1473,-5.05,3.978,299.719,0.607628,0.607529,-1,3.97707,nan,nan,nan,4.99024,3.9767
1474,-5.03,3.975,299.72,0.607905,0.607806,-1,3.97683,nan,nan,nan,4.99024,3.97693
1475,-4.98,3.976,299.72,0.608182,0.608083,-1,3.97685,nan,nan,nan,4.99024,3.97716
1476,-5.06,3.977,299.72,0.608459,0.608358,-1,3.97722,nan,nan,nan,4.99023,3.97739
1477,-4.95,3.978,299.72,0.608736,0.608635,-1,3.97654,nan,nan,nan,4.99023,3.97762
1478,-5.08,3.978,299.72,0.609013,0.60891,-1,3.97851,nan,nan,nan,4.99022,3.97784
1479,-5.05,3.98,299.72,0.60929,0.609188,-1,3.97865,nan,nan,nan,4.99022,3.97807
1480,-5.08,3.979,299.721,0.609567,0.609465,-1,3.97908,nan,nan,nan,4.99022,3.9783
1481,-5.03,3.981,299.721,0.609844,0.609741,-1,3.97845,nan,nan,nan,4.99021,3.97853
1482,-4.92,3.977,299.721,0.61012,0.610018,-1,3.97679,nan,nan,nan,4.99021,3.97876
1483,-4.95,3.98,299.721,0.610397,0.610296,-1,3.97816,nan,nan,nan,4.99021,3.979
1484,-4.96,3.98,299.721,0.610674,0.610572,-1,3.97845,nan,nan,nan,4.9902,3.97923
1485,-5.08,3.982,299.721,0.610951,0.610849,-1,3.98055,nan,nan,nan,4.9902,3.97946
1486,-5.01,3.977,299.722,0.611228,0.611126,-1,3.97955,nan,nan,nan,4.99019,3.97969
1487,-4.96,3.98,299.722,0.611505,0.611404,-1,3.97875,nan,nan,nan,4.99019,3.97992
1488,-4.91,3.98,299.722,0.611782,0.611682,-1,3.97846,nan,nan,nan,4.99019,3.98016
1489,-5.02,3.979,299.722,0.612059,0.611959,-1,3.98024,nan,nan,nan,4.99018,3.98039
1490,-5.02,3.98,299.722,0.612336,0.612237,-1,3.98049,nan,nan,nan,4.99018,3.98062
1491,-4.98,3.979,299.722,0.612613,0.612514,-1,3.98056,nan,nan,nan,4.99018,3.98086
1492,-5.05,3.982,299.722,0.61289,0.61279,-1,3.98112,nan,nan,nan,4.99017,3.98109
1493,-5.02,3.977,299.723,0.613167,0.613067,-1,3.98089,nan,nan,nan,4.99017,3.98133
1494,-5.04,3.979,299.723,0.613444,0.613342,-1,3.98208,nan,nan,nan,4.99016,3.98156
1495,-4.91,3.985,299.723,0.613721,0.613617,-1,3.98041,nan,nan,nan,4.99016,3.9818
1496,-4.97,3.984,299.723,0.613998,0.613893,-1,3.981,nan,nan,nan,4.99016,3.98203
1497,-4.97,3.978,299.723,0.614274,0.614168,-1,3.98175,nan,nan,nan,4.99015,3.98227
1498,-4.97,3.979,299.723,0.614551,0.614444,-1,3.98217,nan,nan,nan,4.99015,3.98251
1499,-5.02,3.982,299.724,0.614828,0.61472,-1,3.98222,nan,nan,nan,4.99015,3.98274
1500,-5.01,3.98,299.724,0.615105,0.614996,-1,3.98288,nan,nan,nan,4.99014,3.98298
1501,-4.98,3.983,299.724,0.615382,0.615271,-1,3.98285,nan,nan,nan,4.99014,3.98322
1502,-5,3.983,299.724,0.615659,0.615548,-1,3.98363,nan,nan,nan,4.99013,3.98346
1503,-4.99,3.985,299.724,0.615936,0.615824,-1,3.98302,nan,nan,nan,4.99013,3.9837
1504,-5,3.986,299.724,0.616213,0.6161,-1,3.9837,nan,nan,nan,4.99013,3.98394
1505,-5.04,3.983,299.725,0.61649,0.616376,-1,3.98419,nan,nan,nan,4.99012,3.98418
1506,-4.99,3.982,299.725,0.616767,0.616653,-1,3.98436,nan,nan,nan,4.99012,3.98442
1507,-5.1,3.987,299.725,0.617044,0.616929,-1,3.98523,nan,nan,nan,4.99012,3.98466
1508,-5.06,3.983,299.725,0.617321,0.617207,-1,3.98506,nan,nan,nan,4.99011,3.9849
1509,-4.97,3.984,299.725,0.617598,0.617485,-1,3.98488,nan,nan,nan,4.99011,3.98514
1510,-5.1,3.985,299.725,0.617875,0.617761,-1,3.98633,nan,nan,nan,4.9901,3.98538
1511,-5.04,3.98,299.726,0.618152,0.618038,-1,3.98592,nan,nan,nan,4.9901,3.98563
1512,-5.04,3.986,299.726,0.618428,0.618315,-1,3.98574,nan,nan,nan,4.9901,3.98587
1513,-4.92,3.983,299.726,0.618705,0.618591,-1,3.9847,nan,nan,nan,4.99009,3.98611
1514,-5,3.988,299.726,0.618982,0.618868,-1,3.98573,nan,nan,nan,4.99009,3.98636
1515,-4.98,3.988,299.726,0.619259,0.619144,-1,3.98639,nan,nan,nan,4.99009,3.9866
1516,-4.95,3.987,299.726,0.619536,0.619421,-1,3.98617,nan,nan,nan,4.99008,3.98685
1517,-5.02,3.99,299.726,0.619813,0.619697,-1,3.98729,nan,nan,nan,4.99008,3.9871
1518,-5.01,3.985,299.727,0.62009,0.619973,-1,3.98675,nan,nan,nan,4.99008,3.98734
1519,-5.02,3.991,299.727,0.620367,0.62025,-1,3.9876,nan,nan,nan,4.99007,3.98759
1520,-5.02,3.991,299.727,0.620644,0.620527,-1,3.98837,nan,nan,nan,4.99007,3.98784
1521,-5.08,3.99,299.727,0.620921,0.620804,-1,3.98854,nan,nan,nan,4.99006,3.98809
1522,-4.96,3.986,299.727,0.621198,0.621081,-1,3.98745,nan,nan,nan,4.99006,3.98834
1523,-5,3.99,299.727,0.621475,0.621359,-1,3.98821,nan,nan,nan,4.99006,3.98859
1524,-4.98,3.991,299.728,0.621752,0.621635,-1,3.9885,nan,nan,nan,4.99005,3.98884
1525,-5,3.99,299.728,0.622029,0.621911,-1,3.98841,nan,nan,nan,4.99005,3.98909
1526,-4.95,3.99,299.728,0.622306,0.62219,-1,3.9881,nan,nan,nan,4.99005,3.98934
1527,-4.97,3.989,299.728,0.622583,0.622465,-1,3.98912,nan,nan,nan,4.99004,3.98959
1528,-5.04,3.987,299.728,0.62286,0.622743,-1,3.99061,nan,nan,nan,4.99004,3.98984
1529,-5.01,3.996,299.728,0.623136,0.62302,-1,3.99065,nan,nan,nan,4.99003,3.9901
1530,-5,3.991,299.729,0.623413,0.623296,-1,3.98929,nan,nan,nan,4.99003,3.99035
1531,-4.98,3.99,299.729,0.62369,0.623572,-1,3.98992,nan,nan,nan,4.99003,3.99061
1532,-4.96,3.993,299.729,0.623967,0.623848,-1,3.99003,nan,nan,nan,4.99002,3.99086
1533,-4.91,3.991,299.729,0.624244,0.624126,-1,3.9896,nan,nan,nan,4.99002,3.99112
1534,-5,3.99,299.729,0.624521,0.624402,-1,3.991,nan,nan,nan,4.99002,3.99137
1535,-4.92,3.995,299.729,0.624798,0.624679,-1,3.9898,nan,nan,nan,4.99001,3.99163
1536,-4.97,3.991,299.729,0.625075,0.624955,-1,3.99074,nan,nan,nan,4.99001,3.99189
1537,-5.03,3.994,299.73,0.625352,0.625232,-1,3.99207,nan,nan,nan,4.99001,3.99215
1538,-5.05,3.994,299.73,0.625629,0.625509,-1,3.99245,nan,nan,nan,4.99,3.99241
1539,-5.02,3.992,299.73,0.625906,0.625786,-1,3.99299,nan,nan,nan,4.99,3.99267
1540,-5.08,3.992,299.73,0.626183,0.626063,-1,3.99415,nan,nan,nan,4.98999,3.99293
1541,-4.96,3.995,299.73,0.62646,0.62634,-1,3.99248,nan,nan,nan,4.98999,3.99319
1542,-5.02,3.993,299.73,0.626737,0.626617,-1,3.99308,nan,nan,nan,4.98999,3.99345
1543,-5.04,3.996,299.731,0.627014,0.626895,-1,3.99342,nan,nan,nan,4.98998,3.99371
1544,-5.02,3.993,299.731,0.627291,0.627172,-1,3.99462,nan,nan,nan,4.98998,3.99398
1545,-4.96,3.997,299.731,0.627568,0.627449,-1,3.99353,nan,nan,nan,4.98998,3.99424
1546,-4.94,3.995,299.731,0.627844,0.627725,-1,3.99318,nan,nan,nan,4.98997,3.99451
1547,-5.01,3.992,299.731,0.628121,0.628002,-1,3.99397,nan,nan,nan,4.98997,3.99477
1548,-5.06,3.993,299.731,0.628398,0.628279,-1,3.99624,nan,nan,nan,4.98996,3.99504
1549,-5.06,3.996,299.732,0.628675,0.628557,-1,3.99566,nan,nan,nan,4.98996,3.9953
1550,-4.98,3.994,299.732,0.628952,0.628834,-1,3.99475,nan,nan,nan,4.98996,3.99557
1551,-5.09,3.995,299.732,0.629229,0.629111,-1,3.99702,nan,nan,nan,4.98995,3.99584
1552,-4.98,3.993,299.732,0.629506,0.629387,-1,3.99525,nan,nan,nan,4.98995,3.99611
1553,-4.97,3.996,299.732,0.629783,0.629664,-1,3.99575,nan,nan,nan,4.98995,3.99638
1554,-5.01,4,299.732,0.63006,0.629939,-1,3.99655,nan,nan,nan,4.98994,3.99665
1555,-5.01,3.999,299.732,0.630337,0.630215,-1,3.99704,nan,nan,nan,4.98994,3.99692
1556,-4.91,3.998,299.733,0.630614,0.630493,-1,3.99591,nan,nan,nan,4.98994,3.9972
1557,-5.02,3.999,299.733,0.630891,0.630768,-1,3.99695,nan,nan,nan,4.98993,3.99747
1558,-5.06,3.998,299.733,0.631168,0.631044,-1,3.99856,nan,nan,nan,4.98993,3.99774
1559,-4.95,3.994,299.733,0.631445,0.631321,-1,3.99739,nan,nan,nan,4.98992,3.99802
1560,-5.02,3.994,299.733,0.631722,0.631598,-1,3.99819,nan,nan,nan,4.98992,3.99829
1561,-4.94,3.999,299.733,0.631999,0.631874,-1,3.9975,nan,nan,nan,4.98992,3.99857
1562,-5.01,3.996,299.734,0.632276,0.63215,-1,3.99887,nan,nan,nan,4.98991,3.99885
1563,-5.02,3.998,299.734,0.632553,0.632426,-1,3.9988,nan,nan,nan,4.98991,3.99912
1564,-5.05,4.001,299.734,0.63283,0.632703,-1,3.99984,nan,nan,nan,4.98991,3.9994
1565,-5,3.999,299.734,0.633106,0.632979,-1,3.99972,nan,nan,nan,4.9899,3.99968
1566,-5.09,4.001,299.734,0.633383,0.633257,-1,4.00061,nan,nan,nan,4.9899,3.99996
1567,-4.95,4.001,299.734,0.63366,0.633535,-1,3.99889,nan,nan,nan,4.98989,4.00024
1568,-4.98,4.001,299.734,0.633937,0.633809,-1,4.00003,nan,nan,nan,4.98989,4.00052
1569,-5,4,299.735,0.634214,0.634087,-1,4.00134,nan,nan,nan,4.98989,4.00081
1570,-5.05,4.002,299.735,0.634491,0.634364,-1,4.00054,nan,nan,nan,4.98988,4.00109
1571,-5.04,3.999,299.735,0.634768,0.634641,-1,4.00136,nan,nan,nan,4.98988,4.00137
1572,-4.89,4.001,299.735,0.635045,0.634916,-1,4.00014,nan,nan,nan,4.98988,4.00166
1573,-5.01,4.001,299.735,0.635322,0.635192,-1,4.00206,nan,nan,nan,4.98987,4.00194
1574,-4.97,4.005,299.735,0.635599,0.63547,-1,4.00193,nan,nan,nan,4.98987,4.00223
1575,-5.06,4.003,299.735,0.635876,0.635746,-1,4.00291,nan,nan,nan,4.98987,4.00252
1576,-5,4.005,299.736,0.636153,0.636024,-1,4.00292,nan,nan,nan,4.98986,4.00281
1577,-5.01,4.001,299.736,0.63643,0.6363,-1,4.00302,nan,nan,nan,4.98986,4.00309
1578,-5.05,4.004,299.736,0.636707,0.636577,-1,4.00364,nan,nan,nan,4.98985,4.00338
1579,-5.07,4.006,299.736,0.636984,0.636853,-1,4.00394,nan,nan,nan,4.98985,4.00367
1580,-4.9,4.004,299.736,0.637261,0.63713,-1,4.00263,nan,nan,nan,4.98985,4.00397
1581,-5.02,4.005,299.736,0.637538,0.637405,-1,4.00437,nan,nan,nan,4.98984,4.00426
1582,-5,4.004,299.737,0.637815,0.637682,-1,4.00384,nan,nan,nan,4.98984,4.00455
1583,-4.98,4.005,299.737,0.638092,0.637959,-1,4.00384,nan,nan,nan,4.98984,4.00485
1584,-4.96,4.001,299.737,0.638369,0.638235,-1,4.00388,nan,nan,nan,4.98983,4.00514
1585,-5.04,4.006,299.737,0.638645,0.638512,-1,4.00493,nan,nan,nan,4.98983,4.00543
1586,-5.02,4.006,299.737,0.638922,0.63879,-1,4.00515,nan,nan,nan,4.98983,4.00573
1587,-5.01,4.008,299.737,0.639199,0.639066,-1,4.00581,nan,nan,nan,4.98982,4.00603
1588,-4.98,4.007,299.737,0.639476,0.639343,-1,4.00596,nan,nan,nan,4.98982,4.00633
1589,-5.01,4.008,299.738,0.639753,0.639619,-1,4.00711,nan,nan,nan,4.98981,4.00662
1590,-4.97,4.009,299.738,0.64003,0.639897,-1,4.00616,nan,nan,nan,4.98981,4.00692
1591,-4.98,4.007,299.738,0.640307,0.640174,-1,4.00662,nan,nan,nan,4.98981,4.00722
1592,-5.02,4.009,299.738,0.640584,0.64045,-1,4.00717,nan,nan,nan,4.9898,4.00753
1593,-5.1,4.01,299.738,0.640861,0.640728,-1,4.00907,nan,nan,nan,4.9898,4.00783
1594,-5,4.01,299.738,0.641138,0.641005,-1,4.00753,nan,nan,nan,4.9898,4.00813
1595,-5.05,4.008,299.739,0.641415,0.641283,-1,4.00893,nan,nan,nan,4.98979,4.00843
1596,-5.01,4.01,299.739,0.641692,0.64156,-1,4.0085,nan,nan,nan,4.98979,4.00874
1597,-5.06,4.008,299.739,0.641969,0.641836,-1,4.00948,nan,nan,nan,4.98979,4.00904
1598,-5.01,4.011,299.739,0.642246,0.642113,-1,4.00919,nan,nan,nan,4.98978,4.00935
1599,-5.07,4.011,299.739,0.642523,0.642389,-1,4.01011,nan,nan,nan,4.98978,4.00965
1600,-5.01,4.009,299.739,0.6428,0.642665,-1,4.01028,nan,nan,nan,4.98977,4.00996
1601,-4.99,4.011,299.739,0.643077,0.642943,-1,4.01049,nan,nan,nan,4.98977,4.01027
1602,-4.96,4.009,299.74,0.643354,0.643219,-1,4.00999,nan,nan,nan,4.98977,4.01058
1603,-5.05,4.009,299.74,0.643631,0.643494,-1,4.01104,nan,nan,nan,4.98976,4.01089
1604,-5.03,4.005,299.74,0.643908,0.64377,-1,4.01047,nan,nan,nan,4.98976,4.0112
1605,-5.04,4.009,299.74,0.644185,0.644046,-1,4.01117,nan,nan,nan,4.98976,4.01151
1606,-5.1,4.01,299.74,0.644462,0.644323,-1,4.01283,nan,nan,nan,4.98975,4.01182
1607,-5.04,4.012,299.74,0.644738,0.644599,-1,4.01192,nan,nan,nan,4.98975,4.01213
1608,-5.02,4.015,299.74,0.645015,0.644877,-1,4.01232,nan,nan,nan,4.98975,4.01245
1609,-5.1,4.012,299.741,0.645292,0.645154,-1,4.01361,nan,nan,nan,4.98974,4.01276
1610,-4.92,4.012,299.741,0.645569,0.64543,-1,4.01158,nan,nan,nan,4.98974,4.01307
1611,-4.99,4.012,299.741,0.645846,0.645705,-1,4.01266,nan,nan,nan,4.98974,4.01339
1612,-5.01,4.015,299.741,0.646123,0.645981,-1,4.01308,nan,nan,nan,4.98973,4.01371
1613,-5.01,4.011,299.741,0.6464,0.646258,-1,4.01317,nan,nan,nan,4.98973,4.01402
1614,-4.95,4.014,299.741,0.646677,0.646534,-1,4.01351,nan,nan,nan,4.98972,4.01434
1615,-5.01,4.015,299.741,0.646954,0.64681,-1,4.0146,nan,nan,nan,4.98972,4.01466
1616,-4.99,4.014,299.742,0.647231,0.647085,-1,4.01434,nan,nan,nan,4.98972,4.01498
1617,-4.88,4.012,299.742,0.647508,0.647362,-1,4.0135,nan,nan,nan,4.98971,4.0153
1618,-4.98,4.017,299.742,0.647785,0.647636,-1,4.01492,nan,nan,nan,4.98971,4.01562
1619,-5.02,4.014,299.742,0.648062,0.647914,-1,4.01576,nan,nan,nan,4.98971,4.01594
1620,-5.06,4.017,299.742,0.648339,0.648192,-1,4.01662,nan,nan,nan,4.9897,4.01626
1621,-4.99,4.016,299.742,0.648616,0.648468,-1,4.01614,nan,nan,nan,4.9897,4.01658
1622,-5.01,4.017,299.743,0.648893,0.648744,-1,4.01605,nan,nan,nan,4.9897,4.0169
1623,-5.05,4.018,299.743,0.64917,0.649022,-1,4.01769,nan,nan,nan,4.98969,4.01723
1624,-5,4.019,299.743,0.649447,0.649298,-1,4.01742,nan,nan,nan,4.98969,4.01755
1625,-5.07,4.019,299.743,0.649724,0.649575,-1,4.01831,nan,nan,nan,4.98968,4.01788
1626,-5.02,4.018,299.743,0.650001,0.649851,-1,4.01725,nan,nan,nan,4.98968,4.0182
1627,-5.01,4.017,299.743,0.650278,0.650128,-1,4.01787,nan,nan,nan,4.98968,4.01853
1628,-5.04,4.022,299.743,0.650555,0.650405,-1,4.0193,nan,nan,nan,4.98967,4.01885
1629,-4.88,4.017,299.744,0.650832,0.650682,-1,4.01735,nan,nan,nan,4.98967,4.01918
1630,-5.01,4.024,299.744,0.651109,0.650958,-1,4.01891,nan,nan,nan,4.98967,4.01951
1631,-5.02,4.021,299.744,0.651385,0.651236,-1,4.01992,nan,nan,nan,4.98966,4.01983
1632,-4.97,4.022,299.744,0.651662,0.651511,-1,4.01942,nan,nan,nan,4.98966,4.02016
1633,-5.05,4.02,299.744,0.651939,0.651787,-1,4.02075,nan,nan,nan,4.98966,4.02049
1634,-4.97,4.02,299.744,0.652216,0.652064,-1,4.01984,nan,nan,nan,4.98965,4.02082
1635,-4.94,4.023,299.744,0.652493,0.65234,-1,4.02056,nan,nan,nan,4.98965,4.02115
1636,-5.01,4.021,299.745,0.65277,0.652616,-1,4.02116,nan,nan,nan,4.98965,4.02148
1637,-4.99,4.02,299.745,0.653047,0.652893,-1,4.02131,nan,nan,nan,4.98964,4.02181
1638,-5.02,4.019,299.745,0.653324,0.653169,-1,4.02239,nan,nan,nan,4.98964,4.02214
1639,-5.01,4.024,299.745,0.653601,0.653446,-1,4.02194,nan,nan,nan,4.98963,4.02247
1640,-5.02,4.025,299.745,0.653878,0.653723,-1,4.02315,nan,nan,nan,4.98963,4.02281
1641,-4.98,4.024,299.745,0.654155,0.653999,-1,4.02259,nan,nan,nan,4.98963,4.02314
1642,-4.87,4.022,299.745,0.654432,0.654275,-1,4.02114,nan,nan,nan,4.98962,4.02347
1643,-5.03,4.023,299.746,0.654709,0.654548,-1,4.02361,nan,nan,nan,4.98962,4.02381
1644,-4.97,4.026,299.746,0.654986,0.654822,-1,4.0228,nan,nan,nan,4.98962,4.02414
1645,-4.96,4.026,299.746,0.655263,0.6551,-1,4.0235,nan,nan,nan,4.98961,4.02447
1646,-4.97,4.026,299.746,0.65554,0.655376,-1,4.02397,nan,nan,nan,4.98961,4.02481
1647,-5.1,4.023,299.746,0.655817,0.655652,-1,4.02579,nan,nan,nan,4.98961,4.02514
1648,-4.98,4.025,299.746,0.656094,0.655929,-1,4.02516,nan,nan,nan,4.9896,4.02548
1649,-5.04,4.026,299.746,0.656371,0.656205,-1,4.02523,nan,nan,nan,4.9896,4.02581
1650,-5.02,4.023,299.747,0.656648,0.656481,-1,4.02582,nan,nan,nan,4.9896,4.02615
1651,-4.99,4.026,299.747,0.656925,0.656758,-1,4.02536,nan,nan,nan,4.98959,4.02648
1652,-5.08,4.03,299.747,0.657202,0.657033,-1,4.02783,nan,nan,nan,4.98959,4.02682
1653,-5.01,4.028,299.747,0.657479,0.65731,-1,4.02644,nan,nan,nan,4.98958,4.02716
1654,-5.02,4.026,299.747,0.657756,0.657587,-1,4.02714,nan,nan,nan,4.98958,4.02749
1655,-5.04,4.027,299.747,0.658033,0.657864,-1,4.02751,nan,nan,nan,4.98958,4.02783
1656,-4.98,4.028,299.747,0.65831,0.658141,-1,4.02682,nan,nan,nan,4.98957,4.02817
1657,-5.08,4.032,299.748,0.658587,0.658418,-1,4.02849,nan,nan,nan,4.98957,4.0285
1658,-4.97,4.029,299.748,0.658864,0.658694,-1,4.02796,nan,nan,nan,4.98957,4.02884
1659,-5.02,4.032,299.748,0.65914,0.65897,-1,4.02935,nan,nan,nan,4.98956,4.02918
1660,-4.98,4.03,299.748,0.659417,0.659247,-1,4.02867,nan,nan,nan,4.98956,4.02952
1661,-5.07,4.032,299.748,0.659694,0.659523,-1,4.03032,nan,nan,nan,4.98956,4.02986
1662,-4.96,4.027,299.748,0.659971,0.659798,-1,4.02946,nan,nan,nan,4.98955,4.03019
1663,-5.01,4.031,299.748,0.660248,0.660075,-1,4.03048,nan,nan,nan,4.98955,4.03053
1664,-5.01,4.029,299.749,0.660525,0.660352,-1,4.03063,nan,nan,nan,4.98955,4.03087
1665,-4.97,4.03,299.749,0.660802,0.660627,-1,4.03084,nan,nan,nan,4.98954,4.03121
1666,-4.98,4.031,299.749,0.661079,0.660905,-1,4.03099,nan,nan,nan,4.98954,4.03155
1667,-5.11,4.033,299.749,0.661356,0.661181,-1,4.03342,nan,nan,nan,4.98953,4.03188
1668,-5,4.032,299.749,0.661633,0.661461,-1,4.03218,nan,nan,nan,4.98953,4.03222
1669,-5.03,4.032,299.749,0.66191,0.661736,-1,4.03296,nan,nan,nan,4.98953,4.03256
1670,-5.01,4.037,299.749,0.662187,0.662013,-1,4.03319,nan,nan,nan,4.98952,4.0329
1671,-5.08,4.034,299.75,0.662464,0.662291,-1,4.03318,nan,nan,nan,4.98952,4.03324
1672,-4.99,4.037,299.75,0.662741,0.66257,-1,4.03342,nan,nan,nan,4.98952,4.03358
1673,-5.02,4.036,299.75,0.663018,0.662846,-1,4.03341,nan,nan,nan,4.98951,4.03392
1674,-5.08,4.033,299.75,0.663295,0.663122,-1,4.03419,nan,nan,nan,4.98951,4.03425
1675,-5,4.032,299.75,0.663572,0.663398,-1,4.03402,nan,nan,nan,4.98951,4.03459
1676,-4.94,4.036,299.75,0.663849,0.663674,-1,4.0338,nan,nan,nan,4.9895,4.03493
1677,-4.91,4.037,299.75,0.664126,0.663951,-1,4.03437,nan,nan,nan,4.9895,4.03527
1678,-4.97,4.032,299.751,0.664403,0.664228,-1,4.03461,nan,nan,nan,4.9895,4.03561
1679,-4.98,4.038,299.751,0.66468,0.664504,-1,4.03526,nan,nan,nan,4.98949,4.03594
1680,-5.01,4.035,299.751,0.664957,0.664781,-1,4.03589,nan,nan,nan,4.98949,4.03628
1681,-4.88,4.038,299.751,0.665234,0.665058,-1,4.03437,nan,nan,nan,4.98948,4.03662
1682,-4.96,4.039,299.751,0.665511,0.665335,-1,4.03566,nan,nan,nan,4.98948,4.03696
1683,-5.03,4.037,299.751,0.665788,0.665613,-1,4.03767,nan,nan,nan,4.98948,4.03729
1684,-5.02,4.036,299.751,0.666065,0.665889,-1,4.03738,nan,nan,nan,4.98947,4.03763
1685,-5.03,4.035,299.752,0.666342,0.666166,-1,4.0382,nan,nan,nan,4.98947,4.03797
1686,-4.96,4.04,299.752,0.666619,0.666442,-1,4.03786,nan,nan,nan,4.98947,4.0383
1687,-5.06,4.038,299.752,0.666896,0.666719,-1,4.03833,nan,nan,nan,4.98946,4.03864
1688,-4.96,4.038,299.752,0.667173,0.666996,-1,4.03838,nan,nan,nan,4.98946,4.03898
1689,-4.99,4.041,299.752,0.66745,0.667272,-1,4.03872,nan,nan,nan,4.98946,4.03931
1690,-4.97,4.042,299.752,0.667727,0.667549,-1,4.03841,nan,nan,nan,4.98945,4.03965
1691,-5.05,4.037,299.752,0.668004,0.667826,-1,4.0396,nan,nan,nan,4.98945,4.03998
1692,-5.06,4.041,299.753,0.66828,0.668104,-1,4.04052,nan,nan,nan,4.98945,4.04032
1693,-4.97,4.041,299.753,0.668557,0.668381,-1,4.03946,nan,nan,nan,4.98944,4.04065
1694,-5,4.041,299.753,0.668834,0.668657,-1,4.04086,nan,nan,nan,4.98944,4.04099
1695,-5.01,4.04,299.753,0.669111,0.668933,-1,4.04171,nan,nan,nan,4.98944,4.04132
1696,-4.97,4.042,299.753,0.669388,0.66921,-1,4.04015,nan,nan,nan,4.98943,4.04166
1697,-4.99,4.039,299.753,0.669665,0.669488,-1,4.04192,nan,nan,nan,4.98943,4.04199
1698,-4.99,4.042,299.753,0.669942,0.669765,-1,4.04213,nan,nan,nan,4.98942,4.04232
1699,-4.99,4.042,299.753,0.670219,0.67004,-1,4.0418,nan,nan,nan,4.98942,4.04266
1700,-5.01,4.043,299.754,0.670496,0.670317,-1,4.04245,nan,nan,nan,4.98942,4.04299
1701,-5.04,4.044,299.754,0.670773,0.670594,-1,4.04324,nan,nan,nan,4.98941,4.04332
1702,-5.03,4.047,299.754,0.67105,0.670871,-1,4.0433,nan,nan,nan,4.98941,4.04365
1703,-4.97,4.043,299.754,0.671327,0.671148,-1,4.0429,nan,nan,nan,4.98941,4.04398
1704,-5.05,4.044,299.754,0.671604,0.671424,-1,4.04476,nan,nan,nan,4.9894,4.04431
1705,-5.07,4.043,299.754,0.671881,0.671702,-1,4.04558,nan,nan,nan,4.9894,4.04464
1706,-5.11,4.044,299.754,0.672158,0.671979,-1,4.04646,nan,nan,nan,4.9894,4.04497
1707,-5.03,4.046,299.755,0.672435,0.672255,-1,4.04572,nan,nan,nan,4.98939,4.0453
1708,-4.98,4.045,299.755,0.672712,0.672533,-1,4.04474,nan,nan,nan,4.98939,4.04563
1709,-4.96,4.049,299.755,0.672989,0.67281,-1,4.04567,nan,nan,nan,4.98939,4.04596
1710,-4.99,4.046,299.755,0.673266,0.673087,-1,4.04601,nan,nan,nan,4.98938,4.04629
1711,-4.99,4.046,299.755,0.673543,0.673365,-1,4.04573,nan,nan,nan,4.98938,4.04661
1712,-5.01,4.05,299.755,0.67382,0.673641,-1,4.04647,nan,nan,nan,4.98938,4.04694
1713,-5.14,4.042,299.755,0.674097,0.673919,-1,4.04806,nan,nan,nan,4.98937,4.04727
1714,-5.09,4.05,299.756,0.674374,0.674197,-1,4.04794,nan,nan,nan,4.98937,4.04759
1715,-5.04,4.048,299.756,0.674651,0.674474,-1,4.04814,nan,nan,nan,4.98936,4.04792
1716,-4.94,4.047,299.756,0.674928,0.67475,-1,4.04751,nan,nan,nan,4.98936,4.04824
1717,-4.96,4.05,299.756,0.675205,0.675027,-1,4.04789,nan,nan,nan,4.98936,4.04856
1718,-5,4.048,299.756,0.675482,0.675305,-1,4.04864,nan,nan,nan,4.98935,4.04889
1719,-4.99,4.047,299.756,0.675759,0.675581,-1,4.04847,nan,nan,nan,4.98935,4.04921
1720,-4.99,4.054,299.756,0.676036,0.675858,-1,4.04865,nan,nan,nan,4.98935,4.04953
1721,-5.04,4.046,299.757,0.676313,0.676136,-1,4.04969,nan,nan,nan,4.98934,4.04986
1722,-5,4.046,299.757,0.67659,0.676412,-1,4.04938,nan,nan,nan,4.98934,4.05018
1723,-5,4.049,299.757,0.676867,0.676689,-1,4.05017,nan,nan,nan,4.98934,4.0505
1724,-4.91,4.05,299.757,0.677144,0.676966,-1,4.04989,nan,nan,nan,4.98933,4.05082
1725,-4.95,4.052,299.757,0.677421,0.677242,-1,4.04961,nan,nan,nan,4.98933,4.05114
1726,-5,4.048,299.757,0.677698,0.677518,-1,4.051,nan,nan,nan,4.98933,4.05145
1727,-5.05,4.052,299.757,0.677975,0.677795,-1,4.05208,nan,nan,nan,4.98932,4.05177
1728,-4.96,4.057,299.757,0.678252,0.678073,-1,4.05102,nan,nan,nan,4.98932,4.05209
1729,-5.06,4.05,299.758,0.678529,0.67835,-1,4.05258,nan,nan,nan,4.98932,4.05241
1730,-4.94,4.055,299.758,0.678806,0.678626,-1,4.05155,nan,nan,nan,4.98931,4.05272
1731,-5.07,4.054,299.758,0.679083,0.678901,-1,4.05324,nan,nan,nan,4.98931,4.05304
1732,-4.99,4.051,299.758,0.67936,0.679178,-1,4.05307,nan,nan,nan,4.98931,4.05335
1733,-5,4.056,299.758,0.679637,0.679455,-1,4.05321,nan,nan,nan,4.9893,4.05367
1734,-4.91,4.053,299.758,0.679914,0.679733,-1,4.05244,nan,nan,nan,4.9893,4.05398
1735,-5.08,4.054,299.758,0.680191,0.68001,-1,4.05502,nan,nan,nan,4.98929,4.05429
1736,-4.97,4.053,299.759,0.680468,0.680286,-1,4.05361,nan,nan,nan,4.98929,4.05461
1737,-4.9,4.056,299.759,0.680745,0.680562,-1,4.0534,nan,nan,nan,4.98929,4.05492
1738,-5,4.055,299.759,0.681021,0.680838,-1,4.05474,nan,nan,nan,4.98928,4.05523
1739,-5.03,4.055,299.759,0.681298,0.681115,-1,4.05543,nan,nan,nan,4.98928,4.05554
1740,-5.05,4.057,299.759,0.681575,0.68139,-1,4.05632,nan,nan,nan,4.98928,4.05585
1741,-5,4.054,299.759,0.681852,0.681666,-1,4.05597,nan,nan,nan,4.98927,4.05616
1742,-5.06,4.057,299.759,0.682129,0.681941,-1,4.0569,nan,nan,nan,4.98927,4.05647
1743,-5.12,4.057,299.759,0.682406,0.682216,-1,4.05759,nan,nan,nan,4.98927,4.05677
1744,-5.04,4.061,299.76,0.682683,0.682493,-1,4.05675,nan,nan,nan,4.98926,4.05708
1745,-4.96,4.057,299.76,0.68296,0.68277,-1,4.05591,nan,nan,nan,4.98926,4.05739
1746,-4.92,4.056,299.76,0.683237,0.683046,-1,4.05562,nan,nan,nan,4.98926,4.05769
1747,-5.04,4.06,299.76,0.683514,0.683323,-1,4.05817,nan,nan,nan,4.98925,4.058
1748,-4.96,4.058,299.76,0.683791,0.683601,-1,4.05727,nan,nan,nan,4.98925,4.0583
1749,-5.04,4.061,299.76,0.684068,0.683877,-1,4.05801,nan,nan,nan,4.98925,4.05861
1750,-4.94,4.056,299.76,0.684345,0.684154,-1,4.05793,nan,nan,nan,4.98924,4.05891
1751,-4.98,4.058,299.761,0.684622,0.68443,-1,4.05769,nan,nan,nan,4.98924,4.05921
1752,-5.03,4.059,299.761,0.684899,0.684708,-1,4.05962,nan,nan,nan,4.98924,4.05951
1753,-4.98,4.057,299.761,0.685176,0.684985,-1,4.0587,nan,nan,nan,4.98923,4.05981
1754,-4.95,4.06,299.761,0.685453,0.685263,-1,4.05915,nan,nan,nan,4.98923,4.06011
1755,-5.05,4.057,299.761,0.68573,0.685537,-1,4.06063,nan,nan,nan,4.98923,4.06041
1756,-5.05,4.063,299.761,0.686007,0.685813,-1,4.06107,nan,nan,nan,4.98922,4.06071
1757,-4.86,4.064,299.761,0.686284,0.68609,-1,4.05912,nan,nan,nan,4.98922,4.06101
1758,-5.08,4.063,299.761,0.686561,0.686364,-1,4.06061,nan,nan,nan,4.98921,4.06131
1759,-5,4.062,299.762,0.686838,0.686642,-1,4.06137,nan,nan,nan,4.98921,4.0616
1760,-5.02,4.062,299.762,0.687115,0.686918,-1,4.06167,nan,nan,nan,4.98921,4.0619
1761,-4.95,4.064,299.762,0.687392,0.687195,-1,4.06114,nan,nan,nan,4.9892,4.0622
1762,-4.99,4.063,299.762,0.687669,0.687472,-1,4.06209,nan,nan,nan,4.9892,4.06249
1763,-4.96,4.06,299.762,0.687946,0.68775,-1,4.06154,nan,nan,nan,4.9892,4.06278
1764,-5.04,4.062,299.762,0.688223,0.688026,-1,4.06365,nan,nan,nan,4.98919,4.06308
1765,-4.96,4.063,299.762,0.6885,0.688303,-1,4.06269,nan,nan,nan,4.98919,4.06337
1766,-5.06,4.062,299.763,0.688777,0.688579,-1,4.06372,nan,nan,nan,4.98919,4.06366
1767,-4.97,4.062,299.763,0.689054,0.688856,-1,4.0626,nan,nan,nan,4.98918,4.06395
1768,-5.02,4.063,299.763,0.689331,0.689133,-1,4.06382,nan,nan,nan,4.98918,4.06424
1769,-5.01,4.063,299.763,0.689608,0.689412,-1,4.06422,nan,nan,nan,4.98918,4.06453
1770,-5.09,4.065,299.763,0.689885,0.689688,-1,4.06556,nan,nan,nan,4.98917,4.06482
1771,-5.09,4.063,299.763,0.690162,0.689964,-1,4.06579,nan,nan,nan,4.98917,4.06511
1772,-5.06,4.067,299.763,0.690439,0.69024,-1,4.06563,nan,nan,nan,4.98917,4.0654
1773,-4.99,4.064,299.763,0.690716,0.690518,-1,4.06519,nan,nan,nan,4.98916,4.06569
1774,-5.07,4.067,299.764,0.690993,0.690795,-1,4.06651,nan,nan,nan,4.98916,4.06597
1775,-4.98,4.068,299.764,0.69127,0.691074,-1,4.06575,nan,nan,nan,4.98916,4.06626
1776,-4.99,4.068,299.764,0.691547,0.691351,-1,4.06612,nan,nan,nan,4.98915,4.06655
1777,-5.02,4.068,299.764,0.691824,0.691627,-1,4.06647,nan,nan,nan,4.98915,4.06683
1778,-4.93,4.072,299.764,0.692101,0.691903,-1,4.06613,nan,nan,nan,4.98915,4.06711
1779,-4.97,4.068,299.764,0.692378,0.692179,-1,4.06696,nan,nan,nan,4.98914,4.0674
1780,-5.03,4.064,299.764,0.692655,0.692456,-1,4.06777,nan,nan,nan,4.98914,4.06768
1781,-5.01,4.063,299.764,0.692932,0.692731,-1,4.06778,nan,nan,nan,4.98913,4.06796
1782,-5.01,4.073,299.765,0.693209,0.693009,-1,4.06782,nan,nan,nan,4.98913,4.06825
1783,-5.02,4.069,299.765,0.693486,0.693287,-1,4.06837,nan,nan,nan,4.98913,4.06853
1784,-5.05,4.067,299.765,0.693763,0.693563,-1,4.06889,nan,nan,nan,4.98912,4.06881
1785,-5.05,4.067,299.765,0.69404,0.69384,-1,4.06944,nan,nan,nan,4.98912,4.06909
1786,-5.07,4.068,299.765,0.694317,0.694117,-1,4.07009,nan,nan,nan,4.98912,4.06937
1787,-4.94,4.072,299.765,0.694594,0.694393,-1,4.06829,nan,nan,nan,4.98911,4.06964
1788,-5.05,4.069,299.765,0.694871,0.694669,-1,4.07014,nan,nan,nan,4.98911,4.06992
1789,-5.02,4.07,299.766,0.695148,0.694946,-1,4.07006,nan,nan,nan,4.98911,4.0702
1790,-4.95,4.069,299.766,0.695425,0.695223,-1,4.06959,nan,nan,nan,4.9891,4.07048
1791,-5.02,4.069,299.766,0.695702,0.695499,-1,4.07015,nan,nan,nan,4.9891,4.07075
1792,-5,4.071,299.766,0.695979,0.695777,-1,4.07056,nan,nan,nan,4.9891,4.07103
1793,-5.08,4.074,299.766,0.696256,0.696053,-1,4.07215,nan,nan,nan,4.98909,4.0713
1794,-5.08,4.071,299.766,0.696533,0.69633,-1,4.07158,nan,nan,nan,4.98909,4.07158
1795,-4.99,4.071,299.766,0.69681,0.696608,-1,4.07115,nan,nan,nan,4.98909,4.07185
1796,-4.99,4.073,299.766,0.697087,0.696883,-1,4.0715,nan,nan,nan,4.98908,4.07213
1797,-5.02,4.071,299.767,0.697364,0.697158,-1,4.07144,nan,nan,nan,4.98908,4.0724
1798,-5,4.073,299.767,0.697641,0.697434,-1,4.07225,nan,nan,nan,4.98908,4.07267
1799,-4.93,4.073,299.767,0.697918,0.697712,-1,4.07163,nan,nan,nan,4.98907,4.07294
1800,-4.96,4.072,299.767,0.698195,0.697988,-1,4.07263,nan,nan,nan,4.98907,4.07321
1801,-4.98,4.075,299.767,0.698472,0.698264,-1,4.07261,nan,nan,nan,4.98907,4.07349
1802,-4.95,4.076,299.767,0.698749,0.69854,-1,4.07271,nan,nan,nan,4.98906,4.07376
1803,-4.94,4.074,299.767,0.699026,0.698816,-1,4.07263,nan,nan,nan,4.98906,4.07403
1804,-4.94,4.075,299.767,0.699303,0.699093,-1,4.07312,nan,nan,nan,4.98906,4.07429
1805,-4.98,4.075,299.768,0.69958,0.699371,-1,4.07414,nan,nan,nan,4.98905,4.07456
1806,-4.96,4.075,299.768,0.699857,0.699648,-1,4.07388,nan,nan,nan,4.98905,4.07483
1807,-4.98,4.074,299.768,0.700134,0.699924,-1,4.07493,nan,nan,nan,4.98905,4.0751
1808,-5.02,4.074,299.768,0.700411,0.700201,-1,4.07514,nan,nan,nan,4.98904,4.07537
1809,-5.12,4.076,299.768,0.700688,0.700477,-1,4.07675,nan,nan,nan,4.98904,4.07563
1810,-5,4.074,299.768,0.700965,0.700754,-1,4.07571,nan,nan,nan,4.98904,4.0759
1811,-5,4.076,299.768,0.701242,0.701032,-1,4.07581,nan,nan,nan,4.98903,4.07617
1812,-5.04,4.079,299.768,0.701519,0.701309,-1,4.07613,nan,nan,nan,4.98903,4.07643
1813,-4.95,4.079,299.769,0.701796,0.701586,-1,4.07613,nan,nan,nan,4.98902,4.0767
1814,-5,4.078,299.769,0.702073,0.701864,-1,4.07654,nan,nan,nan,4.98902,4.07696
1815,-5,4.078,299.769,0.70235,0.702139,-1,4.07657,nan,nan,nan,4.98902,4.07722
1816,-5.04,4.078,299.769,0.702627,0.702415,-1,4.07719,nan,nan,nan,4.98901,4.07749
1817,-5.05,4.079,299.769,0.702904,0.702694,-1,4.07791,nan,nan,nan,4.98901,4.07775
1818,-4.96,4.078,299.769,0.703181,0.702972,-1,4.07688,nan,nan,nan,4.98901,4.07801
1819,-4.97,4.077,299.769,0.703458,0.703248,-1,4.07773,nan,nan,nan,4.989,4.07828
1820,-5.02,4.08,299.769,0.703735,0.703524,-1,4.07787,nan,nan,nan,4.989,4.07854
1821,-5.09,4.077,299.77,0.704012,0.7038,-1,4.07962,nan,nan,nan,4.989,4.0788
1822,-5.01,4.081,299.77,0.704289,0.704078,-1,4.07887,nan,nan,nan,4.98899,4.07906
1823,-5,4.077,299.77,0.704566,0.704354,-1,4.07963,nan,nan,nan,4.98899,4.07932
1824,-4.97,4.075,299.77,0.704843,0.704629,-1,4.07887,nan,nan,nan,4.98899,4.07958
1825,-5.06,4.079,299.77,0.70512,0.704907,-1,4.08016,nan,nan,nan,4.98898,4.07984
1826,-5.03,4.079,299.77,0.705397,0.705183,-1,4.07938,nan,nan,nan,4.98898,4.0801
1827,-5.01,4.081,299.77,0.705674,0.705459,-1,4.07994,nan,nan,nan,4.98898,4.08036
1828,-4.98,4.084,299.77,0.705951,0.705736,-1,4.0802,nan,nan,nan,4.98897,4.08062
1829,-4.95,4.081,299.771,0.706228,0.706012,-1,4.08013,nan,nan,nan,4.98897,4.08087
1830,-5.08,4.079,299.771,0.706505,0.706291,-1,4.08147,nan,nan,nan,4.98897,4.08113
1831,-5.03,4.078,299.771,0.706782,0.706567,-1,4.08148,nan,nan,nan,4.98896,4.08139
1832,-5.04,4.079,299.771,0.707059,0.706843,-1,4.08211,nan,nan,nan,4.98896,4.08165
1833,-5.05,4.081,299.771,0.707336,0.70712,-1,4.08173,nan,nan,nan,4.98896,4.0819
1834,-5.04,4.083,299.771,0.707613,0.707398,-1,4.08207,nan,nan,nan,4.98895,4.08216
1835,-5,4.084,299.771,0.70789,0.707676,-1,4.08235,nan,nan,nan,4.98895,4.08242
1836,-5.02,4.082,299.771,0.708167,0.707952,-1,4.08225,nan,nan,nan,4.98895,4.08267
1837,-5,4.082,299.772,0.708444,0.708231,-1,4.08221,nan,nan,nan,4.98894,4.08293
1838,-5.04,4.086,299.772,0.708721,0.708507,-1,4.08289,nan,nan,nan,4.98894,4.08318
1839,-4.97,4.084,299.772,0.708998,0.708784,-1,4.0831,nan,nan,nan,4.98894,4.08344
1840,-5.09,4.077,299.772,0.709275,0.70906,-1,4.08456,nan,nan,nan,4.98893,4.08369
1841,-5.04,4.083,299.772,0.709552,0.709336,-1,4.08359,nan,nan,nan,4.98893,4.08395
1842,-4.98,4.082,299.772,0.709829,0.709612,-1,4.08351,nan,nan,nan,4.98893,4.0842
1843,-5,4.085,299.772,0.710106,0.709888,-1,4.08412,nan,nan,nan,4.98892,4.08445
1844,-5,4.088,299.772,0.710383,0.710163,-1,4.08476,nan,nan,nan,4.98892,4.08471
1845,-5.02,4.086,299.773,0.71066,0.710441,-1,4.0846,nan,nan,nan,4.98892,4.08496
1846,-5.07,4.081,299.773,0.710937,0.710719,-1,4.08519,nan,nan,nan,4.98891,4.08521
1847,-5.03,4.087,299.773,0.711214,0.710995,-1,4.08552,nan,nan,nan,4.98891,4.08547
1848,-4.91,4.087,299.773,0.711491,0.711271,-1,4.08445,nan,nan,nan,4.98891,4.08572
1849,-5.03,4.085,299.773,0.711768,0.711547,-1,4.08619,nan,nan,nan,4.9889,4.08597
1850,-5.05,4.088,299.773,0.712045,0.711823,-1,4.08641,nan,nan,nan,4.9889,4.08622
1851,-4.97,4.089,299.773,0.712322,0.7121,-1,4.08537,nan,nan,nan,4.9889,4.08647
1852,-5.01,4.089,299.773,0.712599,0.712376,-1,4.08609,nan,nan,nan,4.98889,4.08672
1853,-4.98,4.087,299.774,0.712876,0.712653,-1,4.0872,nan,nan,nan,4.98889,4.08698
1854,-4.99,4.09,299.774,0.713153,0.712929,-1,4.08696,nan,nan,nan,4.98889,4.08723
1855,-5.03,4.088,299.774,0.71343,0.713205,-1,4.087,nan,nan,nan,4.98888,4.08748
1856,-4.98,4.09,299.774,0.713707,0.713482,-1,4.08723,nan,nan,nan,4.98888,4.08773
1857,-5.02,4.09,299.774,0.713984,0.713758,-1,4.08795,nan,nan,nan,4.98887,4.08798
1858,-4.94,4.088,299.774,0.714261,0.714035,-1,4.08672,nan,nan,nan,4.98887,4.08823
1859,-4.98,4.088,299.774,0.714538,0.714311,-1,4.08759,nan,nan,nan,4.98887,4.08848
1860,-5,4.089,299.774,0.714815,0.714587,-1,4.08845,nan,nan,nan,4.98886,4.08873
1861,-4.99,4.088,299.775,0.715092,0.714864,-1,4.08845,nan,nan,nan,4.98886,4.08898
1862,-5.07,4.087,299.775,0.715369,0.715141,-1,4.08935,nan,nan,nan,4.98886,4.08922
1863,-4.99,4.089,299.775,0.715646,0.715417,-1,4.08838,nan,nan,nan,4.98885,4.08947
1864,-5.01,4.089,299.775,0.715923,0.715693,-1,4.08903,nan,nan,nan,4.98885,4.08972
1865,-5,4.093,299.775,0.7162,0.715969,-1,4.0889,nan,nan,nan,4.98885,4.08997
1866,-5.09,4.092,299.775,0.716477,0.716246,-1,4.09058,nan,nan,nan,4.98884,4.09022
1867,-4.95,4.092,299.775,0.716754,0.716524,-1,4.08965,nan,nan,nan,4.98884,4.09047
1868,-5.01,4.089,299.775,0.717031,0.716801,-1,4.09043,nan,nan,nan,4.98884,4.09072
1869,-5.06,4.091,299.775,0.717308,0.717078,-1,4.09046,nan,nan,nan,4.98883,4.09096
1870,-4.95,4.097,299.776,0.717585,0.717356,-1,4.09011,nan,nan,nan,4.98883,4.09121
1871,-4.92,4.089,299.776,0.717862,0.717632,-1,4.09007,nan,nan,nan,4.98883,4.09146
1872,-4.97,4.092,299.776,0.718139,0.717907,-1,4.09096,nan,nan,nan,4.98882,4.09171
1873,-5.06,4.095,299.776,0.718416,0.718183,-1,4.09196,nan,nan,nan,4.98882,4.09195
1874,-5.04,4.093,299.776,0.718693,0.718461,-1,4.09166,nan,nan,nan,4.98882,4.0922
1875,-5.04,4.094,299.776,0.71897,0.718738,-1,4.09344,nan,nan,nan,4.98881,4.09245
1876,-4.97,4.091,299.776,0.719247,0.719015,-1,4.09195,nan,nan,nan,4.98881,4.09269
1877,-5.02,4.092,299.776,0.719524,0.719291,-1,4.09264,nan,nan,nan,4.98881,4.09294
1878,-5.05,4.094,299.777,0.719801,0.719569,-1,4.09264,nan,nan,nan,4.9888,4.09319
1879,-5.02,4.093,299.777,0.720078,0.719845,-1,4.09342,nan,nan,nan,4.9888,4.09343
1880,-5,4.098,299.777,0.720355,0.720123,-1,4.09332,nan,nan,nan,4.9888,4.09368
1881,-4.98,4.092,299.777,0.720632,0.7204,-1,4.09291,nan,nan,nan,4.98879,4.09393
1882,-4.96,4.091,299.777,0.720909,0.720676,-1,4.09301,nan,nan,nan,4.98879,4.09417
1883,-4.97,4.094,299.777,0.721186,0.720953,-1,4.09386,nan,nan,nan,4.98879,4.09442
1884,-5.07,4.095,299.777,0.721463,0.72123,-1,4.09419,nan,nan,nan,4.98878,4.09466
1885,-4.97,4.094,299.777,0.72174,0.721508,-1,4.09409,nan,nan,nan,4.98878,4.09491
1886,-5,4.091,299.778,0.722017,0.721786,-1,4.09494,nan,nan,nan,4.98878,4.09515
1887,-5.06,4.096,299.778,0.722294,0.722064,-1,4.09537,nan,nan,nan,4.98877,4.0954
1888,-5.02,4.096,299.778,0.722571,0.722341,-1,4.09568,nan,nan,nan,4.98877,4.09565
1889,-5.12,4.096,299.778,0.722848,0.722618,-1,4.09719,nan,nan,nan,4.98877,4.09589
1890,-5.01,4.096,299.778,0.723125,0.722896,-1,4.09587,nan,nan,nan,4.98876,4.09614
1891,-4.91,4.096,299.778,0.723402,0.723172,-1,4.09495,nan,nan,nan,4.98876,4.09638
1892,-5,4.094,299.778,0.723679,0.723447,-1,4.09663,nan,nan,nan,4.98876,4.09663
1893,-4.99,4.097,299.778,0.723956,0.723725,-1,4.0965,nan,nan,nan,4.98875,4.09687
1894,-4.89,4.099,299.778,0.724233,0.724001,-1,4.09482,nan,nan,nan,4.98875,4.09712
1895,-5.04,4.094,299.779,0.72451,0.724277,-1,4.09718,nan,nan,nan,4.98875,4.09736
1896,-5.04,4.098,299.779,0.724787,0.724554,-1,4.09804,nan,nan,nan,4.98874,4.09761
1897,-4.95,4.1,299.779,0.725064,0.72483,-1,4.09692,nan,nan,nan,4.98874,4.09785
1898,-4.96,4.1,299.779,0.725341,0.725105,-1,4.09769,nan,nan,nan,4.98874,4.0981
1899,-5.04,4.096,299.779,0.725618,0.725381,-1,4.09839,nan,nan,nan,4.98873,4.09834
1900,-5.03,4.102,299.779,0.725895,0.725657,-1,4.09848,nan,nan,nan,4.98873,4.09859
1901,-4.96,4.097,299.779,0.726172,0.725934,-1,4.09778,nan,nan,nan,4.98873,4.09883
1902,-5.02,4.099,299.779,0.726449,0.726212,-1,4.09873,nan,nan,nan,4.98872,4.09908
1903,-5.02,4.099,299.78,0.726726,0.726489,-1,4.09961,nan,nan,nan,4.98872,4.09932
1904,-5,4.097,299.78,0.727003,0.726764,-1,4.09911,nan,nan,nan,4.98872,4.09957
1905,-5.03,4.101,299.78,0.72728,0.727039,-1,4.0996,nan,nan,nan,4.98871,4.09981
1906,-5.04,4.101,299.78,0.727557,0.727317,-1,4.09984,nan,nan,nan,4.98871,4.10005
1907,-5,4.099,299.78,0.727834,0.727595,-1,4.09978,nan,nan,nan,4.98871,4.1003
1908,-5.04,4.101,299.78,0.728111,0.727871,-1,4.10022,nan,nan,nan,4.9887,4.10054
1909,-5.02,4.1,299.78,0.728388,0.728147,-1,4.10048,nan,nan,nan,4.9887,4.10079
1910,-4.99,4.103,299.78,0.728665,0.728423,-1,4.10001,nan,nan,nan,4.9887,4.10103
1911,-5.05,4.102,299.78,0.728942,0.728698,-1,4.10198,nan,nan,nan,4.98869,4.10128
1912,-4.96,4.1,299.781,0.729219,0.728975,-1,4.10137,nan,nan,nan,4.98869,4.10152
1913,-4.95,4.101,299.781,0.729496,0.729252,-1,4.10147,nan,nan,nan,4.98869,4.10177
1914,-4.96,4.102,299.781,0.729773,0.729528,-1,4.10108,nan,nan,nan,4.98868,4.10201
1915,-5.08,4.104,299.781,0.73005,0.729804,-1,4.10197,nan,nan,nan,4.98868,4.10225
1916,-5.03,4.103,299.781,0.730327,0.730082,-1,4.10283,nan,nan,nan,4.98868,4.1025
1917,-5.11,4.102,299.781,0.730604,0.730359,-1,4.10318,nan,nan,nan,4.98867,4.10274
1918,-4.91,4.103,299.781,0.730881,0.730636,-1,4.10107,nan,nan,nan,4.98867,4.10299
1919,-5.04,4.104,299.781,0.731158,0.730911,-1,4.10326,nan,nan,nan,4.98867,4.10323
1920,-5.04,4.105,299.782,0.731435,0.731186,-1,4.10335,nan,nan,nan,4.98866,4.10348
1921,-4.99,4.101,299.782,0.731712,0.731463,-1,4.10328,nan,nan,nan,4.98866,4.10372
1922,-5.03,4.103,299.782,0.731989,0.73174,-1,4.10388,nan,nan,nan,4.98866,4.10397
1923,-4.99,4.104,299.782,0.732267,0.732018,-1,4.10358,nan,nan,nan,4.98865,4.10421
1924,-5.02,4.108,299.782,0.732544,0.732294,-1,4.10446,nan,nan,nan,4.98865,4.10446
1925,-5.09,4.105,299.782,0.732821,0.732572,-1,4.10499,nan,nan,nan,4.98865,4.1047
1926,-4.98,4.103,299.782,0.733098,0.732848,-1,4.10452,nan,nan,nan,4.98864,4.10495
1927,-4.96,4.107,299.782,0.733375,0.733124,-1,4.10435,nan,nan,nan,4.98864,4.10519
1928,-4.96,4.104,299.782,0.733652,0.733401,-1,4.10459,nan,nan,nan,4.98864,4.10543
1929,-4.94,4.105,299.783,0.733929,0.733677,-1,4.104,nan,nan,nan,4.98863,4.10568
1930,-4.96,4.103,299.783,0.734206,0.733954,-1,4.10457,nan,nan,nan,4.98863,4.10592
1931,-4.93,4.106,299.783,0.734483,0.734231,-1,4.10471,nan,nan,nan,4.98863,4.10617
1932,-5,4.103,299.783,0.73476,0.734509,-1,4.10636,nan,nan,nan,4.98862,4.10641
1933,-5.12,4.105,299.783,0.735037,0.734786,-1,4.1075,nan,nan,nan,4.98862,4.10666
1934,-5.04,4.108,299.783,0.735314,0.735063,-1,4.10772,nan,nan,nan,4.98862,4.1069
1935,-5.04,4.107,299.783,0.735591,0.735341,-1,4.10713,nan,nan,nan,4.98861,4.10715
1936,-5.08,4.106,299.783,0.735868,0.735619,-1,4.10766,nan,nan,nan,4.98861,4.10739
1937,-4.82,4.11,299.783,0.736145,0.735896,-1,4.1055,nan,nan,nan,4.98861,4.10764
1938,-4.96,4.107,299.784,0.736422,0.736171,-1,4.10693,nan,nan,nan,4.9886,4.10789
1939,-5.04,4.108,299.784,0.736699,0.736446,-1,4.10827,nan,nan,nan,4.9886,4.10813
1940,-5.06,4.107,299.784,0.736976,0.736723,-1,4.10888,nan,nan,nan,4.9886,4.10838
1941,-4.97,4.106,299.784,0.737253,0.737,-1,4.10821,nan,nan,nan,4.98859,4.10862
1942,-4.98,4.108,299.784,0.73753,0.737275,-1,4.10861,nan,nan,nan,4.98859,4.10887
1943,-4.99,4.11,299.784,0.737807,0.73755,-1,4.10854,nan,nan,nan,4.98859,4.10911
1944,-5.06,4.108,299.784,0.738084,0.737826,-1,4.10931,nan,nan,nan,4.98858,4.10936
1945,-4.99,4.107,299.784,0.738361,0.738103,-1,4.10799,nan,nan,nan,4.98858,4.1096
1946,-5.03,4.109,299.784,0.738638,0.738379,-1,4.11005,nan,nan,nan,4.98858,4.10985
1947,-5.06,4.109,299.785,0.738915,0.738656,-1,4.11095,nan,nan,nan,4.98857,4.1101
1948,-5.04,4.11,299.785,0.739192,0.738934,-1,4.11034,nan,nan,nan,4.98857,4.11034
1949,-4.97,4.111,299.785,0.739469,0.739212,-1,4.11034,nan,nan,nan,4.98857,4.11059
1950,-5.02,4.11,299.785,0.739746,0.739489,-1,4.11052,nan,nan,nan,4.98856,4.11083
1951,-5.05,4.111,299.785,0.740023,0.739765,-1,4.11191,nan,nan,nan,4.98856,4.11108
1952,-5.02,4.115,299.785,0.7403,0.740043,-1,4.11098,nan,nan,nan,4.98856,4.11133
1953,-5.05,4.109,299.785,0.740577,0.74032,-1,4.11093,nan,nan,nan,4.98855,4.11157
1954,-4.99,4.114,299.785,0.740854,0.740596,-1,4.11146,nan,nan,nan,4.98855,4.11182
1955,-5.08,4.114,299.786,0.741131,0.740873,-1,4.11297,nan,nan,nan,4.98855,4.11206
1956,-4.94,4.109,299.786,0.741408,0.741149,-1,4.11075,nan,nan,nan,4.98854,4.11231
1957,-4.94,4.114,299.786,0.741685,0.741425,-1,4.1115,nan,nan,nan,4.98854,4.11256
1958,-4.98,4.111,299.786,0.741962,0.741702,-1,4.11248,nan,nan,nan,4.98854,4.1128
1959,-4.98,4.115,299.786,0.742239,0.741978,-1,4.11206,nan,nan,nan,4.98853,4.11305
1960,-4.92,4.112,299.786,0.742516,0.742255,-1,4.1118,nan,nan,nan,4.98853,4.1133
1961,-4.97,4.113,299.786,0.742793,0.742533,-1,4.11255,nan,nan,nan,4.98853,4.11355
1962,-5.05,4.115,299.786,0.74307,0.74281,-1,4.11388,nan,nan,nan,4.98852,4.11379
1963,-4.97,4.116,299.786,0.743347,0.743087,-1,4.11369,nan,nan,nan,4.98852,4.11404
1964,-5.1,4.116,299.787,0.743624,0.743363,-1,4.11482,nan,nan,nan,4.98852,4.11429
1965,-5.06,4.112,299.787,0.743901,0.743641,-1,4.11448,nan,nan,nan,4.98851,4.11453
1966,-4.92,4.114,299.787,0.744178,0.743918,-1,4.11326,nan,nan,nan,4.98851,4.11478
1967,-4.92,4.118,299.787,0.744455,0.744194,-1,4.11381,nan,nan,nan,4.98851,4.11503
1968,-5.06,4.113,299.787,0.744732,0.744471,-1,4.11538,nan,nan,nan,4.9885,4.11528
1969,-4.96,4.117,299.787,0.74501,0.744747,-1,4.11462,nan,nan,nan,4.9885,4.11552
1970,-5.02,4.114,299.787,0.745287,0.745023,-1,4.11536,nan,nan,nan,4.9885,4.11577
1971,-5.01,4.117,299.787,0.745564,0.7453,-1,4.11542,nan,nan,nan,4.98849,4.11602
1972,-4.98,4.118,299.787,0.745841,0.745577,-1,4.11534,nan,nan,nan,4.98849,4.11627
1973,-4.97,4.116,299.788,0.746118,0.745854,-1,4.11584,nan,nan,nan,4.98849,4.11652
1974,-5.06,4.119,299.788,0.746395,0.746131,-1,4.11663,nan,nan,nan,4.98848,4.11676
1975,-5,4.116,299.788,0.746672,0.746407,-1,4.1166,nan,nan,nan,4.98848,4.11701
1976,-4.99,4.118,299.788,0.746949,0.746684,-1,4.11668,nan,nan,nan,4.98848,4.11726
1977,-5.02,4.12,299.788,0.747226,0.746959,-1,4.11797,nan,nan,nan,4.98847,4.11751
1978,-5.03,4.115,299.788,0.747503,0.747237,-1,4.11799,nan,nan,nan,4.98847,4.11776
1979,-4.99,4.119,299.788,0.74778,0.747514,-1,4.11718,nan,nan,nan,4.98847,4.11801
1980,-4.95,4.118,299.788,0.748057,0.74779,-1,4.11675,nan,nan,nan,4.98846,4.11826
1981,-4.92,4.115,299.788,0.748334,0.748066,-1,4.11741,nan,nan,nan,4.98846,4.11851
1982,-4.99,4.12,299.788,0.748611,0.748341,-1,4.1186,nan,nan,nan,4.98846,4.11875
1983,-4.98,4.118,299.789,0.748888,0.748617,-1,4.11821,nan,nan,nan,4.98845,4.119
1984,-4.93,4.121,299.789,0.749165,0.748895,-1,4.11764,nan,nan,nan,4.98845,4.11925
1985,-4.95,4.116,299.789,0.749442,0.749171,-1,4.11835,nan,nan,nan,4.98845,4.1195
1986,-4.93,4.121,299.789,0.749719,0.749448,-1,4.11788,nan,nan,nan,4.98844,4.11975
1987,-5.01,4.123,299.789,0.749996,0.749725,-1,4.12001,nan,nan,nan,4.98844,4.12
1988,-5.14,4.117,299.789,0.750273,0.750003,-1,4.12191,nan,nan,nan,4.98844,4.12025
1989,-4.99,4.12,299.789,0.75055,0.75028,-1,4.12045,nan,nan,nan,4.98843,4.1205
1990,-5.01,4.12,299.789,0.750827,0.750557,-1,4.12056,nan,nan,nan,4.98843,4.12075
1991,-4.92,4.121,299.789,0.751104,0.750834,-1,4.11971,nan,nan,nan,4.98843,4.121
1992,-5.01,4.119,299.79,0.751381,0.751111,-1,4.12063,nan,nan,nan,4.98842,4.12125
1993,-4.93,4.12,299.79,0.751658,0.751388,-1,4.12041,nan,nan,nan,4.98842,4.1215
1994,-4.99,4.123,299.79,0.751935,0.751665,-1,4.12099,nan,nan,nan,4.98842,4.12175
1995,-5.02,4.117,299.79,0.752212,0.751943,-1,4.1219,nan,nan,nan,4.98841,4.122
1996,-4.97,4.125,299.79,0.752489,0.752219,-1,4.12162,nan,nan,nan,4.98841,4.12225
1997,-5.04,4.125,299.79,0.752766,0.752495,-1,4.12268,nan,nan,nan,4.98841,4.1225
1998,-4.93,4.126,299.79,0.753043,0.752773,-1,4.12151,nan,nan,nan,4.9884,4.12276
1999,-5.14,4.121,299.79,0.75332,0.75305,-1,4.12416,nan,nan,nan,4.9884,4.12301
2000,-5.07,4.123,299.79,0.753597,0.753328,-1,4.12408,nan,nan,nan,4.9884,4.12326
2001,-4.96,4.124,299.791,0.753874,0.753604,-1,4.12274,nan,nan,nan,4.98839,4.12351
2002,-5.02,4.126,299.791,0.754151,0.753881,-1,4.12346,nan,nan,nan,4.98839,4.12376
2003,-4.92,4.124,299.791,0.754429,0.754159,-1,4.12266,nan,nan,nan,4.98839,4.12401
2004,-4.97,4.125,299.791,0.754706,0.754435,-1,4.12318,nan,nan,nan,4.98838,4.12426
2005,-5.03,4.122,299.791,0.754983,0.754712,-1,4.12414,nan,nan,nan,4.98838,4.12452
2006,-5.1,4.125,299.791,0.75526,0.754989,-1,4.12518,nan,nan,nan,4.98838,4.12477
2007,-4.95,4.126,299.791,0.755537,0.755267,-1,4.12426,nan,nan,nan,4.98837,4.12502
2008,-4.98,4.124,299.791,0.755814,0.755543,-1,4.12396,nan,nan,nan,4.98837,4.12527
2009,-5.06,4.127,299.791,0.756091,0.755818,-1,4.12608,nan,nan,nan,4.98837,4.12552
2010,-4.96,4.128,299.792,0.756368,0.756096,-1,4.12448,nan,nan,nan,4.98837,4.12578
2011,-5.02,4.128,299.792,0.756645,0.756372,-1,4.12571,nan,nan,nan,4.98836,4.12603
2012,-5.09,4.125,299.792,0.756922,0.756649,-1,4.12658,nan,nan,nan,4.98836,4.12628
2013,-5.04,4.129,299.792,0.757199,0.756926,-1,4.12643,nan,nan,nan,4.98836,4.12653
2014,-4.98,4.124,299.792,0.757476,0.757204,-1,4.12608,nan,nan,nan,4.98835,4.12679
2015,-5.08,4.126,299.792,0.757753,0.757481,-1,4.12735,nan,nan,nan,4.98835,4.12704
2016,-5.03,4.124,299.792,0.75803,0.757757,-1,4.1273,nan,nan,nan,4.98835,4.12729
2017,-5.01,4.129,299.792,0.758307,0.758034,-1,4.12682,nan,nan,nan,4.98834,4.12755
2018,-5.03,4.128,299.792,0.758584,0.758311,-1,4.12719,nan,nan,nan,4.98834,4.1278
2019,-5.06,4.127,299.792,0.758861,0.758587,-1,4.12834,nan,nan,nan,4.98834,4.12805
2020,-5.04,4.126,299.793,0.759138,0.758864,-1,4.128,nan,nan,nan,4.98833,4.12831
2021,-5.1,4.133,299.793,0.759415,0.759142,-1,4.12892,nan,nan,nan,4.98833,4.12856
2022,-4.99,4.133,299.793,0.759692,0.759419,-1,4.12791,nan,nan,nan,4.98833,4.12881
2023,-5.02,4.13,299.793,0.759969,0.759695,-1,4.12872,nan,nan,nan,4.98832,4.12907
2024,-4.99,4.132,299.793,0.760246,0.759973,-1,4.12858,nan,nan,nan,4.98832,4.12932
2025,-5.06,4.126,299.793,0.760523,0.760249,-1,4.12986,nan,nan,nan,4.98832,4.12957
2026,-5.01,4.13,299.793,0.7608,0.760527,-1,4.12961,nan,nan,nan,4.98831,4.12983
2027,-5.08,4.132,299.793,0.761077,0.760805,-1,4.1309,nan,nan,nan,4.98831,4.13008
2028,-4.99,4.13,299.793,0.761354,0.761083,-1,4.12975,nan,nan,nan,4.98831,4.13034
2029,-5.08,4.132,299.794,0.761631,0.761359,-1,4.13091,nan,nan,nan,4.9883,4.13059
2030,-5,4.129,299.794,0.761908,0.761636,-1,4.13023,nan,nan,nan,4.9883,4.13085
2031,-5.07,4.126,299.794,0.762185,0.761912,-1,4.13167,nan,nan,nan,4.9883,4.1311
2032,-5.02,4.132,299.794,0.762463,0.762189,-1,4.1311,nan,nan,nan,4.98829,4.13136
2033,-4.96,4.134,299.794,0.76274,0.762465,-1,4.1303,nan,nan,nan,4.98829,4.13161
2034,-4.98,4.135,299.794,0.763017,0.762743,-1,4.13095,nan,nan,nan,4.98829,4.13187
2035,-4.95,4.136,299.794,0.763294,0.76302,-1,4.13147,nan,nan,nan,4.98828,4.13212
2036,-5.03,4.132,299.794,0.763571,0.763295,-1,4.13156,nan,nan,nan,4.98828,4.13238
2037,-4.96,4.132,299.794,0.763848,0.763571,-1,4.13205,nan,nan,nan,4.98828,4.13263
2038,-4.99,4.134,299.794,0.764125,0.763847,-1,4.13216,nan,nan,nan,4.98827,4.13289
2039,-5,4.132,299.795,0.764402,0.764123,-1,4.13251,nan,nan,nan,4.98827,4.13314
2040,-5.07,4.136,299.795,0.764679,0.764399,-1,4.13391,nan,nan,nan,4.98827,4.1334
2041,-5.06,4.132,299.795,0.764956,0.764676,-1,4.13452,nan,nan,nan,4.98826,4.13365
2042,-5.07,4.133,299.795,0.765233,0.764952,-1,4.13398,nan,nan,nan,4.98826,4.13391
2043,-4.97,4.137,299.795,0.76551,0.765229,-1,4.13279,nan,nan,nan,4.98826,4.13417
2044,-4.99,4.133,299.795,0.765787,0.765505,-1,4.13382,nan,nan,nan,4.98825,4.13442
2045,-5.03,4.133,299.795,0.766064,0.765781,-1,4.13427,nan,nan,nan,4.98825,4.13468
2046,-4.96,4.139,299.795,0.766341,0.766058,-1,4.13364,nan,nan,nan,4.98825,4.13493
2047,-5.03,4.13,299.795,0.766618,0.766334,-1,4.13526,nan,nan,nan,4.98824,4.13519
2048,-4.97,4.131,299.795,0.766895,0.766612,-1,4.13454,nan,nan,nan,4.98824,4.13545
2049,-5.07,4.136,299.796,0.767172,0.766887,-1,4.13612,nan,nan,nan,4.98824,4.1357
2050,-5,4.135,299.796,0.767449,0.767165,-1,4.13513,nan,nan,nan,4.98823,4.13596
2051,-5.06,4.139,299.796,0.767726,0.767443,-1,4.1367,nan,nan,nan,4.98823,4.13622
2052,-4.98,4.135,299.796,0.768003,0.767721,-1,4.13568,nan,nan,nan,4.98823,4.13647
2053,-4.98,4.138,299.796,0.76828,0.767998,-1,4.13587,nan,nan,nan,4.98822,4.13673
2054,-4.92,4.139,299.796,0.768557,0.768273,-1,4.13473,nan,nan,nan,4.98822,4.13699
2055,-4.98,4.139,299.796,0.768834,0.768549,-1,4.13609,nan,nan,nan,4.98822,4.13724
2056,-5.05,4.139,299.796,0.769111,0.768826,-1,4.1378,nan,nan,nan,4.98822,4.1375
2057,-5.01,4.138,299.796,0.769389,0.769102,-1,4.13783,nan,nan,nan,4.98821,4.13776
2058,-5.05,4.137,299.797,0.769666,0.769378,-1,4.1382,nan,nan,nan,4.98821,4.13802
2059,-5.05,4.138,299.797,0.769943,0.769656,-1,4.13824,nan,nan,nan,4.98821,4.13827
2060,-4.99,4.139,299.797,0.77022,0.769933,-1,4.13815,nan,nan,nan,4.9882,4.13853
2061,-5.07,4.139,299.797,0.770497,0.770211,-1,4.13917,nan,nan,nan,4.9882,4.13879
2062,-4.99,4.142,299.797,0.770774,0.770489,-1,4.13849,nan,nan,nan,4.9882,4.13905
2063,-5.06,4.137,299.797,0.771051,0.770766,-1,4.13919,nan,nan,nan,4.98819,4.1393
2064,-5.04,4.137,299.797,0.771328,0.771044,-1,4.13919,nan,nan,nan,4.98819,4.13956
2065,-5.07,4.141,299.797,0.771605,0.77132,-1,4.1396,nan,nan,nan,4.98819,4.13982
2066,-4.99,4.139,299.797,0.771882,0.771598,-1,4.13936,nan,nan,nan,4.98818,4.14008
2067,-5.05,4.143,299.797,0.772159,0.771874,-1,4.14071,nan,nan,nan,4.98818,4.14033
2068,-5.02,4.136,299.798,0.772436,0.772151,-1,4.14021,nan,nan,nan,4.98818,4.14059
2069,-5.04,4.141,299.798,0.772713,0.772426,-1,4.14047,nan,nan,nan,4.98817,4.14085
2070,-4.98,4.139,299.798,0.77299,0.772703,-1,4.14022,nan,nan,nan,4.98817,4.14111
2071,-4.99,4.143,299.798,0.773267,0.772979,-1,4.14072,nan,nan,nan,4.98817,4.14137
2072,-5.03,4.142,299.798,0.773544,0.773255,-1,4.14131,nan,nan,nan,4.98816,4.14163
2073,-5.03,4.143,299.798,0.773821,0.773532,-1,4.14134,nan,nan,nan,4.98816,4.14188
2074,-5.03,4.143,299.798,0.774098,0.773808,-1,4.14205,nan,nan,nan,4.98816,4.14214
2075,-4.92,4.148,299.798,0.774375,0.774083,-1,4.14072,nan,nan,nan,4.98815,4.1424
2076,-4.95,4.143,299.798,0.774652,0.774359,-1,4.14145,nan,nan,nan,4.98815,4.14266
2077,-4.99,4.144,299.798,0.774929,0.774637,-1,4.14182,nan,nan,nan,4.98815,4.14292
2078,-5.01,4.145,299.799,0.775206,0.774912,-1,4.14244,nan,nan,nan,4.98814,4.14318
2079,-5.03,4.142,299.799,0.775483,0.775189,-1,4.1427,nan,nan,nan,4.98814,4.14344
2080,-4.99,4.144,299.799,0.775761,0.775465,-1,4.14302,nan,nan,nan,4.98814,4.14369
2081,-5.07,4.143,299.799,0.776038,0.775742,-1,4.14448,nan,nan,nan,4.98813,4.14395
2082,-5.03,4.141,299.799,0.776315,0.776019,-1,4.14379,nan,nan,nan,4.98813,4.14421
2083,-4.96,4.142,299.799,0.776592,0.776296,-1,4.1439,nan,nan,nan,4.98813,4.14447
2084,-4.96,4.144,299.799,0.776869,0.776572,-1,4.14428,nan,nan,nan,4.98812,4.14473
2085,-5.01,4.148,299.799,0.777146,0.776848,-1,4.14402,nan,nan,nan,4.98812,4.14499
2086,-5.02,4.146,299.799,0.777423,0.777125,-1,4.14501,nan,nan,nan,4.98812,4.14525
2087,-5.02,4.149,299.799,0.7777,0.777402,-1,4.1451,nan,nan,nan,4.98811,4.14551
2088,-4.94,4.148,299.8,0.777977,0.777678,-1,4.14477,nan,nan,nan,4.98811,4.14577
2089,-5.06,4.148,299.8,0.778254,0.777954,-1,4.14624,nan,nan,nan,4.98811,4.14603
2090,-4.94,4.146,299.8,0.778531,0.778233,-1,4.14553,nan,nan,nan,4.98811,4.14628
2091,-4.95,4.148,299.8,0.778808,0.778508,-1,4.14513,nan,nan,nan,4.9881,4.14654
2092,-4.96,4.143,299.8,0.779085,0.778784,-1,4.146,nan,nan,nan,4.9881,4.1468
2093,-4.97,4.15,299.8,0.779362,0.779061,-1,4.14655,nan,nan,nan,4.9881,4.14706
2094,-5.03,4.147,299.8,0.779639,0.779336,-1,4.14706,nan,nan,nan,4.98809,4.14732
2095,-4.99,4.149,299.8,0.779916,0.779613,-1,4.14692,nan,nan,nan,4.98809,4.14758
2096,-5.06,4.152,299.8,0.780193,0.77989,-1,4.14766,nan,nan,nan,4.98809,4.14784
2097,-4.91,4.15,299.8,0.78047,0.780167,-1,4.14672,nan,nan,nan,4.98808,4.1481
2098,-4.96,4.151,299.801,0.780747,0.780443,-1,4.14706,nan,nan,nan,4.98808,4.14836
2099,-4.97,4.149,299.801,0.781024,0.780719,-1,4.14826,nan,nan,nan,4.98808,4.14862
2100,-5.05,4.15,299.801,0.781301,0.780995,-1,4.14827,nan,nan,nan,4.98807,4.14888
2101,-5,4.15,299.801,0.781579,0.781273,-1,4.14894,nan,nan,nan,4.98807,4.14914
2102,-5.09,4.153,299.801,0.781856,0.78155,-1,4.15054,nan,nan,nan,4.98807,4.1494
2103,-5.07,4.148,299.801,0.782133,0.781827,-1,4.15028,nan,nan,nan,4.98806,4.14966
2104,-5.01,4.149,299.801,0.78241,0.782103,-1,4.14917,nan,nan,nan,4.98806,4.14992
2105,-4.94,4.15,299.801,0.782687,0.78238,-1,4.14848,nan,nan,nan,4.98806,4.15018
2106,-5.02,4.148,299.801,0.782964,0.782656,-1,4.15066,nan,nan,nan,4.98805,4.15044
2107,-4.95,4.149,299.801,0.783241,0.782931,-1,4.14935,nan,nan,nan,4.98805,4.15069
2108,-4.98,4.149,299.801,0.783518,0.783209,-1,4.15007,nan,nan,nan,4.98805,4.15095
2109,-4.98,4.151,299.802,0.783795,0.783485,-1,4.15044,nan,nan,nan,4.98804,4.15121
2110,-5.02,4.15,299.802,0.784072,0.783761,-1,4.15126,nan,nan,nan,4.98804,4.15147
2111,-5,4.149,299.802,0.784349,0.784038,-1,4.15142,nan,nan,nan,4.98804,4.15173
2112,-4.94,4.15,299.802,0.784626,0.784314,-1,4.15045,nan,nan,nan,4.98803,4.15199
2113,-4.96,4.155,299.802,0.784903,0.784591,-1,4.15156,nan,nan,nan,4.98803,4.15225
2114,-5.02,4.152,299.802,0.78518,0.784869,-1,4.15279,nan,nan,nan,4.98803,4.15251
2115,-5.04,4.157,299.802,0.785457,0.785146,-1,4.15273,nan,nan,nan,4.98803,4.15277
2116,-5.03,4.152,299.802,0.785734,0.785423,-1,4.15291,nan,nan,nan,4.98802,4.15303
2117,-4.94,4.156,299.802,0.786011,0.785699,-1,4.15251,nan,nan,nan,4.98802,4.15329
2118,-4.96,4.154,299.802,0.786288,0.785975,-1,4.15288,nan,nan,nan,4.98802,4.15355
2119,-4.96,4.155,299.803,0.786565,0.786252,-1,4.15249,nan,nan,nan,4.98801,4.15381
2120,-5.09,4.155,299.803,0.786843,0.786528,-1,4.15434,nan,nan,nan,4.98801,4.15407
2121,-4.96,4.154,299.803,0.78712,0.786806,-1,4.15332,nan,nan,nan,4.98801,4.15433
2122,-5.04,4.154,299.803,0.787397,0.787082,-1,4.15472,nan,nan,nan,4.988,4.15459
2123,-4.93,4.151,299.803,0.787674,0.78736,-1,4.15336,nan,nan,nan,4.988,4.15485
2124,-4.95,4.154,299.803,0.787951,0.787637,-1,4.15403,nan,nan,nan,4.988,4.1551
2125,-5.09,4.156,299.803,0.788228,0.787914,-1,4.15617,nan,nan,nan,4.98799,4.15536
2126,-5.09,4.153,299.803,0.788505,0.788189,-1,4.15569,nan,nan,nan,4.98799,4.15562
2127,-5,4.159,299.803,0.788782,0.788466,-1,4.15495,nan,nan,nan,4.98799,4.15588
2128,-5.11,4.158,299.803,0.789059,0.788743,-1,4.15638,nan,nan,nan,4.98798,4.15614
2129,-4.93,4.159,299.803,0.789336,0.789021,-1,4.15486,nan,nan,nan,4.98798,4.1564
2130,-5.03,4.158,299.804,0.789613,0.789297,-1,4.15639,nan,nan,nan,4.98798,4.15666
2131,-4.96,4.157,299.804,0.78989,0.789574,-1,4.1564,nan,nan,nan,4.98797,4.15692
2132,-5,4.155,299.804,0.790167,0.78985,-1,4.15649,nan,nan,nan,4.98797,4.15718
2133,-4.98,4.155,299.804,0.790444,0.790127,-1,4.15646,nan,nan,nan,4.98797,4.15743
2134,-5.05,4.159,299.804,0.790721,0.790405,-1,4.15719,nan,nan,nan,4.98796,4.15769
2135,-4.97,4.159,299.804,0.790998,0.79068,-1,4.15718,nan,nan,nan,4.98796,4.15795
2136,-5.02,4.157,299.804,0.791275,0.790957,-1,4.15766,nan,nan,nan,4.98796,4.15821
2137,-4.99,4.157,299.804,0.791552,0.791232,-1,4.15746,nan,nan,nan,4.98795,4.15847
2138,-5.03,4.159,299.804,0.79183,0.791509,-1,4.15843,nan,nan,nan,4.98795,4.15873
2139,-5.05,4.159,299.804,0.792107,0.791787,-1,4.1588,nan,nan,nan,4.98795,4.15899
2140,-4.97,4.161,299.805,0.792384,0.792065,-1,4.15805,nan,nan,nan,4.98795,4.15924
2141,-5.02,4.162,299.805,0.792661,0.792342,-1,4.15881,nan,nan,nan,4.98794,4.1595
2142,-4.97,4.16,299.805,0.792938,0.792619,-1,4.15881,nan,nan,nan,4.98794,4.15976
2143,-5.01,4.164,299.805,0.793215,0.792894,-1,4.1603,nan,nan,nan,4.98794,4.16002
2144,-5.04,4.163,299.805,0.793492,0.79317,-1,4.16037,nan,nan,nan,4.98793,4.16028
2145,-5.07,4.159,299.805,0.793769,0.793446,-1,4.16068,nan,nan,nan,4.98793,4.16053
2146,-4.9,4.159,299.805,0.794046,0.793722,-1,4.15905,nan,nan,nan,4.98793,4.16079
2147,-5.07,4.159,299.805,0.794323,0.793998,-1,4.16121,nan,nan,nan,4.98792,4.16105
2148,-5.01,4.161,299.805,0.7946,0.794274,-1,4.16004,nan,nan,nan,4.98792,4.16131
2149,-5.05,4.162,299.805,0.794877,0.794551,-1,4.16175,nan,nan,nan,4.98792,4.16156
2150,-4.99,4.162,299.805,0.795154,0.794829,-1,4.16103,nan,nan,nan,4.98791,4.16182
2151,-4.98,4.163,299.806,0.795431,0.795104,-1,4.16136,nan,nan,nan,4.98791,4.16208
2152,-5.09,4.162,299.806,0.795708,0.795381,-1,4.16255,nan,nan,nan,4.98791,4.16233
2153,-5.06,4.162,299.806,0.795985,0.795658,-1,4.16192,nan,nan,nan,4.9879,4.16259
2154,-4.97,4.164,299.806,0.796262,0.795934,-1,4.16152,nan,nan,nan,4.9879,4.16285
2155,-5.02,4.162,299.806,0.796539,0.79621,-1,4.16346,nan,nan,nan,4.9879,4.1631
2156,-5.1,4.163,299.806,0.796817,0.796486,-1,4.16345,nan,nan,nan,4.98789,4.16336
2157,-5.01,4.164,299.806,0.797094,0.796763,-1,4.16266,nan,nan,nan,4.98789,4.16362
2158,-4.92,4.161,299.806,0.797371,0.797038,-1,4.16249,nan,nan,nan,4.98789,4.16387
2159,-5.04,4.165,299.806,0.797648,0.797313,-1,4.16393,nan,nan,nan,4.98788,4.16413
2160,-4.99,4.166,299.806,0.797925,0.797591,-1,4.16388,nan,nan,nan,4.98788,4.16438
2161,-5.05,4.166,299.806,0.798202,0.797868,-1,4.16452,nan,nan,nan,4.98788,4.16464
2162,-5.03,4.164,299.807,0.798479,0.798144,-1,4.16427,nan,nan,nan,4.98788,4.1649
2163,-5.01,4.161,299.807,0.798756,0.798421,-1,4.16467,nan,nan,nan,4.98787,4.16515
2164,-4.96,4.164,299.807,0.799033,0.798697,-1,4.16456,nan,nan,nan,4.98787,4.16541
2165,-5.04,4.164,299.807,0.79931,0.798973,-1,4.16593,nan,nan,nan,4.98787,4.16566
2166,-5.01,4.164,299.807,0.799587,0.799249,-1,4.16553,nan,nan,nan,4.98786,4.16592
2167,-5,4.162,299.807,0.799864,0.799525,-1,4.16519,nan,nan,nan,4.98786,4.16617
2168,-4.98,4.17,299.807,0.800141,0.799801,-1,4.16543,nan,nan,nan,4.98786,4.16643
2169,-4.99,4.168,299.807,0.800418,0.800077,-1,4.16535,nan,nan,nan,4.98785,4.16668
2170,-5.08,4.165,299.807,0.800695,0.800353,-1,4.16714,nan,nan,nan,4.98785,4.16694
2171,-4.98,4.171,299.807,0.800972,0.80063,-1,4.16569,nan,nan,nan,4.98785,4.16719
2172,-5,4.164,299.807,0.80125,0.800907,-1,4.16693,nan,nan,nan,4.98784,4.16744
2173,-5.05,4.165,299.808,0.801527,0.801185,-1,4.16736,nan,nan,nan,4.98784,4.1677
2174,-5.01,4.168,299.808,0.801804,0.801459,-1,4.16715,nan,nan,nan,4.98784,4.16795
2175,-4.92,4.167,299.808,0.802081,0.801735,-1,4.16691,nan,nan,nan,4.98783,4.1682
2176,-4.97,4.169,299.808,0.802358,0.802011,-1,4.16741,nan,nan,nan,4.98783,4.16846
2177,-5.04,4.169,299.808,0.802635,0.802288,-1,4.16832,nan,nan,nan,4.98783,4.16871
2178,-4.9,4.171,299.808,0.802912,0.802564,-1,4.16746,nan,nan,nan,4.98782,4.16896
2179,-4.95,4.169,299.808,0.803189,0.802841,-1,4.16822,nan,nan,nan,4.98782,4.16922
2180,-5.05,4.168,299.808,0.803466,0.803118,-1,4.16924,nan,nan,nan,4.98782,4.16947
2181,-5.08,4.173,299.808,0.803743,0.803394,-1,4.17079,nan,nan,nan,4.98782,4.16972
2182,-5.08,4.172,299.808,0.80402,0.803672,-1,4.17042,nan,nan,nan,4.98781,4.16997
2183,-5.09,4.171,299.808,0.804297,0.803949,-1,4.17034,nan,nan,nan,4.98781,4.17022
2184,-5.04,4.171,299.809,0.804574,0.804227,-1,4.17051,nan,nan,nan,4.98781,4.17048
2185,-5.02,4.174,299.809,0.804851,0.804503,-1,4.16941,nan,nan,nan,4.9878,4.17073
2186,-5.09,4.171,299.809,0.805128,0.804779,-1,4.17141,nan,nan,nan,4.9878,4.17098
2187,-5.03,4.174,299.809,0.805405,0.805055,-1,4.17135,nan,nan,nan,4.9878,4.17123
2188,-4.97,4.175,299.809,0.805683,0.805332,-1,4.17079,nan,nan,nan,4.98779,4.17148
2189,-5.02,4.17,299.809,0.80596,0.805609,-1,4.17129,nan,nan,nan,4.98779,4.17173
2190,-5,4.171,299.809,0.806237,0.805886,-1,4.17072,nan,nan,nan,4.98779,4.17198
2191,-5.02,4.171,299.809,0.806514,0.806164,-1,4.17207,nan,nan,nan,4.98778,4.17223
2192,-5.02,4.172,299.809,0.806791,0.806439,-1,4.17163,nan,nan,nan,4.98778,4.17248
2193,-5.06,4.172,299.809,0.807068,0.806716,-1,4.1727,nan,nan,nan,4.98778,4.17273
2194,-4.94,4.174,299.809,0.807345,0.806994,-1,4.17159,nan,nan,nan,4.98777,4.17298
2195,-4.9,4.172,299.81,0.807622,0.807269,-1,4.17205,nan,nan,nan,4.98777,4.17323
2196,-4.93,4.175,299.81,0.807899,0.807546,-1,4.17192,nan,nan,nan,4.98777,4.17347
2197,-4.98,4.174,299.81,0.808176,0.807822,-1,4.17309,nan,nan,nan,4.98776,4.17372
2198,-5.01,4.173,299.81,0.808453,0.808099,-1,4.17368,nan,nan,nan,4.98776,4.17397
2199,-5.01,4.174,299.81,0.80873,0.808376,-1,4.17425,nan,nan,nan,4.98776,4.17422
2200,-5.02,4.176,299.81,0.809007,0.808653,-1,4.17393,nan,nan,nan,4.98776,4.17447
2201,-4.98,4.176,299.81,0.809284,0.80893,-1,4.17428,nan,nan,nan,4.98775,4.17471
2202,-4.85,4.179,299.81,0.809561,0.809208,-1,4.17322,nan,nan,nan,4.98775,4.17496
2203,-5.04,4.175,299.81,0.809839,0.809484,-1,4.17462,nan,nan,nan,4.98775,4.17521
2204,-4.97,4.176,299.81,0.810116,0.809761,-1,4.17512,nan,nan,nan,4.98774,4.17545
2205,-5,4.181,299.81,0.810393,0.810037,-1,4.17534,nan,nan,nan,4.98774,4.1757
2206,-4.98,4.173,299.811,0.81067,0.810313,-1,4.17519,nan,nan,nan,4.98774,4.17594
2207,-4.98,4.176,299.811,0.810947,0.81059,-1,4.17566,nan,nan,nan,4.98773,4.17619
2208,-4.93,4.181,299.811,0.811224,0.810867,-1,4.17531,nan,nan,nan,4.98773,4.17643
2209,-5.01,4.178,299.811,0.811501,0.811143,-1,4.17634,nan,nan,nan,4.98773,4.17668
2210,-4.92,4.177,299.811,0.811778,0.811419,-1,4.17544,nan,nan,nan,4.98772,4.17692
2211,-4.99,4.18,299.811,0.812055,0.811695,-1,4.17628,nan,nan,nan,4.98772,4.17717
2212,-4.96,4.176,299.811,0.812332,0.811972,-1,4.17605,nan,nan,nan,4.98772,4.17741
2213,-5.05,4.179,299.811,0.812609,0.812249,-1,4.17787,nan,nan,nan,4.98771,4.17766
2214,-4.95,4.177,299.811,0.812886,0.812526,-1,4.17658,nan,nan,nan,4.98771,4.1779
2215,-4.93,4.181,299.811,0.813163,0.812803,-1,4.17682,nan,nan,nan,4.98771,4.17814
2216,-4.94,4.178,299.811,0.81344,0.813078,-1,4.17726,nan,nan,nan,4.9877,4.17838
2217,-5.04,4.18,299.811,0.813718,0.813354,-1,4.17847,nan,nan,nan,4.9877,4.17863
2218,-5.03,4.177,299.812,0.813995,0.813631,-1,4.17878,nan,nan,nan,4.9877,4.17887
2219,-5.07,4.182,299.812,0.814272,0.813909,-1,4.17976,nan,nan,nan,4.9877,4.17911
2220,-5.06,4.179,299.812,0.814549,0.814185,-1,4.18016,nan,nan,nan,4.98769,4.17935
2221,-5,4.176,299.812,0.814826,0.814462,-1,4.17935,nan,nan,nan,4.98769,4.17959
2222,-5.05,4.181,299.812,0.815103,0.81474,-1,4.17958,nan,nan,nan,4.98769,4.17983
2223,-4.97,4.18,299.812,0.81538,0.815017,-1,4.1789,nan,nan,nan,4.98768,4.18007
2224,-5,4.182,299.812,0.815657,0.815294,-1,4.17919,nan,nan,nan,4.98768,4.18031
2225,-5.03,4.179,299.812,0.815934,0.81557,-1,4.1803,nan,nan,nan,4.98768,4.18055
2226,-5.01,4.179,299.812,0.816211,0.815847,-1,4.18068,nan,nan,nan,4.98767,4.18079
2227,-4.99,4.182,299.812,0.816488,0.816123,-1,4.18035,nan,nan,nan,4.98767,4.18103
2228,-4.96,4.183,299.812,0.816765,0.816401,-1,4.17985,nan,nan,nan,4.98767,4.18126
2229,-5.04,4.18,299.812,0.817042,0.816677,-1,4.18094,nan,nan,nan,4.98766,4.1815
2230,-4.9,4.177,299.813,0.817319,0.816953,-1,4.17976,nan,nan,nan,4.98766,4.18174
2231,-5.1,4.182,299.813,0.817597,0.81723,-1,4.18214,nan,nan,nan,4.98766,4.18198
2232,-4.99,4.181,299.813,0.817874,0.817508,-1,4.18133,nan,nan,nan,4.98765,4.18221
2233,-4.86,4.183,299.813,0.818151,0.817784,-1,4.1802,nan,nan,nan,4.98765,4.18245
2234,-5.02,4.183,299.813,0.818428,0.81806,-1,4.18229,nan,nan,nan,4.98765,4.18268
2235,-4.99,4.184,299.813,0.818705,0.818336,-1,4.18206,nan,nan,nan,4.98765,4.18292
2236,-5.07,4.182,299.813,0.818982,0.818613,-1,4.18354,nan,nan,nan,4.98764,4.18315
2237,-4.99,4.184,299.813,0.819259,0.818888,-1,4.18286,nan,nan,nan,4.98764,4.18339
2238,-5.05,4.18,299.813,0.819536,0.819165,-1,4.18298,nan,nan,nan,4.98764,4.18362
2239,-5.01,4.184,299.813,0.819813,0.819441,-1,4.18375,nan,nan,nan,4.98763,4.18386
2240,-4.93,4.184,299.813,0.82009,0.819719,-1,4.18253,nan,nan,nan,4.98763,4.18409
2241,-4.94,4.185,299.813,0.820367,0.819995,-1,4.18271,nan,nan,nan,4.98763,4.18432
2242,-4.99,4.183,299.814,0.820644,0.820272,-1,4.18357,nan,nan,nan,4.98762,4.18455
2243,-5,4.181,299.814,0.820921,0.820549,-1,4.18363,nan,nan,nan,4.98762,4.18479
2244,-4.99,4.188,299.814,0.821198,0.820826,-1,4.1842,nan,nan,nan,4.98762,4.18502
2245,-5,4.186,299.814,0.821476,0.821104,-1,4.185,nan,nan,nan,4.98761,4.18525
2246,-4.98,4.186,299.814,0.821753,0.821379,-1,4.1842,nan,nan,nan,4.98761,4.18548
2247,-5.03,4.184,299.814,0.82203,0.821656,-1,4.18607,nan,nan,nan,4.98761,4.18571
2248,-4.98,4.184,299.814,0.822307,0.821932,-1,4.18557,nan,nan,nan,4.9876,4.18594
2249,-4.97,4.189,299.814,0.822584,0.822208,-1,4.1855,nan,nan,nan,4.9876,4.18617
2250,-4.86,4.186,299.814,0.822861,0.822486,-1,4.18431,nan,nan,nan,4.9876,4.1864
2251,-5,4.187,299.814,0.823138,0.822762,-1,4.18627,nan,nan,nan,4.9876,4.18662
2252,-5,4.188,299.814,0.823415,0.82304,-1,4.18615,nan,nan,nan,4.98759,4.18685
2253,-5.04,4.188,299.814,0.823692,0.823316,-1,4.18628,nan,nan,nan,4.98759,4.18708
2254,-5.13,4.189,299.815,0.823969,0.823593,-1,4.18812,nan,nan,nan,4.98759,4.1873
2255,-5.11,4.185,299.815,0.824246,0.823871,-1,4.18819,nan,nan,nan,4.98758,4.18753
2256,-4.98,4.191,299.815,0.824523,0.824148,-1,4.1867,nan,nan,nan,4.98758,4.18776
2257,-5.01,4.185,299.815,0.8248,0.824424,-1,4.18732,nan,nan,nan,4.98758,4.18798
2258,-4.98,4.185,299.815,0.825078,0.8247,-1,4.1867,nan,nan,nan,4.98757,4.18821
2259,-5.02,4.19,299.815,0.825355,0.824977,-1,4.18767,nan,nan,nan,4.98757,4.18843
2260,-5,4.189,299.815,0.825632,0.825256,-1,4.18773,nan,nan,nan,4.98757,4.18865
2261,-4.97,4.189,299.815,0.825909,0.825531,-1,4.18797,nan,nan,nan,4.98756,4.18888
2262,-4.94,4.19,299.815,0.826186,0.825809,-1,4.18772,nan,nan,nan,4.98756,4.1891
2263,-5.14,4.188,299.815,0.826463,0.826086,-1,4.19033,nan,nan,nan,4.98756,4.18932
2264,-4.99,4.19,299.815,0.82674,0.826364,-1,4.18903,nan,nan,nan,4.98756,4.18954
2265,-4.92,4.187,299.815,0.827017,0.826642,-1,4.18911,nan,nan,nan,4.98755,4.18976
2266,-5.04,4.185,299.816,0.827294,0.826918,-1,4.18935,nan,nan,nan,4.98755,4.18998
2267,-5.05,4.191,299.816,0.827571,0.827196,-1,4.19042,nan,nan,nan,4.98755,4.1902
2268,-5.05,4.19,299.816,0.827848,0.827473,-1,4.19043,nan,nan,nan,4.98754,4.19042
2269,-5.03,4.19,299.816,0.828125,0.827752,-1,4.19005,nan,nan,nan,4.98754,4.19064
2270,-4.93,4.19,299.816,0.828402,0.828029,-1,4.18998,nan,nan,nan,4.98754,4.19086
2271,-5.02,4.188,299.816,0.82868,0.828305,-1,4.19027,nan,nan,nan,4.98753,4.19108
2272,-5.02,4.19,299.816,0.828957,0.828581,-1,4.19061,nan,nan,nan,4.98753,4.19129
2273,-5.09,4.195,299.816,0.829234,0.828858,-1,4.19187,nan,nan,nan,4.98753,4.19151
2274,-5.02,4.193,299.816,0.829511,0.829136,-1,4.19124,nan,nan,nan,4.98752,4.19173
2275,-5,4.192,299.816,0.829788,0.829412,-1,4.19207,nan,nan,nan,4.98752,4.19194
2276,-5.05,4.194,299.816,0.830065,0.829689,-1,4.19241,nan,nan,nan,4.98752,4.19216
2277,-4.99,4.191,299.816,0.830342,0.829965,-1,4.19149,nan,nan,nan,4.98751,4.19237
2278,-4.97,4.196,299.817,0.830619,0.83024,-1,4.19181,nan,nan,nan,4.98751,4.19258
2279,-5.03,4.189,299.817,0.830896,0.830516,-1,4.19251,nan,nan,nan,4.98751,4.1928
2280,-4.98,4.194,299.817,0.831173,0.830792,-1,4.19253,nan,nan,nan,4.98751,4.19301
2281,-5.08,4.195,299.817,0.83145,0.831068,-1,4.19351,nan,nan,nan,4.9875,4.19322
2282,-4.97,4.194,299.817,0.831727,0.831345,-1,4.19307,nan,nan,nan,4.9875,4.19343
2283,-5.04,4.195,299.817,0.832005,0.831621,-1,4.19389,nan,nan,nan,4.9875,4.19364
2284,-4.98,4.191,299.817,0.832282,0.831896,-1,4.1926,nan,nan,nan,4.98749,4.19385
2285,-5.13,4.196,299.817,0.832559,0.832173,-1,4.19491,nan,nan,nan,4.98749,4.19406
2286,-4.95,4.196,299.817,0.832836,0.832452,-1,4.19318,nan,nan,nan,4.98749,4.19427
2287,-5,4.196,299.817,0.833113,0.832729,-1,4.19399,nan,nan,nan,4.98748,4.19448
2288,-5,4.198,299.817,0.83339,0.833006,-1,4.1941,nan,nan,nan,4.98748,4.19469
2289,-5.04,4.197,299.817,0.833667,0.833284,-1,4.19427,nan,nan,nan,4.98748,4.19489
2290,-4.95,4.196,299.817,0.833944,0.833561,-1,4.19444,nan,nan,nan,4.98747,4.1951
2291,-4.99,4.197,299.818,0.834221,0.833839,-1,4.19418,nan,nan,nan,4.98747,4.1953
2292,-5,4.198,299.818,0.834498,0.834116,-1,4.1947,nan,nan,nan,4.98747,4.19551
2293,-5.05,4.197,299.818,0.834775,0.834393,-1,4.1953,nan,nan,nan,4.98747,4.19571
2294,-5.06,4.198,299.818,0.835052,0.834671,-1,4.19592,nan,nan,nan,4.98746,4.19592
2295,-4.92,4.197,299.818,0.83533,0.834947,-1,4.19474,nan,nan,nan,4.98746,4.19612
2296,-5.08,4.197,299.818,0.835607,0.835225,-1,4.19649,nan,nan,nan,4.98746,4.19632
2297,-5.02,4.192,299.818,0.835884,0.835501,-1,4.19652,nan,nan,nan,4.98745,4.19652
2298,-4.99,4.196,299.818,0.836161,0.835779,-1,4.19595,nan,nan,nan,4.98745,4.19673
2299,-4.97,4.194,299.818,0.836438,0.836053,-1,4.19588,nan,nan,nan,4.98745,4.19693
2300,-4.95,4.2,299.818,0.836715,0.836328,-1,4.19571,nan,nan,nan,4.98744,4.19713
2301,-4.92,4.2,299.818,0.836992,0.836605,-1,4.19589,nan,nan,nan,4.98744,4.19732
2302,-5,4.197,299.818,0.837269,0.836882,-1,4.1965,nan,nan,nan,4.98744,4.19752
2303,-4.96,4.2,299.819,0.837546,0.837159,-1,4.19659,nan,nan,nan,4.98743,4.19772
2304,-5.08,4.202,299.819,0.837823,0.837435,-1,4.19803,nan,nan,nan,4.98743,4.19792
2305,-5,4.196,299.819,0.8381,0.837713,-1,4.19743,nan,nan,nan,4.98743,4.19811
2306,-5.09,4.197,299.819,0.838377,0.837989,-1,4.19829,nan,nan,nan,4.98743,4.19831
2307,-4.99,4.201,299.819,0.838655,0.838265,-1,4.19758,nan,nan,nan,4.98742,4.19851
2308,-4.99,4.199,299.819,0.838932,0.838541,-1,4.19797,nan,nan,nan,4.98742,4.1987
2309,-5.07,4.198,299.819,0.839209,0.838817,-1,4.19907,nan,nan,nan,4.98742,4.19889
2310,-5.02,4.202,299.819,0.839486,0.839095,-1,4.19858,nan,nan,nan,4.98741,4.19909
2311,-5.02,4.2,299.819,0.839763,0.839373,-1,4.19908,nan,nan,nan,4.98741,4.19928
2312,-5.05,4.196,299.819,0.84004,0.839649,-1,4.19945,nan,nan,nan,4.98741,4.19947
2313,-4.94,4.202,299.819,0.840317,0.839926,-1,4.19784,nan,nan,nan,4.9874,4.19966
2314,-5.04,4.201,299.819,0.840594,0.840202,-1,4.19956,nan,nan,nan,4.9874,4.19985
2315,-4.98,4.201,299.819,0.840871,0.840479,-1,4.1997,nan,nan,nan,4.9874,4.2
2316,-4.96,4.199,299.819,0.841148,0.840754,-1,4.19922,nan,nan,nan,4.98739,4.2
2317,-4.95,4.198,299.819,0.841423,0.841029,-1,4.1988,nan,nan,nan,4.98739,4.2
2318,-4.93,4.2,299.819,0.841698,0.841306,-1,4.19928,nan,nan,nan,4.98739,4.2
2319,-4.9,4.199,299.819,0.841973,0.841578,-1,4.19892,nan,nan,nan,4.98739,4.2
2320,-4.9,4.198,299.819,0.842246,0.84185,-1,4.19899,nan,nan,nan,4.98738,4.2
2321,-4.91,4.201,299.819,0.842519,0.842123,-1,4.19851,nan,nan,nan,4.98738,4.2
2322,-5.02,4.2,299.819,0.842792,0.842396,-1,4.20122,nan,nan,nan,4.98738,4.2
2323,-4.95,4.201,299.819,0.843063,0.842669,-1,4.19976,nan,nan,nan,4.98737,4.2
2324,-4.94,4.203,299.819,0.843335,0.842941,-1,4.20022,nan,nan,nan,4.98737,4.2
2325,-4.92,4.204,299.818,0.843605,0.843211,-1,4.1995,nan,nan,nan,4.98737,4.2
2326,-4.85,4.201,299.818,0.843875,0.84348,-1,4.19919,nan,nan,nan,4.98736,4.2
2327,-4.81,4.203,299.818,0.844145,0.843749,-1,4.19907,nan,nan,nan,4.98736,4.2
2328,-4.77,4.202,299.818,0.844414,0.844018,-1,4.19841,nan,nan,nan,4.98736,4.2
2329,-4.8,4.2,299.817,0.844682,0.844285,-1,4.1994,nan,nan,nan,4.98736,4.2
2330,-4.85,4.2,299.817,0.84495,0.844553,-1,4.19926,nan,nan,nan,4.98735,4.2
2331,-4.8,4.201,299.817,0.845218,0.844821,-1,4.19883,nan,nan,nan,4.98735,4.2
2332,-4.74,4.203,299.816,0.845485,0.845087,-1,4.19835,nan,nan,nan,4.98735,4.2
2333,-4.78,4.202,299.816,0.845751,0.845353,-1,4.19941,nan,nan,nan,4.98734,4.2
2334,-4.83,4.203,299.815,0.846017,0.845618,-1,4.19995,nan,nan,nan,4.98734,4.2
2335,-4.79,4.206,299.815,0.846282,0.845883,-1,4.19953,nan,nan,nan,4.98734,4.2
2336,-4.75,4.199,299.814,0.846547,0.84615,-1,4.1989,nan,nan,nan,4.98733,4.2
2337,-4.73,4.199,299.814,0.846812,0.846415,-1,4.19881,nan,nan,nan,4.98733,4.2
2338,-4.79,4.201,299.813,0.847076,0.846677,-1,4.20039,nan,nan,nan,4.98733,4.2
2339,-4.74,4.198,299.813,0.847339,0.84694,-1,4.19923,nan,nan,nan,4.98733,4.2
2340,-4.72,4.203,299.812,0.847602,0.847202,-1,4.19872,nan,nan,nan,4.98732,4.2
2341,-4.66,4.202,299.811,0.847865,0.847465,-1,4.19886,nan,nan,nan,4.98732,4.2
2342,-4.77,4.2,299.811,0.848127,0.847726,-1,4.20004,nan,nan,nan,4.98732,4.2
2343,-4.73,4.204,299.81,0.848388,0.847987,-1,4.19962,nan,nan,nan,4.98731,4.2
2344,-4.79,4.199,299.81,0.84865,0.848248,-1,4.20056,nan,nan,nan,4.98731,4.2
2345,-4.7,4.202,299.809,0.84891,0.848509,-1,4.19939,nan,nan,nan,4.98731,4.2
2346,-4.68,4.203,299.808,0.849171,0.848768,-1,4.19972,nan,nan,nan,4.98731,4.2
2347,-4.73,4.201,299.807,0.84943,0.849028,-1,4.19986,nan,nan,nan,4.9873,4.2
2348,-4.71,4.202,299.807,0.84969,0.849285,-1,4.19975,nan,nan,nan,4.9873,4.2
2349,-4.72,4.203,299.806,0.849949,0.849543,-1,4.19975,nan,nan,nan,4.9873,4.2
2350,-4.63,4.201,299.805,0.850207,0.849802,-1,4.19949,nan,nan,nan,4.98729,4.2
2351,-4.62,4.196,299.804,0.850465,0.850058,-1,4.19909,nan,nan,nan,4.98729,4.2
2352,-4.71,4.199,299.804,0.850723,0.850315,-1,4.20039,nan,nan,nan,4.98729,4.2
2353,-4.72,4.199,299.803,0.85098,0.850573,-1,4.2008,nan,nan,nan,4.98729,4.2
2354,-4.69,4.198,299.802,0.851237,0.850831,-1,4.19984,nan,nan,nan,4.98728,4.2
2355,-4.56,4.198,299.801,0.851493,0.851089,-1,4.19879,nan,nan,nan,4.98728,4.2
2356,-4.65,4.2,299.8,0.851749,0.851342,-1,4.19951,nan,nan,nan,4.98728,4.2
2357,-4.67,4.202,299.799,0.852005,0.851598,-1,4.19985,nan,nan,nan,4.98727,4.2
2358,-4.53,4.202,299.798,0.85226,0.851854,-1,4.19872,nan,nan,nan,4.98727,4.2
2359,-4.58,4.201,299.797,0.852514,0.852107,-1,4.19951,nan,nan,nan,4.98727,4.2
2360,-4.68,4.199,299.796,0.852769,0.85236,-1,4.19992,nan,nan,nan,4.98727,4.2
2361,-4.58,4.2,299.795,0.853023,0.852614,-1,4.1993,nan,nan,nan,4.98726,4.2
2362,-4.71,4.196,299.794,0.853276,0.852867,-1,4.20146,nan,nan,nan,4.98726,4.2
2363,-4.52,4.201,299.793,0.85353,0.85312,-1,4.19867,nan,nan,nan,4.98726,4.2
2364,-4.57,4.202,299.792,0.853782,0.853371,-1,4.19927,nan,nan,nan,4.98725,4.2
2365,-4.61,4.2,299.791,0.854035,0.853622,-1,4.20027,nan,nan,nan,4.98725,4.2
2366,-4.5,4.202,299.79,0.854287,0.853874,-1,4.19893,nan,nan,nan,4.98725,4.2
2367,-4.45,4.2,299.789,0.854539,0.854127,-1,4.1986,nan,nan,nan,4.98725,4.2
2368,-4.43,4.2,299.788,0.85479,0.854377,-1,4.19859,nan,nan,nan,4.98724,4.2
2369,-4.48,4.203,299.787,0.855041,0.854627,-1,4.19892,nan,nan,nan,4.98724,4.2
2370,-4.6,4.199,299.786,0.855291,0.854878,-1,4.2007,nan,nan,nan,4.98724,4.2
2371,-4.52,4.199,299.785,0.855542,0.855127,-1,4.19919,nan,nan,nan,4.98724,4.2
2372,-4.57,4.198,299.784,0.855792,0.855377,-1,4.19993,nan,nan,nan,4.98723,4.2
2373,-4.55,4.199,299.783,0.856041,0.855625,-1,4.2009,nan,nan,nan,4.98723,4.2
2374,-4.53,4.196,299.782,0.85629,0.855873,-1,4.2,nan,nan,nan,4.98723,4.2
2375,-4.44,4.201,299.78,0.856539,0.856122,-1,4.1995,nan,nan,nan,4.98722,4.2
2376,-4.47,4.2,299.779,0.856788,0.85637,-1,4.19878,nan,nan,nan,4.98722,4.2
2377,-4.4,4.201,299.778,0.857036,0.856619,-1,4.19815,nan,nan,nan,4.98722,4.2
2378,-4.44,4.201,299.777,0.857284,0.856866,-1,4.199,nan,nan,nan,4.98722,4.2
2379,-4.45,4.199,299.776,0.857531,0.857112,-1,4.1993,nan,nan,nan,4.98721,4.2
2380,-4.54,4.201,299.775,0.857778,0.857358,-1,4.20032,nan,nan,nan,4.98721,4.2
2381,-4.37,4.201,299.773,0.858025,0.857603,-1,4.19812,nan,nan,nan,4.98721,4.2
2382,-4.42,4.199,299.772,0.858272,0.857848,-1,4.19908,nan,nan,nan,4.98721,4.2
2383,-4.49,4.199,299.771,0.858518,0.858094,-1,4.19988,nan,nan,nan,4.9872,4.2
2384,-4.4,4.2,299.77,0.858764,0.85834,-1,4.19958,nan,nan,nan,4.9872,4.2
2385,-4.45,4.2,299.768,0.859009,0.858586,-1,4.20005,nan,nan,nan,4.9872,4.2
2386,-4.35,4.2,299.767,0.859254,0.85883,-1,4.19834,nan,nan,nan,4.98719,4.2
2387,-4.38,4.201,299.766,0.859499,0.859075,-1,4.19889,nan,nan,nan,4.98719,4.2
2388,-4.42,4.198,299.764,0.859744,0.859318,-1,4.20007,nan,nan,nan,4.98719,4.2
2389,-4.38,4.198,299.763,0.859988,0.859563,-1,4.19922,nan,nan,nan,4.98719,4.2
2390,-4.39,4.201,299.762,0.860232,0.859806,-1,4.19937,nan,nan,nan,4.98718,4.2
2391,-4.54,4.202,299.761,0.860476,0.860049,-1,4.20131,nan,nan,nan,4.98718,4.2
2392,-4.39,4.201,299.759,0.86072,0.860293,-1,4.19919,nan,nan,nan,4.98718,4.2
2393,-4.36,4.199,299.758,0.860963,0.860535,-1,4.19935,nan,nan,nan,4.98718,4.2
2394,-4.3,4.199,299.757,0.861206,0.860778,-1,4.19889,nan,nan,nan,4.98717,4.2
2395,-4.36,4.197,299.755,0.861448,0.861019,-1,4.19924,nan,nan,nan,4.98717,4.2
2396,-4.39,4.199,299.754,0.86169,0.86126,-1,4.19956,nan,nan,nan,4.98717,4.2
2397,-4.37,4.198,299.752,0.861932,0.861501,-1,4.19922,nan,nan,nan,4.98717,4.2
2398,-4.33,4.203,299.751,0.862174,0.861742,-1,4.19906,nan,nan,nan,4.98716,4.2
2399,-4.37,4.204,299.75,0.862416,0.861983,-1,4.19911,nan,nan,nan,4.98716,4.2
2400,-4.38,4.198,299.748,0.862657,0.862224,-1,4.19989,nan,nan,nan,4.98716,4.2
2401,-4.34,4.201,299.747,0.862898,0.862466,-1,4.19931,nan,nan,nan,4.98715,4.2
2402,-4.3,4.202,299.746,0.863138,0.862705,-1,4.1993,nan,nan,nan,4.98715,4.2
2403,-4.33,4.202,299.744,0.863379,0.862945,-1,4.20004,nan,nan,nan,4.98715,4.2
2404,-4.32,4.201,299.743,0.863619,0.863185,-1,4.19979,nan,nan,nan,4.98715,4.2
2405,-4.32,4.202,299.741,0.863859,0.863424,-1,4.19925,nan,nan,nan,4.98714,4.2
2406,-4.34,4.201,299.74,0.864098,0.863664,-1,4.19949,nan,nan,nan,4.98714,4.2
2407,-4.33,4.202,299.738,0.864338,0.863903,-1,4.19987,nan,nan,nan,4.98714,4.2
2408,-4.38,4.199,299.737,0.864577,0.864142,-1,4.19987,nan,nan,nan,4.98714,4.2
2409,-4.39,4.201,299.736,0.864816,0.864381,-1,4.20048,nan,nan,nan,4.98713,4.2
2410,-4.33,4.2,299.734,0.865054,0.864619,-1,4.20053,nan,nan,nan,4.98713,4.2
2411,-4.26,4.201,299.733,0.865292,0.864857,-1,4.1993,nan,nan,nan,4.98713,4.2
2412,-4.28,4.201,299.731,0.865531,0.865096,-1,4.19958,nan,nan,nan,4.98713,4.2
2413,-4.29,4.204,299.73,0.865768,0.865333,-1,4.19964,nan,nan,nan,4.98712,4.2
2414,-4.25,4.202,299.728,0.866006,0.865569,-1,4.19951,nan,nan,nan,4.98712,4.2
2415,-4.37,4.199,299.727,0.866243,0.865805,-1,4.20048,nan,nan,nan,4.98712,4.2
2416,-4.29,4.196,299.725,0.866481,0.866043,-1,4.19995,nan,nan,nan,4.98712,4.2
2417,-4.25,4.199,299.724,0.866717,0.866278,-1,4.19937,nan,nan,nan,4.98711,4.2
2418,-4.34,4.199,299.722,0.866954,0.866514,-1,4.20021,nan,nan,nan,4.98711,4.2
2419,-4.31,4.199,299.721,0.867191,0.86675,-1,4.2002,nan,nan,nan,4.98711,4.2
2420,-4.36,4.198,299.719,0.867427,0.866985,-1,4.20056,nan,nan,nan,4.98711,4.2
2421,-4.32,4.198,299.718,0.867663,0.867222,-1,4.20065,nan,nan,nan,4.9871,4.2
2422,-4.2,4.199,299.716,0.867898,0.867458,-1,4.19861,nan,nan,nan,4.9871,4.2
2423,-4.22,4.193,299.715,0.868134,0.867692,-1,4.1992,nan,nan,nan,4.9871,4.2
2424,-4.14,4.198,299.713,0.868369,0.867926,-1,4.19836,nan,nan,nan,4.9871,4.2
2425,-4.26,4.199,299.712,0.868604,0.868159,-1,4.19961,nan,nan,nan,4.98709,4.2
2426,-4.2,4.199,299.71,0.868839,0.868395,-1,4.19905,nan,nan,nan,4.98709,4.2
2427,-4.19,4.201,299.709,0.869074,0.868627,-1,4.1995,nan,nan,nan,4.98709,4.2
2428,-4.28,4.203,299.707,0.869309,0.868859,-1,4.20009,nan,nan,nan,4.98709,4.2
2429,-4.36,4.199,299.706,0.869543,0.869093,-1,4.20082,nan,nan,nan,4.98708,4.2
2430,-4.16,4.2,299.704,0.869777,0.869328,-1,4.19888,nan,nan,nan,4.98708,4.2
2431,-4.26,4.198,299.703,0.870011,0.869561,-1,4.19994,nan,nan,nan,4.98708,4.2
2432,-4.15,4.201,299.701,0.870244,0.869795,-1,4.1986,nan,nan,nan,4.98708,4.2
2433,-4.22,4.2,299.7,0.870478,0.870027,-1,4.19975,nan,nan,nan,4.98707,4.2
2434,-4.19,4.201,299.698,0.870711,0.87026,-1,4.19904,nan,nan,nan,4.98707,4.2
2435,-4.19,4.202,299.696,0.870944,0.870492,-1,4.19983,nan,nan,nan,4.98707,4.2
2436,-4.17,4.202,299.695,0.871177,0.870725,-1,4.19936,nan,nan,nan,4.98706,4.2
2437,-4.18,4.2,299.693,0.87141,0.870956,-1,4.19957,nan,nan,nan,4.98706,4.2
2438,-4.13,4.2,299.692,0.871642,0.871188,-1,4.19878,nan,nan,nan,4.98706,4.2
2439,-4.17,4.198,299.69,0.871874,0.871418,-1,4.19951,nan,nan,nan,4.98706,4.2
2440,-4.18,4.202,299.689,0.872107,0.87165,-1,4.1991,nan,nan,nan,4.98705,4.2
2441,-4.08,4.198,299.687,0.872338,0.871881,-1,4.1983,nan,nan,nan,4.98705,4.2
2442,-4.15,4.198,299.686,0.87257,0.872112,-1,4.1986,nan,nan,nan,4.98705,4.2
2443,-4.25,4.199,299.684,0.872802,0.872345,-1,4.20037,nan,nan,nan,4.98705,4.2
2444,-4.2,4.198,299.682,0.873033,0.872575,-1,4.19949,nan,nan,nan,4.98704,4.2
2445,-4.25,4.2,299.681,0.873264,0.872805,-1,4.20036,nan,nan,nan,4.98704,4.2
2446,-4.14,4.202,299.679,0.873495,0.873036,-1,4.19958,nan,nan,nan,4.98704,4.2
2447,-4.18,4.202,299.678,0.873726,0.873267,-1,4.2,nan,nan,nan,4.98704,4.2
2448,-4.11,4.198,299.676,0.873957,0.873498,-1,4.19906,nan,nan,nan,4.98703,4.2
2449,-4.13,4.203,299.675,0.874187,0.873727,-1,4.19933,nan,nan,nan,4.98703,4.2
2450,-4.12,4.199,299.673,0.874418,0.873956,-1,4.19924,nan,nan,nan,4.98703,4.2
2451,-4.19,4.202,299.671,0.874648,0.874184,-1,4.19978,nan,nan,nan,4.98703,4.2
2452,-4.15,4.201,299.67,0.874878,0.874412,-1,4.19979,nan,nan,nan,4.98702,4.2
2453,-4.14,4.201,299.668,0.875107,0.874643,-1,4.19914,nan,nan,nan,4.98702,4.2
2454,-4.15,4.2,299.667,0.875337,0.874872,-1,4.19947,nan,nan,nan,4.98702,4.2
2455,-4.18,4.201,299.665,0.875567,0.875102,-1,4.20005,nan,nan,nan,4.98702,4.2
2456,-4.12,4.197,299.663,0.875796,0.87533,-1,4.19961,nan,nan,nan,4.98702,4.2
2457,-4.11,4.201,299.662,0.876025,0.875559,-1,4.19965,nan,nan,nan,4.98701,4.2
2458,-4.06,4.203,299.66,0.876254,0.87579,-1,4.19862,nan,nan,nan,4.98701,4.2
2459,-4.1,4.199,299.659,0.876483,0.876017,-1,4.19923,nan,nan,nan,4.98701,4.2
2460,-4.09,4.198,299.657,0.876712,0.876245,-1,4.19902,nan,nan,nan,4.98701,4.2
2461,-4.05,4.203,299.656,0.87694,0.876472,-1,4.1984,nan,nan,nan,4.987,4.2
2462,-4.1,4.202,299.654,0.877168,0.8767,-1,4.1991,nan,nan,nan,4.987,4.2
2463,-4.07,4.199,299.652,0.877397,0.876927,-1,4.19902,nan,nan,nan,4.987,4.2
2464,-4.17,4.2,299.651,0.877625,0.877154,-1,4.20022,nan,nan,nan,4.987,4.2
2465,-4.2,4.199,299.649,0.877853,0.877381,-1,4.20068,nan,nan,nan,4.98699,4.2
2466,-3.95,4.203,299.648,0.87808,0.87761,-1,4.19785,nan,nan,nan,4.98699,4.2
2467,-4.15,4.197,299.646,0.878308,0.877838,-1,4.20018,nan,nan,nan,4.98699,4.2
2468,-4.18,4.203,299.644,0.878535,0.878066,-1,4.20086,nan,nan,nan,4.98699,4.2
2469,-4.14,4.2,299.643,0.878763,0.878293,-1,4.19996,nan,nan,nan,4.98698,4.2
2470,-4.04,4.2,299.641,0.87899,0.878519,-1,4.1991,nan,nan,nan,4.98698,4.2
2471,-3.99,4.201,299.64,0.879217,0.878746,-1,4.19835,nan,nan,nan,4.98698,4.2
2472,-4.19,4.199,299.638,0.879444,0.878973,-1,4.20074,nan,nan,nan,4.98698,4.2
2473,-4.05,4.201,299.636,0.879671,0.879199,-1,4.19914,nan,nan,nan,4.98697,4.2
2474,-4.13,4.201,299.635,0.879897,0.879425,-1,4.20026,nan,nan,nan,4.98697,4.2
2475,-4.08,4.201,299.633,0.880124,0.879651,-1,4.1993,nan,nan,nan,4.98697,4.2
2476,-4.1,4.201,299.632,0.88035,0.879877,-1,4.19952,nan,nan,nan,4.98697,4.2
2477,-4.12,4.202,299.63,0.880576,0.880103,-1,4.2002,nan,nan,nan,4.98696,4.2
2478,-4.22,4.202,299.629,0.880803,0.88033,-1,4.20094,nan,nan,nan,4.98696,4.2
2479,-4.1,4.197,299.627,0.881029,0.880556,-1,4.20006,nan,nan,nan,4.98696,4.2
2480,-4.09,4.204,299.625,0.881254,0.880782,-1,4.20023,nan,nan,nan,4.98696,4.2
2481,-4.01,4.202,299.624,0.88148,0.881008,-1,4.19931,nan,nan,nan,4.98695,4.2
2482,-4.06,4.202,299.622,0.881706,0.881232,-1,4.19957,nan,nan,nan,4.98695,4.2
2483,-4.12,4.198,299.621,0.881931,0.881456,-1,4.2004,nan,nan,nan,4.98695,4.2
2484,-4.05,4.202,299.619,0.882156,0.881679,-1,4.19902,nan,nan,nan,4.98695,4.2
2485,-4.12,4.197,299.618,0.882382,0.881905,-1,4.20034,nan,nan,nan,4.98694,4.2
2486,-4.08,4.201,299.616,0.882607,0.882131,-1,4.20053,nan,nan,nan,4.98694,4.2
2487,-4.02,4.2,299.614,0.882832,0.882355,-1,4.19899,nan,nan,nan,4.98694,4.2
2488,-4.04,4.201,299.613,0.883056,0.88258,-1,4.19922,nan,nan,nan,4.98694,4.2
2489,-3.99,4.2,299.611,0.883281,0.882805,-1,4.199,nan,nan,nan,4.98693,4.2
2490,-4.08,4.204,299.61,0.883506,0.883028,-1,4.19956,nan,nan,nan,4.98693,4.2
2491,-4.15,4.197,299.608,0.88373,0.883252,-1,4.20129,nan,nan,nan,4.98693,4.2
2492,-4.11,4.198,299.607,0.883955,0.883478,-1,4.20043,nan,nan,nan,4.98693,4.2
2493,-4.09,4.199,299.605,0.884179,0.883701,-1,4.20014,nan,nan,nan,4.98693,4.2
2494,-4.04,4.2,299.603,0.884403,0.883928,-1,4.19991,nan,nan,nan,4.98692,4.2
2495,-4,4.198,299.602,0.884627,0.884151,-1,4.19899,nan,nan,nan,4.98692,4.2
2496,-4.01,4.199,299.6,0.884851,0.884375,-1,4.19939,nan,nan,nan,4.98692,4.2
2497,-3.92,4.196,299.599,0.885074,0.884597,-1,4.1984,nan,nan,nan,4.98692,4.2
2498,-4.1,4.201,299.597,0.885298,0.884819,-1,4.20068,nan,nan,nan,4.98691,4.2
2499,-4.05,4.198,299.596,0.885522,0.885043,-1,4.2002,nan,nan,nan,4.98691,4.2
2500,-4.06,4.201,299.594,0.885745,0.885267,-1,4.19969,nan,nan,nan,4.98691,4.2
2501,-4.07,4.2,299.592,0.885968,0.88549,-1,4.19982,nan,nan,nan,4.98691,4.2
2502,-4.13,4.2,299.591,0.886192,0.885712,-1,4.20117,nan,nan,nan,4.9869,4.2
2503,-4.03,4.204,299.589,0.886415,0.885935,-1,4.19962,nan,nan,nan,4.9869,4.2
2504,-4.09,4.198,299.588,0.886638,0.886156,-1,4.19967,nan,nan,nan,4.9869,4.2
2505,-3.96,4.201,299.586,0.886861,0.886379,-1,4.19915,nan,nan,nan,4.9869,4.2
2506,-4.07,4.201,299.585,0.887083,0.886602,-1,4.19975,nan,nan,nan,4.98689,4.2
2507,-4.16,4.202,299.583,0.887306,0.886824,-1,4.20144,nan,nan,nan,4.98689,4.2
2508,-4.06,4.202,299.582,0.887529,0.887046,-1,4.20054,nan,nan,nan,4.98689,4.2
2509,-4.07,4.203,299.58,0.887751,0.887268,-1,4.20037,nan,nan,nan,4.98689,4.2
2510,-3.97,4.196,299.579,0.887973,0.887489,-1,4.19938,nan,nan,nan,4.98688,4.2
2511,-3.96,4.201,299.577,0.888196,0.88771,-1,4.19962,nan,nan,nan,4.98688,4.2
2512,-3.99,4.201,299.576,0.888418,0.887932,-1,4.19959,nan,nan,nan,4.98688,4.2
2513,-4.06,4.199,299.574,0.88864,0.888152,-1,4.20073,nan,nan,nan,4.98688,4.2
2514,-4.09,4.204,299.572,0.888862,0.888373,-1,4.20118,nan,nan,nan,4.98688,4.2
2515,-3.97,4.199,299.571,0.889084,0.888594,-1,4.19918,nan,nan,nan,4.98687,4.2
2516,-3.99,4.201,299.569,0.889305,0.888814,-1,4.19929,nan,nan,nan,4.98687,4.2
2517,-3.9,4.199,299.568,0.889527,0.889035,-1,4.19845,nan,nan,nan,4.98687,4.2
2518,-3.99,4.203,299.566,0.889749,0.889255,-1,4.19968,nan,nan,nan,4.98687,4.2
2519,-3.99,4.201,299.565,0.88997,0.889476,-1,4.19947,nan,nan,nan,4.98686,4.2
2520,-3.97,4.201,299.563,0.890191,0.889698,-1,4.19915,nan,nan,nan,4.98686,4.2
2521,-4.04,4.201,299.562,0.890413,0.889919,-1,4.19982,nan,nan,nan,4.98686,4.2
2522,-4.02,4.2,299.56,0.890634,0.890141,-1,4.2001,nan,nan,nan,4.98686,4.2
2523,-3.94,4.2,299.559,0.890855,0.890362,-1,4.19901,nan,nan,nan,4.98685,4.2
2524,-3.94,4.201,299.557,0.891076,0.890582,-1,4.19879,nan,nan,nan,4.98685,4.2
2525,-4.02,4.2,299.556,0.891297,0.890802,-1,4.19976,nan,nan,nan,4.98685,4.2
2526,-4.02,4.2,299.554,0.891518,0.891022,-1,4.19994,nan,nan,nan,4.98685,4.2
2527,-3.97,4.195,299.553,0.891738,0.891242,-1,4.19939,nan,nan,nan,4.98684,4.2
2528,-3.92,4.199,299.551,0.891959,0.891461,-1,4.19869,nan,nan,nan,4.98684,4.2
2529,-4,4.202,299.55,0.892179,0.891682,-1,4.19972,nan,nan,nan,4.98684,4.2
2530,-3.99,4.205,299.548,0.8924,0.891902,-1,4.19902,nan,nan,nan,4.98684,4.2
2531,-4,4.201,299.547,0.89262,0.892122,-1,4.19982,nan,nan,nan,4.98684,4.2
2532,-3.96,4.202,299.545,0.89284,0.892342,-1,4.19952,nan,nan,nan,4.98683,4.2
2533,-3.99,4.2,299.544,0.89306,0.892561,-1,4.19962,nan,nan,nan,4.98683,4.2
2534,-3.98,4.199,299.542,0.89328,0.89278,-1,4.19968,nan,nan,nan,4.98683,4.2
2535,-4.05,4.2,299.541,0.8935,0.892999,-1,4.20046,nan,nan,nan,4.98683,4.2
2536,-3.92,4.201,299.539,0.89372,0.893218,-1,4.19905,nan,nan,nan,4.98682,4.2
2537,-3.95,4.2,299.538,0.89394,0.893437,-1,4.19962,nan,nan,nan,4.98682,4.2
2538,-3.96,4.201,299.536,0.89416,0.893656,-1,4.19966,nan,nan,nan,4.98682,4.2
2539,-3.95,4.202,299.535,0.894379,0.893873,-1,4.19936,nan,nan,nan,4.98682,4.2
2540,-3.93,4.197,299.534,0.894599,0.894091,-1,4.19935,nan,nan,nan,4.98681,4.2
2541,-4.04,4.201,299.532,0.894818,0.89431,-1,4.2009,nan,nan,nan,4.98681,4.2
2542,-3.98,4.2,299.531,0.895038,0.894531,-1,4.20012,nan,nan,nan,4.98681,4.2
2543,-4.01,4.198,299.529,0.895257,0.894749,-1,4.19997,nan,nan,nan,4.98681,4.2
2544,-3.93,4.2,299.528,0.895476,0.894968,-1,4.19928,nan,nan,nan,4.98681,4.2
2545,-3.95,4.201,299.526,0.895695,0.895186,-1,4.19979,nan,nan,nan,4.9868,4.2
2546,-4.01,4.199,299.525,0.895914,0.895404,-1,4.20046,nan,nan,nan,4.9868,4.2
2547,-3.98,4.2,299.523,0.896133,0.895622,-1,4.19965,nan,nan,nan,4.9868,4.2
2548,-3.95,4.198,299.522,0.896352,0.895841,-1,4.19945,nan,nan,nan,4.9868,4.2
2549,-3.97,4.2,299.52,0.89657,0.896058,-1,4.20013,nan,nan,nan,4.98679,4.2
2550,-4.02,4.203,299.519,0.896789,0.896275,-1,4.20046,nan,nan,nan,4.98679,4.2
2551,-4.06,4.202,299.518,0.897007,0.896493,-1,4.20124,nan,nan,nan,4.98679,4.2
2552,-4.01,4.2,299.516,0.897226,0.896711,-1,4.2006,nan,nan,nan,4.98679,4.2
2553,-4.08,4.2,299.515,0.897444,0.896929,-1,4.20053,nan,nan,nan,4.98678,4.2
2554,-3.89,4.199,299.513,0.897662,0.897147,-1,4.1991,nan,nan,nan,4.98678,4.2
2555,-3.86,4.199,299.512,0.897881,0.897364,-1,4.19854,nan,nan,nan,4.98678,4.2
2556,-3.92,4.202,299.51,0.898099,0.897581,-1,4.19938,nan,nan,nan,4.98678,4.2
2557,-3.9,4.201,299.509,0.898317,0.897799,-1,4.19905,nan,nan,nan,4.98678,4.2
2558,-3.89,4.2,299.508,0.898535,0.898016,-1,4.19914,nan,nan,nan,4.98677,4.2
2559,-3.89,4.2,299.506,0.898752,0.898234,-1,4.19924,nan,nan,nan,4.98677,4.2
2560,-3.95,4.2,299.505,0.89897,0.89845,-1,4.20001,nan,nan,nan,4.98677,4.2
2561,-3.93,4.196,299.503,0.899188,0.898667,-1,4.19952,nan,nan,nan,4.98677,4.2
2562,-3.91,4.197,299.502,0.899405,0.898883,-1,4.19959,nan,nan,nan,4.98676,4.2
2563,-3.96,4.199,299.5,0.899623,0.899099,-1,4.19966,nan,nan,nan,4.98676,4.2
2564,-3.95,4.204,299.499,0.89984,0.899316,-1,4.20007,nan,nan,nan,4.98676,4.2
2565,-3.77,4.201,299.498,0.900058,0.899533,-1,4.19758,nan,nan,nan,4.98676,4.2
2566,-3.88,4.199,299.496,0.900275,0.89975,-1,4.19873,nan,nan,nan,4.98675,4.2
2567,-3.99,4.2,299.495,0.900492,0.899965,-1,4.2003,nan,nan,nan,4.98675,4.2
2568,-3.83,4.2,299.493,0.900709,0.900182,-1,4.1987,nan,nan,nan,4.98675,4.2
2569,-3.86,4.197,299.492,0.900926,0.900398,-1,4.19974,nan,nan,nan,4.98675,4.2
2570,-3.96,4.199,299.491,0.901143,0.900614,-1,4.20003,nan,nan,nan,4.98675,4.2
2571,-3.86,4.201,299.489,0.901359,0.900831,-1,4.19907,nan,nan,nan,4.98674,4.2
2572,-3.96,4.204,299.488,0.901576,0.901047,-1,4.19974,nan,nan,nan,4.98674,4.2
2573,-3.91,4.198,299.486,0.901793,0.901264,-1,4.19983,nan,nan,nan,4.98674,4.2
2574,-3.91,4.201,299.485,0.902009,0.901479,-1,4.19959,nan,nan,nan,4.98674,4.2
2575,-3.94,4.2,299.484,0.902226,0.901694,-1,4.19972,nan,nan,nan,4.98673,4.2
2576,-3.94,4.198,299.482,0.902442,0.901911,-1,4.20004,nan,nan,nan,4.98673,4.2
2577,-3.84,4.199,299.481,0.902658,0.902128,-1,4.19917,nan,nan,nan,4.98673,4.2
2578,-3.82,4.199,299.48,0.902874,0.902344,-1,4.19891,nan,nan,nan,4.98673,4.2
2579,-3.92,4.197,299.478,0.90309,0.902558,-1,4.20004,nan,nan,nan,4.98672,4.2
2580,-3.85,4.198,299.477,0.903306,0.902773,-1,4.19913,nan,nan,nan,4.98672,4.2
2581,-3.9,4.199,299.475,0.903522,0.902986,-1,4.19986,nan,nan,nan,4.98672,4.2
2582,-3.8,4.2,299.474,0.903738,0.903202,-1,4.19843,nan,nan,nan,4.98672,4.2
2583,-3.91,4.2,299.473,0.903954,0.903416,-1,4.19989,nan,nan,nan,4.98672,4.2
2584,-3.94,4.199,299.471,0.904169,0.903631,-1,4.20011,nan,nan,nan,4.98671,4.2
2585,-3.96,4.201,299.47,0.904385,0.903845,-1,4.20046,nan,nan,nan,4.98671,4.2
2586,-3.9,4.196,299.469,0.9046,0.90406,-1,4.19958,nan,nan,nan,4.98671,4.2
2587,-3.94,4.199,299.467,0.904816,0.904273,-1,4.20016,nan,nan,nan,4.98671,4.2
2588,-3.89,4.205,299.466,0.905031,0.904489,-1,4.19946,nan,nan,nan,4.9867,4.2
2589,-3.89,4.2,299.465,0.905246,0.904704,-1,4.19918,nan,nan,nan,4.9867,4.2
2590,-3.94,4.201,299.463,0.905461,0.904917,-1,4.20011,nan,nan,nan,4.9867,4.2
2591,-3.79,4.197,299.462,0.905676,0.905132,-1,4.19868,nan,nan,nan,4.9867,4.2
2592,-3.83,4.199,299.461,0.905891,0.905347,-1,4.19904,nan,nan,nan,4.9867,4.2
2593,-3.86,4.197,299.459,0.906106,0.90556,-1,4.19993,nan,nan,nan,4.98669,4.2
2594,-3.89,4.201,299.458,0.90632,0.905774,-1,4.19927,nan,nan,nan,4.98669,4.2
2595,-3.86,4.199,299.456,0.906535,0.905989,-1,4.19924,nan,nan,nan,4.98669,4.2
2596,-3.9,4.203,299.455,0.906749,0.906202,-1,4.19983,nan,nan,nan,4.98669,4.2
2597,-3.83,4.2,299.454,0.906964,0.906414,-1,4.19884,nan,nan,nan,4.98668,4.2
2598,-3.91,4.197,299.452,0.907178,0.906627,-1,4.20011,nan,nan,nan,4.98668,4.2
2599,-3.9,4.202,299.451,0.907392,0.906841,-1,4.20007,nan,nan,nan,4.98668,4.2
2600,-3.92,4.201,299.45,0.907606,0.907056,-1,4.20041,nan,nan,nan,4.98668,4.2
2601,-3.85,4.201,299.448,0.90782,0.907269,-1,4.19964,nan,nan,nan,4.98668,4.2
2602,-3.88,4.198,299.447,0.908034,0.907481,-1,4.19968,nan,nan,nan,4.98667,4.2
2603,-3.87,4.199,299.446,0.908248,0.907694,-1,4.19986,nan,nan,nan,4.98667,4.2
2604,-3.83,4.198,299.444,0.908461,0.907908,-1,4.19909,nan,nan,nan,4.98667,4.2
2605,-3.89,4.197,299.443,0.908675,0.90812,-1,4.19969,nan,nan,nan,4.98667,4.2
2606,-3.8,4.2,299.442,0.908888,0.908333,-1,4.19842,nan,nan,nan,4.98666,4.2
2607,-3.81,4.199,299.441,0.909102,0.908545,-1,4.19912,nan,nan,nan,4.98666,4.2
2608,-3.86,4.203,299.439,0.909315,0.908757,-1,4.19975,nan,nan,nan,4.98666,4.2
2609,-3.86,4.202,299.438,0.909528,0.90897,-1,4.19968,nan,nan,nan,4.98666,4.2
2610,-3.78,4.199,299.437,0.909741,0.909182,-1,4.19873,nan,nan,nan,4.98666,4.2
2611,-3.81,4.2,299.435,0.909954,0.909393,-1,4.19879,nan,nan,nan,4.98665,4.2
2612,-3.94,4.201,299.434,0.910167,0.909605,-1,4.20084,nan,nan,nan,4.98665,4.2
2613,-3.84,4.2,299.433,0.91038,0.909818,-1,4.19965,nan,nan,nan,4.98665,4.2
2614,-3.83,4.2,299.431,0.910592,0.910029,-1,4.19915,nan,nan,nan,4.98665,4.2
2615,-3.83,4.205,299.43,0.910805,0.91024,-1,4.19981,nan,nan,nan,4.98664,4.2
2616,-3.88,4.195,299.429,0.911017,0.910453,-1,4.19974,nan,nan,nan,4.98664,4.2
2617,-3.79,4.201,299.427,0.91123,0.910666,-1,4.19899,nan,nan,nan,4.98664,4.2
2618,-3.78,4.197,299.426,0.911442,0.910877,-1,4.1992,nan,nan,nan,4.98664,4.2
2619,-3.81,4.205,299.425,0.911654,0.911087,-1,4.1994,nan,nan,nan,4.98664,4.2
2620,-3.85,4.202,299.423,0.911866,0.911298,-1,4.20003,nan,nan,nan,4.98663,4.2
2621,-3.81,4.199,299.422,0.912078,0.911508,-1,4.19912,nan,nan,nan,4.98663,4.2
2622,-3.87,4.202,299.421,0.912289,0.911718,-1,4.19954,nan,nan,nan,4.98663,4.2
2623,-3.77,4.197,299.42,0.912501,0.91193,-1,4.19877,nan,nan,nan,4.98663,4.2
2624,-3.81,4.197,299.418,0.912713,0.912139,-1,4.19949,nan,nan,nan,4.98662,4.2
2625,-3.87,4.201,299.417,0.912924,0.91235,-1,4.20036,nan,nan,nan,4.98662,4.2
2626,-3.82,4.2,299.416,0.913135,0.912562,-1,4.19941,nan,nan,nan,4.98662,4.2
2627,-3.82,4.198,299.414,0.913346,0.912774,-1,4.19973,nan,nan,nan,4.98662,4.2
2628,-3.83,4.199,299.413,0.913557,0.912985,-1,4.19957,nan,nan,nan,4.98662,4.2
2629,-3.81,4.199,299.412,0.913768,0.913196,-1,4.19969,nan,nan,nan,4.98661,4.2
2630,-3.69,4.2,299.411,0.913979,0.913405,-1,4.19809,nan,nan,nan,4.98661,4.2
2631,-3.77,4.199,299.409,0.91419,0.913614,-1,4.19883,nan,nan,nan,4.98661,4.2
2632,-3.85,4.196,299.408,0.9144,0.913823,-1,4.19999,nan,nan,nan,4.98661,4.2
2633,-3.79,4.199,299.407,0.914611,0.914032,-1,4.19921,nan,nan,nan,4.9866,4.2
2634,-3.85,4.201,299.405,0.914821,0.914242,-1,4.20014,nan,nan,nan,4.9866,4.2
2635,-3.79,4.204,299.404,0.915031,0.914453,-1,4.19971,nan,nan,nan,4.9866,4.2
2636,-3.74,4.206,299.403,0.915241,0.914661,-1,4.19907,nan,nan,nan,4.9866,4.2
2637,-3.8,4.203,299.401,0.915451,0.914869,-1,4.19981,nan,nan,nan,4.9866,4.2
2638,-3.83,4.199,299.4,0.915661,0.915078,-1,4.19959,nan,nan,nan,4.98659,4.2
2639,-3.78,4.198,299.399,0.915871,0.915287,-1,4.19922,nan,nan,nan,4.98659,4.2
2640,-3.69,4.201,299.398,0.91608,0.915497,-1,4.19843,nan,nan,nan,4.98659,4.2
2641,-3.73,4.2,299.396,0.916289,0.915704,-1,4.19867,nan,nan,nan,4.98659,4.2
2642,-3.7,4.2,299.395,0.916499,0.915913,-1,4.19867,nan,nan,nan,4.98658,4.2
2643,-3.87,4.202,299.394,0.916708,0.916121,-1,4.20063,nan,nan,nan,4.98658,4.2
2644,-3.8,4.2,299.392,0.916917,0.916331,-1,4.20015,nan,nan,nan,4.98658,4.2
2645,-3.76,4.196,299.391,0.917126,0.91654,-1,4.19977,nan,nan,nan,4.98658,4.2
2646,-3.79,4.196,299.39,0.917334,0.916748,-1,4.20032,nan,nan,nan,4.98658,4.2
2647,-3.72,4.201,299.389,0.917543,0.916956,-1,4.19883,nan,nan,nan,4.98657,4.2
2648,-3.85,4.199,299.387,0.917751,0.917165,-1,4.20077,nan,nan,nan,4.98657,4.2
2649,-3.75,4.201,299.386,0.91796,0.917373,-1,4.20016,nan,nan,nan,4.98657,4.2
2650,-3.76,4.198,299.385,0.918168,0.91758,-1,4.19967,nan,nan,nan,4.98657,4.2
2651,-3.81,4.201,299.383,0.918376,0.917786,-1,4.20063,nan,nan,nan,4.98657,4.2
2652,-3.79,4.198,299.382,0.918584,0.917993,-1,4.20017,nan,nan,nan,4.98656,4.2
2653,-3.78,4.201,299.381,0.918792,0.918201,-1,4.1999,nan,nan,nan,4.98656,4.2
2654,-3.71,4.2,299.38,0.918999,0.918407,-1,4.19895,nan,nan,nan,4.98656,4.2
2655,-3.75,4.199,299.378,0.919207,0.918613,-1,4.20004,nan,nan,nan,4.98656,4.2
2656,-3.87,4.196,299.377,0.919414,0.918821,-1,4.20099,nan,nan,nan,4.98655,4.2
2657,-3.81,4.201,299.376,0.919621,0.919028,-1,4.20074,nan,nan,nan,4.98655,4.2
2658,-3.7,4.202,299.374,0.919828,0.919235,-1,4.1992,nan,nan,nan,4.98655,4.2
2659,-3.71,4.2,299.373,0.920035,0.919442,-1,4.19929,nan,nan,nan,4.98655,4.2
2660,-3.76,4.2,299.372,0.920242,0.919646,-1,4.19996,nan,nan,nan,4.98655,4.2
2661,-3.83,4.199,299.371,0.920448,0.919853,-1,4.2007,nan,nan,nan,4.98654,4.2
2662,-3.71,4.198,299.369,0.920654,0.920058,-1,4.19967,nan,nan,nan,4.98654,4.2
2663,-3.8,4.199,299.368,0.920861,0.920265,-1,4.20052,nan,nan,nan,4.98654,4.2
2664,-3.76,4.201,299.367,0.921067,0.920471,-1,4.2002,nan,nan,nan,4.98654,4.2
2665,-3.7,4.204,299.365,0.921273,0.920677,-1,4.19944,nan,nan,nan,4.98654,4.2
2666,-3.73,4.201,299.364,0.921478,0.920881,-1,4.19963,nan,nan,nan,4.98653,4.2
2667,-3.71,4.197,299.363,0.921684,0.921084,-1,4.19956,nan,nan,nan,4.98653,4.2
2668,-3.72,4.199,299.362,0.921889,0.921288,-1,4.19988,nan,nan,nan,4.98653,4.2
2669,-3.66,4.195,299.36,0.922095,0.921493,-1,4.19854,nan,nan,nan,4.98653,4.2
2670,-3.73,4.198,299.359,0.9223,0.921697,-1,4.20011,nan,nan,nan,4.98652,4.2
2671,-3.7,4.2,299.358,0.922505,0.921902,-1,4.1992,nan,nan,nan,4.98652,4.2
2672,-3.72,4.196,299.356,0.92271,0.922105,-1,4.19965,nan,nan,nan,4.98652,4.2
2673,-3.63,4.203,299.355,0.922914,0.922309,-1,4.19917,nan,nan,nan,4.98652,4.2
2674,-3.64,4.202,299.354,0.923119,0.922513,-1,4.19918,nan,nan,nan,4.98652,4.2
2675,-3.79,4.202,299.352,0.923323,0.922716,-1,4.20073,nan,nan,nan,4.98651,4.2
2676,-3.61,4.201,299.351,0.923527,0.922922,-1,4.1985,nan,nan,nan,4.98651,4.2
2677,-3.61,4.199,299.35,0.923731,0.923125,-1,4.19906,nan,nan,nan,4.98651,4.2
2678,-3.67,4.2,299.349,0.923935,0.923328,-1,4.1992,nan,nan,nan,4.98651,4.2
2679,-3.69,4.199,299.347,0.924138,0.923531,-1,4.19997,nan,nan,nan,4.98651,4.2
2680,-3.67,4.2,299.346,0.924342,0.923733,-1,4.19954,nan,nan,nan,4.9865,4.2
2681,-3.68,4.2,299.345,0.924545,0.923936,-1,4.19973,nan,nan,nan,4.9865,4.2
2682,-3.66,4.197,299.343,0.924748,0.924138,-1,4.19972,nan,nan,nan,4.9865,4.2
2683,-3.67,4.196,299.342,0.924951,0.92434,-1,4.19965,nan,nan,nan,4.9865,4.2
2684,-3.68,4.2,299.341,0.925153,0.924543,-1,4.19973,nan,nan,nan,4.9865,4.2
2685,-3.55,4.2,299.339,0.925356,0.924743,-1,4.19821,nan,nan,nan,4.98649,4.2
2686,-3.64,4.2,299.338,0.925558,0.924943,-1,4.19919,nan,nan,nan,4.98649,4.2
2687,-3.67,4.202,299.337,0.92576,0.925144,-1,4.20002,nan,nan,nan,4.98649,4.2
2688,-3.64,4.2,299.335,0.925962,0.925346,-1,4.19962,nan,nan,nan,4.98649,4.2
2689,-3.67,4.198,299.334,0.926164,0.925549,-1,4.19957,nan,nan,nan,4.98649,4.2
2690,-3.56,4.198,299.333,0.926365,0.92575,-1,4.19861,nan,nan,nan,4.98648,4.2
2691,-3.67,4.196,299.332,0.926567,0.925952,-1,4.19987,nan,nan,nan,4.98648,4.2
2692,-3.66,4.201,299.33,0.926768,0.926152,-1,4.19998,nan,nan,nan,4.98648,4.2
2693,-3.62,4.201,299.329,0.926969,0.926352,-1,4.19946,nan,nan,nan,4.98648,4.2
2694,-3.52,4.199,299.328,0.92717,0.926553,-1,4.19852,nan,nan,nan,4.98647,4.2
2695,-3.59,4.2,299.326,0.92737,0.926752,-1,4.19946,nan,nan,nan,4.98647,4.2
2696,-3.61,4.198,299.325,0.927571,0.926952,-1,4.19926,nan,nan,nan,4.98647,4.2
2697,-3.52,4.198,299.324,0.927771,0.927151,-1,4.19858,nan,nan,nan,4.98647,4.2
2698,-3.67,4.199,299.322,0.927971,0.92735,-1,4.20011,nan,nan,nan,4.98647,4.2
2699,-3.59,4.197,299.321,0.928171,0.927549,-1,4.19919,nan,nan,nan,4.98646,4.2
2700,-3.63,4.201,299.32,0.92837,0.927747,-1,4.19937,nan,nan,nan,4.98646,4.2
2701,-3.59,4.201,299.318,0.92857,0.927947,-1,4.19904,nan,nan,nan,4.98646,4.2
2702,-3.55,4.198,299.317,0.928769,0.928145,-1,4.19867,nan,nan,nan,4.98646,4.2
2703,-3.64,4.203,299.316,0.928968,0.928343,-1,4.20032,nan,nan,nan,4.98646,4.2
2704,-3.52,4.202,299.314,0.929166,0.928542,-1,4.19839,nan,nan,nan,4.98645,4.2
2705,-3.53,4.2,299.313,0.929365,0.92874,-1,4.19923,nan,nan,nan,4.98645,4.2
2706,-3.59,4.205,299.312,0.929563,0.928938,-1,4.19972,nan,nan,nan,4.98645,4.2
2707,-3.54,4.197,299.31,0.929761,0.929135,-1,4.19931,nan,nan,nan,4.98645,4.2
2708,-3.61,4.199,299.309,0.929959,0.929333,-1,4.20049,nan,nan,nan,4.98645,4.2
2709,-3.62,4.2,299.307,0.930157,0.929531,-1,4.1999,nan,nan,nan,4.98644,4.2
2710,-3.53,4.199,299.306,0.930354,0.929727,-1,4.19902,nan,nan,nan,4.98644,4.2
2711,-3.6,4.198,299.305,0.930552,0.929923,-1,4.19987,nan,nan,nan,4.98644,4.2
2712,-3.61,4.203,299.303,0.930749,0.93012,-1,4.1998,nan,nan,nan,4.98644,4.2
2713,-3.54,4.202,299.302,0.930946,0.930315,-1,4.19911,nan,nan,nan,4.98644,4.2
2714,-3.58,4.202,299.301,0.931142,0.930509,-1,4.20013,nan,nan,nan,4.98643,4.2
2715,-3.6,4.202,299.299,0.931338,0.930706,-1,4.20039,nan,nan,nan,4.98643,4.2
2716,-3.49,4.199,299.298,0.931535,0.930902,-1,4.19874,nan,nan,nan,4.98643,4.2
2717,-3.61,4.199,299.297,0.931731,0.931098,-1,4.20037,nan,nan,nan,4.98643,4.2
2718,-3.57,4.201,299.295,0.931926,0.931293,-1,4.19996,nan,nan,nan,4.98643,4.2
2719,-3.49,4.201,299.294,0.932122,0.931487,-1,4.19887,nan,nan,nan,4.98642,4.2
2720,-3.51,4.2,299.292,0.932317,0.931681,-1,4.19883,nan,nan,nan,4.98642,4.2
2721,-3.51,4.204,299.291,0.932512,0.931875,-1,4.19937,nan,nan,nan,4.98642,4.2
2722,-3.49,4.203,299.29,0.932707,0.932069,-1,4.19936,nan,nan,nan,4.98642,4.2
2723,-3.47,4.199,299.288,0.932901,0.932262,-1,4.19879,nan,nan,nan,4.98642,4.2
2724,-3.54,4.201,299.287,0.933095,0.932456,-1,4.19948,nan,nan,nan,4.98641,4.2
2725,-3.53,4.195,299.285,0.93329,0.93265,-1,4.20024,nan,nan,nan,4.98641,4.2
2726,-3.56,4.199,299.284,0.933483,0.932843,-1,4.20013,nan,nan,nan,4.98641,4.2
2727,-3.51,4.199,299.283,0.933677,0.933038,-1,4.1998,nan,nan,nan,4.98641,4.2
2728,-3.53,4.2,299.281,0.93387,0.93323,-1,4.19969,nan,nan,nan,4.98641,4.2
2729,-3.46,4.2,299.28,0.934063,0.933424,-1,4.19914,nan,nan,nan,4.9864,4.2
2730,-3.43,4.199,299.278,0.934256,0.933616,-1,4.19879,nan,nan,nan,4.9864,4.2
2731,-3.52,4.198,299.277,0.934449,0.933808,-1,4.20026,nan,nan,nan,4.9864,4.2
2732,-3.42,4.197,299.276,0.934641,0.934001,-1,4.19892,nan,nan,nan,4.9864,4.2
2733,-3.47,4.2,299.274,0.934833,0.934192,-1,4.19969,nan,nan,nan,4.9864,4.2
2734,-3.46,4.202,299.273,0.935025,0.934384,-1,4.1999,nan,nan,nan,4.98639,4.2
2735,-3.4,4.2,299.271,0.935217,0.934574,-1,4.19853,nan,nan,nan,4.98639,4.2
2736,-3.41,4.203,299.27,0.935408,0.934765,-1,4.19917,nan,nan,nan,4.98639,4.2
2737,-3.45,4.202,299.268,0.935599,0.934955,-1,4.19942,nan,nan,nan,4.98639,4.2
2738,-3.45,4.201,299.267,0.93579,0.935145,-1,4.19923,nan,nan,nan,4.98639,4.2
2739,-3.51,4.2,299.266,0.935981,0.935336,-1,4.20001,nan,nan,nan,4.98638,4.2
2740,-3.42,4.199,299.264,0.936171,0.935527,-1,4.19976,nan,nan,nan,4.98638,4.2
2741,-3.36,4.197,299.263,0.936361,0.935718,-1,4.19846,nan,nan,nan,4.98638,4.2
2742,-3.36,4.202,299.261,0.936551,0.935907,-1,4.19837,nan,nan,nan,4.98638,4.2
2743,-3.36,4.203,299.26,0.936741,0.936095,-1,4.19904,nan,nan,nan,4.98638,4.2
2744,-3.4,4.203,299.258,0.93693,0.936283,-1,4.19934,nan,nan,nan,4.98638,4.2
2745,-3.39,4.202,299.257,0.937119,0.936471,-1,4.19905,nan,nan,nan,4.98637,4.2
2746,-3.41,4.198,299.255,0.937308,0.93666,-1,4.19907,nan,nan,nan,4.98637,4.2
2747,-3.45,4.201,299.254,0.937496,0.936849,-1,4.19998,nan,nan,nan,4.98637,4.2
2748,-3.43,4.2,299.253,0.937684,0.937036,-1,4.1998,nan,nan,nan,4.98637,4.2
2749,-3.38,4.202,299.251,0.937872,0.937224,-1,4.19944,nan,nan,nan,4.98637,4.2
2750,-3.3,4.203,299.25,0.93806,0.937409,-1,4.19827,nan,nan,nan,4.98636,4.2
2751,-3.51,4.198,299.248,0.938248,0.937597,-1,4.20081,nan,nan,nan,4.98636,4.2
2752,-3.39,4.198,299.247,0.938435,0.937783,-1,4.19978,nan,nan,nan,4.98636,4.2
2753,-3.35,4.198,299.245,0.938622,0.93797,-1,4.19854,nan,nan,nan,4.98636,4.2
2754,-3.36,4.198,299.244,0.938808,0.938157,-1,4.19917,nan,nan,nan,4.98636,4.2
2755,-3.32,4.203,299.242,0.938995,0.938343,-1,4.19861,nan,nan,nan,4.98635,4.2
2756,-3.35,4.199,299.241,0.939181,0.938528,-1,4.19969,nan,nan,nan,4.98635,4.2
2757,-3.37,4.202,299.239,0.939366,0.938711,-1,4.19934,nan,nan,nan,4.98635,4.2
2758,-3.27,4.2,299.238,0.939552,0.938897,-1,4.19822,nan,nan,nan,4.98635,4.2
2759,-3.34,4.2,299.236,0.939737,0.939083,-1,4.19972,nan,nan,nan,4.98635,4.2
2760,-3.33,4.201,299.235,0.939922,0.939267,-1,4.19933,nan,nan,nan,4.98634,4.2
2761,-3.37,4.199,299.233,0.940107,0.939452,-1,4.19975,nan,nan,nan,4.98634,4.2
2762,-3.44,4.202,299.232,0.940291,0.939635,-1,4.20047,nan,nan,nan,4.98634,4.2
2763,-3.31,4.197,299.23,0.940475,0.939819,-1,4.19915,nan,nan,nan,4.98634,4.2
2764,-3.32,4.203,299.229,0.940659,0.940003,-1,4.19936,nan,nan,nan,4.98634,4.2
2765,-3.37,4.2,299.227,0.940843,0.940186,-1,4.20002,nan,nan,nan,4.98634,4.2
2766,-3.3,4.2,299.226,0.941026,0.940367,-1,4.19921,nan,nan,nan,4.98633,4.2
2767,-3.35,4.199,299.224,0.941209,0.940549,-1,4.20002,nan,nan,nan,4.98633,4.2
2768,-3.3,4.2,299.222,0.941391,0.94073,-1,4.1997,nan,nan,nan,4.98633,4.2
2769,-3.34,4.201,299.221,0.941574,0.940911,-1,4.19992,nan,nan,nan,4.98633,4.2
2770,-3.33,4.2,299.219,0.941756,0.941093,-1,4.19972,nan,nan,nan,4.98633,4.2
2771,-3.3,4.201,299.218,0.941938,0.941275,-1,4.1995,nan,nan,nan,4.98632,4.2
2772,-3.21,4.204,299.216,0.942119,0.941456,-1,4.19864,nan,nan,nan,4.98632,4.2
2773,-3.18,4.203,299.215,0.9423,0.941635,-1,4.19808,nan,nan,nan,4.98632,4.2
2774,-3.21,4.2,299.213,0.942481,0.941815,-1,4.19886,nan,nan,nan,4.98632,4.2
2775,-3.23,4.203,299.212,0.942662,0.941993,-1,4.1992,nan,nan,nan,4.98632,4.2
2776,-3.19,4.201,299.21,0.942842,0.942173,-1,4.19877,nan,nan,nan,4.98632,4.2
2777,-3.27,4.201,299.208,0.943022,0.942352,-1,4.19945,nan,nan,nan,4.98631,4.2
2778,-3.29,4.196,299.207,0.943202,0.94253,-1,4.2,nan,nan,nan,4.98631,4.2
2779,-3.23,4.2,299.205,0.943381,0.94271,-1,4.19936,nan,nan,nan,4.98631,4.2
2780,-3.13,4.2,299.204,0.94356,0.94289,-1,4.19839,nan,nan,nan,4.98631,4.2
2781,-3.11,4.201,299.202,0.943739,0.943068,-1,4.19801,nan,nan,nan,4.98631,4.2
2782,-3.17,4.197,299.201,0.943918,0.943245,-1,4.19891,nan,nan,nan,4.9863,4.2
2783,-3.27,4.2,299.199,0.944096,0.943422,-1,4.2001,nan,nan,nan,4.9863,4.2
2784,-3.2,4.199,299.197,0.944274,0.9436,-1,4.19935,nan,nan,nan,4.9863,4.2
2785,-3.2,4.204,299.196,0.944451,0.943775,-1,4.19926,nan,nan,nan,4.9863,4.2
2786,-3.15,4.201,299.194,0.944628,0.94395,-1,4.19898,nan,nan,nan,4.9863,4.2
2787,-3.18,4.196,299.192,0.944805,0.944125,-1,4.19897,nan,nan,nan,4.9863,4.2
2788,-3.09,4.199,299.191,0.944982,0.944301,-1,4.19795,nan,nan,nan,4.98629,4.2
2789,-3.16,4.2,299.189,0.945158,0.944476,-1,4.19911,nan,nan,nan,4.98629,4.2
2790,-3.18,4.199,299.188,0.945334,0.944651,-1,4.19911,nan,nan,nan,4.98629,4.2
2791,-3.19,4.204,299.186,0.94551,0.944826,-1,4.19958,nan,nan,nan,4.98629,4.2
2792,-3.21,4.2,299.184,0.945685,0.945,-1,4.19966,nan,nan,nan,4.98629,4.2
2793,-3.18,4.197,299.183,0.945861,0.945175,-1,4.19965,nan,nan,nan,4.98628,4.2
2794,-3.1,4.202,299.181,0.946035,0.945348,-1,4.19849,nan,nan,nan,4.98628,4.2
2795,-3.13,4.201,299.179,0.94621,0.945522,-1,4.19916,nan,nan,nan,4.98628,4.2
2796,-3.09,4.2,299.178,0.946384,0.945694,-1,4.19856,nan,nan,nan,4.98628,4.2
2797,-3.15,4.203,299.176,0.946558,0.945867,-1,4.19943,nan,nan,nan,4.98628,4.2
2798,-3.08,4.202,299.175,0.946731,0.946041,-1,4.19856,nan,nan,nan,4.98628,4.2
2799,-3.09,4.197,299.173,0.946904,0.946215,-1,4.19859,nan,nan,nan,4.98627,4.2
2800,-3.17,4.2,299.171,0.947077,0.946387,-1,4.20029,nan,nan,nan,4.98627,4.2
2801,-3.15,4.197,299.17,0.94725,0.946559,-1,4.19959,nan,nan,nan,4.98627,4.2
2802,-3.13,4.202,299.168,0.947422,0.946731,-1,4.19966,nan,nan,nan,4.98627,4.2
2803,-3.13,4.198,299.166,0.947594,0.946903,-1,4.19972,nan,nan,nan,4.98627,4.2
2804,-3.12,4.2,299.165,0.947765,0.947074,-1,4.19979,nan,nan,nan,4.98627,4.2
2805,-3.06,4.201,299.163,0.947936,0.947245,-1,4.19915,nan,nan,nan,4.98626,4.2
2806,-3.1,4.201,299.161,0.948107,0.947415,-1,4.1994,nan,nan,nan,4.98626,4.2
2807,-3.04,4.201,299.16,0.948278,0.947585,-1,4.19885,nan,nan,nan,4.98626,4.2
2808,-3.12,4.199,299.158,0.948448,0.947755,-1,4.19996,nan,nan,nan,4.98626,4.2
2809,-3.05,4.198,299.156,0.948618,0.947923,-1,4.19921,nan,nan,nan,4.98626,4.2
2810,-3.1,4.201,299.154,0.948787,0.948092,-1,4.19992,nan,nan,nan,4.98625,4.2
2811,-3.03,4.199,299.153,0.948957,0.94826,-1,4.1991,nan,nan,nan,4.98625,4.2
2812,-3.03,4.202,299.151,0.949126,0.948427,-1,4.19898,nan,nan,nan,4.98625,4.2
2813,-3.13,4.199,299.149,0.949294,0.948596,-1,4.20022,nan,nan,nan,4.98625,4.2
2814,-3.11,4.199,299.148,0.949462,0.948763,-1,4.20013,nan,nan,nan,4.98625,4.2
2815,-3.03,4.2,299.146,0.94963,0.948931,-1,4.19969,nan,nan,nan,4.98625,4.2
2816,-3.07,4.2,299.144,0.949798,0.949097,-1,4.19984,nan,nan,nan,4.98624,4.2
2817,-3,4.201,299.142,0.949965,0.949263,-1,4.19933,nan,nan,nan,4.98624,4.2
2818,-2.94,4.198,299.141,0.950132,0.949429,-1,4.19859,nan,nan,nan,4.98624,4.2
2819,-3.01,4.198,299.139,0.950299,0.949595,-1,4.19872,nan,nan,nan,4.98624,4.2
2820,-2.91,4.199,299.137,0.950465,0.949761,-1,4.1979,nan,nan,nan,4.98624,4.2
2821,-3.03,4.197,299.136,0.950631,0.949925,-1,4.19963,nan,nan,nan,4.98624,4.2
2822,-3.01,4.201,299.134,0.950796,0.95009,-1,4.19923,nan,nan,nan,4.98623,4.2
2823,-2.97,4.198,299.132,0.950962,0.950253,-1,4.19911,nan,nan,nan,4.98623,4.2
2824,-2.98,4.197,299.13,0.951126,0.950418,-1,4.19902,nan,nan,nan,4.98623,4.2
2825,-2.93,4.201,299.129,0.951291,0.950582,-1,4.19886,nan,nan,nan,4.98623,4.2
2826,-2.87,4.202,299.127,0.951455,0.950745,-1,4.19808,nan,nan,nan,4.98623,4.2
2827,-2.88,4.2,299.125,0.951619,0.950909,-1,4.19827,nan,nan,nan,4.98623,4.2
2828,-3,4.2,299.123,0.951783,0.95107,-1,4.19984,nan,nan,nan,4.98622,4.2
2829,-3.02,4.202,299.122,0.951946,0.951232,-1,4.20032,nan,nan,nan,4.98622,4.2
2830,-2.89,4.197,299.12,0.952109,0.951394,-1,4.19842,nan,nan,nan,4.98622,4.2
2831,-2.83,4.2,299.118,0.952271,0.951553,-1,4.19763,nan,nan,nan,4.98622,4.2
2832,-2.88,4.199,299.116,0.952433,0.951714,-1,4.19894,nan,nan,nan,4.98622,4.2
2833,-2.91,4.198,299.114,0.952595,0.951875,-1,4.19898,nan,nan,nan,4.98622,4.2
2834,-2.92,4.2,299.113,0.952757,0.952036,-1,4.19902,nan,nan,nan,4.98622,4.2
2835,-2.89,4.204,299.111,0.952918,0.952198,-1,4.19894,nan,nan,nan,4.98621,4.2
2836,-2.93,4.197,299.109,0.953078,0.952359,-1,4.1997,nan,nan,nan,4.98621,4.2
2837,-2.94,4.198,299.107,0.953239,0.952518,-1,4.19949,nan,nan,nan,4.98621,4.2
2838,-2.85,4.202,299.106,0.953399,0.952677,-1,4.1988,nan,nan,nan,4.98621,4.2
2839,-2.78,4.198,299.104,0.953559,0.952836,-1,4.19795,nan,nan,nan,4.98621,4.2
2840,-2.77,4.201,299.102,0.953718,0.952994,-1,4.19784,nan,nan,nan,4.98621,4.2
2841,-2.93,4.201,299.1,0.953877,0.953151,-1,4.19985,nan,nan,nan,4.9862,4.2
2842,-2.95,4.198,299.098,0.954036,0.953309,-1,4.20032,nan,nan,nan,4.9862,4.2
2843,-2.81,4.197,299.097,0.954194,0.953468,-1,4.1989,nan,nan,nan,4.9862,4.2
2844,-2.86,4.201,299.095,0.954352,0.953625,-1,4.19928,nan,nan,nan,4.9862,4.2
2845,-2.84,4.202,299.093,0.95451,0.953782,-1,4.19887,nan,nan,nan,4.9862,4.2
2846,-2.8,4.205,299.091,0.954667,0.953938,-1,4.19891,nan,nan,nan,4.9862,4.2
2847,-2.87,4.205,299.089,0.954824,0.954094,-1,4.19976,nan,nan,nan,4.98619,4.2
2848,-2.82,4.199,299.087,0.954981,0.954249,-1,4.19897,nan,nan,nan,4.98619,4.2
2849,-2.74,4.199,299.086,0.955137,0.954405,-1,4.19823,nan,nan,nan,4.98619,4.2
2850,-2.79,4.2,299.084,0.955293,0.95456,-1,4.19924,nan,nan,nan,4.98619,4.2
2851,-2.79,4.197,299.082,0.955448,0.954714,-1,4.19906,nan,nan,nan,4.98619,4.2
2852,-2.78,4.2,299.08,0.955604,0.954869,-1,4.19876,nan,nan,nan,4.98619,4.2
2853,-2.83,4.202,299.078,0.955759,0.955023,-1,4.19958,nan,nan,nan,4.98619,4.2
2854,-2.8,4.202,299.076,0.955913,0.955176,-1,4.19948,nan,nan,nan,4.98618,4.2
2855,-2.73,4.201,299.075,0.956067,0.955329,-1,4.19824,nan,nan,nan,4.98618,4.2
2856,-2.77,4.198,299.073,0.956221,0.955482,-1,4.1989,nan,nan,nan,4.98618,4.2
2857,-2.73,4.2,299.071,0.956374,0.955635,-1,4.19865,nan,nan,nan,4.98618,4.2
2858,-2.7,4.198,299.069,0.956528,0.955787,-1,4.19834,nan,nan,nan,4.98618,4.2
2859,-2.84,4.2,299.067,0.95668,0.955938,-1,4.20001,nan,nan,nan,4.98618,4.2
2860,-2.83,4.201,299.065,0.956833,0.95609,-1,4.19998,nan,nan,nan,4.98617,4.2
2861,-2.72,4.2,299.064,0.956985,0.95624,-1,4.19865,nan,nan,nan,4.98617,4.2
2862,-2.81,4.2,299.062,0.957136,0.956391,-1,4.20012,nan,nan,nan,4.98617,4.2
2863,-2.68,4.199,299.06,0.957288,0.956541,-1,4.19842,nan,nan,nan,4.98617,4.2
2864,-2.65,4.202,299.058,0.957439,0.956691,-1,4.19827,nan,nan,nan,4.98617,4.2
2865,-2.68,4.197,299.056,0.957589,0.95684,-1,4.19835,nan,nan,nan,4.98617,4.2
2866,-2.68,4.199,299.054,0.95774,0.95699,-1,4.19884,nan,nan,nan,4.98617,4.2
2867,-2.71,4.2,299.052,0.95789,0.95714,-1,4.19915,nan,nan,nan,4.98616,4.2
2868,-2.69,4.199,299.05,0.958039,0.95729,-1,4.19873,nan,nan,nan,4.98616,4.2
2869,-2.75,4.198,299.049,0.958188,0.957439,-1,4.19979,nan,nan,nan,4.98616,4.2
2870,-2.64,4.197,299.047,0.958337,0.957588,-1,4.19843,nan,nan,nan,4.98616,4.2
2871,-2.64,4.201,299.045,0.958486,0.957736,-1,4.19868,nan,nan,nan,4.98616,4.2
2872,-2.71,4.2,299.043,0.958634,0.957882,-1,4.19952,nan,nan,nan,4.98616,4.2
2873,-2.72,4.201,299.041,0.958782,0.958029,-1,4.19976,nan,nan,nan,4.98615,4.2
2874,-2.62,4.2,299.039,0.958929,0.958175,-1,4.19871,nan,nan,nan,4.98615,4.2
2875,-2.66,4.202,299.037,0.959076,0.958321,-1,4.1989,nan,nan,nan,4.98615,4.2
2876,-2.74,4.2,299.035,0.959223,0.958465,-1,4.20035,nan,nan,nan,4.98615,4.2
2877,-2.58,4.203,299.033,0.959369,0.958612,-1,4.19851,nan,nan,nan,4.98615,4.2
2878,-2.58,4.197,299.032,0.959515,0.958757,-1,4.19874,nan,nan,nan,4.98615,4.2
2879,-2.64,4.201,299.03,0.959661,0.958903,-1,4.19911,nan,nan,nan,4.98615,4.2
2880,-2.7,4.198,299.028,0.959806,0.959048,-1,4.19975,nan,nan,nan,4.98614,4.2
2881,-2.71,4.198,299.026,0.959951,0.959193,-1,4.20034,nan,nan,nan,4.98614,4.2
2882,-2.53,4.2,299.024,0.960096,0.959338,-1,4.19834,nan,nan,nan,4.98614,4.2
2883,-2.71,4.202,299.022,0.96024,0.959483,-1,4.20032,nan,nan,nan,4.98614,4.2
2884,-2.62,4.199,299.02,0.960384,0.959626,-1,4.19934,nan,nan,nan,4.98614,4.2
2885,-2.58,4.203,299.018,0.960527,0.959768,-1,4.19902,nan,nan,nan,4.98614,4.2
2886,-2.56,4.2,299.016,0.960671,0.959911,-1,4.19874,nan,nan,nan,4.98614,4.2
2887,-2.57,4.199,299.014,0.960813,0.960053,-1,4.19895,nan,nan,nan,4.98613,4.2
2888,-2.62,4.199,299.012,0.960956,0.960193,-1,4.19946,nan,nan,nan,4.98613,4.2
2889,-2.57,4.197,299.011,0.961098,0.960335,-1,4.19897,nan,nan,nan,4.98613,4.2
2890,-2.43,4.2,299.009,0.96124,0.960477,-1,4.19744,nan,nan,nan,4.98613,4.2
2891,-2.56,4.2,299.007,0.961381,0.960616,-1,4.19895,nan,nan,nan,4.98613,4.2
2892,-2.44,4.202,299.005,0.961522,0.960757,-1,4.19792,nan,nan,nan,4.98613,4.2
2893,-2.46,4.201,299.003,0.961663,0.960898,-1,4.19831,nan,nan,nan,4.98613,4.2
2894,-2.5,4.2,299.001,0.961803,0.961037,-1,4.19849,nan,nan,nan,4.98612,4.2
2895,-2.64,4.195,298.999,0.961943,0.961176,-1,4.20035,nan,nan,nan,4.98612,4.2
2896,-2.55,4.2,298.997,0.962083,0.961316,-1,4.19938,nan,nan,nan,4.98612,4.2
2897,-2.55,4.199,298.995,0.962222,0.961454,-1,4.19937,nan,nan,nan,4.98612,4.2
2898,-2.5,4.199,298.993,0.962361,0.961593,-1,4.19904,nan,nan,nan,4.98612,4.2
2899,-2.46,4.201,298.991,0.962499,0.961731,-1,4.19848,nan,nan,nan,4.98612,4.2
2900,-2.5,4.201,298.989,0.962638,0.961869,-1,4.19928,nan,nan,nan,4.98612,4.2
2901,-2.39,4.199,298.987,0.962776,0.962006,-1,4.1981,nan,nan,nan,4.98612,4.2
2902,-2.49,4.198,298.985,0.962913,0.962142,-1,4.19885,nan,nan,nan,4.98611,4.2
2903,-2.39,4.2,298.984,0.96305,0.962279,-1,4.19784,nan,nan,nan,4.98611,4.2
2904,-2.45,4.201,298.982,0.963187,0.962414,-1,4.1988,nan,nan,nan,4.98611,4.2
2905,-2.4,4.198,298.98,0.963323,0.962552,-1,4.19833,nan,nan,nan,4.98611,4.2
2906,-2.5,4.203,298.978,0.963459,0.962688,-1,4.19984,nan,nan,nan,4.98611,4.2
2907,-2.51,4.199,298.976,0.963595,0.962823,-1,4.19976,nan,nan,nan,4.98611,4.2
2908,-2.39,4.201,298.974,0.963731,0.962958,-1,4.1985,nan,nan,nan,4.98611,4.2
2909,-2.42,4.197,298.972,0.963866,0.963091,-1,4.19864,nan,nan,nan,4.9861,4.2
2910,-2.45,4.201,298.97,0.964,0.963225,-1,4.19908,nan,nan,nan,4.9861,4.2
2911,-2.4,4.203,298.968,0.964135,0.96336,-1,4.19871,nan,nan,nan,4.9861,4.2
2912,-2.46,4.198,298.966,0.964269,0.963493,-1,4.19954,nan,nan,nan,4.9861,4.2
2913,-2.4,4.2,298.964,0.964402,0.963625,-1,4.19869,nan,nan,nan,4.9861,4.2
2914,-2.43,4.202,298.962,0.964536,0.963759,-1,4.19909,nan,nan,nan,4.9861,4.2
2915,-2.4,4.203,298.96,0.964668,0.963892,-1,4.19932,nan,nan,nan,4.9861,4.2
2916,-2.31,4.2,298.958,0.964801,0.964023,-1,4.19815,nan,nan,nan,4.9861,4.2
2917,-2.32,4.2,298.956,0.964933,0.964154,-1,4.19816,nan,nan,nan,4.98609,4.2
2918,-2.41,4.203,298.954,0.965065,0.964285,-1,4.19919,nan,nan,nan,4.98609,4.2
2919,-2.35,4.199,298.952,0.965197,0.964415,-1,4.1984,nan,nan,nan,4.98609,4.2
2920,-2.44,4.2,298.95,0.965328,0.964546,-1,4.20003,nan,nan,nan,4.98609,4.2
2921,-2.36,4.203,298.948,0.965459,0.964677,-1,4.19899,nan,nan,nan,4.98609,4.2
2922,-2.35,4.202,298.946,0.965589,0.964806,-1,4.19904,nan,nan,nan,4.98609,4.2
2923,-2.3,4.199,298.945,0.965719,0.964935,-1,4.19813,nan,nan,nan,4.98609,4.2
2924,-2.39,4.198,298.943,0.965849,0.965064,-1,4.19965,nan,nan,nan,4.98608,4.2
2925,-2.34,4.201,298.941,0.965978,0.965192,-1,4.19884,nan,nan,nan,4.98608,4.2
2926,-2.31,4.198,298.939,0.966108,0.96532,-1,4.1987,nan,nan,nan,4.98608,4.2
2927,-2.34,4.201,298.937,0.966236,0.965447,-1,4.19899,nan,nan,nan,4.98608,4.2
2928,-2.29,4.199,298.935,0.966365,0.965575,-1,4.19865,nan,nan,nan,4.98608,4.2
2929,-2.27,4.197,298.933,0.966493,0.965701,-1,4.19823,nan,nan,nan,4.98608,4.2
2930,-2.24,4.199,298.931,0.96662,0.965827,-1,4.19799,nan,nan,nan,4.98608,4.2
2931,-2.3,4.198,298.929,0.966748,0.965953,-1,4.19876,nan,nan,nan,4.98608,4.2
2932,-2.23,4.198,298.927,0.966875,0.96608,-1,4.19839,nan,nan,nan,4.98607,4.2
2933,-2.17,4.201,298.925,0.967001,0.966205,-1,4.19765,nan,nan,nan,4.98607,4.2
2934,-2.23,4.201,298.923,0.967128,0.966329,-1,4.19847,nan,nan,nan,4.98607,4.2
2935,-2.2,4.203,298.921,0.967254,0.966454,-1,4.19793,nan,nan,nan,4.98607,4.2
2936,-2.27,4.199,298.919,0.967379,0.966578,-1,4.19882,nan,nan,nan,4.98607,4.2
2937,-2.21,4.201,298.917,0.967505,0.966704,-1,4.19858,nan,nan,nan,4.98607,4.2
2938,-2.27,4.2,298.915,0.96763,0.966828,-1,4.19928,nan,nan,nan,4.98607,4.2
2939,-2.27,4.203,298.913,0.967754,0.966951,-1,4.19926,nan,nan,nan,4.98607,4.2
2940,-2.22,4.197,298.911,0.967878,0.967075,-1,4.19867,nan,nan,nan,4.98606,4.2
2941,-2.25,4.202,298.909,0.968002,0.967199,-1,4.19902,nan,nan,nan,4.98606,4.2
2942,-2.25,4.201,298.907,0.968126,0.967322,-1,4.1989,nan,nan,nan,4.98606,4.2
2943,-2.24,4.202,298.905,0.968249,0.967444,-1,4.199,nan,nan,nan,4.98606,4.2
2944,-2.26,4.199,298.903,0.968372,0.967566,-1,4.19973,nan,nan,nan,4.98606,4.2
2945,-2.14,4.197,298.901,0.968495,0.967688,-1,4.19788,nan,nan,nan,4.98606,4.2
2946,-2.25,4.2,298.899,0.968617,0.967808,-1,4.1992,nan,nan,nan,4.98606,4.2
2947,-2.22,4.201,298.897,0.968739,0.967929,-1,4.19897,nan,nan,nan,4.98606,4.2
2948,-2.15,4.202,298.895,0.96886,0.96805,-1,4.19827,nan,nan,nan,4.98606,4.2
2949,-2.17,4.2,298.894,0.968982,0.96817,-1,4.19882,nan,nan,nan,4.98605,4.2
2950,-2.13,4.2,298.892,0.969102,0.96829,-1,4.19827,nan,nan,nan,4.98605,4.2
2951,-2.21,4.197,298.89,0.969223,0.96841,-1,4.19951,nan,nan,nan,4.98605,4.2
2952,-2.15,4.2,298.888,0.969343,0.968529,-1,4.1985,nan,nan,nan,4.98605,4.2
2953,-2.16,4.202,298.886,0.969463,0.968648,-1,4.19856,nan,nan,nan,4.98605,4.2
2954,-2.11,4.201,298.884,0.969582,0.968768,-1,4.19816,nan,nan,nan,4.98605,4.2
2955,-2.16,4.201,298.882,0.969702,0.968885,-1,4.19879,nan,nan,nan,4.98605,4.2
2956,-2.03,4.202,298.88,0.96982,0.969003,-1,4.19747,nan,nan,nan,4.98605,4.2
2957,-2.06,4.2,298.878,0.969939,0.969118,-1,4.19795,nan,nan,nan,4.98604,4.2
2958,-2.15,4.2,298.876,0.970057,0.969234,-1,4.19906,nan,nan,nan,4.98604,4.2
2959,-2.06,4.202,298.874,0.970175,0.969352,-1,4.19829,nan,nan,nan,4.98604,4.2
2960,-2.06,4.199,298.872,0.970293,0.969468,-1,4.19805,nan,nan,nan,4.98604,4.2
2961,-2.05,4.199,298.87,0.97041,0.969584,-1,4.19802,nan,nan,nan,4.98604,4.2
2962,-2.19,4.198,298.868,0.970527,0.9697,-1,4.19968,nan,nan,nan,4.98604,4.2
2963,-2.1,4.2,298.866,0.970643,0.969817,-1,4.19866,nan,nan,nan,4.98604,4.2
2964,-2.08,4.201,298.864,0.970759,0.969932,-1,4.19854,nan,nan,nan,4.98604,4.2
2965,-2.07,4.202,298.862,0.970875,0.970047,-1,4.19839,nan,nan,nan,4.98604,4.2
2966,-2.08,4.201,298.86,0.970991,0.970161,-1,4.19858,nan,nan,nan,4.98603,4.2
2967,-2.14,4.201,298.858,0.971106,0.970274,-1,4.19937,nan,nan,nan,4.98603,4.2
2968,-2.01,4.201,298.856,0.971221,0.970388,-1,4.19806,nan,nan,nan,4.98603,4.2
2969,-1.97,4.198,298.854,0.971335,0.970502,-1,4.19762,nan,nan,nan,4.98603,4.2
2970,-2.03,4.202,298.852,0.97145,0.970613,-1,4.19844,nan,nan,nan,4.98603,4.2
2971,-2.11,4.201,298.851,0.971563,0.970727,-1,4.19948,nan,nan,nan,4.98603,4.2
2972,-2.09,4.197,298.849,0.971677,0.970839,-1,4.19911,nan,nan,nan,4.98603,4.2
2973,-2.1,4.2,298.847,0.97179,0.970952,-1,4.19961,nan,nan,nan,4.98603,4.2
2974,-2,4.198,298.845,0.971903,0.971063,-1,4.19823,nan,nan,nan,4.98603,4.2
2975,-1.99,4.2,298.843,0.972016,0.971175,-1,4.19824,nan,nan,nan,4.98602,4.2
2976,-2.05,4.196,298.841,0.972128,0.971288,-1,4.19898,nan,nan,nan,4.98602,4.2
2977,-2.06,4.198,298.839,0.97224,0.971399,-1,4.19904,nan,nan,nan,4.98602,4.2
2978,-2.08,4.2,298.837,0.972352,0.971509,-1,4.19945,nan,nan,nan,4.98602,4.2
2979,-1.93,4.201,298.835,0.972463,0.971621,-1,4.19766,nan,nan,nan,4.98602,4.2
2980,-2.03,4.198,298.833,0.972574,0.971731,-1,4.19902,nan,nan,nan,4.98602,4.2
2981,-1.98,4.2,298.831,0.972684,0.971841,-1,4.19864,nan,nan,nan,4.98602,4.2
2982,-2.01,4.204,298.829,0.972795,0.971951,-1,4.19909,nan,nan,nan,4.98602,4.2
2983,-1.92,4.199,298.827,0.972905,0.972059,-1,4.19811,nan,nan,nan,4.98602,4.2
2984,-1.98,4.199,298.825,0.973015,0.972169,-1,4.19887,nan,nan,nan,4.98601,4.2
2985,-1.96,4.202,298.823,0.973124,0.972276,-1,4.19837,nan,nan,nan,4.98601,4.2
2986,-1.91,4.197,298.821,0.973233,0.972384,-1,4.19813,nan,nan,nan,4.98601,4.2
2987,-2.05,4.198,298.82,0.973342,0.972491,-1,4.19941,nan,nan,nan,4.98601,4.2
2988,-1.95,4.201,298.818,0.97345,0.972599,-1,4.19864,nan,nan,nan,4.98601,4.2
2989,-1.86,4.198,298.816,0.973558,0.972708,-1,4.19764,nan,nan,nan,4.98601,4.2
2990,-1.83,4.199,298.814,0.973666,0.972815,-1,4.19732,nan,nan,nan,4.98601,4.2
2991,-1.87,4.197,298.812,0.973773,0.972919,-1,4.19796,nan,nan,nan,4.98601,4.2
2992,-1.94,4.198,298.81,0.973881,0.973026,-1,4.19872,nan,nan,nan,4.98601,4.2
2993,-1.83,4.199,298.808,0.973987,0.973133,-1,4.19777,nan,nan,nan,4.986,4.2
2994,-1.84,4.201,298.806,0.974094,0.97324,-1,4.19753,nan,nan,nan,4.986,4.2
2995,-1.95,4.202,298.804,0.9742,0.973343,-1,4.19899,nan,nan,nan,4.986,4.2
2996,-1.86,4.2,298.802,0.974306,0.973447,-1,4.19802,nan,nan,nan,4.986,4.2
2997,-1.87,4.201,298.8,0.974412,0.973551,-1,4.19814,nan,nan,nan,4.986,4.2
2998,-1.9,4.202,298.798,0.974517,0.973655,-1,4.19843,nan,nan,nan,4.986,4.2
2999,-1.89,4.202,298.797,0.974622,0.973759,-1,4.19854,nan,nan,nan,4.986,4.2
3000,-1.94,4.204,298.795,0.974727,0.973863,-1,4.19931,nan,nan,nan,4.986,4.2
3001,-1.88,4.197,298.793,0.974831,0.973966,-1,4.19887,nan,nan,nan,4.986,4.2
3002,-1.88,4.198,298.791,0.974935,0.97407,-1,4.19863,nan,nan,nan,4.986,4.2
3003,-1.81,4.2,298.789,0.975039,0.974171,-1,4.19819,nan,nan,nan,4.98599,4.2
3004,-1.87,4.2,298.787,0.975142,0.974274,-1,4.19879,nan,nan,nan,4.98599,4.2
3005,-1.84,4.2,298.785,0.975245,0.974375,-1,4.19829,nan,nan,nan,4.98599,4.2
3006,-1.91,4.203,298.783,0.975348,0.974478,-1,4.19927,nan,nan,nan,4.98599,4.2
3007,-1.84,4.201,298.781,0.975451,0.974581,-1,4.19855,nan,nan,nan,4.98599,4.2
3008,-1.8,4.202,298.779,0.975553,0.974683,-1,4.19813,nan,nan,nan,4.98599,4.2
3009,-1.8,4.198,298.778,0.975655,0.974783,-1,4.19813,nan,nan,nan,4.98599,4.2
3010,-1.82,4.198,298.776,0.975757,0.974884,-1,4.19846,nan,nan,nan,4.98599,4.2
3011,-1.81,4.197,298.774,0.975858,0.974984,-1,4.19841,nan,nan,nan,4.98599,4.2
3012,-1.81,4.2,298.772,0.975959,0.975083,-1,4.19839,nan,nan,nan,4.98599,4.2
3013,-1.81,4.201,298.77,0.97606,0.975182,-1,4.19882,nan,nan,nan,4.98598,4.2
3014,-1.81,4.199,298.768,0.97616,0.975283,-1,4.19856,nan,nan,nan,4.98598,4.2
3015,-1.74,4.197,298.766,0.97626,0.975383,-1,4.19772,nan,nan,nan,4.98598,4.2
3016,-1.75,4.199,298.764,0.97636,0.975481,-1,4.19798,nan,nan,nan,4.98598,4.2
3017,-1.8,4.201,298.763,0.976459,0.97558,-1,4.1985,nan,nan,nan,4.98598,4.2
3018,-1.82,4.202,298.761,0.976559,0.975677,-1,4.19912,nan,nan,nan,4.98598,4.2
3019,-1.72,4.2,298.759,0.976658,0.975775,-1,4.19779,nan,nan,nan,4.98598,4.2
3020,-1.78,4.201,298.757,0.976756,0.975872,-1,4.19845,nan,nan,nan,4.98598,4.2
3021,-1.83,4.202,298.755,0.976854,0.975969,-1,4.1992,nan,nan,nan,4.98598,4.2
3022,-1.7,4.198,298.753,0.976953,0.976064,-1,4.19764,nan,nan,nan,4.98598,4.2
3023,-1.72,4.204,298.751,0.97705,0.976161,-1,4.1978,nan,nan,nan,4.98598,4.2
3024,-1.84,4.199,298.75,0.977148,0.976257,-1,4.19963,nan,nan,nan,4.98597,4.2
3025,-1.76,4.2,298.748,0.977245,0.976355,-1,4.19869,nan,nan,nan,4.98597,4.2
3026,-1.79,4.2,298.746,0.977342,0.97645,-1,4.19895,nan,nan,nan,4.98597,4.2
3027,-1.66,4.199,298.744,0.977438,0.976547,-1,4.19786,nan,nan,nan,4.98597,4.2
3028,-1.74,4.199,298.742,0.977535,0.97664,-1,4.19867,nan,nan,nan,4.98597,4.2
3029,-1.61,4.205,298.74,0.977631,0.976736,-1,4.19701,nan,nan,nan,4.98597,4.2
3030,-1.69,4.198,298.738,0.977726,0.97683,-1,4.19809,nan,nan,nan,4.98597,4.2
3031,-1.77,4.198,298.737,0.977822,0.976924,-1,4.19918,nan,nan,nan,4.98597,4.2
3032,-1.66,4.2,298.735,0.977917,0.977018,-1,4.1979,nan,nan,nan,4.98597,4.2
3033,-1.62,4.2,298.733,0.978012,0.97711,-1,4.19741,nan,nan,nan,4.98597,4.2
3034,-1.74,4.201,298.731,0.978106,0.977205,-1,4.19883,nan,nan,nan,4.98596,4.2
3035,-1.69,4.199,298.729,0.9782,0.977299,-1,4.19856,nan,nan,nan,4.98596,4.2
3036,-1.8,4.201,298.728,0.978294,0.977393,-1,4.19976,nan,nan,nan,4.98596,4.2
3037,-1.7,4.204,298.726,0.978388,0.977487,-1,4.19873,nan,nan,nan,4.98596,4.2
3038,-1.62,4.2,298.724,0.978481,0.977581,-1,4.19787,nan,nan,nan,4.98596,4.2
3039,-1.69,4.203,298.722,0.978575,0.977673,-1,4.19865,nan,nan,nan,4.98596,4.2
3040,-1.57,4.198,298.72,0.978667,0.977766,-1,4.19745,nan,nan,nan,4.98596,4.2
3041,-1.71,4.204,298.718,0.97876,0.977857,-1,4.19915,nan,nan,nan,4.98596,4.2
3042,-1.73,4.201,298.717,0.978852,0.977949,-1,4.19947,nan,nan,nan,4.98596,4.2
3043,-1.65,4.2,298.715,0.978944,0.978039,-1,4.19865,nan,nan,nan,4.98596,4.2
3044,-1.61,4.199,298.713,0.979036,0.97813,-1,4.19817,nan,nan,nan,4.98596,4.2
3045,-1.63,4.199,298.711,0.979127,0.978221,-1,4.19834,nan,nan,nan,4.98595,4.2
3046,-1.63,4.202,298.709,0.979219,0.978313,-1,4.19842,nan,nan,nan,4.98595,4.2
3047,-1.59,4.2,298.708,0.97931,0.978403,-1,4.19792,nan,nan,nan,4.98595,4.2
3048,-1.67,4.197,298.706,0.9794,0.978494,-1,4.19905,nan,nan,nan,4.98595,4.2
3049,-1.66,4.201,298.704,0.97949,0.978585,-1,4.19884,nan,nan,nan,4.98595,4.2
3050,-1.65,4.199,298.702,0.979581,0.978674,-1,4.19905,nan,nan,nan,4.98595,4.2
3051,-1.56,4.2,298.701,0.97967,0.978763,-1,4.19788,nan,nan,nan,4.98595,4.2
3052,-1.7,4.201,298.699,0.97976,0.978851,-1,4.19968,nan,nan,nan,4.98595,4.2
3053,-1.53,4.204,298.697,0.979849,0.978942,-1,4.19767,nan,nan,nan,4.98595,4.2
3054,-1.56,4.199,298.695,0.979938,0.979028,-1,4.19802,nan,nan,nan,4.98595,4.2
3055,-1.67,4.199,298.693,0.980027,0.979116,-1,4.19925,nan,nan,nan,4.98595,4.2
3056,-1.56,4.2,298.692,0.980115,0.979205,-1,4.19822,nan,nan,nan,4.98595,4.2
3057,-1.52,4.199,298.69,0.980203,0.979292,-1,4.19775,nan,nan,nan,4.98594,4.2
3058,-1.59,4.202,298.688,0.980291,0.979379,-1,4.19857,nan,nan,nan,4.98594,4.2
3059,-1.5,4.202,298.686,0.980379,0.979467,-1,4.19766,nan,nan,nan,4.98594,4.2
3060,-1.62,4.196,298.685,0.980466,0.979553,-1,4.19907,nan,nan,nan,4.98594,4.2
3061,-1.55,4.201,298.683,0.980553,0.97964,-1,4.19845,nan,nan,nan,4.98594,4.2
3062,-1.54,4.201,298.681,0.98064,0.979726,-1,4.19823,nan,nan,nan,4.98594,4.2
3063,-1.5,4.201,298.679,0.980726,0.979811,-1,4.1978,nan,nan,nan,4.98594,4.2
3064,-1.48,4.2,298.678,0.980813,0.979897,-1,4.19768,nan,nan,nan,4.98594,4.2
3065,-1.55,4.2,298.676,0.980899,0.979981,-1,4.19835,nan,nan,nan,4.98594,4.2
3066,-1.5,4.201,298.674,0.980984,0.980066,-1,4.19799,nan,nan,nan,4.98594,4.2
3067,-1.52,4.202,298.672,0.98107,0.98015,-1,4.19845,nan,nan,nan,4.98594,4.2
3068,-1.41,4.203,298.671,0.981155,0.980235,-1,4.1969,nan,nan,nan,4.98594,4.2
3069,-1.52,4.204,298.669,0.98124,0.980317,-1,4.19827,nan,nan,nan,4.98593,4.2
3070,-1.55,4.201,298.667,0.981325,0.980401,-1,4.19866,nan,nan,nan,4.98593,4.2
3071,-1.49,4.198,298.666,0.981409,0.980484,-1,4.19807,nan,nan,nan,4.98593,4.2
3072,-1.5,4.199,298.664,0.981493,0.980567,-1,4.19807,nan,nan,nan,4.98593,4.2
3073,-1.55,4.198,298.662,0.981577,0.98065,-1,4.19891,nan,nan,nan,4.98593,4.2
3074,-1.58,4.198,298.66,0.981661,0.980733,-1,4.19923,nan,nan,nan,4.98593,4.2
3075,-1.6,4.203,298.659,0.981744,0.980815,-1,4.19949,nan,nan,nan,4.98593,4.2
3076,-1.49,4.202,298.657,0.981827,0.980898,-1,4.19844,nan,nan,nan,4.98593,4.2
3077,-1.44,4.199,298.655,0.98191,0.980981,-1,4.19777,nan,nan,nan,4.98593,4.2
3078,-1.4,4.198,298.654,0.981993,0.981062,-1,4.1974,nan,nan,nan,4.98593,4.2
3079,-1.54,4.201,298.652,0.982075,0.981142,-1,4.19908,nan,nan,nan,4.98593,4.2
3080,-1.43,4.202,298.65,0.982157,0.981222,-1,4.19769,nan,nan,nan,4.98593,4.2
3081,-1.49,4.2,298.649,0.982239,0.981304,-1,4.19827,nan,nan,nan,4.98592,4.2
3082,-1.5,4.195,298.647,0.982321,0.981385,-1,4.19876,nan,nan,nan,4.98592,4.2
3083,-1.38,4.196,298.645,0.982402,0.981466,-1,4.19739,nan,nan,nan,4.98592,4.2
3084,-1.44,4.201,298.644,0.982483,0.981546,-1,4.19828,nan,nan,nan,4.98592,4.2
3085,-1.57,4.199,298.642,0.982564,0.981626,-1,4.19973,nan,nan,nan,4.98592,4.2
3086,-1.41,4.2,298.64,0.982645,0.981706,-1,4.1979,nan,nan,nan,4.98592,4.2
3087,-1.4,4.203,298.639,0.982725,0.981784,-1,4.19783,nan,nan,nan,4.98592,4.2
3088,-1.39,4.199,298.637,0.982805,0.981862,-1,4.19763,nan,nan,nan,4.98592,4.2
3089,-1.36,4.196,298.635,0.982885,0.981941,-1,4.19747,nan,nan,nan,4.98592,4.2
3090,-1.32,4.206,298.634,0.982965,0.98202,-1,4.19708,nan,nan,nan,4.98592,4.2
3091,-1.43,4.199,298.632,0.983044,0.982098,-1,4.1985,nan,nan,nan,4.98592,4.2
3092,-1.35,4.202,298.63,0.983123,0.982177,-1,4.1976,nan,nan,nan,4.98592,4.2
3093,-1.42,4.199,298.629,0.983202,0.982255,-1,4.19837,nan,nan,nan,4.98592,4.2
3094,-1.45,4.203,298.627,0.983281,0.982334,-1,4.19884,nan,nan,nan,4.98591,4.2
3095,-1.33,4.2,298.625,0.983359,0.982411,-1,4.19725,nan,nan,nan,4.98591,4.2
3096,-1.45,4.204,298.624,0.983437,0.982489,-1,4.19898,nan,nan,nan,4.98591,4.2
3097,-1.35,4.197,298.622,0.983515,0.982566,-1,4.19766,nan,nan,nan,4.98591,4.2
3098,-1.34,4.2,298.62,0.983593,0.982642,-1,4.19747,nan,nan,nan,4.98591,4.2
3099,-1.4,4.202,298.619,0.98367,0.982717,-1,4.19834,nan,nan,nan,4.98591,4.2
3100,-1.34,4.2,298.617,0.983747,0.982795,-1,4.19773,nan,nan,nan,4.98591,4.2
3101,-1.36,4.203,298.616,0.983824,0.98287,-1,4.19818,nan,nan,nan,4.98591,4.2
3102,-1.4,4.199,298.614,0.983901,0.982945,-1,4.19857,nan,nan,nan,4.98591,4.2
3103,-1.3,4.199,298.612,0.983977,0.98302,-1,4.19737,nan,nan,nan,4.98591,4.2
3104,-1.27,4.2,298.611,0.984053,0.983096,-1,4.19715,nan,nan,nan,4.98591,4.2
3105,-1.31,4.201,298.609,0.984129,0.98317,-1,4.1976,nan,nan,nan,4.98591,4.2
3106,-1.3,4.202,298.608,0.984205,0.983244,-1,4.19758,nan,nan,nan,4.98591,4.2
3107,-1.39,4.202,298.606,0.984281,0.983318,-1,4.19851,nan,nan,nan,4.98591,4.2
3108,-1.31,4.198,298.604,0.984356,0.983392,-1,4.19773,nan,nan,nan,4.9859,4.2
3109,-1.36,4.203,298.603,0.984431,0.983466,-1,4.19837,nan,nan,nan,4.9859,4.2
3110,-1.33,4.201,298.601,0.984506,0.98354,-1,4.19815,nan,nan,nan,4.9859,4.2
3111,-1.37,4.201,298.6,0.98458,0.983613,-1,4.19866,nan,nan,nan,4.9859,4.2
3112,-1.29,4.2,298.598,0.984655,0.983687,-1,4.19775,nan,nan,nan,4.9859,4.2
3113,-1.35,4.203,298.596,0.984729,0.98376,-1,4.19857,nan,nan,nan,4.9859,4.2
3114,-1.29,4.197,298.595,0.984803,0.983834,-1,4.19765,nan,nan,nan,4.9859,4.2
3115,-1.36,4.198,298.593,0.984876,0.983906,-1,4.19868,nan,nan,nan,4.9859,4.2
3116,-1.31,4.199,298.592,0.98495,0.983979,-1,4.19826,nan,nan,nan,4.9859,4.2
3117,-1.35,4.199,298.59,0.985023,0.984051,-1,4.19869,nan,nan,nan,4.9859,4.2
3118,-1.28,4.195,298.589,0.985096,0.984123,-1,4.19795,nan,nan,nan,4.9859,4.2
3119,-1.24,4.2,298.587,0.985168,0.984194,-1,4.19738,nan,nan,nan,4.9859,4.2
3120,-1.3,4.199,298.585,0.985241,0.984266,-1,4.19823,nan,nan,nan,4.9859,4.2
3121,-1.29,4.2,298.584,0.985313,0.984338,-1,4.19802,nan,nan,nan,4.9859,4.2
3122,-1.38,4.2,298.582,0.985385,0.98441,-1,4.19923,nan,nan,nan,4.98589,4.2
3123,-1.34,4.198,298.581,0.985457,0.98448,-1,4.1989,nan,nan,nan,4.98589,4.2
3124,-1.3,4.202,298.579,0.985529,0.984552,-1,4.19837,nan,nan,nan,4.98589,4.2
3125,-1.26,4.201,298.578,0.9856,0.984623,-1,4.19799,nan,nan,nan,4.98589,4.2
3126,-1.35,4.201,298.576,0.985671,0.984693,-1,4.19912,nan,nan,nan,4.98589,4.2
3127,-1.3,4.199,298.575,0.985742,0.984764,-1,4.19844,nan,nan,nan,4.98589,4.2
3128,-1.31,4.195,298.573,0.985813,0.984834,-1,4.19878,nan,nan,nan,4.98589,4.2
3129,-1.24,4.198,298.572,0.985883,0.984903,-1,4.19793,nan,nan,nan,4.98589,4.2
3130,-1.3,4.202,298.57,0.985953,0.984973,-1,4.1987,nan,nan,nan,4.98589,4.2
3131,-1.24,4.199,298.569,0.986023,0.985042,-1,4.19824,nan,nan,nan,4.98589,4.2
3132,-1.24,4.201,298.567,0.986093,0.98511,-1,4.19817,nan,nan,nan,4.98589,4.2
3133,-1.25,4.197,298.566,0.986163,0.985179,-1,4.19843,nan,nan,nan,4.98589,4.2
3134,-1.18,4.199,298.564,0.986232,0.985249,-1,4.19739,nan,nan,nan,4.98589,4.2
3135,-1.26,4.202,298.563,0.986301,0.985316,-1,4.19851,nan,nan,nan,4.98589,4.2
3136,-1.22,4.2,298.561,0.98637,0.985383,-1,4.19799,nan,nan,nan,4.98589,4.2
3137,-1.19,4.2,298.56,0.986439,0.985451,-1,4.19764,nan,nan,nan,4.98588,4.2
3138,-1.23,4.204,298.558,0.986507,0.985519,-1,4.19819,nan,nan,nan,4.98588,4.2
3139,-1.22,4.202,298.557,0.986576,0.985587,-1,4.19815,nan,nan,nan,4.98588,4.2
3140,-1.17,4.201,298.555,0.986644,0.985653,-1,4.19742,nan,nan,nan,4.98588,4.2
3141,-1.16,4.202,298.554,0.986711,0.985719,-1,4.19746,nan,nan,nan,4.98588,4.2
3142,-1.23,4.199,298.552,0.986779,0.985786,-1,4.19843,nan,nan,nan,4.98588,4.2
3143,-1.16,4.2,298.551,0.986847,0.985852,-1,4.19743,nan,nan,nan,4.98588,4.2
3144,-1.23,4.203,298.549,0.986914,0.985919,-1,4.1984,nan,nan,nan,4.98588,4.2
3145,-1.15,4.2,298.548,0.986981,0.985984,-1,4.19743,nan,nan,nan,4.98588,4.2
3146,-1.23,4.202,298.547,0.987048,0.98605,-1,4.19857,nan,nan,nan,4.98588,4.2
3147,-1.16,4.2,298.545,0.987114,0.986116,-1,4.19785,nan,nan,nan,4.98588,4.2
3148,-1.25,4.198,298.544,0.98718,0.986182,-1,4.19887,nan,nan,nan,4.98588,4.2
3149,-1.24,4.2,298.542,0.987247,0.986247,-1,4.19882,nan,nan,nan,4.98588,4.2
3150,-1.14,4.202,298.541,0.987313,0.986313,-1,4.19761,nan,nan,nan,4.98588,4.2
3151,-1.18,4.197,298.539,0.987378,0.986377,-1,4.19815,nan,nan,nan,4.98588,4.2
3152,-1.15,4.198,298.538,0.987444,0.986442,-1,4.19779,nan,nan,nan,4.98587,4.2
3153,-1.12,4.199,298.536,0.987509,0.986505,-1,4.19749,nan,nan,nan,4.98587,4.2
3154,-1.13,4.198,298.535,0.987574,0.986569,-1,4.19759,nan,nan,nan,4.98587,4.2
3155,-1.07,4.2,298.534,0.987639,0.986633,-1,4.19705,nan,nan,nan,4.98587,4.2
3156,-1.13,4.2,298.532,0.987704,0.986695,-1,4.19765,nan,nan,nan,4.98587,4.2
3157,-1.12,4.199,298.531,0.987768,0.986759,-1,4.1978,nan,nan,nan,4.98587,4.2
3158,-1.16,4.195,298.529,0.987833,0.986821,-1,4.1981,nan,nan,nan,4.98587,4.2
3159,-1.25,4.197,298.528,0.987897,0.986886,-1,4.19947,nan,nan,nan,4.98587,4.2
3160,-1.14,4.2,298.527,0.987961,0.986949,-1,4.1981,nan,nan,nan,4.98587,4.2
3161,-1.1,4.198,298.525,0.988024,0.987013,-1,4.19762,nan,nan,nan,4.98587,4.2
3162,-1.1,4.199,298.524,0.988088,0.987075,-1,4.19769,nan,nan,nan,4.98587,4.2
3163,-1.14,4.201,298.522,0.988151,0.987137,-1,4.1982,nan,nan,nan,4.98587,4.2
3164,-1.21,4.2,298.521,0.988214,0.9872,-1,4.19922,nan,nan,nan,4.98587,4.2
3165,-1.14,4.202,298.52,0.988277,0.987262,-1,4.19834,nan,nan,nan,4.98587,4.2
3166,-1.08,4.203,298.518,0.98834,0.987324,-1,4.19762,nan,nan,nan,4.98587,4.2
3167,-1.12,4.201,298.517,0.988402,0.987383,-1,4.19802,nan,nan,nan,4.98587,4.2
3168,-1.09,4.198,298.516,0.988465,0.987445,-1,4.19765,nan,nan,nan,4.98586,4.2
3169,-1.12,4.197,298.514,0.988527,0.987504,-1,4.1982,nan,nan,nan,4.98586,4.2
3170,-1.08,4.2,298.513,0.988589,0.987564,-1,4.19779,nan,nan,nan,4.98586,4.2
3171,-1.09,4.199,298.511,0.98865,0.987624,-1,4.19778,nan,nan,nan,4.98586,4.2
3172,-1.11,4.198,298.51,0.988712,0.987685,-1,4.1982,nan,nan,nan,4.98586,4.2
3173,-1.05,4.199,298.509,0.988773,0.987746,-1,4.19737,nan,nan,nan,4.98586,4.2
3174,-1.15,4.199,298.507,0.988834,0.987805,-1,4.19874,nan,nan,nan,4.98586,4.2
3175,-1.07,4.201,298.506,0.988895,0.987867,-1,4.19774,nan,nan,nan,4.98586,4.2
3176,-0.99,4.2,298.505,0.988956,0.987927,-1,4.19697,nan,nan,nan,4.98586,4.2
3177,-1.1,4.203,298.503,0.989017,0.987985,-1,4.19826,nan,nan,nan,4.98586,4.2
3178,-1.1,4.201,298.502,0.989077,0.988046,-1,4.19831,nan,nan,nan,4.98586,4.2
3179,-1.02,4.2,298.501,0.989137,0.988106,-1,4.19748,nan,nan,nan,4.98586,4.2
3180,-1.11,4.205,298.499,0.989197,0.988164,-1,4.19851,nan,nan,nan,4.98586,4.2
3181,-1.06,4.201,298.498,0.989257,0.988223,-1,4.19794,nan,nan,nan,4.98586,4.2
3182,-1.06,4.197,298.497,0.989316,0.988281,-1,4.198,nan,nan,nan,4.98586,4.2
3183,-1.05,4.199,298.495,0.989376,0.98834,-1,4.19784,nan,nan,nan,4.98586,4.2
3184,-1.08,4.196,298.494,0.989435,0.988397,-1,4.19827,nan,nan,nan,4.98586,4.2
3185,-1.01,4.201,298.493,0.989494,0.988456,-1,4.19749,nan,nan,nan,4.98586,4.2
3186,-1.07,4.202,298.492,0.989553,0.988515,-1,4.19832,nan,nan,nan,4.98585,4.2
3187,-1.06,4.201,298.49,0.989612,0.988573,-1,4.19823,nan,nan,nan,4.98585,4.2
3188,-0.94,4.201,298.489,0.98967,0.988631,-1,4.19678,nan,nan,nan,4.98585,4.2
3189,-0.99,4.201,298.488,0.989728,0.988688,-1,4.19738,nan,nan,nan,4.98585,4.2
3190,-1.04,4.201,298.486,0.989786,0.988744,-1,4.19815,nan,nan,nan,4.98585,4.2
3191,-0.95,4.202,298.485,0.989844,0.988801,-1,4.19705,nan,nan,nan,4.98585,4.2
3192,-1.03,4.198,298.484,0.989902,0.988856,-1,4.19782,nan,nan,nan,4.98585,4.2
3193,-1.04,4.202,298.482,0.98996,0.988911,-1,4.19809,nan,nan,nan,4.98585,4.2
3194,-0.96,4.199,298.481,0.990017,0.988968,-1,4.19705,nan,nan,nan,4.98585,4.2
3195,-0.99,4.198,298.48,0.990074,0.989024,-1,4.19752,nan,nan,nan,4.98585,4.2
3196,-1.04,4.2,298.479,0.990131,0.98908,-1,4.19836,nan,nan,nan,4.98585,4.2
3197,-1.09,4.198,298.477,0.990188,0.989135,-1,4.19875,nan,nan,nan,4.98585,4.2
3198,-0.98,4.199,298.476,0.990245,0.989191,-1,4.19755,nan,nan,nan,4.98585,4.2
3199,-1.02,4.202,298.475,0.990301,0.989247,-1,4.19809,nan,nan,nan,4.98585,4.2
3200,-0.96,4.204,298.474,0.990357,0.989302,-1,4.19733,nan,nan,nan,4.98585,4.2
3201,-0.96,4.2,298.472,0.990414,0.989356,-1,4.19743,nan,nan,nan,4.98585,4.2
3202,-0.88,4.2,298.471,0.990469,0.989411,-1,4.1965,nan,nan,nan,4.98585,4.2
3203,-0.94,4.2,298.47,0.990525,0.989464,-1,4.19712,nan,nan,nan,4.98585,4.2
3204,-0.99,4.199,298.469,0.990581,0.989519,-1,4.19785,nan,nan,nan,4.98584,4.2
3205,-0.93,4.202,298.467,0.990636,0.989574,-1,4.19712,nan,nan,nan,4.98584,4.2
3206,-0.99,4.2,298.466,0.990691,0.989628,-1,4.19787,nan,nan,nan,4.98584,4.2
3207,-0.93,4.198,298.465,0.990746,0.989683,-1,4.19739,nan,nan,nan,4.98584,4.2
3208,-1.01,4.2,298.464,0.990801,0.989737,-1,4.19831,nan,nan,nan,4.98584,4.2
3209,-0.93,4.198,298.463,0.990856,0.98979,-1,4.19738,nan,nan,nan,4.98584,4.2
3210,-0.95,4.2,298.461,0.990911,0.989844,-1,4.19775,nan,nan,nan,4.98584,4.2
3211,-1.06,4.199,298.46,0.990965,0.989898,-1,4.19901,nan,nan,nan,4.98584,4.2
3212,-0.99,4.202,298.459,0.991019,0.989952,-1,4.19843,nan,nan,nan,4.98584,4.2
3213,-0.84,4.201,298.458,0.991073,0.990006,-1,4.1965,nan,nan,nan,4.98584,4.2
3214,-0.95,4.203,298.457,0.991127,0.990059,-1,4.19785,nan,nan,nan,4.98584,4.2
3215,-0.92,4.198,298.455,0.991181,0.990111,-1,4.19761,nan,nan,nan,4.98584,4.2
3216,-0.91,4.199,298.454,0.991234,0.990162,-1,4.19729,nan,nan,nan,4.98584,4.2
3217,-0.85,4.204,298.453,0.991287,0.990215,-1,4.19675,nan,nan,nan,4.98584,4.2
3218,-0.95,4.201,298.452,0.991341,0.990268,-1,4.19805,nan,nan,nan,4.98584,4.2
3219,-1,4.205,298.451,0.991394,0.99032,-1,4.19852,nan,nan,nan,4.98584,4.2
3220,-0.97,4.2,298.449,0.991446,0.990372,-1,4.19833,nan,nan,nan,4.98584,4.2
3221,-0.92,4.202,298.448,0.991499,0.990424,-1,4.19766,nan,nan,nan,4.98584,4.2
3222,-0.91,4.199,298.447,0.991552,0.990475,-1,4.19758,nan,nan,nan,4.98584,4.2
3223,-0.95,4.198,298.446,0.991604,0.990526,-1,4.19821,nan,nan,nan,4.98583,4.2
3224,-0.9,4.198,298.445,0.991656,0.990578,-1,4.19756,nan,nan,nan,4.98583,4.2
3225,-0.97,4.202,298.444,0.991708,0.990627,-1,4.19846,nan,nan,nan,4.98583,4.2
3226,-0.99,4.2,298.442,0.99176,0.990679,-1,4.19863,nan,nan,nan,4.98583,4.2
3227,-0.98,4.199,298.441,0.991811,0.990729,-1,4.19853,nan,nan,nan,4.98583,4.2
3228,-0.95,4.2,298.44,0.991863,0.990778,-1,4.19823,nan,nan,nan,4.98583,4.2
3229,-0.87,4.2,298.439,0.991914,0.990829,-1,4.19728,nan,nan,nan,4.98583,4.2
3230,-0.89,4.202,298.438,0.991965,0.990879,-1,4.19745,nan,nan,nan,4.98583,4.2
3231,-0.93,4.2,298.437,0.992016,0.990929,-1,4.19819,nan,nan,nan,4.98583,4.2
3232,-0.9,4.201,298.436,0.992067,0.990979,-1,4.19774,nan,nan,nan,4.98583,4.2
3233,-0.98,4.203,298.434,0.992118,0.991031,-1,4.1988,nan,nan,nan,4.98583,4.2
3234,-0.94,4.201,298.433,0.992168,0.991081,-1,4.19846,nan,nan,nan,4.98583,4.2
3235,-0.96,4.201,298.432,0.992219,0.991132,-1,4.19877,nan,nan,nan,4.98583,4.2
3236,-0.85,4.198,298.431,0.992269,0.991181,-1,4.19722,nan,nan,nan,4.98583,4.2
3237,-0.85,4.202,298.43,0.992319,0.991229,-1,4.19732,nan,nan,nan,4.98583,4.2
3238,-0.84,4.199,298.429,0.992369,0.991278,-1,4.19733,nan,nan,nan,4.98583,4.2
3239,-0.89,4.198,298.428,0.992419,0.991327,-1,4.19792,nan,nan,nan,4.98583,4.2
3240,-0.85,4.197,298.427,0.992468,0.991377,-1,4.19754,nan,nan,nan,4.98583,4.2
3241,-0.93,4.201,298.426,0.992518,0.991426,-1,4.19852,nan,nan,nan,4.98583,4.2
3242,-0.94,4.203,298.424,0.992567,0.991475,-1,4.19868,nan,nan,nan,4.98583,4.2
3243,-0.83,4.201,298.423,0.992616,0.991522,-1,4.19751,nan,nan,nan,4.98583,4.2
3244,-0.86,4.201,298.422,0.992665,0.991569,-1,4.19774,nan,nan,nan,4.98582,4.2
3245,-0.87,4.202,298.421,0.992714,0.991616,-1,4.19787,nan,nan,nan,4.98582,4.2
3246,-0.86,4.201,298.42,0.992762,0.991663,-1,4.19768,nan,nan,nan,4.98582,4.2
3247,-0.83,4.198,298.419,0.992811,0.991712,-1,4.19738,nan,nan,nan,4.98582,4.2
3248,-0.93,4.201,298.418,0.992859,0.991759,-1,4.19863,nan,nan,nan,4.98582,4.2
3249,-0.83,4.202,298.417,0.992907,0.991807,-1,4.19761,nan,nan,nan,4.98582,4.2
3250,-0.87,4.202,298.416,0.992955,0.991852,-1,4.19802,nan,nan,nan,4.98582,4.2
3251,-0.78,4.204,298.415,0.993003,0.991899,-1,4.19703,nan,nan,nan,4.98582,4.2
3252,-0.82,4.202,298.414,0.993051,0.991945,-1,4.19759,nan,nan,nan,4.98582,4.2
3253,-0.87,4.197,298.413,0.993098,0.991991,-1,4.19807,nan,nan,nan,4.98582,4.2
3254,-0.84,4.203,298.412,0.993146,0.992036,-1,4.1977,nan,nan,nan,4.98582,4.2
3255,-0.87,4.198,298.411,0.993193,0.992082,-1,4.19813,nan,nan,nan,4.98582,4.2
3256,-0.87,4.199,298.409,0.99324,0.992127,-1,4.19806,nan,nan,nan,4.98582,4.2
3257,-0.87,4.201,298.408,0.993287,0.992174,-1,4.19827,nan,nan,nan,4.98582,4.2
3258,-0.84,4.198,298.407,0.993334,0.99222,-1,4.1978,nan,nan,nan,4.98582,4.2
3259,-0.79,4.203,298.406,0.99338,0.992266,-1,4.19735,nan,nan,nan,4.98582,4.2
3260,-0.88,4.202,298.405,0.993427,0.99231,-1,4.1984,nan,nan,nan,4.98582,4.2
3261,-0.85,4.203,298.404,0.993473,0.992357,-1,4.19807,nan,nan,nan,4.98582,4.2
3262,-0.75,4.2,298.403,0.993519,0.992402,-1,4.19695,nan,nan,nan,4.98582,4.2
3263,-0.81,4.2,298.402,0.993566,0.992447,-1,4.19773,nan,nan,nan,4.98582,4.2
3264,-0.81,4.201,298.401,0.993611,0.992492,-1,4.19768,nan,nan,nan,4.98582,4.2
3265,-0.84,4.203,298.4,0.993657,0.992537,-1,4.19808,nan,nan,nan,4.98582,4.2
3266,-0.88,4.199,298.399,0.993703,0.992581,-1,4.19862,nan,nan,nan,4.98582,4.2
3267,-0.81,4.199,298.398,0.993748,0.992627,-1,4.19788,nan,nan,nan,4.98581,4.2
3268,-0.79,4.197,298.397,0.993794,0.99267,-1,4.19763,nan,nan,nan,4.98581,4.2
3269,-0.71,4.199,298.396,0.993839,0.992714,-1,4.19666,nan,nan,nan,4.98581,4.2
3270,-0.72,4.201,298.395,0.993884,0.992757,-1,4.19664,nan,nan,nan,4.98581,4.2
3271,-0.79,4.2,298.394,0.993929,0.992801,-1,4.19765,nan,nan,nan,4.98581,4.2
3272,-0.76,4.198,298.393,0.993974,0.992844,-1,4.19738,nan,nan,nan,4.98581,4.2
3273,-0.8,4.204,298.392,0.994018,0.992889,-1,4.1979,nan,nan,nan,4.98581,4.2
3274,-0.79,4.2,298.391,0.994063,0.992932,-1,4.19777,nan,nan,nan,4.98581,4.2
3275,-0.8,4.2,298.39,0.994107,0.992974,-1,4.19788,nan,nan,nan,4.98581,4.2
3276,-0.74,4.196,298.389,0.994151,0.993017,-1,4.19721,nan,nan,nan,4.98581,4.2
3277,-0.86,4.196,298.388,0.994195,0.993061,-1,4.19878,nan,nan,nan,4.98581,4.2
3278,-0.75,4.198,298.387,0.994239,0.993105,-1,4.19749,nan,nan,nan,4.98581,4.2
3279,-0.79,4.198,298.386,0.994283,0.993148,-1,4.19792,nan,nan,nan,4.98581,4.2
3280,-0.81,4.2,298.385,0.994326,0.993192,-1,4.19814,nan,nan,nan,4.98581,4.2
3281,-0.84,4.198,298.384,0.99437,0.993233,-1,4.19872,nan,nan,nan,4.98581,4.2
3282,-0.77,4.201,298.383,0.994413,0.993277,-1,4.19779,nan,nan,nan,4.98581,4.2
3283,-0.72,4.201,298.382,0.994456,0.99332,-1,4.19722,nan,nan,nan,4.98581,4.2
3284,-0.71,4.201,298.381,0.9945,0.993363,-1,4.19713,nan,nan,nan,4.98581,4.2
3285,-0.7,4.203,298.381,0.994542,0.993404,-1,4.19714,nan,nan,nan,4.98581,4.2
3286,-0.68,4.2,298.38,0.994585,0.993445,-1,4.19677,nan,nan,nan,4.98581,4.2
3287,-0.77,4.201,298.379,0.994628,0.993486,-1,4.19786,nan,nan,nan,4.98581,4.2
3288,-0.79,4.196,298.378,0.99467,0.993527,-1,4.19816,nan,nan,nan,4.98581,4.2
3289,-0.73,4.201,298.377,0.994713,0.993568,-1,4.19741,nan,nan,nan,4.98581,4.2
3290,-0.77,4.201,298.376,0.994755,0.993608,-1,4.19792,nan,nan,nan,4.98581,4.2
3291,-0.74,4.2,298.375,0.994797,0.99365,-1,4.1976,nan,nan,nan,4.9858,4.2
3292,-0.77,4.2,298.374,0.994839,0.99369,-1,4.19808,nan,nan,nan,4.9858,4.2
3293,-0.73,4.198,298.373,0.994881,0.993731,-1,4.19749,nan,nan,nan,4.9858,4.2
3294,-0.81,4.199,298.372,0.994923,0.993772,-1,4.19848,nan,nan,nan,4.9858,4.2
3295,-0.77,4.199,298.371,0.994964,0.993813,-1,4.19809,nan,nan,nan,4.9858,4.2
3296,-0.8,4.2,298.37,0.995006,0.993854,-1,4.19845,nan,nan,nan,4.9858,4.2
3297,-0.73,4.199,298.369,0.995047,0.993895,-1,4.1976,nan,nan,nan,4.9858,4.2
3298,-0.7,4.198,298.368,0.995088,0.993935,-1,4.1974,nan,nan,nan,4.9858,4.2
3299,-0.71,4.201,298.368,0.995129,0.993975,-1,4.19748,nan,nan,nan,4.9858,4.2
3300,-0.7,4.202,298.367,0.99517,0.994016,-1,4.1973,nan,nan,nan,4.9858,4.2
3301,-0.77,4.198,298.366,0.995211,0.994054,-1,4.19819,nan,nan,nan,4.9858,4.2
3302,-0.77,4.201,298.365,0.995252,0.994095,-1,4.19826,nan,nan,nan,4.9858,4.2
3303,-0.66,4.202,298.364,0.995292,0.994136,-1,4.19705,nan,nan,nan,4.9858,4.2
3304,-0.68,4.202,298.363,0.995333,0.994175,-1,4.19718,nan,nan,nan,4.9858,4.2
3305,-0.61,4.197,298.362,0.995373,0.994214,-1,4.19646,nan,nan,nan,4.9858,4.2
3306,-0.74,4.201,298.361,0.995413,0.994254,-1,4.19803,nan,nan,nan,4.9858,4.2
3307,-0.69,4.201,298.36,0.995453,0.994291,-1,4.19744,nan,nan,nan,4.9858,4.2
3308,-0.72,4.197,298.36,0.995493,0.99433,-1,4.19774,nan,nan,nan,4.9858,4.2
3309,-0.68,4.199,298.359,0.995533,0.994368,-1,4.19747,nan,nan,nan,4.9858,4.2
3310,-0.77,4.202,298.358,0.995573,0.994407,-1,4.19845,nan,nan,nan,4.9858,4.2
3311,-0.71,4.202,298.357,0.995612,0.994446,-1,4.19773,nan,nan,nan,4.9858,4.2
3312,-0.63,4.205,298.356,0.995651,0.994483,-1,4.19684,nan,nan,nan,4.9858,4.2
3313,-0.69,4.199,298.355,0.995691,0.994522,-1,4.1976,nan,nan,nan,4.9858,4.2
3314,-0.68,4.201,298.354,0.99573,0.99456,-1,4.19747,nan,nan,nan,4.9858,4.2
3315,-0.7,4.202,298.353,0.995769,0.994598,-1,4.19776,nan,nan,nan,4.9858,4.2
3316,-0.63,4.2,298.353,0.995808,0.994637,-1,4.19699,nan,nan,nan,4.9858,4.2
3317,-0.63,4.196,298.352,0.995846,0.994676,-1,4.19704,nan,nan,nan,4.98579,4.2
3318,-0.66,4.198,298.351,0.995885,0.994713,-1,4.19737,nan,nan,nan,4.98579,4.2
3319,-0.7,4.197,298.35,0.995924,0.99475,-1,4.1979,nan,nan,nan,4.98579,4.2
3320,-0.75,4.203,298.349,0.995962,0.994788,-1,4.19859,nan,nan,nan,4.98579,4.2
3321,-0.66,4.198,298.348,0.996,0.994826,-1,4.19754,nan,nan,nan,4.98579,4.2
3322,-0.67,4.199,298.348,0.996038,0.994864,-1,4.19757,nan,nan,nan,4.98579,4.2
3323,-0.64,4.198,298.347,0.996077,0.9949,-1,4.19726,nan,nan,nan,4.98579,4.2
3324,-0.66,4.198,298.346,0.996114,0.994936,-1,4.19739,nan,nan,nan,4.98579,4.2
3325,-0.61,4.197,298.345,0.996152,0.994972,-1,4.19682,nan,nan,nan,4.98579,4.2
3326,-0.69,4.2,298.344,0.99619,0.995007,-1,4.19783,nan,nan,nan,4.98579,4.2
3327,-0.73,4.2,298.343,0.996227,0.995044,-1,4.19838,nan,nan,nan,4.98579,4.2
3328,-0.59,4.202,298.343,0.996265,0.995082,-1,4.19674,nan,nan,nan,4.98579,4.2
3329,-0.66,4.2,298.342,0.996302,0.995117,-1,4.19765,nan,nan,nan,4.98579,4.2
3330,-0.66,4.201,298.341,0.996339,0.995154,-1,4.19762,nan,nan,nan,4.98579,4.2
3331,-0.65,4.199,298.34,0.996376,0.99519,-1,4.19765,nan,nan,nan,4.98579,4.2
3332,-0.75,4.198,298.339,0.996413,0.995225,-1,4.19869,nan,nan,nan,4.98579,4.2
3333,-0.66,4.197,298.339,0.99645,0.99526,-1,4.19767,nan,nan,nan,4.98579,4.2
3334,-0.66,4.199,298.338,0.996487,0.995295,-1,4.19768,nan,nan,nan,4.98579,4.2
3335,-0.59,4.199,298.337,0.996524,0.99533,-1,4.19684,nan,nan,nan,4.98579,4.2
3336,-0.58,4.202,298.336,0.99656,0.995367,-1,4.19685,nan,nan,nan,4.98579,4.2
3337,-0.61,4.196,298.335,0.996596,0.995402,-1,4.19717,nan,nan,nan,4.98579,4.2
3338,-0.64,4.198,298.335,0.996633,0.995436,-1,4.19758,nan,nan,nan,4.98579,4.2
3339,-0.72,4.197,298.334,0.996669,0.995471,-1,4.19851,nan,nan,nan,4.98579,4.2
3340,-0.68,4.198,298.333,0.996705,0.995506,-1,4.19814,nan,nan,nan,4.98579,4.2
3341,-0.59,4.202,298.332,0.996741,0.99554,-1,4.19705,nan,nan,nan,4.98579,4.2
3342,-0.61,4.201,298.331,0.996777,0.995575,-1,4.19722,nan,nan,nan,4.98579,4.2
3343,-0.56,4.199,298.331,0.996812,0.995609,-1,4.19669,nan,nan,nan,4.98579,4.2
3344,-0.63,4.201,298.33,0.996848,0.995643,-1,4.19754,nan,nan,nan,4.98579,4.2
3345,-0.59,4.203,298.329,0.996883,0.995677,-1,4.19707,nan,nan,nan,4.98578,4.2
3346,-0.57,4.202,298.328,0.996919,0.995712,-1,4.1969,nan,nan,nan,4.98578,4.2
3347,-0.64,4.2,298.328,0.996954,0.995748,-1,4.1977,nan,nan,nan,4.98578,4.2
3348,-0.57,4.197,298.327,0.996989,0.995782,-1,4.19692,nan,nan,nan,4.98578,4.2
3349,-0.69,4.201,298.326,0.997024,0.995815,-1,4.19843,nan,nan,nan,4.98578,4.2
3350,-0.57,4.194,298.325,0.997059,0.995851,-1,4.1971,nan,nan,nan,4.98578,4.2
3351,-0.58,4.203,298.325,0.997094,0.995884,-1,4.19723,nan,nan,nan,4.98578,4.2
3352,-0.53,4.201,298.324,0.997128,0.995917,-1,4.19662,nan,nan,nan,4.98578,4.2
3353,-0.73,4.203,298.323,0.997163,0.99595,-1,4.19893,nan,nan,nan,4.98578,4.2
3354,-0.62,4.201,298.322,0.997197,0.995983,-1,4.19768,nan,nan,nan,4.98578,4.2
3355,-0.75,4.197,298.322,0.997232,0.996014,-1,4.19922,nan,nan,nan,4.98578,4.2
3356,-0.61,4.199,298.321,0.997266,0.996048,-1,4.1976,nan,nan,nan,4.98578,4.2
3357,-0.54,4.197,298.32,0.9973,0.99608,-1,4.19679,nan,nan,nan,4.98578,4.2
3358,-0.53,4.201,298.319,0.997334,0.996113,-1,4.1966,nan,nan,nan,4.98578,4.2
3359,-0.59,4.198,298.319,0.997368,0.996147,-1,4.19745,nan,nan,nan,4.98578,4.2
3360,-0.64,4.198,298.318,0.997402,0.996178,-1,4.19798,nan,nan,nan,4.98578,4.2
3361,-0.54,4.199,298.317,0.997435,0.996211,-1,4.19687,nan,nan,nan,4.98578,4.2
3362,-0.6,4.198,298.317,0.997469,0.996244,-1,4.1976,nan,nan,nan,4.98578,4.2
3363,-0.52,4.199,298.316,0.997502,0.996278,-1,4.19672,nan,nan,nan,4.98578,4.2
3364,-0.58,4.2,298.315,0.997536,0.996309,-1,4.19739,nan,nan,nan,4.98578,4.2
3365,-0.55,4.204,298.314,0.997569,0.996342,-1,4.19708,nan,nan,nan,4.98578,4.2
3366,-0.65,4.201,298.314,0.997602,0.996374,-1,4.19831,nan,nan,nan,4.98578,4.2
3367,-0.56,4.199,298.313,0.997635,0.996407,-1,4.19729,nan,nan,nan,4.98578,4.2
3368,-0.61,4.198,298.312,0.997668,0.996438,-1,4.19779,nan,nan,nan,4.98578,4.2
3369,-0.65,4.197,298.312,0.997701,0.996471,-1,4.19845,nan,nan,nan,4.98578,4.2
3370,-0.58,4.203,298.311,0.997734,0.996502,-1,4.19756,nan,nan,nan,4.98578,4.2
3371,-0.56,4.2,298.31,0.997766,0.996534,-1,4.19726,nan,nan,nan,4.98578,4.2
3372,-0.55,4.197,298.309,0.997799,0.996564,-1,4.19729,nan,nan,nan,4.98578,4.2
3373,-0.64,4.199,298.309,0.997831,0.996595,-1,4.19832,nan,nan,nan,4.98578,4.2
3374,-0.6,4.202,298.308,0.997864,0.996627,-1,4.19792,nan,nan,nan,4.98578,4.2
3375,-0.65,4.201,298.307,0.997896,0.996659,-1,4.19857,nan,nan,nan,4.98578,4.2
3376,-0.54,4.199,298.307,0.997928,0.99669,-1,4.19718,nan,nan,nan,4.98578,4.2
3377,-0.62,4.198,298.306,0.99796,0.996721,-1,4.19824,nan,nan,nan,4.98577,4.2
3378,-0.7,4.196,298.305,0.997992,0.996752,-1,4.19908,nan,nan,nan,4.98577,4.2
3379,-0.45,4.202,298.305,0.998024,0.996783,-1,4.19622,nan,nan,nan,4.98577,4.2
3380,-0.57,4.198,298.304,0.998055,0.996813,-1,4.19761,nan,nan,nan,4.98577,4.2
3381,-0.55,4.196,298.303,0.998087,0.996842,-1,4.19749,nan,nan,nan,4.98577,4.2
3382,-0.58,4.202,298.303,0.998118,0.996872,-1,4.19772,nan,nan,nan,4.98577,4.2
3383,-0.5,4.199,298.302,0.99815,0.996904,-1,4.19684,nan,nan,nan,4.98577,4.2
3384,-0.53,4.197,298.301,0.998181,0.996932,-1,4.19719,nan,nan,nan,4.98577,4.2
3385,-0.56,4.199,298.301,0.998212,0.996963,-1,4.19756,nan,nan,nan,4.98577,4.2
3386,-0.58,4.197,298.3,0.998243,0.996994,-1,4.19789,nan,nan,nan,4.98577,4.2
3387,-0.55,4.202,298.299,0.998274,0.997024,-1,4.19748,nan,nan,nan,4.98577,4.2
3388,-0.54,4.199,298.299,0.998305,0.997055,-1,4.19751,nan,nan,nan,4.98577,4.2
3389,-0.53,4.198,298.298,0.998336,0.997084,-1,4.19731,nan,nan,nan,4.98577,4.2
3390,-0.45,4.201,298.297,0.998367,0.997114,-1,4.19637,nan,nan,nan,4.98577,4.2
3391,-0.51,4.198,298.297,0.998397,0.997142,-1,4.19707,nan,nan,nan,4.98577,4.2
3392,-0.47,4.199,298.296,0.998428,0.997171,-1,4.19659,nan,nan,nan,4.98577,4.2
3393,-0.52,4.198,298.295,0.998458,0.9972,-1,4.19723,nan,nan,nan,4.98577,4.2
3394,-0.6,4.2,298.295,0.998489,0.997227,-1,4.19813,nan,nan,nan,4.98577,4.2
3395,-0.48,4.203,298.294,0.998519,0.997257,-1,4.19677,nan,nan,nan,4.98577,4.2
3396,-0.6,4.2,298.294,0.998549,0.997288,-1,4.19825,nan,nan,nan,4.98577,4.2
3397,-0.6,4.202,298.293,0.998579,0.997318,-1,4.19836,nan,nan,nan,4.98577,4.2
3398,-0.44,4.201,298.292,0.998609,0.997346,-1,4.19646,nan,nan,nan,4.98577,4.2
3399,-0.56,4.201,298.292,0.998639,0.997373,-1,4.19782,nan,nan,nan,4.98577,4.2
3400,-0.41,4.199,298.291,0.998669,0.997401,-1,4.19611,nan,nan,nan,4.98577,4.2
3401,-0.53,4.199,298.29,0.998698,0.997429,-1,4.19746,nan,nan,nan,4.98577,4.2
3402,-0.51,4.202,298.29,0.998728,0.997459,-1,4.19729,nan,nan,nan,4.98577,4.2
3403,-0.5,4.205,298.289,0.998757,0.997485,-1,4.19712,nan,nan,nan,4.98577,4.2
3404,-0.37,4.202,298.289,0.998787,0.997514,-1,4.19564,nan,nan,nan,4.98577,4.2
3405,-0.36,4.201,298.288,0.998816,0.997541,-1,4.19553,nan,nan,nan,4.98577,4.2
3406,-0.54,4.202,298.287,0.998845,0.997566,-1,4.19766,nan,nan,nan,4.98577,4.2
3407,-0.46,4.2,298.287,0.998874,0.997595,-1,4.19679,nan,nan,nan,4.98577,4.2
3408,-0.5,4.197,298.286,0.998903,0.997622,-1,4.19724,nan,nan,nan,4.98577,4.2
3409,-0.59,4.198,298.286,0.998932,0.99765,-1,4.19825,nan,nan,nan,4.98577,4.2
3410,-0.44,4.202,298.285,0.998961,0.997677,-1,4.19652,nan,nan,nan,4.98577,4.2
3411,-0.46,4.202,298.284,0.99899,0.997703,-1,4.19681,nan,nan,nan,4.98577,4.2
3412,0.03,4.196,298.284,0.999001,0.997714,-1,4.19056,nan,nan,nan,4.98576,4.19339
3413,0.03,4.189,298.283,0.999001,0.997712,-1,4.18998,nan,nan,nan,4.98576,4.19283
3414,-0.04,4.192,298.282,0.999001,0.99771,-1,4.19038,nan,nan,nan,4.98576,4.19237
3415,-0.03,4.192,298.282,0.999001,0.997707,-1,4.18983,nan,nan,nan,4.98576,4.19198
3416,-0,4.194,298.281,0.999001,0.997705,-1,4.18911,nan,nan,nan,4.98576,4.19165
3417,0.07,4.186,298.281,0.999001,0.997704,-1,4.18802,nan,nan,nan,4.98576,4.19137
3418,0,4.192,298.28,0.999001,0.997704,-1,4.18866,nan,nan,nan,4.98576,4.19113
3419,-0.02,4.19,298.279,0.999001,0.997705,-1,4.18874,nan,nan,nan,4.98576,4.19093
3420,0.01,4.191,298.279,0.999001,0.997703,-1,4.18817,nan,nan,nan,4.98576,4.19076
3421,0.04,4.191,298.278,0.999001,0.997701,-1,4.18765,nan,nan,nan,4.98576,4.19061
3422,0.02,4.193,298.278,0.999001,0.997701,-1,4.18777,nan,nan,nan,4.98576,4.19047
3423,-0.04,4.189,298.277,0.999001,0.9977,-1,4.18836,nan,nan,nan,4.98576,4.19036
3424,0.03,4.191,298.276,0.999001,0.9977,-1,4.18745,nan,nan,nan,4.98576,4.19025
3425,0.07,4.189,298.276,0.999001,0.997697,-1,4.18684,nan,nan,nan,4.98576,4.19016
3426,0.01,4.19,298.275,0.999001,0.997695,-1,4.18747,nan,nan,nan,4.98576,4.19007
3427,-0.01,4.189,298.275,0.999001,0.997694,-1,4.18762,nan,nan,nan,4.98576,4.19
3428,-0.02,4.191,298.274,0.999001,0.997694,-1,4.18768,nan,nan,nan,4.98576,4.18992
3429,-0.03,4.192,298.273,0.999001,0.997692,-1,4.18771,nan,nan,nan,4.98576,4.18986
3430,-0.06,4.188,298.273,0.999001,0.997693,-1,4.18806,nan,nan,nan,4.98576,4.18979
3431,0.05,4.191,298.272,0.999001,0.997691,-1,4.18667,nan,nan,nan,4.98576,4.18973
3432,0.05,4.186,298.272,0.999001,0.99769,-1,4.18658,nan,nan,nan,4.98576,4.18968
3433,-0,4.19,298.271,0.999001,0.997688,-1,4.18709,nan,nan,nan,4.98576,4.18962
3434,-0.02,4.192,298.27,0.999001,0.997687,-1,4.18728,nan,nan,nan,4.98576,4.18957
3435,0.01,4.188,298.27,0.999001,0.997686,-1,4.1869,nan,nan,nan,4.98576,4.18952
3436,0.01,4.191,298.269,0.999001,0.997686,-1,4.18688,nan,nan,nan,4.98576,4.18947
3437,-0.06,4.192,298.269,0.999001,0.997685,-1,4.18767,nan,nan,nan,4.98576,4.18942
3438,0.03,4.186,298.268,0.999001,0.997686,-1,4.18657,nan,nan,nan,4.98576,4.18938
3439,0.01,4.189,298.268,0.999001,0.997685,-1,4.18678,nan,nan,nan,4.98576,4.18933
3440,0.1,4.188,298.267,0.999001,0.997685,-1,4.18565,nan,nan,nan,4.98576,4.18929
3441,-0,4.187,298.266,0.999001,0.997683,-1,4.18678,nan,nan,nan,4.98576,4.18924
3442,0.04,4.187,298.266,0.999001,0.997681,-1,4.18624,nan,nan,nan,4.98576,4.1892
3443,0.03,4.192,298.265,0.999001,0.99768,-1,4.1863,nan,nan,nan,4.98576,4.18916
3444,-0.03,4.188,298.265,0.999001,0.997679,-1,4.18697,nan,nan,nan,4.98576,4.18912
3445,0.06,4.189,298.264,0.999001,0.997679,-1,4.18587,nan,nan,nan,4.98576,4.18907
3446,-0.04,4.192,298.264,0.999001,0.997678,-1,4.18704,nan,nan,nan,4.98576,4.18903
3447,0.1,4.185,298.263,0.999001,0.997677,-1,4.18529,nan,nan,nan,4.98576,4.18899
3448,0.04,4.189,298.263,0.999001,0.997676,-1,4.18596,nan,nan,nan,4.98576,4.18895
3449,-0,4.188,298.262,0.999001,0.997674,-1,4.18639,nan,nan,nan,4.98576,4.18891
3450,0.08,4.19,298.262,0.999001,0.997673,-1,4.18541,nan,nan,nan,4.98576,4.18887
3451,-0,4.191,298.261,0.999001,0.997673,-1,4.18634,nan,nan,nan,4.98576,4.18883
3452,0.18,4.189,298.261,0.999001,0.997671,-1,4.1841,nan,nan,nan,4.98576,4.1888
3453,-0.01,4.188,298.26,0.999001,0.997668,-1,4.18631,nan,nan,nan,4.98576,4.18876
3454,0.01,4.19,298.259,0.999001,0.997667,-1,4.186,nan,nan,nan,4.98576,4.18872
3455,0.04,4.19,298.259,0.999001,0.997665,-1,4.18561,nan,nan,nan,4.98576,4.18868
3456,-0.08,4.189,298.258,0.999001,0.997663,-1,4.18696,nan,nan,nan,4.98576,4.18864
3457,0.13,4.188,298.258,0.999001,0.997662,-1,4.18447,nan,nan,nan,4.98576,4.18861
3458,0.04,4.188,298.257,0.999001,0.997661,-1,4.18552,nan,nan,nan,4.98576,4.18857
3459,0.12,4.191,298.257,0.999001,0.997657,-1,4.18445,nan,nan,nan,4.98576,4.18853
3460,-0.04,4.188,298.256,0.999001,0.997658,-1,4.18637,nan,nan,nan,4.98576,4.1885
3461,0.03,4.185,298.256,0.999001,0.997657,-1,4.18549,nan,nan,nan,4.98576,4.18846
3462,-0.03,4.19,298.255,0.999001,0.997655,-1,4.18617,nan,nan,nan,4.98576,4.18843
3463,0.01,4.186,298.255,0.999001,0.997654,-1,4.18568,nan,nan,nan,4.98576,4.18839
3464,0.07,4.189,298.254,0.999001,0.997654,-1,4.18495,nan,nan,nan,4.98576,4.18836
3465,-0.06,4.189,298.254,0.999001,0.99765,-1,4.1864,nan,nan,nan,4.98576,4.18832
3466,0.05,4.187,298.253,0.999001,0.99765,-1,4.18508,nan,nan,nan,4.98576,4.18829
3467,0.02,4.188,298.253,0.999001,0.997648,-1,4.18539,nan,nan,nan,4.98576,4.18825
3468,0.01,4.188,298.252,0.999001,0.997646,-1,4.18544,nan,nan,nan,4.98576,4.18822
3469,0.01,4.188,298.252,0.999001,0.997646,-1,4.18544,nan,nan,nan,4.98576,4.18819
3470,0.04,4.189,298.251,0.999001,0.997646,-1,4.18509,nan,nan,nan,4.98576,4.18815
3471,0.1,4.184,298.251,0.999001,0.997645,-1,4.18433,nan,nan,nan,4.98576,4.18812
3472,0.05,4.185,298.25,0.999001,0.997644,-1,4.18492,nan,nan,nan,4.98576,4.18809
3473,0.02,4.186,298.25,0.999001,0.997644,-1,4.18523,nan,nan,nan,4.98576,4.18806
3474,0.08,4.187,298.25,0.999001,0.997642,-1,4.18447,nan,nan,nan,4.98576,4.18802
3475,-0.01,4.188,298.249,0.999001,0.99764,-1,4.18548,nan,nan,nan,4.98576,4.18799
3476,0.07,4.188,298.249,0.999001,0.997638,-1,4.18447,nan,nan,nan,4.98576,4.18796
3477,0.02,4.187,298.248,0.999001,0.997637,-1,4.18502,nan,nan,nan,4.98576,4.18793
3478,0.04,4.189,298.248,0.999001,0.997635,-1,4.18474,nan,nan,nan,4.98576,4.1879
3479,-0.03,4.19,298.247,0.999001,0.997634,-1,4.18559,nan,nan,nan,4.98576,4.18787
3480,-0.03,4.188,298.247,0.999001,0.997634,-1,4.18555,nan,nan,nan,4.98576,4.18784
3481,0.05,4.186,298.246,0.999001,0.997633,-1,4.18458,nan,nan,nan,4.98576,4.18781
3482,0.1,4.185,298.246,0.999001,0.997633,-1,4.18397,nan,nan,nan,4.98576,4.18778
3483,0.01,4.186,298.245,0.999001,0.997632,-1,4.18501,nan,nan,nan,4.98576,4.18775
3484,-0.03,4.188,298.245,0.999001,0.997631,-1,4.18544,nan,nan,nan,4.98576,4.18772
3485,0.01,4.188,298.244,0.999001,0.99763,-1,4.18495,nan,nan,nan,4.98576,4.18769
3486,0.08,4.184,298.244,0.999001,0.997628,-1,4.18406,nan,nan,nan,4.98576,4.18766
3487,-0.01,4.19,298.244,0.999001,0.997628,-1,4.18513,nan,nan,nan,4.98576,4.18763
3488,0.04,4.188,298.243,0.999001,0.997626,-1,4.18447,nan,nan,nan,4.98576,4.1876
3489,-0.04,4.184,298.243,0.999001,0.997626,-1,4.18544,nan,nan,nan,4.98576,4.18758
3490,0.12,4.185,298.242,0.999001,0.997625,-1,4.18348,nan,nan,nan,4.98576,4.18755
3491,0.01,4.188,298.242,0.999001,0.997623,-1,4.18475,nan,nan,nan,4.98576,4.18752
3492,0.1,4.19,298.241,0.999001,0.997621,-1,4.18361,nan,nan,nan,4.98576,4.18749
3493,-0.04,4.187,298.241,0.999001,0.997618,-1,4.18521,nan,nan,nan,4.98576,4.18747
3494,0.08,4.187,298.24,0.999001,0.997618,-1,4.18378,nan,nan,nan,4.98576,4.18744
3495,-0.02,4.187,298.24,0.999001,0.997617,-1,4.18497,nan,nan,nan,4.98576,4.18741
3496,-0.02,4.187,298.24,0.999001,0.997616,-1,4.18494,nan,nan,nan,4.98576,4.18739
3497,0.03,4.185,298.239,0.999001,0.997616,-1,4.18435,nan,nan,nan,4.98576,4.18736
3498,0.06,4.188,298.239,0.999001,0.997616,-1,4.18398,nan,nan,nan,4.98576,4.18733
3499,0.05,4.189,298.238,0.999001,0.997615,-1,4.18404,nan,nan,nan,4.98576,4.18731
3500,-0.01,4.188,298.238,0.999001,0.997614,-1,4.18477,nan,nan,nan,4.98576,4.18728
3501,-0.03,4.188,298.238,0.999001,0.997614,-1,4.18498,nan,nan,nan,4.98576,4.18726
3502,0.04,4.184,298.237,0.999001,0.997612,-1,4.18409,nan,nan,nan,4.98576,4.18723
3503,0.07,4.188,298.237,0.999001,0.997612,-1,4.18373,nan,nan,nan,4.98576,4.18721
3504,-0.11,4.187,298.236,0.999001,0.997611,-1,4.18585,nan,nan,nan,4.98576,4.18718
3505,-0.01,4.187,298.236,0.999001,0.997612,-1,4.18467,nan,nan,nan,4.98576,4.18716
3506,0.02,4.185,298.235,0.999001,0.997611,-1,4.18426,nan,nan,nan,4.98576,4.18713
3507,0.01,4.188,298.235,0.999001,0.997609,-1,4.18433,nan,nan,nan,4.98576,4.18711
3508,0.1,4.187,298.235,0.999001,0.997609,-1,4.18325,nan,nan,nan,4.98576,4.18708
3509,-0.03,4.189,298.234,0.999001,0.997605,-1,4.18471,nan,nan,nan,4.98576,4.18706
3510,0,4.185,298.234,0.999001,0.997604,-1,4.18432,nan,nan,nan,4.98576,4.18704
3511,0.01,4.19,298.233,0.999001,0.997602,-1,4.18415,nan,nan,nan,4.98576,4.18701
3512,-0.08,4.187,298.233,0.999001,0.997602,-1,4.18524,nan,nan,nan,4.98576,4.18699
3513,0.08,4.186,298.233,0.999001,0.997601,-1,4.18331,nan,nan,nan,4.98576,4.18697
3514,0.06,4.186,298.232,0.999001,0.997598,-1,4.18347,nan,nan,nan,4.98576,4.18694
3515,0.03,4.188,298.232,0.999001,0.997597,-1,4.18382,nan,nan,nan,4.98576,4.18692
3516,-0.05,4.186,298.231,0.999001,0.997596,-1,4.18476,nan,nan,nan,4.98576,4.1869
3517,0.1,4.19,298.231,0.999001,0.997596,-1,4.18295,nan,nan,nan,4.98576,4.18688
3518,0.06,4.186,298.231,0.999001,0.997593,-1,4.18336,nan,nan,nan,4.98576,4.18685
3519,0.06,4.186,298.23,0.999001,0.997591,-1,4.18333,nan,nan,nan,4.98576,4.18683
3520,0.01,4.189,298.23,0.999001,0.99759,-1,4.18392,nan,nan,nan,4.98576,4.18681
3521,-0.02,4.187,298.23,0.999001,0.997589,-1,4.18424,nan,nan,nan,4.98576,4.18679
3522,0.12,4.189,298.229,0.999001,0.99759,-1,4.1826,nan,nan,nan,4.98576,4.18677
3523,0.01,4.187,298.229,0.999001,0.997588,-1,4.18387,nan,nan,nan,4.98576,4.18675
3524,0.04,4.187,298.228,0.999001,0.997588,-1,4.18353,nan,nan,nan,4.98576,4.18672
3525,-0.02,4.186,298.228,0.999001,0.997587,-1,4.18423,nan,nan,nan,4.98576,4.1867
3526,0.09,4.185,298.228,0.999001,0.997587,-1,4.18289,nan,nan,nan,4.98576,4.18668
3527,-0.04,4.185,298.227,0.999001,0.997586,-1,4.18442,nan,nan,nan,4.98576,4.18666
3528,-0.08,4.187,298.227,0.999001,0.997584,-1,4.18486,nan,nan,nan,4.98576,4.18664
3529,-0.02,4.189,298.227,0.999001,0.997583,-1,4.18411,nan,nan,nan,4.98576,4.18662
3530,0.08,4.189,298.226,0.999001,0.997583,-1,4.18291,nan,nan,nan,4.98576,4.1866
3531,0.03,4.185,298.226,0.999001,0.997582,-1,4.18348,nan,nan,nan,4.98576,4.18658
3532,0.08,4.188,298.226,0.999001,0.99758,-1,4.18283,nan,nan,nan,4.98576,4.18656
3533,0.14,4.188,298.225,0.999001,0.997578,-1,4.18208,nan,nan,nan,4.98576,4.18654
3534,0.09,4.187,298.225,0.999001,0.997576,-1,4.18265,nan,nan,nan,4.98576,4.18652
3535,0.01,4.186,298.224,0.999001,0.997575,-1,4.18358,nan,nan,nan,4.98576,4.1865
3536,0.06,4.185,298.224,0.999001,0.997574,-1,4.18296,nan,nan,nan,4.98576,4.18648
3537,0.02,4.189,298.224,0.999001,0.997573,-1,4.18344,nan,nan,nan,4.98576,4.18647
3538,-0.01,4.184,298.223,0.999001,0.997571,-1,4.18375,nan,nan,nan,4.98576,4.18645
3539,0.04,4.19,298.223,0.999001,0.99757,-1,4.18314,nan,nan,nan,4.98576,4.18643
3540,0.02,4.187,298.223,0.999001,0.997569,-1,4.18336,nan,nan,nan,4.98576,4.18641
3541,-0.03,4.187,298.222,0.999001,0.997566,-1,4.18391,nan,nan,nan,4.98576,4.18639
3542,0.09,4.188,298.222,0.999001,0.997564,-1,4.18244,nan,nan,nan,4.98576,4.18637
3543,-0.01,4.188,298.222,0.999001,0.997563,-1,4.18361,nan,nan,nan,4.98576,4.18636
3544,0.01,4.185,298.221,0.999001,0.997562,-1,4.18337,nan,nan,nan,4.98576,4.18634
3545,-0.03,4.185,298.221,0.999001,0.99756,-1,4.18381,nan,nan,nan,4.98576,4.18632
3546,0.08,4.186,298.221,0.999001,0.997559,-1,4.18249,nan,nan,nan,4.98576,4.1863
3547,0.13,4.19,298.22,0.999001,0.997558,-1,4.18187,nan,nan,nan,4.98576,4.18629
3548,0.01,4.19,298.22,0.999001,0.997556,-1,4.18326,nan,nan,nan,4.98576,4.18627
3549,0.05,4.184,298.22,0.999001,0.997554,-1,4.18277,nan,nan,nan,4.98576,4.18625
3550,-0,4.187,298.219,0.999001,0.997552,-1,4.18332,nan,nan,nan,4.98576,4.18623
3551,0.04,4.185,298.219,0.999001,0.997551,-1,4.18283,nan,nan,nan,4.98576,4.18622
3552,-0.05,4.187,298.219,0.999001,0.997551,-1,4.18394,nan,nan,nan,4.98576,4.1862
3553,0.04,4.19,298.218,0.999001,0.99755,-1,4.18285,nan,nan,nan,4.98576,4.18618
3554,0.02,4.185,298.218,0.999001,0.997549,-1,4.18307,nan,nan,nan,4.98576,4.18617
3555,0.05,4.185,298.218,0.999001,0.997547,-1,4.18268,nan,nan,nan,4.98576,4.18615
3556,-0.06,4.186,298.217,0.999001,0.997546,-1,4.18396,nan,nan,nan,4.98576,4.18614
3557,0.04,4.187,298.217,0.999001,0.997544,-1,4.18276,nan,nan,nan,4.98576,4.18612
3558,0,4.186,298.217,0.999001,0.997544,-1,4.18324,nan,nan,nan,4.98576,4.1861
3559,0.01,4.188,298.216,0.999001,0.997544,-1,4.18313,nan,nan,nan,4.98576,4.18609
3560,0.02,4.188,298.216,0.999001,0.997542,-1,4.18297,nan,nan,nan,4.98576,4.18607
3561,0.1,4.186,298.216,0.999001,0.997541,-1,4.182,nan,nan,nan,4.98576,4.18606
3562,0.07,4.185,298.215,0.999001,0.997539,-1,4.18231,nan,nan,nan,4.98576,4.18604
3563,0.02,4.187,298.215,0.999001,0.997538,-1,4.18291,nan,nan,nan,4.98576,4.18603
3564,0.06,4.183,298.215,0.999001,0.997538,-1,4.18242,nan,nan,nan,4.98576,4.18601
3565,-0.05,4.184,298.215,0.999001,0.997535,-1,4.18369,nan,nan,nan,4.98576,4.186
3566,0.01,4.185,298.214,0.999001,0.997534,-1,4.18295,nan,nan,nan,4.98576,4.18598
3567,0.01,4.19,298.214,0.999001,0.997533,-1,4.18292,nan,nan,nan,4.98576,4.18597
3568,0.03,4.183,298.214,0.999001,0.99753,-1,4.18264,nan,nan,nan,4.98576,4.18595
3569,0.05,4.186,298.213,0.999001,0.997529,-1,4.18241,nan,nan,nan,4.98576,4.18594
3570,0.01,4.189,298.213,0.999001,0.997528,-1,4.18286,nan,nan,nan,4.98576,4.18592
3571,-0.01,4.185,298.213,0.999001,0.997527,-1,4.18311,nan,nan,nan,4.98576,4.18591
3572,-0.02,4.184,298.212,0.999001,0.997526,-1,4.18322,nan,nan,nan,4.98576,4.1859
3573,0.03,4.183,298.212,0.999001,0.997526,-1,4.18262,nan,nan,nan,4.98576,4.18588
3574,0.13,4.187,298.212,0.999001,0.997525,-1,4.18141,nan,nan,nan,4.98576,4.18587
3575,0.1,4.18,298.212,0.999001,0.997524,-1,4.18175,nan,nan,nan,4.98576,4.18585
3576,0.11,4.184,298.211,0.999001,0.997522,-1,4.18161,nan,nan,nan,4.98576,4.18584
3577,0.02,4.187,298.211,0.999001,0.997521,-1,4.18265,nan,nan,nan,4.98576,4.18583
3578,0.06,4.186,298.211,0.999001,0.997519,-1,4.18217,nan,nan,nan,4.98576,4.18581
3579,-0.03,4.179,298.21,0.999001,0.997518,-1,4.18323,nan,nan,nan,4.98576,4.1858
3580,0,4.188,298.21,0.999001,0.997519,-1,4.18289,nan,nan,nan,4.98576,4.18579
3581,0.01,4.186,298.21,0.999001,0.997517,-1,4.18273,nan,nan,nan,4.98576,4.18577
3582,0.01,4.184,298.21,0.999001,0.997517,-1,4.18273,nan,nan,nan,4.98576,4.18576
3583,0.11,4.187,298.209,0.999001,0.997515,-1,4.18149,nan,nan,nan,4.98576,4.18575
3584,0.08,4.182,298.209,0.999001,0.997512,-1,4.18181,nan,nan,nan,4.98576,4.18574
3585,0.06,4.187,298.209,0.999001,0.997511,-1,4.18204,nan,nan,nan,4.98576,4.18572
3586,-0.05,4.188,298.208,0.999001,0.997511,-1,4.18336,nan,nan,nan,4.98576,4.18571
3587,0.05,4.187,298.208,0.999001,0.99751,-1,4.18218,nan,nan,nan,4.98576,4.1857
3588,0.02,4.185,298.208,0.999001,0.997507,-1,4.18245,nan,nan,nan,4.98576,4.18569
3589,-0.01,4.181,298.208,0.999001,0.997506,-1,4.18282,nan,nan,nan,4.98576,4.18567
3590,0.04,4.186,298.207,0.999001,0.997505,-1,4.18219,nan,nan,nan,4.98576,4.18566
3591,-0.04,4.187,298.207,0.999001,0.997504,-1,4.18315,nan,nan,nan,4.98576,4.18565
3592,0.01,4.186,298.207,0.999001,0.997503,-1,4.18255,nan,nan,nan,4.98576,4.18564
3593,0.02,4.185,298.206,0.999001,0.997502,-1,4.18243,nan,nan,nan,4.98576,4.18563
3594,-0.01,4.186,298.206,0.999001,0.997502,-1,4.18279,nan,nan,nan,4.98576,4.18561
3595,0.03,4.183,298.206,0.999001,0.997502,-1,4.1823,nan,nan,nan,4.98576,4.1856
3596,-0.02,4.183,298.206,0.999001,0.9975,-1,4.18287,nan,nan,nan,4.98576,4.18559
3597,-0.02,4.185,298.205,0.999001,0.9975,-1,4.18288,nan,nan,nan,4.98576,4.18558
3598,0.04,4.183,298.205,0.999001,0.997498,-1,4.18213,nan,nan,nan,4.98576,4.18557
3599,0.01,4.187,298.205,0.999001,0.997497,-1,4.18248,nan,nan,nan,4.98576,4.18556
