t,i_meas,v_meas,T_true,soc_true,soc_est,soc_std,v_pred,soc_lower,soc_upper,capacity_est,capacity_true,v_true
0,1.02,4.113,298.15,0.95,0.95,-1,4.10305,nan,nan,nan,5,4.10814
1,1.04,4.105,298.15,0.949944,0.949943,-1,4.10158,nan,nan,nan,4.99994,4.10689
2,1.05,4.106,298.151,0.949887,0.949885,-1,4.10034,nan,nan,nan,4.99991,4.10571
3,1.08,4.105,298.151,0.949831,0.949827,-1,4.09914,nan,nan,nan,4.99988,4.10495
4,1.05,4.106,298.151,0.949775,0.949769,-1,4.09879,nan,nan,nan,4.99986,4.10413
5,1.14,4.102,298.152,0.949718,0.94971,-1,4.09696,nan,nan,nan,4.99984,4.10295
6,0.97,4.101,298.152,0.94966,0.949652,-1,4.09853,nan,nan,nan,4.99982,4.10297
7,1.07,4.101,298.153,0.949603,0.949596,-1,4.09682,nan,nan,nan,4.99981,4.10235
8,0.96,4.099,298.153,0.949546,0.949539,-1,4.09778,nan,nan,nan,4.99979,4.1018
9,1.07,4.098,298.153,0.949488,0.949481,-1,4.09602,nan,nan,nan,4.99978,4.10148
10,1.08,4.099,298.154,0.949431,0.94942,-1,4.09563,nan,nan,nan,4.99976,4.10099
11,1.06,4.103,298.154,0.949374,0.94936,-1,4.09551,nan,nan,nan,4.99975,4.1009
12,1.02,4.101,298.155,0.949316,0.9493,-1,4.09569,nan,nan,nan,4.99973,4.10081
13,1.05,4.1,298.155,0.949259,0.949243,-1,4.09516,nan,nan,nan,4.99972,4.10031
14,1.02,4.101,298.155,0.949202,0.949185,-1,4.09545,nan,nan,nan,4.99971,4.10027
15,1.01,4.098,298.156,0.949144,0.949125,-1,4.09531,nan,nan,nan,4.9997,4.10028
16,1.04,4.1,298.156,0.94909,0.949069,-1,4.09469,nan,nan,nan,4.99969,4.10046
17,0.95,4.104,298.157,0.949036,0.949014,-1,4.09571,nan,nan,nan,4.99968,4.10074
18,1.02,4.1,298.157,0.948983,0.94896,-1,4.09483,nan,nan,nan,4.99967,4.10016
19,1.08,4.1,298.157,0.94893,0.948905,-1,4.09396,nan,nan,nan,4.99966,4.10018
20,1.05,4.103,298.158,0.948876,0.948849,-1,4.09426,nan,nan,nan,4.99965,4.10005
21,0.88,4.099,298.158,0.948821,0.948793,-1,4.09609,nan,nan,nan,4.99964,4.10027
22,0.96,4.102,298.158,0.948769,0.948739,-1,4.09525,nan,nan,nan,4.99963,4.10033
23,0.85,4.103,298.159,0.948718,0.948688,-1,4.09649,nan,nan,nan,4.99962,4.10108
24,1.02,4.099,298.159,0.948666,0.948633,-1,4.09423,nan,nan,nan,4.99961,4.0996
25,1.08,4.101,298.159,0.948613,0.948579,-1,4.09348,nan,nan,nan,4.9996,4.09953
26,1.05,4.101,298.16,0.948558,0.948522,-1,4.09359,nan,nan,nan,4.99959,4.09931
27,1.15,4.097,298.16,0.948501,0.948464,-1,4.0923,nan,nan,nan,4.99958,4.09803
28,0.99,4.1,298.161,0.948445,0.948406,-1,4.09409,nan,nan,nan,4.99957,4.09905
29,0.91,4.098,298.161,0.948392,0.948351,-1,4.0948,nan,nan,nan,4.99957,4.09968
30,1.01,4.1,298.161,0.948341,0.948298,-1,4.09367,nan,nan,nan,4.99956,4.09909
31,1.09,4.097,298.162,0.948287,0.948242,-1,4.09268,nan,nan,nan,4.99955,4.09914
32,0.94,4.101,298.162,0.948235,0.948188,-1,4.09429,nan,nan,nan,4.99954,4.0987
33,1.01,4.099,298.162,0.948179,0.948132,-1,4.09336,nan,nan,nan,4.99953,4.09804
34,1.1,4.096,298.163,0.948123,0.948075,-1,4.0921,nan,nan,nan,4.99953,4.09817
35,1.16,4.093,298.163,0.948066,0.948017,-1,4.09125,nan,nan,nan,4.99952,4.0967
36,1.07,4.097,298.164,0.948005,0.947954,-1,4.09203,nan,nan,nan,4.99951,4.09699
37,1.11,4.098,298.164,0.947949,0.947896,-1,4.09145,nan,nan,nan,4.9995,4.09751
38,0.98,4.1,298.164,0.947894,0.947839,-1,4.09289,nan,nan,nan,4.99949,4.09772
39,1.04,4.1,298.165,0.94784,0.947785,-1,4.09228,nan,nan,nan,4.99949,4.09794
40,0.97,4.095,298.165,0.947788,0.94773,-1,4.09295,nan,nan,nan,4.99948,4.09829
41,1.02,4.097,298.165,0.947738,0.947678,-1,4.09248,nan,nan,nan,4.99947,4.09811
42,1.03,4.098,298.166,0.947683,0.947621,-1,4.09214,nan,nan,nan,4.99947,4.09708
43,1.07,4.095,298.166,0.947627,0.947564,-1,4.09148,nan,nan,nan,4.99946,4.09693
44,1.04,4.094,298.166,0.947571,0.947508,-1,4.09178,nan,nan,nan,4.99945,4.09643
45,1.02,4.101,298.167,0.947514,0.947449,-1,4.09185,nan,nan,nan,4.99945,4.0964
46,1.19,4.093,298.167,0.947458,0.947392,-1,4.08969,nan,nan,nan,4.99944,4.09639
47,0.98,4.094,298.168,0.947401,0.947333,-1,4.09205,nan,nan,nan,4.99943,4.09651
48,0.9,4.096,298.168,0.947348,0.947279,-1,4.093,nan,nan,nan,4.99942,4.09703
49,0.91,4.098,298.168,0.947297,0.947228,-1,4.09287,nan,nan,nan,4.99942,4.09682
50,0.97,4.096,298.169,0.947243,0.947172,-1,4.09199,nan,nan,nan,4.99941,4.09669
51,0.92,4.098,298.169,0.94719,0.947117,-1,4.09249,nan,nan,nan,4.99941,4.09624
52,1.07,4.096,298.169,0.947134,0.947061,-1,4.09072,nan,nan,nan,4.9994,4.09593
53,1.02,4.098,298.17,0.947078,0.947004,-1,4.0911,nan,nan,nan,4.99939,4.09607
54,0.99,4.096,298.17,0.947024,0.946949,-1,4.09136,nan,nan,nan,4.99939,4.09606
55,0.86,4.095,298.17,0.946971,0.946894,-1,4.0929,nan,nan,nan,4.99938,4.09691
56,0.87,4.099,298.171,0.946921,0.946843,-1,4.09277,nan,nan,nan,4.99937,4.09715
57,0.91,4.097,298.171,0.946872,0.946792,-1,4.09234,nan,nan,nan,4.99937,4.09691
58,1,4.098,298.171,0.94682,0.946739,-1,4.09122,nan,nan,nan,4.99936,4.09634
59,1.06,4.098,298.172,0.946764,0.946681,-1,4.09021,nan,nan,nan,4.99936,4.09485
60,1.11,4.095,298.172,0.946707,0.946623,-1,4.08938,nan,nan,nan,4.99935,4.09456
61,1.03,4.093,298.172,0.946648,0.946561,-1,4.09002,nan,nan,nan,4.99934,4.09472
62,1.08,4.096,298.173,0.946591,0.946502,-1,4.08949,nan,nan,nan,4.99934,4.09485
63,0.97,4.101,298.173,0.946536,0.946446,-1,4.09073,nan,nan,nan,4.99933,4.09581
64,0.93,4.097,298.173,0.946485,0.946391,-1,4.09108,nan,nan,nan,4.99933,4.09537
65,0.98,4.092,298.174,0.946431,0.946337,-1,4.09044,nan,nan,nan,4.99932,4.09544
66,1.09,4.095,298.174,0.946378,0.946283,-1,4.08905,nan,nan,nan,4.99931,4.0949
67,0.9,4.099,298.174,0.946325,0.946227,-1,4.09125,nan,nan,nan,4.99931,4.09542
68,0.93,4.095,298.175,0.946274,0.946175,-1,4.0909,nan,nan,nan,4.9993,4.09563
69,1.11,4.093,298.175,0.946222,0.946121,-1,4.08877,nan,nan,nan,4.9993,4.094
70,1.07,4.091,298.175,0.946167,0.946066,-1,4.08902,nan,nan,nan,4.99929,4.09439
71,0.96,4.094,298.176,0.946112,0.946008,-1,4.09023,nan,nan,nan,4.99929,4.09475
72,0.92,4.093,298.176,0.946057,0.945952,-1,4.09053,nan,nan,nan,4.99928,4.09414
73,1.03,4.09,298.176,0.946002,0.945897,-1,4.08926,nan,nan,nan,4.99928,4.09413
74,1,4.096,298.177,0.945946,0.94584,-1,4.08943,nan,nan,nan,4.99927,4.09381
75,0.95,4.097,298.177,0.94589,0.945783,-1,4.09,nan,nan,nan,4.99926,4.09403
76,1.07,4.096,298.178,0.945833,0.945726,-1,4.08837,nan,nan,nan,4.99926,4.09349
77,1.07,4.089,298.178,0.945776,0.945666,-1,4.0883,nan,nan,nan,4.99925,4.09334
78,1.07,4.091,298.178,0.94572,0.945609,-1,4.08804,nan,nan,nan,4.99925,4.0933
79,1.02,4.093,298.179,0.945666,0.945553,-1,4.08869,nan,nan,nan,4.99924,4.09327
80,1.04,4.094,298.179,0.945613,0.945498,-1,4.08844,nan,nan,nan,4.99924,4.09364
81,1.07,4.09,298.179,0.945559,0.945442,-1,4.08788,nan,nan,nan,4.99923,4.09355
82,0.93,4.092,298.18,0.945506,0.945387,-1,4.08957,nan,nan,nan,4.99923,4.09337
83,1,4.097,298.18,0.945452,0.945332,-1,4.08861,nan,nan,nan,4.99922,4.09338
84,0.95,4.095,298.18,0.945398,0.945276,-1,4.08913,nan,nan,nan,4.99922,4.09349
85,1.02,4.092,298.18,0.945344,0.945221,-1,4.08818,nan,nan,nan,4.99921,4.09313
86,1.02,4.095,298.181,0.945288,0.945165,-1,4.08814,nan,nan,nan,4.99921,4.09247
87,0.83,4.092,298.181,0.945234,0.945108,-1,4.09029,nan,nan,nan,4.9992,4.0932
88,0.92,4.098,298.181,0.945182,0.945057,-1,4.08923,nan,nan,nan,4.9992,4.09363
89,1,4.093,298.182,0.94513,0.945005,-1,4.08823,nan,nan,nan,4.99919,4.09306
90,1.01,4.091,298.182,0.945075,0.944948,-1,4.08799,nan,nan,nan,4.99919,4.09259
91,0.99,4.095,298.182,0.945023,0.944893,-1,4.08826,nan,nan,nan,4.99918,4.09298
92,0.9,4.096,298.183,0.944971,0.944841,-1,4.08924,nan,nan,nan,4.99918,4.09365
93,1,4.089,298.183,0.944919,0.944789,-1,4.08802,nan,nan,nan,4.99917,4.09247
94,0.95,4.091,298.183,0.944863,0.944729,-1,4.08848,nan,nan,nan,4.99917,4.09148
95,0.95,4.091,298.184,0.944806,0.944672,-1,4.08834,nan,nan,nan,4.99916,4.09212
96,1.06,4.089,298.184,0.944751,0.944615,-1,4.08685,nan,nan,nan,4.99916,4.09126
97,1.07,4.088,298.184,0.944692,0.944554,-1,4.08651,nan,nan,nan,4.99915,4.09077
98,1.11,4.089,298.185,0.944633,0.944494,-1,4.08596,nan,nan,nan,4.99915,4.09043
99,1.16,4.09,298.185,0.944574,0.944433,-1,4.08509,nan,nan,nan,4.99914,4.09032
100,1.13,4.092,298.185,0.944513,0.94437,-1,4.08532,nan,nan,nan,4.99914,4.09014
101,1.06,4.089,298.186,0.944454,0.944308,-1,4.0861,nan,nan,nan,4.99913,4.09016
102,0.95,4.088,298.186,0.944397,0.944248,-1,4.08728,nan,nan,nan,4.99913,4.09079
103,1.09,4.091,298.187,0.94434,0.944192,-1,4.08568,nan,nan,nan,4.99912,4.09043
104,1.06,4.085,298.187,0.944281,0.944132,-1,4.08589,nan,nan,nan,4.99912,4.08993
105,1.09,4.089,298.187,0.944223,0.944071,-1,4.08542,nan,nan,nan,4.99911,4.09005
106,1.07,4.09,298.188,0.944165,0.944012,-1,4.08558,nan,nan,nan,4.99911,4.09024
107,1.06,4.09,298.188,0.94411,0.943955,-1,4.08564,nan,nan,nan,4.9991,4.09051
108,1.07,4.088,298.188,0.944053,0.943896,-1,4.08551,nan,nan,nan,4.9991,4.0898
109,1.03,4.089,298.189,0.943994,0.943836,-1,4.0858,nan,nan,nan,4.99909,4.08984
110,0.97,4.089,298.189,0.943939,0.94378,-1,4.08651,nan,nan,nan,4.99909,4.09056
111,0.99,4.09,298.189,0.943886,0.943726,-1,4.08626,nan,nan,nan,4.99908,4.09079
112,0.99,4.09,298.19,0.943833,0.943673,-1,4.08626,nan,nan,nan,4.99908,4.09044
113,0.98,4.09,298.19,0.943777,0.943615,-1,4.08627,nan,nan,nan,4.99907,4.08981
114,1.04,4.09,298.19,0.943721,0.943557,-1,4.08558,nan,nan,nan,4.99907,4.09003
115,1.03,4.087,298.191,0.943666,0.9435,-1,4.08562,nan,nan,nan,4.99906,4.08995
116,1.04,4.092,298.191,0.943611,0.943444,-1,4.08542,nan,nan,nan,4.99906,4.0905
117,1.12,4.088,298.191,0.943556,0.943388,-1,4.08446,nan,nan,nan,4.99905,4.08944
118,1.04,4.093,298.191,0.943497,0.943326,-1,4.08518,nan,nan,nan,4.99905,4.08888
119,1,4.088,298.192,0.943439,0.943268,-1,4.08565,nan,nan,nan,4.99904,4.08934
120,3.11,4.066,298.192,0.943383,0.943212,-1,4.06024,nan,nan,nan,4.99904,4.06521
121,2.86,4.064,298.195,0.943218,0.943043,-1,4.0606,nan,nan,nan,4.99903,4.06478
122,3.1,4.06,298.197,0.943052,0.942875,-1,4.05573,nan,nan,nan,4.99901,4.06015
123,2.89,4.064,298.199,0.942888,0.942708,-1,4.05661,nan,nan,nan,4.999,4.06175
124,2.72,4.057,298.202,0.942731,0.942548,-1,4.05759,nan,nan,nan,4.99899,4.06161
125,2.96,4.057,298.204,0.942572,0.942387,-1,4.0537,nan,nan,nan,4.99898,4.05712
126,2.97,4.052,298.207,0.942409,0.942222,-1,4.05214,nan,nan,nan,4.99896,4.0564
127,3.08,4.054,298.21,0.942239,0.942049,-1,4.05002,nan,nan,nan,4.99895,4.05392
128,3.05,4.052,298.213,0.942066,0.941873,-1,4.04919,nan,nan,nan,4.99894,4.05369
129,2.78,4.056,298.215,0.941903,0.941708,-1,4.05167,nan,nan,nan,4.99893,4.0552
130,2.73,4.053,298.218,0.941751,0.941552,-1,4.05204,nan,nan,nan,4.99891,4.05583
131,2.49,4.059,298.22,0.941604,0.941403,-1,4.05466,nan,nan,nan,4.9989,4.05936
132,2.9,4.054,298.222,0.941454,0.941251,-1,4.04926,nan,nan,nan,4.99889,4.05414
133,3.57,4.045,298.225,0.941284,0.941078,-1,4.04059,nan,nan,nan,4.99888,4.04502
134,3.27,4.049,298.228,0.941095,0.940887,-1,4.0428,nan,nan,nan,4.99887,4.04673
135,3.04,4.049,298.232,0.940915,0.940705,-1,4.04593,nan,nan,nan,4.99885,4.05027
136,3.23,4.047,298.234,0.940746,0.940535,-1,4.04266,nan,nan,nan,4.99884,4.0467
137,3.05,4.047,298.237,0.940576,0.940365,-1,4.04448,nan,nan,nan,4.99883,4.04806
138,3.15,4.046,298.24,0.940405,0.940193,-1,4.04263,nan,nan,nan,4.99882,4.04642
139,3.49,4.041,298.243,0.940231,0.940016,-1,4.03849,nan,nan,nan,4.99881,4.04288
140,2.89,4.049,298.247,0.940049,0.93983,-1,4.04505,nan,nan,nan,4.99879,4.04873
141,3.35,4.044,298.249,0.939879,0.93966,-1,4.03899,nan,nan,nan,4.99878,4.04423
142,3.31,4.043,298.252,0.939707,0.939484,-1,4.03926,nan,nan,nan,4.99877,4.04452
143,2.99,4.041,298.255,0.939538,0.939311,-1,4.04293,nan,nan,nan,4.99876,4.04653
144,2.92,4.046,298.258,0.939375,0.939147,-1,4.04361,nan,nan,nan,4.99875,4.04898
145,3.06,4.043,298.261,0.93921,0.938979,-1,4.04209,nan,nan,nan,4.99874,4.04595
146,2.99,4.044,298.263,0.939046,0.938813,-1,4.04245,nan,nan,nan,4.99873,4.04476
147,3.25,4.041,298.266,0.938872,0.93864,-1,4.03904,nan,nan,nan,4.99872,4.04228
148,3.11,4.045,298.269,0.938695,0.938462,-1,4.04023,nan,nan,nan,4.99871,4.0441
149,2.62,4.052,298.272,0.938531,0.938295,-1,4.0465,nan,nan,nan,4.9987,4.04957
150,2.67,4.046,298.274,0.938382,0.938144,-1,4.04549,nan,nan,nan,4.99869,4.04883
151,2.9,4.046,298.277,0.938223,0.937984,-1,4.04273,nan,nan,nan,4.99868,4.04578
152,3.31,4.041,298.28,0.938048,0.937807,-1,4.03752,nan,nan,nan,4.99866,4.04115
153,2.94,4.045,298.283,0.937873,0.937631,-1,4.04154,nan,nan,nan,4.99865,4.04463
154,3.21,4.039,298.285,0.937706,0.937462,-1,4.03828,nan,nan,nan,4.99864,4.04079
155,3.25,4.04,298.289,0.937522,0.937278,-1,4.03683,nan,nan,nan,4.99863,4.04047
156,3.48,4.036,298.292,0.937342,0.937096,-1,4.0338,nan,nan,nan,4.99862,4.03815
157,3.23,4.039,298.295,0.937165,0.936915,-1,4.0366,nan,nan,nan,4.99861,4.03992
158,3.09,4.039,298.298,0.936985,0.936733,-1,4.03784,nan,nan,nan,4.9986,4.04114
159,3.08,4.041,298.301,0.936809,0.936553,-1,4.03738,nan,nan,nan,4.99859,4.04085
160,3.26,4.04,298.304,0.936636,0.93638,-1,4.03491,nan,nan,nan,4.99858,4.03966
161,2.81,4.045,298.306,0.936472,0.936213,-1,4.04061,nan,nan,nan,4.99857,4.04418
162,2.79,4.042,298.309,0.936325,0.936064,-1,4.04106,nan,nan,nan,4.99856,4.0444
163,2.63,4.046,298.311,0.936169,0.935906,-1,4.04305,nan,nan,nan,4.99855,4.04593
164,2.75,4.044,298.313,0.936018,0.935754,-1,4.04178,nan,nan,nan,4.99854,4.04559
165,3.21,4.039,298.315,0.935861,0.935594,-1,4.03628,nan,nan,nan,4.99853,4.03962
166,2.57,4.048,298.318,0.935699,0.93543,-1,4.04352,nan,nan,nan,4.99852,4.04663
167,2.71,4.045,298.32,0.935555,0.935284,-1,4.04207,nan,nan,nan,4.99852,4.04524
168,2.87,4.045,298.322,0.935402,0.935129,-1,4.04048,nan,nan,nan,4.99851,4.04254
169,3.16,4.041,298.325,0.935237,0.934961,-1,4.03636,nan,nan,nan,4.9985,4.03974
170,3.52,4.033,298.328,0.935056,0.934777,-1,4.03151,nan,nan,nan,4.99849,4.03391
171,3.06,4.036,298.331,0.93487,0.93459,-1,4.03646,nan,nan,nan,4.99848,4.03988
172,2.96,4.039,298.333,0.934704,0.934422,-1,4.0375,nan,nan,nan,4.99847,4.04011
173,2.87,4.043,298.336,0.934543,0.934258,-1,4.03841,nan,nan,nan,4.99846,4.04173
174,2.77,4.043,298.338,0.934389,0.934103,-1,4.0396,nan,nan,nan,4.99845,4.04283
175,3.16,4.038,298.34,0.934234,0.933947,-1,4.03494,nan,nan,nan,4.99844,4.03822
176,3.2,4.039,298.343,0.93406,0.933771,-1,4.034,nan,nan,nan,4.99843,4.03701
177,3.05,4.039,298.346,0.933879,0.933588,-1,4.03503,nan,nan,nan,4.99842,4.03816
178,2.83,4.04,298.348,0.933716,0.933424,-1,4.03736,nan,nan,nan,4.99841,4.03951
179,2.64,4.044,298.35,0.93357,0.933277,-1,4.04022,nan,nan,nan,4.99841,4.04405
180,3.66,4.032,298.353,0.933417,0.933121,-1,4.02763,nan,nan,nan,4.9984,4.03101
181,4.25,4.021,298.356,0.933208,0.932909,-1,4.01966,nan,nan,nan,4.99839,4.02291
182,4.27,4.02,298.361,0.932976,0.932677,-1,4.01821,nan,nan,nan,4.99837,4.02112
183,2.97,4.035,298.366,0.932745,0.932444,-1,4.03248,nan,nan,nan,4.99836,4.03505
184,3.01,4.036,298.369,0.932577,0.932273,-1,4.03215,nan,nan,nan,4.99835,4.03533
185,3.22,4.035,298.371,0.932413,0.932108,-1,4.02966,nan,nan,nan,4.99834,4.03356
186,3.05,4.037,298.374,0.932244,0.931937,-1,4.03173,nan,nan,nan,4.99833,4.0352
187,2.82,4.038,298.376,0.932086,0.931778,-1,4.03498,nan,nan,nan,4.99833,4.0383
188,3.02,4.04,298.378,0.931926,0.931616,-1,4.03259,nan,nan,nan,4.99832,4.03607
189,2.96,4.031,298.381,0.931761,0.931449,-1,4.03354,nan,nan,nan,4.99831,4.0359
190,3.17,4.036,298.383,0.931607,0.931293,-1,4.03101,nan,nan,nan,4.9983,4.03478
191,3.05,4.037,298.385,0.931439,0.931123,-1,4.03218,nan,nan,nan,4.99829,4.03581
192,3.2,4.035,298.388,0.931266,0.930946,-1,4.03035,nan,nan,nan,4.99828,4.03322
193,3.5,4.029,298.391,0.931081,0.930758,-1,4.02609,nan,nan,nan,4.99827,4.03019
194,2.81,4.038,298.394,0.930902,0.930574,-1,4.034,nan,nan,nan,4.99827,4.03606
195,2.55,4.036,298.396,0.930742,0.930414,-1,4.03714,nan,nan,nan,4.99826,4.03859
196,2.79,4.035,298.398,0.930596,0.930268,-1,4.03468,nan,nan,nan,4.99825,4.03788
197,2.76,4.04,298.4,0.930445,0.930115,-1,4.0353,nan,nan,nan,4.99824,4.03798
198,2.99,4.036,298.402,0.930286,0.929954,-1,4.03273,nan,nan,nan,4.99823,4.03541
199,2.45,4.043,298.404,0.930132,0.929797,-1,4.03894,nan,nan,nan,4.99823,4.04159
200,3.01,4.033,298.406,0.929991,0.929654,-1,4.03265,nan,nan,nan,4.99822,4.03551
201,3.45,4.031,298.408,0.929816,0.929477,-1,4.02712,nan,nan,nan,4.99821,4.02957
202,3.63,4.026,298.412,0.929628,0.929286,-1,4.0236,nan,nan,nan,4.9982,4.02748
203,3.17,4.034,298.415,0.929442,0.929098,-1,4.02846,nan,nan,nan,4.99819,4.03182
204,3.09,4.034,298.417,0.929265,0.928918,-1,4.02925,nan,nan,nan,4.99818,4.03245
205,3.09,4.036,298.42,0.929101,0.928753,-1,4.0293,nan,nan,nan,4.99818,4.0324
206,3.11,4.031,298.422,0.928924,0.928574,-1,4.02894,nan,nan,nan,4.99817,4.03114
207,3.24,4.028,298.425,0.928747,0.928394,-1,4.02664,nan,nan,nan,4.99816,4.02879
208,3.17,4.027,298.428,0.928568,0.928214,-1,4.02719,nan,nan,nan,4.99815,4.02964
209,3.32,4.029,298.43,0.928396,0.928041,-1,4.02575,nan,nan,nan,4.99814,4.02874
210,17.33,3.86,298.433,0.928209,0.927852,-1,3.85814,nan,nan,nan,4.99813,3.8616
211,15.99,3.864,298.494,0.927272,0.926909,-1,3.85825,nan,nan,nan,4.99809,3.86197
212,14.77,3.861,298.546,0.926441,0.926073,-1,3.85983,nan,nan,nan,4.99805,3.86459
213,14.28,3.86,298.599,0.925615,0.925242,-1,3.85832,nan,nan,nan,4.99801,3.86112
214,14.44,3.854,298.649,0.924828,0.924452,-1,3.8493,nan,nan,nan,4.99798,3.85199
215,15.23,3.835,298.699,0.924051,0.92367,-1,3.8343,nan,nan,nan,4.99794,3.83794
216,16.58,3.818,298.761,0.923173,0.922786,-1,3.81236,nan,nan,nan,4.9979,3.81557
217,15.32,3.825,298.823,0.92231,0.921916,-1,3.8231,nan,nan,nan,4.99786,3.82398
218,15.68,3.814,298.886,0.921439,0.921041,-1,3.81431,nan,nan,nan,4.99783,3.81643
219,17.22,3.793,298.953,0.920543,0.920138,-1,3.78996,nan,nan,nan,4.99779,3.79384
220,16.77,3.794,299.029,0.919587,0.919177,-1,3.79003,nan,nan,nan,4.99775,3.79406
221,14.05,3.825,299.089,0.918754,0.91834,-1,3.82151,nan,nan,nan,4.99771,3.82372
222,13.19,3.834,299.14,0.918001,0.917584,-1,3.8325,nan,nan,nan,4.99768,3.8343
223,13.64,3.828,299.188,0.917272,0.916851,-1,3.82643,nan,nan,nan,4.99765,3.82994
224,14.7,3.816,299.242,0.916479,0.916054,-1,3.81292,nan,nan,nan,4.99762,3.81646
225,15.15,3.813,299.297,0.915684,0.915255,-1,3.80846,nan,nan,nan,4.99759,3.81064
226,14.46,3.818,299.359,0.914832,0.914398,-1,3.81323,nan,nan,nan,4.99755,3.81582
227,16,3.797,299.42,0.913981,0.913543,-1,3.79329,nan,nan,nan,4.99752,3.79735
228,15.92,3.8,299.486,0.9131,0.912657,-1,3.79535,nan,nan,nan,4.99748,3.79652
229,15.72,3.795,299.55,0.912226,0.91178,-1,3.79376,nan,nan,nan,4.99745,3.79646
230,18.13,3.766,299.624,0.911288,0.910834,-1,3.76346,nan,nan,nan,4.99741,3.76533
231,15.72,3.792,299.699,0.910338,0.90988,-1,3.78982,nan,nan,nan,4.99737,3.79101
232,14.53,3.802,299.762,0.909477,0.909014,-1,3.8031,nan,nan,nan,4.99734,3.80501
233,12.19,3.831,299.81,0.908738,0.908271,-1,3.83205,nan,nan,nan,4.99731,3.83362
234,13.63,3.824,299.852,0.908048,0.907577,-1,3.81621,nan,nan,nan,4.99729,3.82009
235,13.97,3.817,299.902,0.907282,0.906808,-1,3.81426,nan,nan,nan,4.99726,3.81514
236,13.75,3.817,299.956,0.906474,0.905996,-1,3.81592,nan,nan,nan,4.99723,3.81781
237,14.81,3.81,300.007,0.905695,0.905211,-1,3.80623,nan,nan,nan,4.9972,3.8066
238,14.95,3.802,300.06,0.904895,0.904406,-1,3.80287,nan,nan,nan,4.99717,3.80394
239,14.57,3.809,300.114,0.904091,0.903596,-1,3.80525,nan,nan,nan,4.99714,3.80791
240,16.51,3.785,300.173,0.903235,0.902736,-1,3.78418,nan,nan,nan,4.99711,3.78429
241,15.03,3.803,300.236,0.902356,0.901852,-1,3.79748,nan,nan,nan,4.99708,3.79967
242,14.54,3.805,300.293,0.901519,0.90101,-1,3.80177,nan,nan,nan,4.99705,3.80428
243,15.73,3.79,300.352,0.900669,0.900156,-1,3.78829,nan,nan,nan,4.99702,3.79021
244,15.99,3.786,300.413,0.899806,0.899286,-1,3.78346,nan,nan,nan,4.99698,3.78563
245,14.75,3.795,300.47,0.898963,0.898441,-1,3.7977,nan,nan,nan,4.99695,3.79827
246,14.17,3.803,300.524,0.898147,0.897619,-1,3.80376,nan,nan,nan,4.99693,3.80644
247,13.48,3.816,300.57,0.897399,0.896868,-1,3.81178,nan,nan,nan,4.9969,3.81553
248,13.02,3.821,300.614,0.896658,0.896123,-1,3.82008,nan,nan,nan,4.99687,3.82058
249,13.87,3.81,300.659,0.89591,0.895372,-1,3.81215,nan,nan,nan,4.99685,3.81264
250,15.67,3.794,300.709,0.895116,0.894574,-1,3.78988,nan,nan,nan,4.99682,3.79157
251,15.26,3.795,300.767,0.89425,0.893704,-1,3.79184,nan,nan,nan,4.99679,3.79559
252,15.1,3.794,300.822,0.893416,0.892864,-1,3.79365,nan,nan,nan,4.99676,3.79649
253,14.11,3.806,300.873,0.89261,0.892052,-1,3.80596,nan,nan,nan,4.99673,3.80668
254,16.04,3.782,300.932,0.891734,0.891172,-1,3.78093,nan,nan,nan,4.9967,3.78307
255,14.19,3.808,300.985,0.890916,0.890349,-1,3.80134,nan,nan,nan,4.99667,3.80346
256,15.12,3.788,301.037,0.890093,0.889521,-1,3.791,nan,nan,nan,4.99665,3.79196
257,17.18,3.771,301.101,0.889185,0.888609,-1,3.76658,nan,nan,nan,4.99662,3.76806
258,18.09,3.754,301.172,0.88822,0.88764,-1,3.75279,nan,nan,nan,4.99658,3.75524
259,16.61,3.767,301.248,0.887225,0.88664,-1,3.76707,nan,nan,nan,4.99655,3.76903
260,17.33,3.759,301.316,0.886284,0.885694,-1,3.75741,nan,nan,nan,4.99652,3.7589
261,18,3.751,301.389,0.885314,0.884718,-1,3.74957,nan,nan,nan,4.99649,3.74993
262,16.91,3.763,301.463,0.884333,0.883731,-1,3.75717,nan,nan,nan,4.99645,3.76056
263,17.2,3.756,301.529,0.883405,0.882797,-1,3.75558,nan,nan,nan,4.99642,3.75719
264,15.04,3.78,301.588,0.882534,0.88192,-1,3.78016,nan,nan,nan,4.99639,3.78142
265,14.82,3.782,301.642,0.881696,0.881077,-1,3.78264,nan,nan,nan,4.99637,3.78409
266,13.12,3.804,301.693,0.880873,0.880251,-1,3.80286,nan,nan,nan,4.99634,3.80464
267,14.39,3.794,301.736,0.880118,0.879491,-1,3.79017,nan,nan,nan,4.99631,3.79359
268,14.28,3.796,301.783,0.879322,0.878691,-1,3.79348,nan,nan,nan,4.99629,3.79484
269,13.07,3.813,301.821,0.878593,0.877957,-1,3.80875,nan,nan,nan,4.99627,3.81047
270,18.42,3.752,301.868,0.877791,0.87715,-1,3.74985,nan,nan,nan,4.99624,3.7524
271,20.06,3.731,301.945,0.876754,0.876107,-1,3.73086,nan,nan,nan,4.99621,3.73024
272,19.32,3.732,302.027,0.875698,0.875045,-1,3.73184,nan,nan,nan,4.99617,3.73404
273,14.32,3.784,302.11,0.874636,0.873976,-1,3.78067,nan,nan,nan,4.99614,3.78397
274,13.11,3.8,302.153,0.873865,0.873201,-1,3.79689,nan,nan,nan,4.99611,3.80012
275,13.29,3.802,302.193,0.873121,0.872451,-1,3.79907,nan,nan,nan,4.99609,3.7997
276,14.44,3.792,302.234,0.872354,0.871682,-1,3.78709,nan,nan,nan,4.99607,3.79038
277,16.12,3.775,302.286,0.871503,0.870825,-1,3.76973,nan,nan,nan,4.99604,3.77116
278,18.03,3.749,302.346,0.870581,0.869897,-1,3.74621,nan,nan,nan,4.99601,3.74976
279,16.58,3.764,302.413,0.869612,0.868922,-1,3.76046,nan,nan,nan,4.99598,3.76209
280,15.05,3.778,302.467,0.868737,0.868043,-1,3.77676,nan,nan,nan,4.99595,3.77819
281,14.85,3.78,302.513,0.867929,0.86723,-1,3.78012,nan,nan,nan,4.99593,3.78171
282,15.47,3.777,302.558,0.867119,0.866415,-1,3.77503,nan,nan,nan,4.9959,3.77636
283,14.89,3.78,302.607,0.866282,0.865573,-1,3.77893,nan,nan,nan,4.99587,3.78202
284,15.87,3.773,302.655,0.86544,0.864726,-1,3.76951,nan,nan,nan,4.99585,3.77125
285,14.92,3.784,302.703,0.864604,0.863885,-1,3.77821,nan,nan,nan,4.99582,3.78066
286,14.83,3.783,302.751,0.863762,0.863039,-1,3.77954,nan,nan,nan,4.9958,3.78222
287,14.75,3.783,302.796,0.862943,0.862214,-1,3.78141,nan,nan,nan,4.99577,3.78245
288,14.62,3.787,302.837,0.862154,0.861421,-1,3.7833,nan,nan,nan,4.99575,3.78508
289,14.7,3.781,302.88,0.861345,0.860607,-1,3.78137,nan,nan,nan,4.99572,3.78399
290,12.07,3.809,302.917,0.860585,0.859843,-1,3.81123,nan,nan,nan,4.9957,3.81236
291,13.32,3.801,302.949,0.859871,0.859125,-1,3.7971,nan,nan,nan,4.99568,3.80078
292,13.88,3.797,302.981,0.859139,0.85839,-1,3.79277,nan,nan,nan,4.99565,3.79565
293,13.99,3.801,303.016,0.858387,0.857634,-1,3.79182,nan,nan,nan,4.99563,3.79458
294,15.97,3.772,303.062,0.857543,0.856784,-1,3.77039,nan,nan,nan,4.99561,3.77122
295,16.13,3.766,303.114,0.856647,0.855884,-1,3.76627,nan,nan,nan,4.99558,3.76718
296,15.91,3.768,303.164,0.855771,0.855004,-1,3.76452,nan,nan,nan,4.99555,3.76713
297,13.81,3.79,303.208,0.854941,0.854169,-1,3.78791,nan,nan,nan,4.99553,3.78924
298,14.43,3.783,303.249,0.854139,0.853364,-1,3.78131,nan,nan,nan,4.9955,3.78325
299,14.01,3.79,303.287,0.85335,0.852571,-1,3.78625,nan,nan,nan,4.99548,3.78698
300,8.97,3.84,303.325,0.852572,0.851789,-1,3.83762,nan,nan,nan,4.99546,3.84007
301,10.81,3.828,303.334,0.852054,0.851268,-1,3.82556,nan,nan,nan,4.99544,3.82706
302,11.39,3.823,303.35,0.851459,0.850668,-1,3.82054,nan,nan,nan,4.99542,3.82271
303,10.69,3.833,303.367,0.850845,0.850052,-1,3.8295,nan,nan,nan,4.9954,3.8313
304,10.4,3.838,303.38,0.850274,0.849478,-1,3.83468,nan,nan,nan,4.99539,3.83769
305,10.63,3.838,303.393,0.849694,0.848894,-1,3.83358,nan,nan,nan,4.99537,3.83584
306,10.54,3.836,303.408,0.849101,0.848298,-1,3.83591,nan,nan,nan,4.99535,3.83792
307,10.1,3.842,303.422,0.848505,0.847698,-1,3.84015,nan,nan,nan,4.99533,3.84262
308,9.98,3.847,303.434,0.847937,0.847127,-1,3.84227,nan,nan,nan,4.99532,3.84572
309,9.27,3.854,303.44,0.847422,0.846609,-1,3.8523,nan,nan,nan,4.9953,3.85489
310,10.28,3.841,303.448,0.846887,0.846069,-1,3.84285,nan,nan,nan,4.99529,3.84472
311,10.21,3.847,303.458,0.84633,0.845509,-1,3.84325,nan,nan,nan,4.99527,3.84701
312,9.42,3.852,303.466,0.845785,0.844959,-1,3.8521,nan,nan,nan,4.99525,3.85515
313,10.04,3.85,303.473,0.845265,0.844435,-1,3.8471,nan,nan,nan,4.99524,3.84959
314,11.56,3.835,303.482,0.844709,0.843873,-1,3.83089,nan,nan,nan,4.99522,3.83322
315,10.74,3.841,303.495,0.844109,0.84327,-1,3.8376,nan,nan,nan,4.99521,3.84003
316,10.94,3.834,303.51,0.84349,0.842648,-1,3.83476,nan,nan,nan,4.99519,3.83662
317,9.83,3.848,303.523,0.842899,0.842053,-1,3.84519,nan,nan,nan,4.99517,3.84695
318,10.09,3.845,303.535,0.842315,0.841465,-1,3.84267,nan,nan,nan,4.99515,3.84429
319,10.18,3.847,303.543,0.84177,0.840917,-1,3.84141,nan,nan,nan,4.99514,3.84365
320,10.59,3.839,303.553,0.841205,0.840348,-1,3.83702,nan,nan,nan,4.99512,3.83986
321,11.65,3.827,303.567,0.840599,0.839739,-1,3.82488,nan,nan,nan,4.9951,3.82717
322,11.23,3.827,303.583,0.839967,0.839103,-1,3.82763,nan,nan,nan,4.99509,3.82906
323,10.88,3.829,303.596,0.839365,0.838497,-1,3.83072,nan,nan,nan,4.99507,3.83272
324,11.2,3.831,303.606,0.838801,0.83793,-1,3.8283,nan,nan,nan,4.99505,3.82976
325,11.47,3.824,303.622,0.838173,0.837299,-1,3.82468,nan,nan,nan,4.99503,3.82612
326,9.67,3.843,303.634,0.837585,0.836707,-1,3.8408,nan,nan,nan,4.99502,3.84453
327,8.49,3.857,303.636,0.837103,0.836223,-1,3.85681,nan,nan,nan,4.995,3.8579
328,8.21,3.866,303.638,0.836627,0.835744,-1,3.86145,nan,nan,nan,4.99499,3.86207
329,8.43,3.862,303.637,0.836178,0.835293,-1,3.86101,nan,nan,nan,4.99498,3.86175
330,9.23,3.851,303.64,0.835681,0.834792,-1,3.85295,nan,nan,nan,4.99496,3.85477
331,10.11,3.844,303.645,0.835153,0.834261,-1,3.84266,nan,nan,nan,4.99495,3.84478
332,8.68,3.854,303.649,0.834643,0.833748,-1,3.85758,nan,nan,nan,4.99493,3.85902
333,10.04,3.842,303.655,0.834112,0.833214,-1,3.84286,nan,nan,nan,4.99492,3.84441
334,9.56,3.847,303.664,0.833545,0.832642,-1,3.84623,nan,nan,nan,4.9949,3.8487
335,10.25,3.838,303.67,0.833008,0.832102,-1,3.83901,nan,nan,nan,4.99489,3.84135
336,11.27,3.832,303.681,0.832425,0.831516,-1,3.82579,nan,nan,nan,4.99487,3.82991
337,10.7,3.833,303.692,0.831825,0.830912,-1,3.83262,nan,nan,nan,4.99486,3.83381
338,10.43,3.835,303.706,0.831211,0.830295,-1,3.83285,nan,nan,nan,4.99484,3.83433
339,10.58,3.829,303.716,0.830633,0.829714,-1,3.83179,nan,nan,nan,4.99482,3.83152
340,11.56,3.822,303.73,0.830008,0.829086,-1,3.81847,nan,nan,nan,4.99481,3.8214
341,11.8,3.818,303.747,0.829363,0.828439,-1,3.815,nan,nan,nan,4.99479,3.81626
342,9.85,3.833,303.76,0.828761,0.827834,-1,3.83393,nan,nan,nan,4.99477,3.83698
343,10.58,3.83,303.769,0.828195,0.827265,-1,3.82724,nan,nan,nan,4.99476,3.82885
344,11.55,3.819,303.782,0.827584,0.826651,-1,3.81589,nan,nan,nan,4.99474,3.81753
345,11.32,3.819,303.797,0.826958,0.826022,-1,3.81775,nan,nan,nan,4.99472,3.81949
346,11.89,3.807,303.813,0.826312,0.825372,-1,3.81041,nan,nan,nan,4.9947,3.81196
347,10.57,3.825,303.831,0.825655,0.824711,-1,3.82212,nan,nan,nan,4.99469,3.82544
348,10.51,3.827,303.843,0.825058,0.82411,-1,3.82267,nan,nan,nan,4.99467,3.82441
349,9.23,3.839,303.849,0.824527,0.823577,-1,3.83784,nan,nan,nan,4.99465,3.83969
350,9.69,3.836,303.853,0.824011,0.823056,-1,3.83388,nan,nan,nan,4.99464,3.83644
351,9.63,3.834,303.86,0.823462,0.822505,-1,3.83448,nan,nan,nan,4.99463,3.83702
352,9.61,3.837,303.864,0.822942,0.821982,-1,3.83554,nan,nan,nan,4.99461,3.83674
353,8.92,3.847,303.866,0.822442,0.821478,-1,3.84351,nan,nan,nan,4.9946,3.84524
354,9.96,3.833,303.87,0.821921,0.820956,-1,3.83372,nan,nan,nan,4.99458,3.83529
355,10.34,3.83,303.883,0.821305,0.820337,-1,3.82746,nan,nan,nan,4.99457,3.82939
356,12.4,3.805,303.895,0.820697,0.819726,-1,3.80408,nan,nan,nan,4.99455,3.80741
357,12.1,3.809,303.912,0.820038,0.819062,-1,3.80388,nan,nan,nan,4.99453,3.80704
358,11.9,3.808,303.928,0.819392,0.818413,-1,3.80555,nan,nan,nan,4.99452,3.808
359,11.57,3.814,303.942,0.818757,0.817774,-1,3.80832,nan,nan,nan,4.9945,3.81102
360,15.02,3.775,303.957,0.818123,0.817137,-1,3.77162,nan,nan,nan,4.99448,3.77367
361,14.49,3.775,303.992,0.8173,0.81631,-1,3.77249,nan,nan,nan,4.99446,3.77527
362,12.07,3.8,304.018,0.816571,0.815576,-1,3.79543,nan,nan,nan,4.99444,3.79634
363,8.91,3.828,304.037,0.815901,0.814903,-1,3.82664,nan,nan,nan,4.99442,3.82917
364,10.3,3.818,304.045,0.815343,0.814342,-1,3.81401,nan,nan,nan,4.99441,3.81661
365,8.74,3.834,304.049,0.814822,0.813818,-1,3.83251,nan,nan,nan,4.99439,3.83528
366,9.09,3.833,304.051,0.814318,0.813311,-1,3.83068,nan,nan,nan,4.99438,3.83299
367,8.83,3.835,304.053,0.813815,0.812804,-1,3.83432,nan,nan,nan,4.99437,3.83712
368,9.96,3.825,304.058,0.813274,0.812259,-1,3.82371,nan,nan,nan,4.99435,3.82534
369,9.68,3.83,304.061,0.812759,0.81174,-1,3.82681,nan,nan,nan,4.99434,3.8297
370,10.5,3.82,304.067,0.812211,0.811189,-1,3.81864,nan,nan,nan,4.99432,3.82113
371,10.35,3.819,304.076,0.811622,0.810595,-1,3.81838,nan,nan,nan,4.99431,3.82108
372,10.13,3.824,304.083,0.811056,0.810027,-1,3.81972,nan,nan,nan,4.99429,3.82264
373,9.35,3.837,304.086,0.810531,0.809498,-1,3.82897,nan,nan,nan,4.99428,3.83092
374,10.48,3.818,304.09,0.809999,0.808965,-1,3.81727,nan,nan,nan,4.99427,3.81938
375,10.55,3.822,304.101,0.809393,0.808355,-1,3.81375,nan,nan,nan,4.99425,3.81744
376,9.36,3.831,304.106,0.808849,0.807808,-1,3.82685,nan,nan,nan,4.99423,3.82933
377,10.13,3.822,304.111,0.808305,0.807261,-1,3.81885,nan,nan,nan,4.99422,3.82217
378,9.55,3.829,304.113,0.80779,0.806741,-1,3.82661,nan,nan,nan,4.99421,3.82761
379,9.45,3.828,304.118,0.807241,0.80619,-1,3.82647,nan,nan,nan,4.99419,3.82801
380,9.25,3.831,304.123,0.806691,0.805636,-1,3.82768,nan,nan,nan,4.99418,3.82907
381,10.63,3.813,304.13,0.806126,0.805068,-1,3.81238,nan,nan,nan,4.99416,3.81422
382,10.98,3.81,304.14,0.805528,0.804468,-1,3.80697,nan,nan,nan,4.99415,3.80959
383,10.03,3.821,304.146,0.804962,0.803897,-1,3.81592,nan,nan,nan,4.99413,3.81955
384,8.63,3.835,304.148,0.804453,0.803384,-1,3.83235,nan,nan,nan,4.99412,3.83367
385,8.87,3.835,304.147,0.803972,0.802902,-1,3.83064,nan,nan,nan,4.99411,3.8322
386,8.72,3.834,304.149,0.803453,0.802381,-1,3.83209,nan,nan,nan,4.99409,3.8336
387,9.16,3.824,304.147,0.802985,0.801912,-1,3.82848,nan,nan,nan,4.99408,3.8303
388,9.73,3.823,304.149,0.802476,0.8014,-1,3.82198,nan,nan,nan,4.99407,3.82388
389,11.9,3.803,304.159,0.801861,0.800781,-1,3.79755,nan,nan,nan,4.99405,3.80064
390,11.66,3.798,304.173,0.801211,0.800127,-1,3.79774,nan,nan,nan,4.99404,3.79938
391,11.3,3.8,304.185,0.800591,0.799503,-1,3.80003,nan,nan,nan,4.99402,3.80068
392,10.27,3.809,304.194,0.8,0.798909,-1,3.80968,nan,nan,nan,4.99401,3.81128
393,10.23,3.809,304.202,0.799414,0.798319,-1,3.80878,nan,nan,nan,4.99399,3.8112
394,11.21,3.801,304.212,0.798813,0.797715,-1,3.79758,nan,nan,nan,4.99398,3.80008
395,10.81,3.805,304.221,0.798221,0.797119,-1,3.80123,nan,nan,nan,4.99396,3.80307
396,10.99,3.8,304.231,0.797617,0.79651,-1,3.79876,nan,nan,nan,4.99395,3.80098
397,10.93,3.803,304.239,0.797029,0.795918,-1,3.79865,nan,nan,nan,4.99393,3.80065
398,10.66,3.801,304.25,0.796412,0.795299,-1,3.80002,nan,nan,nan,4.99391,3.80172
399,10.25,3.807,304.259,0.795829,0.794712,-1,3.8038,nan,nan,nan,4.9939,3.80624
400,9.22,3.817,304.261,0.795306,0.794186,-1,3.81596,nan,nan,nan,4.99389,3.81807
401,9.53,3.817,304.263,0.794792,0.793669,-1,3.81351,nan,nan,nan,4.99387,3.81622
402,9.45,3.82,304.267,0.794245,0.793117,-1,3.81372,nan,nan,nan,4.99386,3.81645
403,9.41,3.819,304.268,0.793736,0.792606,-1,3.81478,nan,nan,nan,4.99385,3.81834
404,9.99,3.809,304.27,0.793209,0.792075,-1,3.8093,nan,nan,nan,4.99383,3.8113
405,8.8,3.824,304.272,0.792688,0.79155,-1,3.82125,nan,nan,nan,4.99382,3.82379
406,8.93,3.822,304.272,0.792189,0.791048,-1,3.82068,nan,nan,nan,4.99381,3.82238
407,9.84,3.814,304.273,0.791674,0.790529,-1,3.81226,nan,nan,nan,4.9938,3.81339
408,10.7,3.804,304.282,0.79107,0.789922,-1,3.80139,nan,nan,nan,4.99378,3.8019
409,10.01,3.81,304.286,0.79053,0.789379,-1,3.8073,nan,nan,nan,4.99377,3.80842
410,10.6,3.801,304.291,0.789966,0.788814,-1,3.79947,nan,nan,nan,4.99375,3.80172
411,10.66,3.799,304.298,0.789388,0.788232,-1,3.7978,nan,nan,nan,4.99374,3.80075
412,10.57,3.8,304.305,0.788801,0.78764,-1,3.79737,nan,nan,nan,4.99372,3.79972
413,9.62,3.811,304.308,0.788267,0.787105,-1,3.80767,nan,nan,nan,4.99371,3.80975
414,10.4,3.803,304.315,0.787693,0.786528,-1,3.79883,nan,nan,nan,4.9937,3.80101
415,10.96,3.793,304.324,0.787082,0.785913,-1,3.79186,nan,nan,nan,4.99368,3.79304
416,11.92,3.783,304.335,0.786466,0.785294,-1,3.78033,nan,nan,nan,4.99367,3.783
417,10.64,3.789,304.346,0.785839,0.784664,-1,3.79247,nan,nan,nan,4.99365,3.79312
418,10.57,3.793,304.354,0.785249,0.784073,-1,3.79206,nan,nan,nan,4.99364,3.79396
419,8.22,3.822,304.358,0.784705,0.783528,-1,3.81627,nan,nan,nan,4.99362,3.81889
420,9.33,3.814,304.355,0.784241,0.78306,-1,3.80779,nan,nan,nan,4.99361,3.80953
421,9.61,3.804,304.358,0.783702,0.782518,-1,3.80388,nan,nan,nan,4.9936,3.80531
422,10.32,3.793,304.363,0.783146,0.78196,-1,3.79571,nan,nan,nan,4.99358,3.79926
423,9.96,3.802,304.367,0.782594,0.781404,-1,3.80025,nan,nan,nan,4.99357,3.80128
424,10.88,3.793,304.372,0.782023,0.78083,-1,3.78924,nan,nan,nan,4.99356,3.79164
425,11.33,3.785,304.383,0.781396,0.780199,-1,3.78353,nan,nan,nan,4.99354,3.78439
426,10.79,3.792,304.392,0.780799,0.779599,-1,3.78554,nan,nan,nan,4.99353,3.78863
427,10.8,3.791,304.4,0.780202,0.778998,-1,3.78611,nan,nan,nan,4.99351,3.78838
428,10.51,3.789,304.409,0.7796,0.778393,-1,3.78857,nan,nan,nan,4.9935,3.79007
429,10.01,3.798,304.415,0.779027,0.777817,-1,3.79206,nan,nan,nan,4.99348,3.79563
430,9.59,3.8,304.416,0.778512,0.777297,-1,3.79815,nan,nan,nan,4.99347,3.79978
431,9.69,3.795,304.42,0.77796,0.776743,-1,3.79744,nan,nan,nan,4.99346,3.79894
432,9.92,3.798,304.42,0.777445,0.776224,-1,3.79513,nan,nan,nan,4.99344,3.79685
433,10.33,3.79,304.426,0.776871,0.775647,-1,3.79065,nan,nan,nan,4.99343,3.79253
434,10.77,3.79,304.431,0.776302,0.775076,-1,3.78591,nan,nan,nan,4.99342,3.78745
435,10.05,3.795,304.438,0.775723,0.774493,-1,3.79099,nan,nan,nan,4.9934,3.79345
436,10.69,3.791,304.442,0.775169,0.773937,-1,3.78481,nan,nan,nan,4.99339,3.78758
437,10.35,3.789,304.449,0.774577,0.773341,-1,3.78651,nan,nan,nan,4.99338,3.78971
438,9.6,3.799,304.453,0.774017,0.772777,-1,3.79433,nan,nan,nan,4.99336,3.7967
439,9.57,3.8,304.455,0.773491,0.772248,-1,3.7954,nan,nan,nan,4.99335,3.79722
440,10.12,3.791,304.457,0.772958,0.771713,-1,3.78998,nan,nan,nan,4.99334,3.79287
441,11.15,3.779,304.464,0.772364,0.771116,-1,3.77746,nan,nan,nan,4.99332,3.78025
442,10.63,3.786,304.474,0.771746,0.770494,-1,3.78055,nan,nan,nan,4.99331,3.78364
443,9.53,3.795,304.48,0.771167,0.769911,-1,3.79225,nan,nan,nan,4.99329,3.79448
444,10.05,3.791,304.481,0.770642,0.769383,-1,3.78728,nan,nan,nan,4.99328,3.7892
445,10.14,3.788,304.484,0.770095,0.768834,-1,3.78678,nan,nan,nan,4.99327,3.78803
446,9.56,3.796,304.485,0.769573,0.768308,-1,3.79285,nan,nan,nan,4.99326,3.79535
447,8.22,3.809,304.483,0.76909,0.767822,-1,3.80682,nan,nan,nan,4.99324,3.80944
448,8.73,3.803,304.478,0.768632,0.767361,-1,3.80193,nan,nan,nan,4.99323,3.80447
449,9.96,3.793,304.479,0.768106,0.766831,-1,3.78891,nan,nan,nan,4.99322,3.79262
450,8.52,3.803,304.48,0.767582,0.766305,-1,3.80378,nan,nan,nan,4.99321,3.80634
451,10.73,3.786,304.48,0.767057,0.765777,-1,3.78131,nan,nan,nan,4.9932,3.78331
452,10.25,3.787,304.486,0.766471,0.765188,-1,3.78415,nan,nan,nan,4.99318,3.78658
453,11.11,3.774,304.49,0.76591,0.764624,-1,3.77462,nan,nan,nan,4.99317,3.7764
454,12.03,3.767,304.499,0.765295,0.764007,-1,3.76222,nan,nan,nan,4.99315,3.76539
455,12.01,3.764,304.511,0.764649,0.763358,-1,3.76134,nan,nan,nan,4.99314,3.76332
456,13.51,3.747,304.528,0.763959,0.762665,-1,3.74314,nan,nan,nan,4.99312,3.74548
457,11.51,3.762,304.546,0.76326,0.761962,-1,3.76082,nan,nan,nan,4.99311,3.7629
458,9.95,3.778,304.555,0.762648,0.761346,-1,3.77651,nan,nan,nan,4.99309,3.77852
459,10.83,3.767,304.563,0.762057,0.760752,-1,3.76682,nan,nan,nan,4.99308,3.76895
460,11.16,3.769,304.57,0.761464,0.760156,-1,3.76345,nan,nan,nan,4.99306,3.76561
461,11.79,3.761,304.58,0.760844,0.759533,-1,3.75737,nan,nan,nan,4.99305,3.75956
462,12.22,3.75,304.596,0.760161,0.758846,-1,3.75012,nan,nan,nan,4.99303,3.75182
463,10.21,3.775,304.607,0.759534,0.758216,-1,3.77027,nan,nan,nan,4.99302,3.77178
464,10.21,3.773,304.61,0.758984,0.757663,-1,3.7708,nan,nan,nan,4.99301,3.7732
465,11.43,3.758,304.619,0.758372,0.757046,-1,3.7575,nan,nan,nan,4.99299,3.7601
466,10.21,3.776,304.627,0.757773,0.756443,-1,3.76993,nan,nan,nan,4.99298,3.77278
467,11.05,3.766,304.631,0.757212,0.755879,-1,3.76197,nan,nan,nan,4.99296,3.76504
468,11.89,3.753,304.641,0.756589,0.755254,-1,3.75164,nan,nan,nan,4.99295,3.75611
469,10.37,3.766,304.654,0.755933,0.754593,-1,3.76579,nan,nan,nan,4.99293,3.76843
470,10.07,3.773,304.66,0.755349,0.754005,-1,3.76931,nan,nan,nan,4.99292,3.77209
471,10.54,3.765,304.667,0.754753,0.753405,-1,3.76418,nan,nan,nan,4.99291,3.76588
472,11.18,3.761,304.672,0.754179,0.752828,-1,3.75677,nan,nan,nan,4.99289,3.76088
473,10.52,3.768,304.677,0.753607,0.752253,-1,3.76384,nan,nan,nan,4.99288,3.76717
474,10.6,3.773,304.682,0.753034,0.751676,-1,3.76338,nan,nan,nan,4.99287,3.76731
475,8.22,3.792,304.682,0.752516,0.751154,-1,3.78879,nan,nan,nan,4.99286,3.79043
476,6.81,3.805,304.673,0.752102,0.750739,-1,3.80567,nan,nan,nan,4.99285,3.80827
477,8.12,3.796,304.664,0.751689,0.750325,-1,3.79538,nan,nan,nan,4.99284,3.79737
478,8.77,3.792,304.661,0.751194,0.749827,-1,3.78894,nan,nan,nan,4.99283,3.78972
479,9.46,3.779,304.661,0.750674,0.749305,-1,3.77993,nan,nan,nan,4.99281,3.78265
480,12.83,3.749,304.662,0.750129,0.748758,-1,3.74679,nan,nan,nan,4.9928,3.74815
481,12.73,3.746,304.681,0.749397,0.748021,-1,3.74112,nan,nan,nan,4.99278,3.74488
482,13.04,3.737,304.699,0.748689,0.74731,-1,3.73384,nan,nan,nan,4.99277,3.73739
483,8.97,3.776,304.714,0.748007,0.746625,-1,3.77412,nan,nan,nan,4.99275,3.77563
484,9.7,3.77,304.714,0.747484,0.7461,-1,3.76786,nan,nan,nan,4.99274,3.77048
485,10.15,3.768,304.719,0.746915,0.745527,-1,3.76334,nan,nan,nan,4.99273,3.76559
486,8.78,3.78,304.72,0.746373,0.744983,-1,3.77763,nan,nan,nan,4.99272,3.77985
487,8.88,3.783,304.718,0.745872,0.744478,-1,3.77771,nan,nan,nan,4.9927,3.77995
488,9.84,3.771,304.718,0.745351,0.743952,-1,3.76725,nan,nan,nan,4.99269,3.77059
489,9,3.777,304.72,0.744801,0.743399,-1,3.77599,nan,nan,nan,4.99268,3.77895
490,9.25,3.774,304.72,0.744269,0.742863,-1,3.77432,nan,nan,nan,4.99267,3.77526
491,9.56,3.774,304.719,0.743757,0.74235,-1,3.77036,nan,nan,nan,4.99266,3.77255
492,9.73,3.771,304.722,0.743196,0.741785,-1,3.76817,nan,nan,nan,4.99264,3.77007
493,10.89,3.757,304.723,0.742652,0.741238,-1,3.75568,nan,nan,nan,4.99263,3.75918
494,9.84,3.771,304.729,0.742062,0.740645,-1,3.76524,nan,nan,nan,4.99262,3.76747
495,10.61,3.758,304.734,0.74148,0.740059,-1,3.7552,nan,nan,nan,4.9926,3.75825
496,9.6,3.768,304.734,0.74095,0.739526,-1,3.76741,nan,nan,nan,4.99259,3.76937
497,10.66,3.76,304.737,0.74039,0.738965,-1,3.75571,nan,nan,nan,4.99258,3.75841
498,10.42,3.761,304.741,0.739816,0.738389,-1,3.75742,nan,nan,nan,4.99257,3.75928
499,9.41,3.773,304.744,0.739248,0.737818,-1,3.76786,nan,nan,nan,4.99255,3.76972
500,10.16,3.762,304.745,0.738717,0.737283,-1,3.75963,nan,nan,nan,4.99254,3.76124
501,10.15,3.762,304.748,0.738149,0.736714,-1,3.75897,nan,nan,nan,4.99253,3.76109
502,9.06,3.775,304.751,0.737585,0.736145,-1,3.769,nan,nan,nan,4.99252,3.77097
503,10.08,3.765,304.754,0.737023,0.735581,-1,3.75873,nan,nan,nan,4.9925,3.7606
504,10.11,3.759,304.758,0.736454,0.735009,-1,3.75758,nan,nan,nan,4.99249,3.75934
505,10.24,3.756,304.763,0.735867,0.73442,-1,3.75514,nan,nan,nan,4.99248,3.75701
506,11.5,3.745,304.77,0.735254,0.733803,-1,3.74054,nan,nan,nan,4.99246,3.74397
507,10.27,3.753,304.777,0.734654,0.733199,-1,3.75207,nan,nan,nan,4.99245,3.75446
508,10.66,3.752,304.781,0.734078,0.732619,-1,3.74774,nan,nan,nan,4.99244,3.75057
509,8.87,3.768,304.784,0.733517,0.732056,-1,3.76626,nan,nan,nan,4.99243,3.76833
510,10.42,3.752,304.784,0.732992,0.731528,-1,3.75091,nan,nan,nan,4.99241,3.75255
511,10.75,3.746,304.788,0.73242,0.730954,-1,3.74683,nan,nan,nan,4.9924,3.74913
512,11.52,3.741,304.794,0.731825,0.730356,-1,3.73835,nan,nan,nan,4.99239,3.74051
513,9.89,3.757,304.799,0.73123,0.729757,-1,3.75394,nan,nan,nan,4.99238,3.75592
514,10.52,3.755,304.803,0.730661,0.729185,-1,3.74794,nan,nan,nan,4.99236,3.7505
515,11.03,3.744,304.81,0.730057,0.728579,-1,3.74233,nan,nan,nan,4.99235,3.74285
516,9.97,3.755,304.813,0.729494,0.728013,-1,3.75136,nan,nan,nan,4.99234,3.75539
517,10.02,3.755,304.812,0.728971,0.727487,-1,3.75007,nan,nan,nan,4.99233,3.75464
518,9.61,3.756,304.815,0.728412,0.726925,-1,3.75502,nan,nan,nan,4.99231,3.75808
519,9.13,3.763,304.813,0.727901,0.726411,-1,3.76055,nan,nan,nan,4.9923,3.76356
520,9.32,3.761,304.811,0.727386,0.725895,-1,3.75871,nan,nan,nan,4.99229,3.76131
521,9.47,3.761,304.813,0.726838,0.725344,-1,3.75653,nan,nan,nan,4.99228,3.75986
522,9.51,3.759,304.811,0.726317,0.724821,-1,3.75691,nan,nan,nan,4.99227,3.75846
523,10.48,3.75,304.815,0.725745,0.724245,-1,3.74474,nan,nan,nan,4.99225,3.7486
524,11.55,3.739,304.822,0.725134,0.723632,-1,3.73296,nan,nan,nan,4.99224,3.73585
525,9.56,3.755,304.828,0.724535,0.72303,-1,3.7518,nan,nan,nan,4.99223,3.75459
526,10.16,3.743,304.828,0.724002,0.722495,-1,3.74621,nan,nan,nan,4.99222,3.74861
527,8.76,3.764,304.826,0.723486,0.721977,-1,3.76103,nan,nan,nan,4.99221,3.76376
528,10.19,3.747,304.825,0.722971,0.721458,-1,3.74671,nan,nan,nan,4.99219,3.74953
529,10.21,3.747,304.828,0.722394,0.720878,-1,3.74675,nan,nan,nan,4.99218,3.74784
530,10.91,3.741,304.832,0.721817,0.720298,-1,3.73774,nan,nan,nan,4.99217,3.74014
531,9.47,3.753,304.837,0.721225,0.719703,-1,3.75097,nan,nan,nan,4.99216,3.7532
532,9.9,3.746,304.836,0.720709,0.719184,-1,3.74778,nan,nan,nan,4.99214,3.74918
533,8.27,3.765,304.832,0.720214,0.718686,-1,3.76458,nan,nan,nan,4.99213,3.76556
534,9.82,3.756,304.831,0.71969,0.71816,-1,3.74844,nan,nan,nan,4.99212,3.75143
535,9.44,3.752,304.834,0.719128,0.717593,-1,3.75161,nan,nan,nan,4.99211,3.75349
536,10.52,3.744,304.833,0.718599,0.717062,-1,3.7401,nan,nan,nan,4.9921,3.74368
537,11.66,3.731,304.839,0.717996,0.716455,-1,3.72713,nan,nan,nan,4.99209,3.7301
538,11.29,3.734,304.849,0.71735,0.715807,-1,3.72782,nan,nan,nan,4.99207,3.73075
539,10.51,3.734,304.857,0.716732,0.715186,-1,3.735,nan,nan,nan,4.99206,3.73722
540,11.74,3.72,304.864,0.71612,0.714572,-1,3.72257,nan,nan,nan,4.99205,3.72274
541,10.93,3.734,304.872,0.715501,0.71395,-1,3.72782,nan,nan,nan,4.99203,3.73053
542,10.64,3.73,304.878,0.714903,0.713349,-1,3.73168,nan,nan,nan,4.99202,3.73248
543,8.94,3.751,304.88,0.714349,0.712793,-1,3.74755,nan,nan,nan,4.99201,3.75044
544,9.25,3.749,304.876,0.713863,0.712305,-1,3.74659,nan,nan,nan,4.992,3.74895
545,10.05,3.741,304.876,0.713331,0.71177,-1,3.73859,nan,nan,nan,4.99199,3.7415
546,10.09,3.741,304.879,0.712758,0.711193,-1,3.73769,nan,nan,nan,4.99197,3.74023
547,8.92,3.756,304.877,0.712242,0.710674,-1,3.74968,nan,nan,nan,4.99196,3.7524
548,8.75,3.752,304.876,0.711716,0.710145,-1,3.7513,nan,nan,nan,4.99195,3.75331
549,9.19,3.749,304.871,0.71124,0.709667,-1,3.74812,nan,nan,nan,4.99194,3.75039
550,11.47,3.724,304.874,0.71067,0.709095,-1,3.72403,nan,nan,nan,4.99193,3.72655
551,10.26,3.738,304.877,0.710096,0.708516,-1,3.73519,nan,nan,nan,4.99192,3.73814
552,10.36,3.737,304.879,0.70954,0.707958,-1,3.73301,nan,nan,nan,4.9919,3.73612
553,8.74,3.751,304.878,0.709006,0.707422,-1,3.74949,nan,nan,nan,4.99189,3.7519
554,9.62,3.742,304.877,0.708488,0.7069,-1,3.74005,nan,nan,nan,4.99188,3.74286
555,9.99,3.738,304.875,0.707967,0.706375,-1,3.73703,nan,nan,nan,4.99187,3.73929
556,10.11,3.737,304.875,0.707424,0.705828,-1,3.73441,nan,nan,nan,4.99186,3.73758
557,9.12,3.745,304.875,0.706883,0.705285,-1,3.74447,nan,nan,nan,4.99185,3.74712
558,9.48,3.742,304.872,0.706389,0.704788,-1,3.74064,nan,nan,nan,4.99184,3.74392
559,9.03,3.748,304.869,0.705878,0.704276,-1,3.74631,nan,nan,nan,4.99183,3.74837
560,11.4,3.724,304.871,0.705314,0.703706,-1,3.72122,nan,nan,nan,4.99182,3.72253
561,10.87,3.726,304.878,0.704697,0.703085,-1,3.72383,nan,nan,nan,4.9918,3.72544
562,10.74,3.725,304.884,0.704089,0.702476,-1,3.72349,nan,nan,nan,4.99179,3.72596
563,9.86,3.735,304.888,0.703511,0.701895,-1,3.7309,nan,nan,nan,4.99178,3.73417
564,9.71,3.736,304.889,0.702964,0.701345,-1,3.73159,nan,nan,nan,4.99177,3.73468
565,9.35,3.738,304.89,0.702417,0.700795,-1,3.73679,nan,nan,nan,4.99175,3.7379
566,10.95,3.724,304.892,0.701854,0.700229,-1,3.71909,nan,nan,nan,4.99174,3.72247
567,9.29,3.74,304.894,0.701292,0.699666,-1,3.73604,nan,nan,nan,4.99173,3.73844
568,8.91,3.745,304.889,0.700818,0.699188,-1,3.74073,nan,nan,nan,4.99172,3.74376
569,9.74,3.732,304.889,0.700283,0.698649,-1,3.73164,nan,nan,nan,4.99171,3.73396
570,10.64,3.727,304.888,0.699747,0.698114,-1,3.72258,nan,nan,nan,4.9917,3.72496
571,10.3,3.728,304.892,0.69916,0.697523,-1,3.72385,nan,nan,nan,4.99169,3.72643
572,9.84,3.729,304.894,0.698604,0.696964,-1,3.72863,nan,nan,nan,4.99167,3.73039
573,8.75,3.74,304.892,0.698085,0.696441,-1,3.73889,nan,nan,nan,4.99166,3.74241
574,7.53,3.758,304.883,0.697661,0.696015,-1,3.75404,nan,nan,nan,4.99165,3.75643
575,7.62,3.758,304.872,0.69726,0.69561,-1,3.75453,nan,nan,nan,4.99165,3.75762
576,8.16,3.755,304.863,0.696823,0.695172,-1,3.74973,nan,nan,nan,4.99164,3.75255
577,9.28,3.739,304.858,0.696342,0.694688,-1,3.73847,nan,nan,nan,4.99163,3.74039
578,9.97,3.731,304.855,0.695826,0.694171,-1,3.73092,nan,nan,nan,4.99162,3.73135
579,9.6,3.734,304.855,0.695286,0.693629,-1,3.73231,nan,nan,nan,4.99161,3.73549
580,9.63,3.735,304.853,0.694758,0.693099,-1,3.73103,nan,nan,nan,4.99159,3.73353
581,11.4,3.718,304.857,0.694179,0.692517,-1,3.71113,nan,nan,nan,4.99158,3.71465
582,9.75,3.731,304.86,0.693599,0.691934,-1,3.72573,nan,nan,nan,4.99157,3.72919
583,10.12,3.724,304.861,0.693047,0.691381,-1,3.72124,nan,nan,nan,4.99156,3.72388
584,10.81,3.717,304.863,0.692488,0.69082,-1,3.71347,nan,nan,nan,4.99155,3.71636
585,9.94,3.727,304.865,0.691928,0.690257,-1,3.72069,nan,nan,nan,4.99154,3.72446
586,10.5,3.72,304.867,0.691362,0.689686,-1,3.71473,nan,nan,nan,4.99152,3.71749
587,10.78,3.716,304.873,0.690758,0.68908,-1,3.71013,nan,nan,nan,4.99151,3.71265
588,11.16,3.709,304.88,0.690142,0.68846,-1,3.70513,nan,nan,nan,4.9915,3.70793
589,10.86,3.708,304.888,0.689511,0.687825,-1,3.70627,nan,nan,nan,4.99149,3.70943
590,11.07,3.705,304.896,0.688891,0.687203,-1,3.70276,nan,nan,nan,4.99147,3.70621
591,10.54,3.711,304.903,0.688277,0.686587,-1,3.70789,nan,nan,nan,4.99146,3.70977
592,11.92,3.696,304.911,0.687657,0.685965,-1,3.69314,nan,nan,nan,4.99145,3.69504
593,11.53,3.697,304.919,0.687035,0.68534,-1,3.69442,nan,nan,nan,4.99144,3.69772
594,11.53,3.697,304.925,0.686437,0.68474,-1,3.69473,nan,nan,nan,4.99142,3.69698
595,12.48,3.687,304.938,0.685765,0.684065,-1,3.68212,nan,nan,nan,4.99141,3.68529
596,12.11,3.685,304.952,0.685082,0.683379,-1,3.6846,nan,nan,nan,4.9914,3.68725
597,10.72,3.698,304.96,0.68446,0.682754,-1,3.69743,nan,nan,nan,4.99138,3.70001
598,10.25,3.706,304.964,0.683884,0.682177,-1,3.70263,nan,nan,nan,4.99137,3.70633
599,11.11,3.701,304.966,0.683328,0.681618,-1,3.69468,nan,nan,nan,4.99136,3.69792
600,13.34,3.676,304.972,0.682722,0.681009,-1,3.67335,nan,nan,nan,4.99135,3.67558
601,12.72,3.677,304.993,0.681975,0.680259,-1,3.67432,nan,nan,nan,4.99133,3.6782
602,10.97,3.694,305.006,0.681303,0.679584,-1,3.69028,nan,nan,nan,4.99132,3.69319
603,9.19,3.714,305.018,0.680642,0.67892,-1,3.70741,nan,nan,nan,4.99131,3.71026
604,8.52,3.719,305.014,0.68015,0.678425,-1,3.71555,nan,nan,nan,4.9913,3.71973
605,9.88,3.712,305.011,0.679648,0.67792,-1,3.7056,nan,nan,nan,4.99129,3.70844
606,10.16,3.706,305.012,0.6791,0.67737,-1,3.70214,nan,nan,nan,4.99127,3.70445
607,10.94,3.696,305.013,0.678545,0.676813,-1,3.69413,nan,nan,nan,4.99126,3.69695
608,10.35,3.703,305.017,0.677962,0.676225,-1,3.69836,nan,nan,nan,4.99125,3.70116
609,9.71,3.707,305.021,0.677374,0.675633,-1,3.70369,nan,nan,nan,4.99124,3.70711
610,11.22,3.689,305.026,0.676778,0.675035,-1,3.68817,nan,nan,nan,4.99123,3.69181
611,10.56,3.695,305.032,0.676165,0.674418,-1,3.69347,nan,nan,nan,4.99121,3.69669
612,10.25,3.703,305.036,0.675576,0.673826,-1,3.69705,nan,nan,nan,4.9912,3.69913
613,10,3.696,305.038,0.675019,0.673267,-1,3.69792,nan,nan,nan,4.99119,3.70164
614,10.4,3.696,305.04,0.674451,0.672698,-1,3.69412,nan,nan,nan,4.99118,3.69699
615,10.86,3.693,305.044,0.673861,0.672106,-1,3.68744,nan,nan,nan,4.99117,3.69177
616,10.15,3.699,305.048,0.673274,0.671516,-1,3.69527,nan,nan,nan,4.99116,3.69764
617,10.73,3.693,305.049,0.672723,0.670962,-1,3.68846,nan,nan,nan,4.99115,3.69317
618,10.12,3.699,305.051,0.672151,0.670386,-1,3.69366,nan,nan,nan,4.99113,3.69705
619,10.1,3.697,305.052,0.671601,0.669834,-1,3.69443,nan,nan,nan,4.99112,3.69764
620,10.02,3.697,305.053,0.671039,0.669269,-1,3.69545,nan,nan,nan,4.99111,3.69824
621,9.97,3.697,305.055,0.670478,0.668707,-1,3.69504,nan,nan,nan,4.9911,3.69793
622,8.81,3.71,305.054,0.669946,0.668171,-1,3.70611,nan,nan,nan,4.99109,3.70969
623,8.45,3.713,305.05,0.669443,0.667665,-1,3.71078,nan,nan,nan,4.99108,3.71411
624,9.74,3.703,305.046,0.668943,0.667162,-1,3.69859,nan,nan,nan,4.99107,3.70126
625,10.03,3.698,305.046,0.668391,0.666607,-1,3.69465,nan,nan,nan,4.99106,3.69729
626,8.31,3.714,305.045,0.667861,0.666076,-1,3.71121,nan,nan,nan,4.99105,3.71403
627,9.05,3.707,305.039,0.667381,0.665592,-1,3.70337,nan,nan,nan,4.99104,3.70651
628,8.33,3.719,305.033,0.666905,0.665114,-1,3.71214,nan,nan,nan,4.99103,3.71459
629,7.13,3.727,305.023,0.666475,0.664681,-1,3.72506,nan,nan,nan,4.99102,3.72768
630,8.5,3.715,305.014,0.666039,0.664241,-1,3.71242,nan,nan,nan,4.99101,3.71497
631,8.75,3.711,305.007,0.66557,0.66377,-1,3.70991,nan,nan,nan,4.991,3.71296
632,7.5,3.726,304.999,0.665112,0.663309,-1,3.72192,nan,nan,nan,4.99099,3.72567
633,7.85,3.721,304.988,0.664694,0.662889,-1,3.71854,nan,nan,nan,4.99099,3.72207
634,7.82,3.725,304.977,0.664277,0.662469,-1,3.7197,nan,nan,nan,4.99098,3.72238
635,8.79,3.708,304.972,0.663787,0.661978,-1,3.70877,nan,nan,nan,4.99097,3.71142
636,10.3,3.698,304.968,0.663278,0.661466,-1,3.69281,nan,nan,nan,4.99096,3.69521
637,9.07,3.707,304.967,0.662739,0.660926,-1,3.70291,nan,nan,nan,4.99095,3.70548
638,10.37,3.693,304.966,0.662196,0.660379,-1,3.68832,nan,nan,nan,4.99094,3.69112
639,10.65,3.688,304.967,0.661638,0.659815,-1,3.68238,nan,nan,nan,4.99093,3.68634
640,10.33,3.692,304.969,0.661068,0.659244,-1,3.68387,nan,nan,nan,4.99091,3.68806
641,10.28,3.688,304.968,0.660522,0.658693,-1,3.68448,nan,nan,nan,4.9909,3.6871
642,10.21,3.687,304.972,0.659936,0.658104,-1,3.68341,nan,nan,nan,4.99089,3.68649
643,11.3,3.674,304.976,0.659342,0.657507,-1,3.66893,nan,nan,nan,4.99088,3.6729
644,11.69,3.663,304.983,0.658725,0.656887,-1,3.66489,nan,nan,nan,4.99087,3.66708
645,11.63,3.665,304.993,0.658067,0.656227,-1,3.66244,nan,nan,nan,4.99086,3.66469
646,11.28,3.667,305,0.657453,0.655611,-1,3.66402,nan,nan,nan,4.99084,3.66819
647,11.72,3.665,305.009,0.656813,0.654968,-1,3.65823,nan,nan,nan,4.99083,3.66174
648,10.92,3.666,305.019,0.656167,0.654318,-1,3.66401,nan,nan,nan,4.99082,3.66739
649,11.1,3.666,305.026,0.655557,0.653705,-1,3.66155,nan,nan,nan,4.99081,3.66572
650,9.14,3.682,305.028,0.654988,0.653132,-1,3.68231,nan,nan,nan,4.99079,3.68519
651,11.36,3.664,305.03,0.654428,0.65257,-1,3.65912,nan,nan,nan,4.99078,3.66274
652,9.46,3.685,305.034,0.653844,0.651983,-1,3.67766,nan,nan,nan,4.99077,3.68161
653,8.57,3.693,305.031,0.65334,0.651477,-1,3.68786,nan,nan,nan,4.99076,3.69267
654,9.93,3.677,305.028,0.652835,0.65097,-1,3.67639,nan,nan,nan,4.99075,3.67824
655,10.85,3.665,305.03,0.652258,0.650389,-1,3.66568,nan,nan,nan,4.99074,3.66819
656,11.84,3.658,305.037,0.651636,0.649764,-1,3.65215,nan,nan,nan,4.99073,3.65724
657,10.35,3.673,305.045,0.651012,0.649136,-1,3.66681,nan,nan,nan,4.99072,3.67017
658,10.2,3.672,305.046,0.650447,0.648569,-1,3.66874,nan,nan,nan,4.99071,3.67098
659,10.11,3.669,305.05,0.649863,0.647981,-1,3.66689,nan,nan,nan,4.9907,3.67026
660,10.03,3.672,305.052,0.649298,0.647414,-1,3.66774,nan,nan,nan,4.99068,3.6713
661,10.46,3.663,305.055,0.648715,0.646829,-1,3.66401,nan,nan,nan,4.99067,3.66662
662,9.05,3.679,305.055,0.648177,0.646289,-1,3.67735,nan,nan,nan,4.99066,3.68069
663,8.33,3.692,305.048,0.647715,0.645825,-1,3.68734,nan,nan,nan,4.99065,3.69018
664,10.01,3.676,305.043,0.647223,0.645332,-1,3.67026,nan,nan,nan,4.99064,3.67316
665,10.12,3.67,305.043,0.646678,0.644785,-1,3.66876,nan,nan,nan,4.99063,3.67257
666,9.78,3.673,305.043,0.646127,0.644231,-1,3.67039,nan,nan,nan,4.99062,3.67425
667,11.48,3.658,305.046,0.645543,0.643643,-1,3.65174,nan,nan,nan,4.99061,3.65528
668,10.16,3.666,305.049,0.64497,0.643068,-1,3.66432,nan,nan,nan,4.9906,3.66871
669,8.58,3.685,305.046,0.644458,0.642552,-1,3.68069,nan,nan,nan,4.99059,3.6839
670,10.01,3.673,305.04,0.643972,0.642062,-1,3.66614,nan,nan,nan,4.99058,3.67044
671,9.94,3.668,305.04,0.64343,0.641517,-1,3.66741,nan,nan,nan,4.99057,3.67044
672,9.72,3.67,305.041,0.642869,0.640953,-1,3.66842,nan,nan,nan,4.99056,3.67192
673,11.75,3.649,305.042,0.642305,0.640386,-1,3.64685,nan,nan,nan,4.99055,3.65056
674,10.92,3.661,305.05,0.641668,0.639746,-1,3.65197,nan,nan,nan,4.99054,3.65524
675,11.53,3.651,305.055,0.641073,0.639147,-1,3.64551,nan,nan,nan,4.99053,3.64841
676,12.05,3.64,305.063,0.640436,0.638505,-1,3.63777,nan,nan,nan,4.99051,3.64151
677,12.48,3.634,305.075,0.639765,0.637831,-1,3.63145,nan,nan,nan,4.9905,3.63551
678,10.32,3.655,305.081,0.639154,0.637217,-1,3.65324,nan,nan,nan,4.99049,3.65484
679,9.84,3.661,305.086,0.638566,0.636625,-1,3.65564,nan,nan,nan,4.99048,3.6593
680,10.05,3.66,305.089,0.637987,0.636044,-1,3.65452,nan,nan,nan,4.99047,3.65724
681,9,3.667,305.09,0.637428,0.635482,-1,3.6646,nan,nan,nan,4.99046,3.6673
682,8.52,3.672,305.086,0.63693,0.634981,-1,3.67077,nan,nan,nan,4.99045,3.6733
683,8.66,3.679,305.081,0.636447,0.634494,-1,3.67181,nan,nan,nan,4.99044,3.67372
684,9.55,3.666,305.075,0.635965,0.634011,-1,3.66289,nan,nan,nan,4.99043,3.66678
685,9.22,3.671,305.073,0.635441,0.633482,-1,3.6663,nan,nan,nan,4.99042,3.66853
686,8.66,3.674,305.068,0.634949,0.632987,-1,3.67224,nan,nan,nan,4.99041,3.67427
687,8.49,3.676,305.061,0.634484,0.63252,-1,3.67442,nan,nan,nan,4.9904,3.67719
688,8.85,3.671,305.054,0.634012,0.632047,-1,3.67138,nan,nan,nan,4.99039,3.67403
689,7.9,3.682,305.049,0.633516,0.631546,-1,3.67988,nan,nan,nan,4.99038,3.68362
690,8.39,3.677,305.04,0.633076,0.631104,-1,3.67585,nan,nan,nan,4.99037,3.67869
691,8.87,3.677,305.033,0.632608,0.630632,-1,3.67123,nan,nan,nan,4.99036,3.67532
692,11.32,3.647,305.032,0.63207,0.630089,-1,3.64505,nan,nan,nan,4.99035,3.6484
693,11.32,3.644,305.034,0.63149,0.629504,-1,3.64205,nan,nan,nan,4.99034,3.64604
694,11.05,3.646,305.039,0.630881,0.628892,-1,3.64309,nan,nan,nan,4.99033,3.64578
695,10.67,3.648,305.045,0.63027,0.628278,-1,3.64433,nan,nan,nan,4.99032,3.64794
696,9.55,3.655,305.047,0.6297,0.627704,-1,3.65478,nan,nan,nan,4.99031,3.65778
697,8.73,3.671,305.046,0.629166,0.627168,-1,3.66383,nan,nan,nan,4.9903,3.66579
698,7.87,3.675,305.039,0.628699,0.626699,-1,3.67345,nan,nan,nan,4.99029,3.67718
699,8.62,3.669,305.033,0.62822,0.626218,-1,3.66599,nan,nan,nan,4.99028,3.66963
700,9.35,3.661,305.027,0.627743,0.625737,-1,3.6594,nan,nan,nan,4.99027,3.66149
701,8.56,3.67,305.021,0.627268,0.625259,-1,3.66759,nan,nan,nan,4.99026,3.67062
702,10.16,3.656,305.016,0.626768,0.624756,-1,3.65119,nan,nan,nan,4.99025,3.65407
703,11.29,3.642,305.021,0.62616,0.624146,-1,3.63745,nan,nan,nan,4.99024,3.6396
704,11.44,3.633,305.032,0.625493,0.623476,-1,3.6328,nan,nan,nan,4.99023,3.6354
705,11.46,3.634,305.036,0.6249,0.62288,-1,3.63081,nan,nan,nan,4.99022,3.63324
706,10.24,3.645,305.043,0.624281,0.622259,-1,3.64205,nan,nan,nan,4.99021,3.64495
707,9.59,3.65,305.045,0.623713,0.621688,-1,3.64755,nan,nan,nan,4.9902,3.65025
708,9.56,3.649,305.044,0.623186,0.621158,-1,3.64882,nan,nan,nan,4.99019,3.65108
709,9.5,3.651,305.041,0.622669,0.620637,-1,3.64923,nan,nan,nan,4.99018,3.65201
710,10.02,3.645,305.041,0.622129,0.620095,-1,3.64391,nan,nan,nan,4.99017,3.64735
711,10.53,3.641,305.043,0.621552,0.619514,-1,3.63838,nan,nan,nan,4.99016,3.64093
712,10.61,3.642,305.049,0.62094,0.618898,-1,3.63592,nan,nan,nan,4.99015,3.63883
713,10.09,3.644,305.053,0.620349,0.618304,-1,3.63982,nan,nan,nan,4.99014,3.64244
714,10.23,3.64,305.056,0.619777,0.617731,-1,3.63819,nan,nan,nan,4.99012,3.64023
715,8.51,3.658,305.052,0.619275,0.617226,-1,3.65558,nan,nan,nan,4.99012,3.65895
716,8.25,3.662,305.046,0.618805,0.616754,-1,3.66056,nan,nan,nan,4.99011,3.66313
717,9.65,3.65,305.04,0.618324,0.616268,-1,3.64668,nan,nan,nan,4.9901,3.64999
718,10.96,3.636,305.041,0.617758,0.615699,-1,3.63236,nan,nan,nan,4.99009,3.63369
719,11.14,3.63,305.047,0.617143,0.615082,-1,3.62989,nan,nan,nan,4.99008,3.63194
720,4.88,3.691,305.054,0.616525,0.614461,-1,3.689,nan,nan,nan,4.99006,3.69247
721,5.14,3.696,305.034,0.616252,0.614185,-1,3.69252,nan,nan,nan,4.99006,3.69438
722,4.61,3.705,305.013,0.61598,0.613912,-1,3.70164,nan,nan,nan,4.99005,3.70465
723,4.59,3.71,304.992,0.615728,0.613656,-1,3.70592,nan,nan,nan,4.99005,3.70941
724,3.75,3.724,304.969,0.615495,0.613421,-1,3.71783,nan,nan,nan,4.99005,3.72001
725,4.27,3.72,304.945,0.615274,0.613199,-1,3.71536,nan,nan,nan,4.99004,3.71884
726,4.8,3.713,304.924,0.615022,0.612944,-1,3.7118,nan,nan,nan,4.99004,3.7147
727,4.09,3.719,304.901,0.614787,0.612708,-1,3.72059,nan,nan,nan,4.99003,3.72288
728,4.39,3.724,304.878,0.614552,0.612473,-1,3.71914,nan,nan,nan,4.99003,3.72197
729,3.73,3.728,304.854,0.614334,0.612252,-1,3.72702,nan,nan,nan,4.99002,3.72999
730,4.12,3.728,304.83,0.614129,0.612044,-1,3.72455,nan,nan,nan,4.99002,3.72684
731,3.02,3.738,304.806,0.613925,0.611838,-1,3.73695,nan,nan,nan,4.99002,3.73911
732,3.63,3.735,304.78,0.613759,0.611671,-1,3.73223,nan,nan,nan,4.99001,3.73483
733,3.12,3.741,304.754,0.613578,0.611488,-1,3.7387,nan,nan,nan,4.99001,3.74157
734,3.95,3.734,304.73,0.61339,0.6113,-1,3.73098,nan,nan,nan,4.99001,3.73319
735,3.86,3.734,304.707,0.613157,0.611065,-1,3.73193,nan,nan,nan,4.99,3.73394
736,2.99,3.744,304.683,0.612962,0.610868,-1,3.74099,nan,nan,nan,4.99,3.74248
737,3.1,3.742,304.657,0.612799,0.610704,-1,3.74098,nan,nan,nan,4.99,3.74392
738,4.09,3.734,304.633,0.612596,0.610499,-1,3.73105,nan,nan,nan,4.98999,3.73363
739,4.6,3.727,304.611,0.612368,0.610269,-1,3.72539,nan,nan,nan,4.98999,3.72767
740,4.35,3.73,304.589,0.612119,0.610017,-1,3.72746,nan,nan,nan,4.98998,3.72862
741,4.54,3.726,304.568,0.611872,0.609769,-1,3.72466,nan,nan,nan,4.98998,3.72806
742,4.33,3.728,304.547,0.611622,0.609518,-1,3.72601,nan,nan,nan,4.98997,3.72808
743,3.93,3.729,304.525,0.611388,0.609283,-1,3.72979,nan,nan,nan,4.98997,3.73239
744,4.35,3.726,304.503,0.611164,0.609055,-1,3.72642,nan,nan,nan,4.98997,3.72711
745,3.98,3.733,304.481,0.61093,0.608819,-1,3.7299,nan,nan,nan,4.98996,3.732
746,4.55,3.728,304.459,0.610708,0.608597,-1,3.72399,nan,nan,nan,4.98996,3.72681
747,3.95,3.735,304.437,0.610473,0.608359,-1,3.73037,nan,nan,nan,4.98995,3.7325
748,3.34,3.737,304.415,0.610272,0.608155,-1,3.73739,nan,nan,nan,4.98995,3.73988
749,3.51,3.74,304.391,0.61008,0.607963,-1,3.73608,nan,nan,nan,4.98995,3.73817
750,4.06,3.732,304.369,0.60987,0.607751,-1,3.73062,nan,nan,nan,4.98994,3.73253
751,4.71,3.725,304.348,0.609635,0.607516,-1,3.72384,nan,nan,nan,4.98994,3.72674
752,4.31,3.732,304.328,0.609389,0.607266,-1,3.72723,nan,nan,nan,4.98993,3.73019
753,4.35,3.729,304.307,0.609147,0.607023,-1,3.72689,nan,nan,nan,4.98993,3.72809
754,4.23,3.731,304.286,0.608908,0.606782,-1,3.72772,nan,nan,nan,4.98993,3.7295
755,4.89,3.725,304.266,0.608659,0.606533,-1,3.72054,nan,nan,nan,4.98992,3.72303
756,5.34,3.717,304.248,0.608371,0.606243,-1,3.7148,nan,nan,nan,4.98992,3.71703
757,4.89,3.723,304.23,0.60809,0.60596,-1,3.71889,nan,nan,nan,4.98991,3.72108
758,4.79,3.722,304.212,0.607819,0.605686,-1,3.71929,nan,nan,nan,4.98991,3.72141
759,4.16,3.733,304.192,0.607568,0.605433,-1,3.72607,nan,nan,nan,4.9899,3.72865
760,4.4,3.726,304.172,0.607336,0.605201,-1,3.72396,nan,nan,nan,4.9899,3.72676
761,4.32,3.726,304.152,0.607098,0.604962,-1,3.72517,nan,nan,nan,4.98989,3.727
762,4.46,3.728,304.132,0.606856,0.604717,-1,3.7236,nan,nan,nan,4.98989,3.72592
763,4.46,3.726,304.113,0.606618,0.604477,-1,3.72378,nan,nan,nan,4.98989,3.72652
764,4.95,3.72,304.093,0.606373,0.604229,-1,3.71853,nan,nan,nan,4.98988,3.72063
765,4.6,3.724,304.074,0.606119,0.603974,-1,3.72211,nan,nan,nan,4.98988,3.72481
766,4.56,3.727,304.057,0.605841,0.603693,-1,3.72179,nan,nan,nan,4.98987,3.72433
767,3.98,3.732,304.037,0.605607,0.603456,-1,3.72793,nan,nan,nan,4.98987,3.73117
768,3.37,3.737,304.016,0.605404,0.60325,-1,3.73545,nan,nan,nan,4.98986,3.73726
769,2.8,3.744,303.994,0.605228,0.603075,-1,3.74281,nan,nan,nan,4.98986,3.74405
770,3.38,3.74,303.972,0.605061,0.602906,-1,3.73769,nan,nan,nan,4.98986,3.73987
771,3.72,3.741,303.95,0.60488,0.602724,-1,3.73528,nan,nan,nan,4.98986,3.73784
772,3.63,3.735,303.929,0.604679,0.602519,-1,3.73595,nan,nan,nan,4.98985,3.73856
773,4.36,3.733,303.909,0.604461,0.602302,-1,3.72848,nan,nan,nan,4.98985,3.73099
774,3.87,3.739,303.889,0.604232,0.60207,-1,3.73297,nan,nan,nan,4.98984,3.73554
775,4.28,3.726,303.87,0.604004,0.60184,-1,3.72852,nan,nan,nan,4.98984,3.73074
776,4.76,3.727,303.852,0.60375,0.601583,-1,3.72275,nan,nan,nan,4.98984,3.72508
777,4.3,3.732,303.834,0.603504,0.601335,-1,3.72644,nan,nan,nan,4.98983,3.72932
778,4.24,3.73,303.816,0.603249,0.601078,-1,3.7265,nan,nan,nan,4.98983,3.72934
779,3.72,3.735,303.796,0.603028,0.600855,-1,3.7326,nan,nan,nan,4.98982,3.73526
780,5.03,3.727,303.777,0.602815,0.60064,-1,3.71941,nan,nan,nan,4.98982,3.72195
781,5.08,3.726,303.76,0.602538,0.600359,-1,3.71759,nan,nan,nan,4.98982,3.72147
782,4.68,3.725,303.743,0.602277,0.600097,-1,3.7213,nan,nan,nan,4.98981,3.72435
783,4.28,3.729,303.726,0.602017,0.599834,-1,3.72499,nan,nan,nan,4.98981,3.72806
784,4.02,3.733,303.707,0.601803,0.599618,-1,3.72832,nan,nan,nan,4.9898,3.73107
785,4.15,3.732,303.689,0.601572,0.599384,-1,3.72693,nan,nan,nan,4.9898,3.73004
786,3.87,3.733,303.67,0.601351,0.59916,-1,3.73022,nan,nan,nan,4.98979,3.73255
787,4.34,3.727,303.651,0.601131,0.598937,-1,3.72534,nan,nan,nan,4.98979,3.72808
788,3.93,3.732,303.633,0.600908,0.598714,-1,3.72966,nan,nan,nan,4.98979,3.73324
789,4.1,3.734,303.614,0.600691,0.598494,-1,3.7284,nan,nan,nan,4.98978,3.73162
790,4.14,3.73,303.595,0.600466,0.598267,-1,3.72764,nan,nan,nan,4.98978,3.73073
791,4.6,3.727,303.578,0.600228,0.598029,-1,3.72303,nan,nan,nan,4.98978,3.72617
792,4.76,3.723,303.561,0.599972,0.59777,-1,3.72088,nan,nan,nan,4.98977,3.72337
793,5.12,3.722,303.545,0.599706,0.597501,-1,3.71607,nan,nan,nan,4.98977,3.71971
794,4.36,3.728,303.529,0.599446,0.597241,-1,3.7237,nan,nan,nan,4.98976,3.72538
795,4.36,3.725,303.512,0.599204,0.596998,-1,3.72389,nan,nan,nan,4.98976,3.72593
796,4.2,3.728,303.495,0.59897,0.59676,-1,3.7254,nan,nan,nan,4.98975,3.72782
797,3.8,3.735,303.477,0.598746,0.596534,-1,3.72976,nan,nan,nan,4.98975,3.73286
798,3.68,3.735,303.458,0.598537,0.596322,-1,3.7318,nan,nan,nan,4.98975,3.73452
799,3,3.744,303.439,0.598352,0.596135,-1,3.73947,nan,nan,nan,4.98974,3.74181
800,3.83,3.735,303.42,0.598168,0.59595,-1,3.73163,nan,nan,nan,4.98974,3.73411
801,4.48,3.726,303.402,0.597947,0.595727,-1,3.725,nan,nan,nan,4.98974,3.72828
802,3.92,3.732,303.384,0.597727,0.595504,-1,3.73047,nan,nan,nan,4.98973,3.73322
803,3.66,3.739,303.366,0.597527,0.595302,-1,3.73361,nan,nan,nan,4.98973,3.73639
804,3.53,3.738,303.347,0.597332,0.595105,-1,3.73536,nan,nan,nan,4.98973,3.73776
805,3.51,3.735,303.329,0.597136,0.594907,-1,3.73606,nan,nan,nan,4.98972,3.73771
806,3.96,3.731,303.311,0.596934,0.594704,-1,3.73093,nan,nan,nan,4.98972,3.73252
807,4.21,3.728,303.294,0.596704,0.594474,-1,3.72807,nan,nan,nan,4.98972,3.72972
808,4.06,3.733,303.277,0.596477,0.594246,-1,3.72894,nan,nan,nan,4.98971,3.73103
809,3.91,3.731,303.26,0.596251,0.594019,-1,3.73041,nan,nan,nan,4.98971,3.73295
810,4.18,3.732,303.244,0.596024,0.593789,-1,3.72738,nan,nan,nan,4.9897,3.72945
811,3.88,3.734,303.226,0.595808,0.593572,-1,3.73041,nan,nan,nan,4.9897,3.73313
812,3.66,3.737,303.209,0.595594,0.593355,-1,3.73262,nan,nan,nan,4.9897,3.73488
813,4.07,3.73,303.192,0.595382,0.593142,-1,3.72818,nan,nan,nan,4.98969,3.73161
814,4.28,3.73,303.176,0.595153,0.59291,-1,3.72569,nan,nan,nan,4.98969,3.72848
815,3.69,3.734,303.159,0.594936,0.592692,-1,3.73188,nan,nan,nan,4.98969,3.73372
816,3.87,3.73,303.142,0.59472,0.592475,-1,3.73028,nan,nan,nan,4.98968,3.73151
817,3.09,3.74,303.125,0.594526,0.592281,-1,3.73871,nan,nan,nan,4.98968,3.74124
818,2.85,3.745,303.106,0.594369,0.59212,-1,3.74266,nan,nan,nan,4.98968,3.74527
819,3.29,3.745,303.087,0.594204,0.591955,-1,3.73894,nan,nan,nan,4.98967,3.74125
820,3.19,3.741,303.069,0.594021,0.591769,-1,3.73978,nan,nan,nan,4.98967,3.74291
821,3.45,3.739,303.052,0.593827,0.591573,-1,3.7368,nan,nan,nan,4.98967,3.7386
822,3.56,3.737,303.034,0.593634,0.591382,-1,3.73589,nan,nan,nan,4.98966,3.73865
823,3.34,3.739,303.017,0.593446,0.591191,-1,3.73803,nan,nan,nan,4.98966,3.74109
824,3.01,3.741,302.999,0.593281,0.591023,-1,3.74218,nan,nan,nan,4.98966,3.74412
825,3.05,3.746,302.981,0.593109,0.59085,-1,3.74212,nan,nan,nan,4.98966,3.74425
826,3.9,3.735,302.963,0.592924,0.590663,-1,3.73318,nan,nan,nan,4.98965,3.73622
827,4.26,3.731,302.948,0.592699,0.590436,-1,3.72848,nan,nan,nan,4.98965,3.73018
828,4.23,3.734,302.932,0.592469,0.590206,-1,3.72822,nan,nan,nan,4.98965,3.73051
829,4.87,3.722,302.918,0.592215,0.589948,-1,3.72008,nan,nan,nan,4.98964,3.72327
830,4.86,3.722,302.905,0.591943,0.589675,-1,3.71906,nan,nan,nan,4.98964,3.72157
831,4.52,3.722,302.892,0.591678,0.589407,-1,3.72094,nan,nan,nan,4.98963,3.72412
832,4.74,3.718,302.878,0.591419,0.589146,-1,3.71801,nan,nan,nan,4.98963,3.72095
833,4.79,3.723,302.865,0.591161,0.588888,-1,3.71738,nan,nan,nan,4.98962,3.71883
834,4.32,3.727,302.851,0.590901,0.588627,-1,3.72149,nan,nan,nan,4.98962,3.72471
835,4.71,3.722,302.838,0.590649,0.588371,-1,3.717,nan,nan,nan,4.98962,3.71985
836,5.05,3.718,302.825,0.590384,0.588104,-1,3.71304,nan,nan,nan,4.98961,3.71589
837,4.62,3.721,302.812,0.590126,0.587844,-1,3.71722,nan,nan,nan,4.98961,3.72046
838,4.69,3.722,302.798,0.589875,0.587591,-1,3.71658,nan,nan,nan,4.9896,3.71865
839,4.59,3.72,302.785,0.589618,0.587333,-1,3.71724,nan,nan,nan,4.9896,3.71899
840,4.28,3.724,302.772,0.589374,0.587086,-1,3.72058,nan,nan,nan,4.9896,3.72263
841,4.17,3.726,302.758,0.589138,0.58685,-1,3.7219,nan,nan,nan,4.98959,3.72359
842,4.24,3.725,302.743,0.588913,0.586624,-1,3.72159,nan,nan,nan,4.98959,3.72357
843,4.31,3.725,302.73,0.588674,0.586381,-1,3.72088,nan,nan,nan,4.98958,3.72349
844,4.1,3.726,302.715,0.588447,0.586153,-1,3.72343,nan,nan,nan,4.98958,3.72496
845,4.76,3.715,302.702,0.588201,0.585906,-1,3.71566,nan,nan,nan,4.98958,3.71772
846,4.84,3.714,302.69,0.587931,0.585634,-1,3.71406,nan,nan,nan,4.98957,3.71654
847,4.13,3.725,302.677,0.58769,0.585391,-1,3.72139,nan,nan,nan,4.98957,3.72404
848,4.41,3.721,302.663,0.587465,0.585163,-1,3.71919,nan,nan,nan,4.98956,3.72181
849,3.98,3.726,302.649,0.587233,0.584929,-1,3.7231,nan,nan,nan,4.98956,3.72677
850,3.95,3.727,302.635,0.58701,0.584704,-1,3.72424,nan,nan,nan,4.98956,3.72557
851,4.06,3.727,302.621,0.586777,0.584469,-1,3.72278,nan,nan,nan,4.98955,3.72532
852,4.08,3.724,302.607,0.58656,0.584251,-1,3.72308,nan,nan,nan,4.98955,3.72515
853,4.25,3.726,302.593,0.586341,0.58403,-1,3.72103,nan,nan,nan,4.98955,3.72363
854,4.23,3.725,302.58,0.586105,0.583791,-1,3.72117,nan,nan,nan,4.98954,3.72546
855,4.09,3.727,302.566,0.585879,0.583565,-1,3.72269,nan,nan,nan,4.98954,3.72556
856,4.09,3.725,302.553,0.585653,0.583337,-1,3.72264,nan,nan,nan,4.98954,3.72496
857,4.02,3.727,302.539,0.585433,0.583114,-1,3.7237,nan,nan,nan,4.98953,3.72645
858,4.23,3.728,302.526,0.585205,0.582883,-1,3.7207,nan,nan,nan,4.98953,3.72325
859,4.23,3.722,302.512,0.584993,0.582669,-1,3.72094,nan,nan,nan,4.98952,3.72388
860,4.77,3.715,302.499,0.584747,0.582421,-1,3.71473,nan,nan,nan,4.98952,3.71638
861,4,3.729,302.486,0.584514,0.582188,-1,3.72289,nan,nan,nan,4.98952,3.72692
862,4.4,3.721,302.473,0.584284,0.581956,-1,3.71845,nan,nan,nan,4.98951,3.72089
863,4.69,3.717,302.461,0.584036,0.581705,-1,3.71484,nan,nan,nan,4.98951,3.71693
864,4.83,3.714,302.45,0.583767,0.581434,-1,3.71204,nan,nan,nan,4.98951,3.7139
865,3.78,3.724,302.438,0.583511,0.581176,-1,3.72306,nan,nan,nan,4.9895,3.72536
866,4.69,3.717,302.426,0.583279,0.580943,-1,3.71331,nan,nan,nan,4.9895,3.71567
867,4.26,3.722,302.414,0.583034,0.580697,-1,3.71751,nan,nan,nan,4.98949,3.72058
868,4.53,3.72,302.401,0.582799,0.580461,-1,3.71529,nan,nan,nan,4.98949,3.71814
869,4.27,3.721,302.389,0.58257,0.580228,-1,3.71759,nan,nan,nan,4.98949,3.72135
870,3.95,3.723,302.376,0.582337,0.579993,-1,3.72117,nan,nan,nan,4.98948,3.72358
871,4.66,3.716,302.364,0.582105,0.579758,-1,3.71312,nan,nan,nan,4.98948,3.71656
872,4.12,3.721,302.352,0.581861,0.579514,-1,3.71883,nan,nan,nan,4.98947,3.72058
873,4.1,3.721,302.339,0.581642,0.579294,-1,3.71945,nan,nan,nan,4.98947,3.72184
874,3.76,3.729,302.327,0.581418,0.579068,-1,3.72298,nan,nan,nan,4.98947,3.72649
875,3.34,3.729,302.313,0.581212,0.57886,-1,3.72773,nan,nan,nan,4.98946,3.72916
876,3.17,3.731,302.3,0.581013,0.57866,-1,3.7302,nan,nan,nan,4.98946,3.7328
877,3.62,3.73,302.286,0.580828,0.578473,-1,3.7258,nan,nan,nan,4.98946,3.72881
878,4.33,3.722,302.273,0.580604,0.578247,-1,3.71843,nan,nan,nan,4.98946,3.72129
879,4.79,3.713,302.263,0.580345,0.577986,-1,3.71242,nan,nan,nan,4.98945,3.71387
880,5.54,3.707,302.253,0.580066,0.577705,-1,3.70214,nan,nan,nan,4.98945,3.70636
881,4.62,3.712,302.243,0.579783,0.577419,-1,3.71148,nan,nan,nan,4.98944,3.71391
882,4.43,3.717,302.233,0.579519,0.577154,-1,3.71299,nan,nan,nan,4.98944,3.71518
883,4.05,3.719,302.221,0.579299,0.576933,-1,3.71751,nan,nan,nan,4.98943,3.71914
884,4.69,3.716,302.21,0.579064,0.576696,-1,3.71008,nan,nan,nan,4.98943,3.71356
885,3.93,3.72,302.198,0.578828,0.576456,-1,3.7181,nan,nan,nan,4.98943,3.72083
886,3.94,3.723,302.186,0.578609,0.576236,-1,3.71867,nan,nan,nan,4.98942,3.72176
887,3.31,3.726,302.173,0.578407,0.576033,-1,3.72622,nan,nan,nan,4.98942,3.72863
888,4.12,3.72,302.161,0.578203,0.575827,-1,3.71815,nan,nan,nan,4.98942,3.71924
889,3.59,3.727,302.148,0.577989,0.575612,-1,3.72383,nan,nan,nan,4.98941,3.7265
890,3.89,3.723,302.136,0.577781,0.575402,-1,3.72055,nan,nan,nan,4.98941,3.72249
891,3.37,3.724,302.124,0.57757,0.575191,-1,3.72625,nan,nan,nan,4.98941,3.72832
892,3.58,3.726,302.111,0.577364,0.574982,-1,3.72407,nan,nan,nan,4.9894,3.72644
893,3.1,3.732,302.098,0.577178,0.574796,-1,3.72976,nan,nan,nan,4.9894,3.7319
894,2.5,3.737,302.084,0.577022,0.574639,-1,3.73719,nan,nan,nan,4.9894,3.73845
895,3.74,3.726,302.07,0.576855,0.57447,-1,3.72437,nan,nan,nan,4.9894,3.72642
896,4.17,3.721,302.058,0.576636,0.574248,-1,3.71922,nan,nan,nan,4.98939,3.72151
897,3.3,3.729,302.045,0.576435,0.574047,-1,3.72867,nan,nan,nan,4.98939,3.72983
898,4.04,3.721,302.033,0.576237,0.573849,-1,3.71987,nan,nan,nan,4.98939,3.72171
899,4.63,3.716,302.022,0.576003,0.573612,-1,3.71296,nan,nan,nan,4.98938,3.71593
900,5.41,3.707,302.011,0.575769,0.573376,-1,3.70324,nan,nan,nan,4.98938,3.70629
901,5.21,3.708,302.003,0.575472,0.573078,-1,3.70353,nan,nan,nan,4.98937,3.70662
902,5.44,3.7,301.995,0.575183,0.572787,-1,3.70014,nan,nan,nan,4.98937,3.70239
903,4.56,3.712,301.988,0.574882,0.572483,-1,3.70801,nan,nan,nan,4.98937,3.71102
904,4.06,3.717,301.978,0.574637,0.572235,-1,3.71366,nan,nan,nan,4.98936,3.71491
905,3.78,3.716,301.968,0.574404,0.572,-1,3.71622,nan,nan,nan,4.98936,3.71922
906,3.82,3.72,301.956,0.574202,0.571796,-1,3.71704,nan,nan,nan,4.98936,3.71976
907,3.98,3.718,301.945,0.573987,0.57158,-1,3.71526,nan,nan,nan,4.98935,3.71741
908,3.94,3.717,301.934,0.57376,0.571351,-1,3.71552,nan,nan,nan,4.98935,3.71814
909,3.89,3.723,301.923,0.573558,0.571145,-1,3.717,nan,nan,nan,4.98935,3.7206
910,4.14,3.718,301.911,0.573351,0.570936,-1,3.71479,nan,nan,nan,4.98934,3.71673
911,4.32,3.714,301.901,0.57312,0.570704,-1,3.71211,nan,nan,nan,4.98934,3.71494
912,4.05,3.718,301.891,0.572883,0.570465,-1,3.71449,nan,nan,nan,4.98934,3.71743
913,4.56,3.714,301.88,0.572654,0.570235,-1,3.70912,nan,nan,nan,4.98933,3.71255
914,4.07,3.718,301.871,0.572408,0.569986,-1,3.71354,nan,nan,nan,4.98933,3.71543
915,4.03,3.718,301.861,0.572182,0.56976,-1,3.71449,nan,nan,nan,4.98932,3.71661
916,4.24,3.713,301.851,0.571951,0.569528,-1,3.71128,nan,nan,nan,4.98932,3.71407
917,4.1,3.717,301.84,0.571725,0.5693,-1,3.71292,nan,nan,nan,4.98932,3.71589
918,4.82,3.711,301.831,0.57149,0.569061,-1,3.70494,nan,nan,nan,4.98931,3.70861
919,4.47,3.714,301.821,0.571241,0.56881,-1,3.70823,nan,nan,nan,4.98931,3.71069
920,4.24,3.713,301.812,0.570998,0.568564,-1,3.71023,nan,nan,nan,4.98931,3.71198
921,4.33,3.713,301.802,0.570765,0.56833,-1,3.70868,nan,nan,nan,4.9893,3.7124
922,4.09,3.714,301.792,0.570539,0.5681,-1,3.71195,nan,nan,nan,4.9893,3.71403
923,4.22,3.711,301.783,0.570297,0.567857,-1,3.71046,nan,nan,nan,4.9893,3.71253
924,3.27,3.726,301.773,0.570087,0.567645,-1,3.72052,nan,nan,nan,4.98929,3.72299
925,3.95,3.719,301.761,0.569888,0.567445,-1,3.71398,nan,nan,nan,4.98929,3.71607
926,4.34,3.712,301.751,0.569667,0.567222,-1,3.70915,nan,nan,nan,4.98929,3.71182
927,3.85,3.721,301.742,0.569439,0.566993,-1,3.71462,nan,nan,nan,4.98928,3.71788
928,3.43,3.72,301.73,0.569247,0.5668,-1,3.71968,nan,nan,nan,4.98928,3.72253
929,3.58,3.722,301.72,0.569044,0.566596,-1,3.71839,nan,nan,nan,4.98928,3.72152
930,3.67,3.721,301.708,0.568857,0.566408,-1,3.71713,nan,nan,nan,4.98927,3.72035
931,4.04,3.715,301.698,0.568657,0.566206,-1,3.71324,nan,nan,nan,4.98927,3.71687
932,4.08,3.716,301.688,0.568434,0.56598,-1,3.71282,nan,nan,nan,4.98927,3.71646
933,3.97,3.715,301.677,0.568226,0.565771,-1,3.71401,nan,nan,nan,4.98926,3.71598
934,3.85,3.72,301.667,0.56801,0.565554,-1,3.71485,nan,nan,nan,4.98926,3.71786
935,3.84,3.72,301.657,0.567799,0.565342,-1,3.71504,nan,nan,nan,4.98926,3.71771
936,4.43,3.708,301.648,0.567572,0.565114,-1,3.70733,nan,nan,nan,4.98925,3.71056
937,4.05,3.715,301.639,0.567327,0.564867,-1,3.71137,nan,nan,nan,4.98925,3.71454
938,3.95,3.717,301.63,0.567107,0.564644,-1,3.71193,nan,nan,nan,4.98925,3.71623
939,4.12,3.711,301.621,0.56688,0.564415,-1,3.71005,nan,nan,nan,4.98924,3.71267
940,3.71,3.712,301.611,0.566654,0.564187,-1,3.71376,nan,nan,nan,4.98924,3.71659
941,3.03,3.724,301.601,0.566458,0.56399,-1,3.72189,nan,nan,nan,4.98924,3.72359
942,3.66,3.721,301.59,0.566279,0.56381,-1,3.71615,nan,nan,nan,4.98923,3.71905
943,3.62,3.722,301.579,0.566098,0.563626,-1,3.71656,nan,nan,nan,4.98923,3.71889
944,3.42,3.719,301.569,0.565887,0.563415,-1,3.71866,nan,nan,nan,4.98923,3.72109
945,3.85,3.714,301.559,0.565689,0.563216,-1,3.71397,nan,nan,nan,4.98923,3.71578
946,3.97,3.714,301.55,0.565455,0.56298,-1,3.71203,nan,nan,nan,4.98922,3.71421
947,4.5,3.706,301.542,0.565216,0.562741,-1,3.70539,nan,nan,nan,4.98922,3.70722
948,4.35,3.708,301.534,0.564967,0.56249,-1,3.70599,nan,nan,nan,4.98922,3.70854
949,4.05,3.71,301.526,0.564724,0.562247,-1,3.70855,nan,nan,nan,4.98921,3.71213
950,4.16,3.709,301.517,0.564511,0.562031,-1,3.70739,nan,nan,nan,4.98921,3.70952
951,3.83,3.715,301.507,0.564301,0.56182,-1,3.71147,nan,nan,nan,4.98921,3.7151
952,4.78,3.703,301.499,0.564055,0.561571,-1,3.70047,nan,nan,nan,4.9892,3.7034
953,4.35,3.707,301.492,0.563805,0.561319,-1,3.70406,nan,nan,nan,4.9892,3.70683
954,4.23,3.709,301.483,0.56358,0.561092,-1,3.7053,nan,nan,nan,4.98919,3.70775
955,4,3.707,301.475,0.563349,0.560859,-1,3.70772,nan,nan,nan,4.98919,3.71011
956,3.9,3.711,301.467,0.563116,0.560624,-1,3.70847,nan,nan,nan,4.98919,3.70997
957,3.95,3.711,301.458,0.562901,0.560407,-1,3.70835,nan,nan,nan,4.98918,3.71106
958,4.37,3.709,301.449,0.562677,0.56018,-1,3.70309,nan,nan,nan,4.98918,3.70643
959,4.38,3.706,301.441,0.562446,0.559948,-1,3.70274,nan,nan,nan,4.98918,3.70656
960,4.64,3.701,301.434,0.562203,0.559703,-1,3.69988,nan,nan,nan,4.98917,3.70274
961,4.28,3.707,301.426,0.561958,0.559456,-1,3.70325,nan,nan,nan,4.98917,3.70571
962,4.48,3.708,301.419,0.561708,0.559202,-1,3.70057,nan,nan,nan,4.98917,3.70353
963,4.25,3.704,301.411,0.561476,0.558968,-1,3.70292,nan,nan,nan,4.98916,3.70572
964,4.51,3.703,301.404,0.561233,0.558723,-1,3.69935,nan,nan,nan,4.98916,3.70206
965,3.84,3.71,301.396,0.560996,0.558485,-1,3.70658,nan,nan,nan,4.98916,3.71005
966,3.68,3.716,301.387,0.560797,0.558284,-1,3.70907,nan,nan,nan,4.98915,3.71241
967,4.38,3.703,301.378,0.560587,0.558071,-1,3.70157,nan,nan,nan,4.98915,3.70453
968,3.74,3.714,301.37,0.560371,0.557854,-1,3.7085,nan,nan,nan,4.98915,3.71128
969,3.69,3.713,301.361,0.560164,0.557646,-1,3.70961,nan,nan,nan,4.98914,3.71242
970,3.71,3.713,301.352,0.559969,0.55745,-1,3.70973,nan,nan,nan,4.98914,3.71197
971,3.99,3.707,301.343,0.559762,0.55724,-1,3.70625,nan,nan,nan,4.98914,3.70899
972,4.16,3.706,301.334,0.559557,0.557033,-1,3.70493,nan,nan,nan,4.98913,3.70689
973,4.6,3.704,301.326,0.559321,0.556796,-1,3.69887,nan,nan,nan,4.98913,3.70246
974,5.24,3.692,301.321,0.559044,0.556515,-1,3.69026,nan,nan,nan,4.98913,3.69303
975,4.97,3.696,301.316,0.558757,0.556229,-1,3.69224,nan,nan,nan,4.98912,3.69473
976,4.78,3.695,301.31,0.558493,0.555964,-1,3.69341,nan,nan,nan,4.98912,3.69688
977,4.58,3.698,301.304,0.558244,0.555713,-1,3.69473,nan,nan,nan,4.98912,3.69841
978,4.96,3.691,301.298,0.557976,0.555442,-1,3.69052,nan,nan,nan,4.98911,3.6937
979,4.55,3.699,301.292,0.55771,0.555173,-1,3.69464,nan,nan,nan,4.98911,3.69691
980,4.84,3.693,301.287,0.557436,0.554897,-1,3.69077,nan,nan,nan,4.9891,3.69245
981,4.27,3.699,301.281,0.557175,0.554635,-1,3.69681,nan,nan,nan,4.9891,3.69915
982,3.76,3.704,301.274,0.556945,0.554403,-1,3.70236,nan,nan,nan,4.9891,3.70546
983,3.42,3.71,301.265,0.556753,0.554209,-1,3.70735,nan,nan,nan,4.98909,3.71001
984,3.91,3.707,301.257,0.556554,0.55401,-1,3.70268,nan,nan,nan,4.98909,3.70572
985,3.37,3.713,301.248,0.556355,0.55381,-1,3.70902,nan,nan,nan,4.98909,3.71208
986,3.99,3.702,301.24,0.55616,0.553613,-1,3.70241,nan,nan,nan,4.98908,3.70522
987,3.94,3.707,301.232,0.555938,0.553388,-1,3.70268,nan,nan,nan,4.98908,3.70588
988,4.21,3.7,301.224,0.555717,0.553165,-1,3.69947,nan,nan,nan,4.98908,3.70235
989,4,3.705,301.217,0.555484,0.552932,-1,3.70175,nan,nan,nan,4.98907,3.70456
990,3.78,3.706,301.209,0.555278,0.552723,-1,3.70416,nan,nan,nan,4.98907,3.70726
991,4.27,3.703,301.202,0.555061,0.552503,-1,3.69862,nan,nan,nan,4.98907,3.70245
992,4.03,3.705,301.195,0.554828,0.552269,-1,3.70086,nan,nan,nan,4.98907,3.70342
993,3.97,3.704,301.187,0.554617,0.552056,-1,3.70186,nan,nan,nan,4.98906,3.70431
994,4.18,3.699,301.179,0.554402,0.551839,-1,3.69905,nan,nan,nan,4.98906,3.70265
995,4.13,3.702,301.172,0.55417,0.551605,-1,3.69908,nan,nan,nan,4.98906,3.70296
996,3.7,3.71,301.165,0.553948,0.551382,-1,3.70378,nan,nan,nan,4.98905,3.70658
997,3.75,3.704,301.158,0.553734,0.551166,-1,3.70347,nan,nan,nan,4.98905,3.70548
998,3.68,3.707,301.149,0.553533,0.550964,-1,3.70393,nan,nan,nan,4.98905,3.70826
999,3.07,3.714,301.141,0.553343,0.55077,-1,3.71141,nan,nan,nan,4.98904,3.71377
1000,2.79,3.717,301.131,0.553186,0.55061,-1,3.71546,nan,nan,nan,4.98904,3.71804
1001,3.33,3.718,301.122,0.553013,0.550436,-1,3.70986,nan,nan,nan,4.98904,3.71371
1002,4.73,3.696,301.115,0.552795,0.550216,-1,3.69349,nan,nan,nan,4.98904,3.69785
1003,4.29,3.698,301.109,0.552552,0.549969,-1,3.69751,nan,nan,nan,4.98903,3.69989
1004,4.4,3.7,301.103,0.552293,0.54971,-1,3.69515,nan,nan,nan,4.98903,3.69887
1005,3.92,3.704,301.096,0.552068,0.549483,-1,3.69999,nan,nan,nan,4.98903,3.70306
1006,3.69,3.703,301.089,0.55186,0.549274,-1,3.70265,nan,nan,nan,4.98902,3.70479
1007,4,3.702,301.082,0.551633,0.549046,-1,3.69872,nan,nan,nan,4.98902,3.70174
1008,4.52,3.695,301.075,0.551415,0.548826,-1,3.69294,nan,nan,nan,4.98902,3.69541
1009,4.31,3.695,301.069,0.551181,0.548592,-1,3.69477,nan,nan,nan,4.98901,3.69642
1010,4.21,3.697,301.062,0.550958,0.548368,-1,3.69583,nan,nan,nan,4.98901,3.69896
1011,4.24,3.696,301.056,0.550726,0.548135,-1,3.69493,nan,nan,nan,4.98901,3.69726
1012,3.97,3.704,301.049,0.550502,0.547909,-1,3.69788,nan,nan,nan,4.989,3.701
1013,3.8,3.703,301.042,0.550289,0.547694,-1,3.69977,nan,nan,nan,4.989,3.70208
1014,3.79,3.706,301.035,0.550075,0.54748,-1,3.69985,nan,nan,nan,4.989,3.70386
1015,3.44,3.702,301.028,0.549873,0.547276,-1,3.70394,nan,nan,nan,4.98899,3.70619
1016,3.52,3.708,301.02,0.549673,0.547074,-1,3.70304,nan,nan,nan,4.98899,3.70555
1017,3.97,3.698,301.013,0.549467,0.546866,-1,3.69767,nan,nan,nan,4.98899,3.7004
1018,4.31,3.694,301.007,0.549235,0.546632,-1,3.69366,nan,nan,nan,4.98898,3.69672
1019,4.13,3.699,301.001,0.548994,0.54639,-1,3.69478,nan,nan,nan,4.98898,3.69703
1020,5.77,3.683,300.995,0.548766,0.546161,-1,3.6759,nan,nan,nan,4.98898,3.67913
1021,5.42,3.683,300.993,0.548459,0.545852,-1,3.6785,nan,nan,nan,4.98897,3.68159
1022,5.5,3.679,300.991,0.548154,0.545546,-1,3.67658,nan,nan,nan,4.98897,3.67831
1023,4.39,3.69,300.989,0.547846,0.545236,-1,3.68661,nan,nan,nan,4.98896,3.68897
1024,4.34,3.691,300.983,0.547606,0.544994,-1,3.68731,nan,nan,nan,4.98896,3.69031
1025,5.47,3.676,300.98,0.547329,0.544715,-1,3.67393,nan,nan,nan,4.98896,3.67745
1026,5.06,3.681,300.977,0.54704,0.544424,-1,3.67806,nan,nan,nan,4.98895,3.68087
1027,4.9,3.682,300.973,0.546776,0.544159,-1,3.67927,nan,nan,nan,4.98895,3.68184
1028,4.61,3.686,300.969,0.546503,0.543883,-1,3.68208,nan,nan,nan,4.98894,3.68598
1029,4.7,3.683,300.965,0.546246,0.543624,-1,3.68147,nan,nan,nan,4.98894,3.6845
1030,3.96,3.693,300.96,0.546006,0.543383,-1,3.68959,nan,nan,nan,4.98894,3.69223
1031,3.7,3.696,300.954,0.545774,0.543149,-1,3.6928,nan,nan,nan,4.98893,3.69587
1032,3.63,3.696,300.948,0.545556,0.54293,-1,3.69465,nan,nan,nan,4.98893,3.69596
1033,4.52,3.686,300.942,0.545331,0.542705,-1,3.68468,nan,nan,nan,4.98893,3.68695
1034,4.41,3.69,300.938,0.54508,0.542454,-1,3.6853,nan,nan,nan,4.98892,3.68814
1035,4.19,3.688,300.932,0.544843,0.542214,-1,3.68811,nan,nan,nan,4.98892,3.69068
1036,3.86,3.696,300.926,0.544642,0.542012,-1,3.69254,nan,nan,nan,4.98892,3.69551
1037,3.38,3.7,300.919,0.54443,0.541798,-1,3.6976,nan,nan,nan,4.98892,3.70059
1038,3.61,3.699,300.912,0.544229,0.541596,-1,3.69549,nan,nan,nan,4.98891,3.69876
1039,4.16,3.694,300.905,0.544035,0.541401,-1,3.6897,nan,nan,nan,4.98891,3.69325
1040,3.81,3.696,300.899,0.543818,0.541181,-1,3.69407,nan,nan,nan,4.98891,3.6959
1041,3.1,3.706,300.892,0.543619,0.540981,-1,3.70168,nan,nan,nan,4.9889,3.70523
1042,3.8,3.697,300.884,0.543446,0.540807,-1,3.69485,nan,nan,nan,4.9889,3.69791
1043,4.48,3.69,300.878,0.54322,0.540578,-1,3.68628,nan,nan,nan,4.9889,3.68931
1044,3.71,3.697,300.873,0.542996,0.540352,-1,3.69459,nan,nan,nan,4.98889,3.69726
1045,3.87,3.695,300.866,0.542783,0.540138,-1,3.69296,nan,nan,nan,4.98889,3.69579
1046,3.89,3.693,300.861,0.542564,0.539919,-1,3.6922,nan,nan,nan,4.98889,3.69519
1047,3.82,3.7,300.854,0.542348,0.539701,-1,3.69252,nan,nan,nan,4.98889,3.69666
1048,3.23,3.702,300.847,0.542163,0.539513,-1,3.69961,nan,nan,nan,4.98888,3.70229
1049,4.02,3.695,300.841,0.54196,0.53931,-1,3.69059,nan,nan,nan,4.98888,3.69447
1050,4.46,3.688,300.834,0.541749,0.539097,-1,3.68602,nan,nan,nan,4.98888,3.6893
1051,4,3.694,300.829,0.541514,0.538862,-1,3.69007,nan,nan,nan,4.98887,3.69283
1052,4.02,3.692,300.824,0.541293,0.538639,-1,3.68943,nan,nan,nan,4.98887,3.69206
1053,3.98,3.693,300.818,0.541068,0.538413,-1,3.68956,nan,nan,nan,4.98887,3.69337
1054,3.83,3.689,300.812,0.540853,0.538196,-1,3.6912,nan,nan,nan,4.98886,3.69394
1055,3.75,3.692,300.806,0.540642,0.537982,-1,3.69224,nan,nan,nan,4.98886,3.69511
1056,3.51,3.699,300.8,0.540444,0.537783,-1,3.69427,nan,nan,nan,4.98886,3.69823
1057,2.98,3.704,300.793,0.540258,0.537595,-1,3.70088,nan,nan,nan,4.98886,3.7043
1058,4.39,3.69,300.786,0.540067,0.537405,-1,3.68544,nan,nan,nan,4.98885,3.68925
1059,4.04,3.692,300.78,0.539849,0.537183,-1,3.68913,nan,nan,nan,4.98885,3.69278
1060,3.81,3.694,300.775,0.539639,0.53697,-1,3.69134,nan,nan,nan,4.98885,3.69398
1061,3.96,3.692,300.769,0.539428,0.536758,-1,3.68929,nan,nan,nan,4.98884,3.69185
1062,4.29,3.69,300.763,0.539211,0.536541,-1,3.68546,nan,nan,nan,4.98884,3.6874
1063,4.26,3.689,300.759,0.538973,0.536301,-1,3.68476,nan,nan,nan,4.98884,3.68759
1064,4.34,3.69,300.754,0.53874,0.536067,-1,3.68397,nan,nan,nan,4.98883,3.6869
1065,4.81,3.679,300.75,0.538491,0.535816,-1,3.67718,nan,nan,nan,4.98883,3.68102
1066,4.35,3.689,300.745,0.538248,0.535571,-1,3.68176,nan,nan,nan,4.98883,3.68532
1067,3.55,3.694,300.74,0.538038,0.535359,-1,3.69092,nan,nan,nan,4.98882,3.69305
1068,4.26,3.688,300.734,0.537837,0.535157,-1,3.68316,nan,nan,nan,4.98882,3.68703
1069,4.7,3.682,300.73,0.537589,0.534908,-1,3.67784,nan,nan,nan,4.98882,3.68009
1070,4.7,3.682,300.726,0.537337,0.534653,-1,3.67637,nan,nan,nan,4.98882,3.67998
1071,4.07,3.687,300.722,0.537088,0.534402,-1,3.68328,nan,nan,nan,4.98881,3.68617
1072,4.58,3.683,300.717,0.536873,0.534185,-1,3.67741,nan,nan,nan,4.98881,3.68161
1073,4.83,3.68,300.713,0.536634,0.533943,-1,3.67444,nan,nan,nan,4.98881,3.67826
1074,4.59,3.68,300.71,0.536377,0.533684,-1,3.67666,nan,nan,nan,4.9888,3.6791
1075,4.35,3.679,300.707,0.536114,0.533419,-1,3.67829,nan,nan,nan,4.9888,3.68116
1076,4.41,3.681,300.702,0.535886,0.533189,-1,3.67763,nan,nan,nan,4.98879,3.68148
1077,4.52,3.683,300.698,0.535645,0.532946,-1,3.67655,nan,nan,nan,4.98879,3.67917
1078,4.26,3.679,300.695,0.535387,0.532686,-1,3.67889,nan,nan,nan,4.98879,3.68204
1079,4.27,3.682,300.691,0.535153,0.532451,-1,3.67839,nan,nan,nan,4.98878,3.6822
1080,4.12,3.684,300.687,0.534915,0.532209,-1,3.68034,nan,nan,nan,4.98878,3.683
1081,4.01,3.684,300.682,0.534687,0.531981,-1,3.68106,nan,nan,nan,4.98878,3.68535
1082,4.22,3.68,300.678,0.534449,0.531739,-1,3.67896,nan,nan,nan,4.98877,3.68091
1083,4.64,3.678,300.674,0.534201,0.53149,-1,3.67338,nan,nan,nan,4.98877,3.6758
1084,5.22,3.666,300.672,0.533926,0.531214,-1,3.66562,nan,nan,nan,4.98877,3.66865
1085,5.1,3.67,300.671,0.533637,0.530924,-1,3.66582,nan,nan,nan,4.98876,3.6696
1086,5.13,3.668,300.669,0.533364,0.530649,-1,3.66522,nan,nan,nan,4.98876,3.66892
1087,4.83,3.675,300.667,0.533088,0.53037,-1,3.66761,nan,nan,nan,4.98876,3.67103
1088,4.11,3.681,300.663,0.532844,0.530124,-1,3.67616,nan,nan,nan,4.98875,3.6791
1089,4.14,3.674,300.659,0.532618,0.529896,-1,3.67609,nan,nan,nan,4.98875,3.6791
1090,3.36,3.69,300.654,0.532405,0.529682,-1,3.6856,nan,nan,nan,4.98875,3.68787
1091,3.67,3.69,300.648,0.532206,0.529482,-1,3.68269,nan,nan,nan,4.98874,3.68591
1092,4.7,3.672,300.645,0.531966,0.52924,-1,3.67068,nan,nan,nan,4.98874,3.67418
1093,3.88,3.683,300.641,0.531732,0.529003,-1,3.67931,nan,nan,nan,4.98874,3.68249
1094,3.49,3.686,300.635,0.531531,0.528801,-1,3.68475,nan,nan,nan,4.98873,3.68739
1095,3.05,3.69,300.629,0.531353,0.528622,-1,3.69063,nan,nan,nan,4.98873,3.69359
1096,3.24,3.693,300.622,0.531177,0.528445,-1,3.68889,nan,nan,nan,4.98873,3.69169
1097,3.12,3.697,300.616,0.531,0.528268,-1,3.69092,nan,nan,nan,4.98873,3.6939
1098,3.58,3.689,300.609,0.530818,0.528083,-1,3.68624,nan,nan,nan,4.98872,3.68873
1099,4.01,3.685,300.604,0.530604,0.52787,-1,3.68094,nan,nan,nan,4.98872,3.68367
1100,3.91,3.682,300.599,0.530395,0.52766,-1,3.68153,nan,nan,nan,4.98872,3.68462
1101,3.67,3.688,300.594,0.530184,0.527448,-1,3.68417,nan,nan,nan,4.98872,3.68743
1102,3.97,3.687,300.589,0.529974,0.527235,-1,3.67985,nan,nan,nan,4.98871,3.68352
1103,3.77,3.682,300.585,0.529754,0.527015,-1,3.68237,nan,nan,nan,4.98871,3.68563
1104,3.42,3.691,300.579,0.529553,0.526811,-1,3.68607,nan,nan,nan,4.98871,3.68907
1105,4.08,3.683,300.574,0.529351,0.526608,-1,3.67869,nan,nan,nan,4.9887,3.68181
1106,3.95,3.685,300.57,0.529128,0.526383,-1,3.67937,nan,nan,nan,4.9887,3.68326
1107,4.15,3.681,300.565,0.528911,0.526164,-1,3.67663,nan,nan,nan,4.9887,3.6806
1108,3.88,3.677,300.561,0.528676,0.525929,-1,3.67955,nan,nan,nan,4.98869,3.68127
1109,4.56,3.678,300.558,0.528444,0.525696,-1,3.67129,nan,nan,nan,4.98869,3.67431
1110,4.75,3.673,300.554,0.528197,0.525447,-1,3.66809,nan,nan,nan,4.98869,3.67132
1111,4.6,3.674,300.552,0.527931,0.525178,-1,3.66836,nan,nan,nan,4.98868,3.67191
1112,4.67,3.669,300.55,0.527669,0.524915,-1,3.6669,nan,nan,nan,4.98868,3.67024
1113,4.35,3.669,300.548,0.527412,0.524654,-1,3.66993,nan,nan,nan,4.98868,3.67337
1114,3.99,3.677,300.544,0.527187,0.524428,-1,3.67415,nan,nan,nan,4.98867,3.6762
1115,4.17,3.675,300.54,0.526951,0.52419,-1,3.67216,nan,nan,nan,4.98867,3.67496
1116,4.31,3.669,300.537,0.526718,0.523954,-1,3.67001,nan,nan,nan,4.98867,3.6738
1117,4.38,3.674,300.534,0.526469,0.523702,-1,3.66872,nan,nan,nan,4.98866,3.67278
1118,4.26,3.672,300.53,0.526238,0.523469,-1,3.67016,nan,nan,nan,4.98866,3.67393
1119,4.4,3.672,300.527,0.525997,0.523227,-1,3.66854,nan,nan,nan,4.98866,3.67174
1120,4.07,3.676,300.524,0.525759,0.522987,-1,3.67198,nan,nan,nan,4.98865,3.67437
1121,4,3.676,300.52,0.525528,0.522753,-1,3.67248,nan,nan,nan,4.98865,3.6749
1122,3.99,3.676,300.517,0.525293,0.522518,-1,3.6721,nan,nan,nan,4.98865,3.6752
1123,3.63,3.682,300.513,0.525079,0.522303,-1,3.67611,nan,nan,nan,4.98864,3.68009
1124,3.8,3.679,300.508,0.524877,0.5221,-1,3.67506,nan,nan,nan,4.98864,3.6789
1125,3.48,3.682,300.504,0.524655,0.521875,-1,3.67857,nan,nan,nan,4.98864,3.68153
1126,4.28,3.671,300.5,0.524437,0.521657,-1,3.66946,nan,nan,nan,4.98864,3.67324
1127,4.09,3.679,300.496,0.524202,0.52142,-1,3.67161,nan,nan,nan,4.98863,3.67408
1128,3.95,3.676,300.493,0.52398,0.521195,-1,3.67303,nan,nan,nan,4.98863,3.67638
1129,4.17,3.672,300.489,0.523756,0.520972,-1,3.67037,nan,nan,nan,4.98863,3.67341
1130,4.64,3.672,300.485,0.523521,0.520735,-1,3.66419,nan,nan,nan,4.98862,3.66815
1131,4.51,3.665,300.483,0.52326,0.520472,-1,3.66528,nan,nan,nan,4.98862,3.66718
1132,4.6,3.667,300.481,0.523008,0.520219,-1,3.66305,nan,nan,nan,4.98862,3.66699
1133,3.96,3.671,300.478,0.52278,0.519989,-1,3.6704,nan,nan,nan,4.98861,3.67406
1134,4.12,3.674,300.473,0.522574,0.519781,-1,3.66875,nan,nan,nan,4.98861,3.67202
1135,4.21,3.673,300.47,0.522347,0.519551,-1,3.66786,nan,nan,nan,4.98861,3.67133
1136,3.79,3.671,300.467,0.522108,0.51931,-1,3.67231,nan,nan,nan,4.9886,3.67486
1137,4.12,3.671,300.463,0.521893,0.519094,-1,3.66876,nan,nan,nan,4.9886,3.67246
1138,3.68,3.676,300.459,0.521669,0.518867,-1,3.67339,nan,nan,nan,4.9886,3.67601
1139,3.83,3.675,300.454,0.521471,0.518667,-1,3.67194,nan,nan,nan,4.9886,3.67564
1140,4.94,3.66,300.45,0.52127,0.518465,-1,3.66033,nan,nan,nan,4.98859,3.66302
1141,5.31,3.657,300.449,0.520987,0.51818,-1,3.6538,nan,nan,nan,4.98859,3.65783
1142,4.85,3.662,300.448,0.520703,0.517894,-1,3.65794,nan,nan,nan,4.98859,3.66234
1143,4.33,3.667,300.448,0.520421,0.51761,-1,3.66244,nan,nan,nan,4.98858,3.66518
1144,5.06,3.656,300.446,0.52016,0.517348,-1,3.65362,nan,nan,nan,4.98858,3.65714
1145,3.94,3.669,300.444,0.5199,0.517087,-1,3.66584,nan,nan,nan,4.98857,3.66902
1146,4.27,3.667,300.441,0.51968,0.516866,-1,3.66216,nan,nan,nan,4.98857,3.66674
1147,3.5,3.672,300.436,0.519477,0.516662,-1,3.6719,nan,nan,nan,4.98857,3.67507
1148,3.72,3.671,300.432,0.519283,0.516468,-1,3.67034,nan,nan,nan,4.98857,3.6727
1149,4.09,3.668,300.428,0.519068,0.516251,-1,3.66625,nan,nan,nan,4.98856,3.66999
1150,3.86,3.671,300.425,0.518838,0.516019,-1,3.66847,nan,nan,nan,4.98856,3.67145
1151,4.32,3.663,300.421,0.518608,0.515789,-1,3.6631,nan,nan,nan,4.98856,3.66596
1152,4.76,3.658,300.42,0.518351,0.515529,-1,3.65713,nan,nan,nan,4.98855,3.65989
1153,4.47,3.661,300.418,0.518082,0.51526,-1,3.65984,nan,nan,nan,4.98855,3.66296
1154,3.87,3.67,300.415,0.517857,0.515032,-1,3.66621,nan,nan,nan,4.98855,3.66985
1155,4.23,3.67,300.411,0.517649,0.514823,-1,3.66244,nan,nan,nan,4.98854,3.66649
1156,3.91,3.67,300.408,0.517422,0.514594,-1,3.66615,nan,nan,nan,4.98854,3.66846
1157,3.67,3.677,300.404,0.517216,0.514388,-1,3.66888,nan,nan,nan,4.98854,3.67252
1158,3.57,3.674,300.4,0.51701,0.514181,-1,3.67034,nan,nan,nan,4.98853,3.67356
1159,3.96,3.675,300.396,0.5168,0.513969,-1,3.66558,nan,nan,nan,4.98853,3.6689
1160,3.53,3.676,300.391,0.516595,0.513766,-1,3.67122,nan,nan,nan,4.98853,3.6741
1161,3.57,3.674,300.387,0.516395,0.513563,-1,3.67143,nan,nan,nan,4.98853,3.6733
1162,3.69,3.673,300.383,0.516186,0.513352,-1,3.66967,nan,nan,nan,4.98852,3.67353
1163,3.64,3.674,300.378,0.515998,0.513163,-1,3.67043,nan,nan,nan,4.98852,3.6736
1164,3.4,3.676,300.374,0.515798,0.512961,-1,3.67274,nan,nan,nan,4.98852,3.67591
1165,3.87,3.674,300.369,0.515603,0.512766,-1,3.66749,nan,nan,nan,4.98852,3.67186
1166,3.92,3.672,300.366,0.515383,0.512544,-1,3.66665,nan,nan,nan,4.98851,3.67001
1167,3.39,3.676,300.362,0.515181,0.512342,-1,3.67288,nan,nan,nan,4.98851,3.67618
1168,4.36,3.661,300.358,0.514978,0.512137,-1,3.66123,nan,nan,nan,4.98851,3.6649
1169,4.07,3.668,300.355,0.514736,0.511894,-1,3.66331,nan,nan,nan,4.9885,3.66725
1170,3.88,3.67,300.352,0.514513,0.511669,-1,3.66513,nan,nan,nan,4.9885,3.66907
1171,4.13,3.666,300.349,0.514288,0.511442,-1,3.66198,nan,nan,nan,4.9885,3.66614
1172,3.77,3.667,300.345,0.51407,0.511221,-1,3.66631,nan,nan,nan,4.9885,3.66885
1173,4.22,3.664,300.342,0.513852,0.511002,-1,3.66049,nan,nan,nan,4.98849,3.66501
1174,3.57,3.672,300.338,0.51364,0.510786,-1,3.66801,nan,nan,nan,4.98849,3.67154
1175,3.99,3.667,300.334,0.513438,0.510584,-1,3.66331,nan,nan,nan,4.98849,3.66613
1176,3.88,3.668,300.331,0.513219,0.510364,-1,3.6642,nan,nan,nan,4.98848,3.66849
1177,3.74,3.674,300.327,0.51302,0.510162,-1,3.66632,nan,nan,nan,4.98848,3.66979
1178,3.61,3.669,300.323,0.512826,0.509966,-1,3.66762,nan,nan,nan,4.98848,3.67097
1179,3.1,3.679,300.318,0.512647,0.509787,-1,3.67398,nan,nan,nan,4.98848,3.6782
1180,2.7,3.685,300.312,0.512489,0.509627,-1,3.67916,nan,nan,nan,4.98847,3.68249
1181,3,3.68,300.306,0.512341,0.509477,-1,3.67676,nan,nan,nan,4.98847,3.67971
1182,3.87,3.668,300.301,0.512153,0.509288,-1,3.6665,nan,nan,nan,4.98847,3.66961
1183,3.66,3.667,300.297,0.511951,0.509086,-1,3.66844,nan,nan,nan,4.98847,3.67098
1184,4.26,3.667,300.294,0.511734,0.508866,-1,3.66077,nan,nan,nan,4.98846,3.66415
1185,3.98,3.667,300.292,0.511496,0.508626,-1,3.66316,nan,nan,nan,4.98846,3.66602
1186,3.87,3.668,300.288,0.511278,0.508406,-1,3.66379,nan,nan,nan,4.98846,3.66709
1187,3.84,3.667,300.285,0.511072,0.508199,-1,3.66396,nan,nan,nan,4.98846,3.66777
1188,3.52,3.673,300.28,0.510879,0.508003,-1,3.66745,nan,nan,nan,4.98845,3.6712
1189,3.69,3.667,300.276,0.510686,0.507808,-1,3.66558,nan,nan,nan,4.98845,3.66896
1190,3.96,3.667,300.273,0.510476,0.507596,-1,3.66212,nan,nan,nan,4.98845,3.66532
1191,3.82,3.666,300.269,0.510261,0.507379,-1,3.66345,nan,nan,nan,4.98844,3.66568
1192,3.21,3.673,300.266,0.510062,0.507179,-1,3.67031,nan,nan,nan,4.98844,3.67385
1193,3.38,3.67,300.261,0.509874,0.506987,-1,3.66845,nan,nan,nan,4.98844,3.67197
1194,3.83,3.67,300.257,0.509675,0.506787,-1,3.66347,nan,nan,nan,4.98844,3.66612
1195,4.44,3.656,300.255,0.509448,0.506557,-1,3.65512,nan,nan,nan,4.98843,3.65939
1196,3.97,3.661,300.252,0.509223,0.506332,-1,3.66057,nan,nan,nan,4.98843,3.6638
1197,3.76,3.666,300.25,0.508993,0.506103,-1,3.66216,nan,nan,nan,4.98843,3.66448
1198,2.62,3.68,300.245,0.508805,0.505915,-1,3.6755,nan,nan,nan,4.98842,3.67836
1199,2.67,3.684,300.24,0.508657,0.505766,-1,3.67607,nan,nan,nan,4.98842,3.67991
1200,3.3,3.671,300.234,0.508498,0.505606,-1,3.66935,nan,nan,nan,4.98842,3.6732
1201,3.2,3.672,300.23,0.50832,0.505425,-1,3.6709,nan,nan,nan,4.98842,3.67402
1202,4.12,3.667,300.226,0.508119,0.505222,-1,3.65986,nan,nan,nan,4.98842,3.66351
1203,3.68,3.668,300.222,0.507912,0.505014,-1,3.66423,nan,nan,nan,4.98841,3.66761
1204,3.61,3.668,300.219,0.507706,0.504808,-1,3.66431,nan,nan,nan,4.98841,3.66842
1205,4.14,3.66,300.216,0.507492,0.504592,-1,3.65849,nan,nan,nan,4.98841,3.66099
1206,4.31,3.658,300.214,0.507252,0.504351,-1,3.65534,nan,nan,nan,4.9884,3.65882
1207,4.17,3.662,300.212,0.507016,0.504115,-1,3.65599,nan,nan,nan,4.9884,3.65952
1208,4.29,3.659,300.21,0.506789,0.503885,-1,3.65395,nan,nan,nan,4.9884,3.65789
1209,4.3,3.66,300.207,0.506563,0.503658,-1,3.65338,nan,nan,nan,4.98839,3.65649
1210,4.32,3.654,300.205,0.50633,0.503425,-1,3.65269,nan,nan,nan,4.98839,3.65524
1211,4.43,3.653,300.203,0.506094,0.503187,-1,3.65113,nan,nan,nan,4.98839,3.65414
1212,4.55,3.651,300.202,0.505848,0.502939,-1,3.64905,nan,nan,nan,4.98839,3.65058
1213,5.41,3.645,300.202,0.50558,0.502669,-1,3.63807,nan,nan,nan,4.98838,3.64164
1214,4.56,3.65,300.202,0.505298,0.502386,-1,3.6463,nan,nan,nan,4.98838,3.64961
1215,4.94,3.646,300.202,0.505039,0.502124,-1,3.64154,nan,nan,nan,4.98837,3.64491
1216,4.72,3.647,300.202,0.50477,0.501854,-1,3.64349,nan,nan,nan,4.98837,3.64712
1217,4.78,3.645,300.201,0.504511,0.501592,-1,3.64156,nan,nan,nan,4.98837,3.64581
1218,3.98,3.657,300.199,0.504276,0.501355,-1,3.65109,nan,nan,nan,4.98836,3.655
1219,4.35,3.653,300.197,0.504052,0.501128,-1,3.64751,nan,nan,nan,4.98836,3.65042
1220,4.14,3.651,300.195,0.503816,0.50089,-1,3.64955,nan,nan,nan,4.98836,3.65343
1221,3.96,3.658,300.193,0.503588,0.50066,-1,3.65182,nan,nan,nan,4.98836,3.65534
1222,4.61,3.645,300.192,0.503348,0.50042,-1,3.64447,nan,nan,nan,4.98835,3.64732
1223,4.11,3.652,300.191,0.503107,0.500178,-1,3.64942,nan,nan,nan,4.98835,3.65357
1224,3.56,3.659,300.187,0.50291,0.49998,-1,3.65641,nan,nan,nan,4.98835,3.66013
1225,3.03,3.668,300.183,0.502736,0.499802,-1,3.66352,nan,nan,nan,4.98834,3.66716
1226,3.3,3.666,300.178,0.502559,0.499624,-1,3.66141,nan,nan,nan,4.98834,3.66489
1227,3.99,3.655,300.176,0.502346,0.49941,-1,3.65302,nan,nan,nan,4.98834,3.6566
1228,4.16,3.657,300.173,0.502133,0.499195,-1,3.65047,nan,nan,nan,4.98834,3.65439
1229,4.12,3.656,300.171,0.501911,0.49897,-1,3.65154,nan,nan,nan,4.98833,3.65344
1230,4.08,3.659,300.168,0.501685,0.498745,-1,3.65124,nan,nan,nan,4.98833,3.6545
1231,3.57,3.659,300.165,0.501481,0.498539,-1,3.65687,nan,nan,nan,4.98833,3.65999
1232,3.46,3.663,300.162,0.501284,0.498341,-1,3.6582,nan,nan,nan,4.98832,3.66158
1233,3.91,3.656,300.159,0.50108,0.498136,-1,3.65275,nan,nan,nan,4.98832,3.65678
1234,4.34,3.651,300.156,0.500856,0.497909,-1,3.64784,nan,nan,nan,4.98832,3.65093
1235,4.69,3.647,300.155,0.500607,0.497657,-1,3.64251,nan,nan,nan,4.98832,3.64671
1236,4.9,3.644,300.156,0.500335,0.497382,-1,3.63941,nan,nan,nan,4.98831,3.64284
1237,4.35,3.649,300.155,0.500071,0.497117,-1,3.64432,nan,nan,nan,4.98831,3.64766
1238,4.55,3.646,300.154,0.499826,0.496871,-1,3.64105,nan,nan,nan,4.98831,3.64511
1239,4.43,3.647,300.153,0.499587,0.496631,-1,3.64284,nan,nan,nan,4.9883,3.6475
1240,4.12,3.648,300.151,0.499356,0.496397,-1,3.64607,nan,nan,nan,4.9883,3.65032
1241,4.29,3.646,300.149,0.499135,0.496174,-1,3.64404,nan,nan,nan,4.9883,3.64765
1242,4.31,3.645,300.148,0.498894,0.49593,-1,3.64404,nan,nan,nan,4.98829,3.64662
1243,4.76,3.645,300.146,0.498658,0.495691,-1,3.63808,nan,nan,nan,4.98829,3.64175
1244,3.65,3.653,300.145,0.498424,0.495455,-1,3.65096,nan,nan,nan,4.98829,3.65373
1245,3.79,3.652,300.142,0.498214,0.495242,-1,3.64945,nan,nan,nan,4.98828,3.65237
1246,4.34,3.646,300.14,0.497996,0.495024,-1,3.64303,nan,nan,nan,4.98828,3.64674
1247,4.57,3.646,300.139,0.497757,0.494782,-1,3.63984,nan,nan,nan,4.98828,3.64398
1248,4.93,3.638,300.138,0.497512,0.494534,-1,3.63625,nan,nan,nan,4.98828,3.63864
1249,3.81,3.649,300.137,0.497266,0.494286,-1,3.64777,nan,nan,nan,4.98827,3.65054
1250,3.83,3.651,300.135,0.497034,0.494053,-1,3.64724,nan,nan,nan,4.98827,3.6497
1251,4.05,3.649,300.133,0.496819,0.493838,-1,3.64474,nan,nan,nan,4.98827,3.64862
1252,4,3.652,300.131,0.496599,0.493615,-1,3.64577,nan,nan,nan,4.98826,3.64976
1253,4,3.65,300.128,0.496387,0.493403,-1,3.64581,nan,nan,nan,4.98826,3.65013
1254,4.31,3.644,300.127,0.49615,0.493164,-1,3.64181,nan,nan,nan,4.98826,3.6451
1255,4.08,3.65,300.125,0.495921,0.492934,-1,3.64422,nan,nan,nan,4.98825,3.64751
1256,3.69,3.652,300.123,0.495699,0.492711,-1,3.64905,nan,nan,nan,4.98825,3.65175
1257,2.97,3.659,300.119,0.495517,0.492524,-1,3.65727,nan,nan,nan,4.98825,3.66009
1258,3.49,3.654,300.115,0.495335,0.492342,-1,3.65219,nan,nan,nan,4.98825,3.65598
1259,3.7,3.656,300.112,0.495137,0.492143,-1,3.64951,nan,nan,nan,4.98824,3.65295
1260,4.94,3.639,300.109,0.494935,0.491939,-1,3.63534,nan,nan,nan,4.98824,3.6395
1261,4.72,3.643,300.109,0.494677,0.491679,-1,3.63704,nan,nan,nan,4.98824,3.64026
1262,4.55,3.642,300.107,0.494445,0.491446,-1,3.63819,nan,nan,nan,4.98824,3.64238
1263,3.79,3.648,300.107,0.494183,0.491181,-1,3.64591,nan,nan,nan,4.98823,3.64939
1264,4.05,3.644,300.106,0.493957,0.490955,-1,3.64264,nan,nan,nan,4.98823,3.64599
1265,3.89,3.647,300.104,0.493733,0.49073,-1,3.64408,nan,nan,nan,4.98823,3.64696
1266,3.73,3.65,300.101,0.493523,0.490518,-1,3.64613,nan,nan,nan,4.98822,3.64931
1267,4.18,3.646,300.099,0.493303,0.490299,-1,3.64098,nan,nan,nan,4.98822,3.64545
1268,4.2,3.645,300.097,0.493082,0.490075,-1,3.64075,nan,nan,nan,4.98822,3.64429
1269,4.16,3.644,300.096,0.49285,0.489841,-1,3.64044,nan,nan,nan,4.98821,3.64412
1270,3.98,3.647,300.094,0.492626,0.489615,-1,3.64242,nan,nan,nan,4.98821,3.64578
1271,3.99,3.648,300.092,0.492414,0.489401,-1,3.64245,nan,nan,nan,4.98821,3.64566
1272,4.02,3.647,300.09,0.492199,0.489185,-1,3.64203,nan,nan,nan,4.98821,3.64476
1273,4.18,3.645,300.088,0.491977,0.488962,-1,3.63974,nan,nan,nan,4.9882,3.6433
1274,3.98,3.645,300.086,0.491746,0.488729,-1,3.64157,nan,nan,nan,4.9882,3.64566
1275,4.38,3.643,300.084,0.491523,0.488504,-1,3.6372,nan,nan,nan,4.9882,3.64084
1276,4.3,3.641,300.083,0.491283,0.488264,-1,3.6376,nan,nan,nan,4.98819,3.64106
1277,4.43,3.641,300.082,0.491046,0.488025,-1,3.63552,nan,nan,nan,4.98819,3.63861
1278,4.22,3.641,300.081,0.490811,0.487789,-1,3.63744,nan,nan,nan,4.98819,3.64093
1279,3.84,3.645,300.079,0.490591,0.487566,-1,3.64188,nan,nan,nan,4.98818,3.64511
1280,3.72,3.643,300.077,0.490379,0.487353,-1,3.64332,nan,nan,nan,4.98818,3.64553
1281,3.59,3.649,300.074,0.49019,0.487162,-1,3.6453,nan,nan,nan,4.98818,3.64842
1282,3.48,3.653,300.071,0.489993,0.486964,-1,3.64665,nan,nan,nan,4.98818,3.6498
1283,3.9,3.644,300.068,0.489785,0.486754,-1,3.64184,nan,nan,nan,4.98817,3.6461
1284,3.66,3.649,300.066,0.489579,0.486545,-1,3.64437,nan,nan,nan,4.98817,3.64798
1285,4.04,3.644,300.063,0.489383,0.486348,-1,3.64,nan,nan,nan,4.98817,3.64459
1286,3.68,3.648,300.06,0.489191,0.486156,-1,3.64447,nan,nan,nan,4.98817,3.64789
1287,3.45,3.65,300.057,0.488992,0.485955,-1,3.6473,nan,nan,nan,4.98816,3.65026
1288,3.76,3.648,300.054,0.488787,0.485746,-1,3.64353,nan,nan,nan,4.98816,3.64606
1289,3.57,3.652,300.052,0.48858,0.485539,-1,3.64523,nan,nan,nan,4.98816,3.64917
1290,3.16,3.652,300.049,0.488392,0.485349,-1,3.65019,nan,nan,nan,4.98816,3.65292
1291,3.83,3.646,300.045,0.488202,0.485158,-1,3.64288,nan,nan,nan,4.98815,3.64667
1292,3.34,3.648,300.043,0.488002,0.484957,-1,3.64816,nan,nan,nan,4.98815,3.65159
1293,3.96,3.644,300.04,0.487802,0.484755,-1,3.64062,nan,nan,nan,4.98815,3.64457
1294,3.61,3.645,300.038,0.487593,0.484544,-1,3.64443,nan,nan,nan,4.98815,3.64784
1295,3.72,3.646,300.035,0.48739,0.484338,-1,3.64329,nan,nan,nan,4.98814,3.64676
1296,3.47,3.651,300.032,0.487195,0.484141,-1,3.64608,nan,nan,nan,4.98814,3.64955
1297,3.52,3.65,300.029,0.486999,0.483944,-1,3.64512,nan,nan,nan,4.98814,3.64882
1298,3.54,3.651,300.027,0.486802,0.483744,-1,3.64439,nan,nan,nan,4.98814,3.64846
1299,3.92,3.645,300.024,0.486596,0.483536,-1,3.64004,nan,nan,nan,4.98813,3.64339
1300,3.15,3.649,300.021,0.486398,0.483336,-1,3.64863,nan,nan,nan,4.98813,3.65283
1301,3.8,3.647,300.018,0.486214,0.483151,-1,3.64164,nan,nan,nan,4.98813,3.64493
1302,3.99,3.644,300.016,0.485996,0.48293,-1,3.63867,nan,nan,nan,4.98813,3.64244
1303,3.95,3.642,300.014,0.485793,0.482723,-1,3.63866,nan,nan,nan,4.98812,3.64252
1304,4.24,3.637,300.012,0.485569,0.482496,-1,3.63465,nan,nan,nan,4.98812,3.63852
1305,3.55,3.644,300.01,0.485357,0.482282,-1,3.64235,nan,nan,nan,4.98812,3.64665
1306,4.41,3.636,300.008,0.485145,0.482068,-1,3.6324,nan,nan,nan,4.98811,3.63645
1307,4.49,3.638,300.008,0.484899,0.481818,-1,3.63047,nan,nan,nan,4.98811,3.63428
1308,4.06,3.636,300.007,0.484667,0.481583,-1,3.63475,nan,nan,nan,4.98811,3.63857
1309,4.64,3.631,300.006,0.484419,0.481334,-1,3.62709,nan,nan,nan,4.9881,3.6308
1310,3.61,3.644,300.006,0.484185,0.4811,-1,3.63909,nan,nan,nan,4.9881,3.64217
1311,4.11,3.638,300.003,0.483986,0.480901,-1,3.63346,nan,nan,nan,4.9881,3.63802
1312,4,3.64,300.001,0.483769,0.480682,-1,3.63502,nan,nan,nan,4.9881,3.63815
1313,3.89,3.639,300,0.483544,0.480455,-1,3.6356,nan,nan,nan,4.98809,3.6396
1314,3.91,3.639,299.998,0.483334,0.480244,-1,3.6355,nan,nan,nan,4.98809,3.64004
1315,3.74,3.64,299.996,0.48312,0.480028,-1,3.63754,nan,nan,nan,4.98809,3.64067
1316,3.42,3.647,299.994,0.482928,0.479832,-1,3.64099,nan,nan,nan,4.98809,3.64502
1317,3.88,3.637,299.992,0.48271,0.479614,-1,3.63585,nan,nan,nan,4.98808,3.63887
1318,3.74,3.64,299.99,0.482493,0.479394,-1,3.63709,nan,nan,nan,4.98808,3.63979
1319,3.45,3.646,299.987,0.48231,0.47921,-1,3.64052,nan,nan,nan,4.98808,3.64486
1320,3.59,3.644,299.985,0.482114,0.479012,-1,3.63923,nan,nan,nan,4.98808,3.64306
1321,3.73,3.642,299.982,0.481925,0.478823,-1,3.63749,nan,nan,nan,4.98807,3.64148
1322,3.88,3.641,299.979,0.481719,0.478615,-1,3.63609,nan,nan,nan,4.98807,3.63977
1323,4.12,3.638,299.978,0.481501,0.478395,-1,3.63247,nan,nan,nan,4.98807,3.63696
1324,4.73,3.631,299.978,0.48125,0.478142,-1,3.62471,nan,nan,nan,4.98806,3.62832
1325,4.64,3.63,299.979,0.480984,0.477875,-1,3.62437,nan,nan,nan,4.98806,3.62791
1326,3.98,3.635,299.978,0.480749,0.477639,-1,3.63164,nan,nan,nan,4.98806,3.63426
1327,4.3,3.632,299.976,0.480544,0.477433,-1,3.62809,nan,nan,nan,4.98806,3.63184
1328,4.22,3.629,299.976,0.480295,0.477182,-1,3.62823,nan,nan,nan,4.98805,3.63081
1329,3.88,3.636,299.975,0.480061,0.476948,-1,3.63172,nan,nan,nan,4.98805,3.63539
1330,4.21,3.629,299.974,0.479836,0.476722,-1,3.62815,nan,nan,nan,4.98805,3.63115
1331,3.98,3.629,299.973,0.479597,0.476482,-1,3.63006,nan,nan,nan,4.98804,3.63356
1332,3.87,3.636,299.973,0.479363,0.476246,-1,3.63065,nan,nan,nan,4.98804,3.63297
1333,4.06,3.634,299.971,0.479141,0.476022,-1,3.62852,nan,nan,nan,4.98804,3.63198
1334,3.68,3.642,299.969,0.478936,0.475816,-1,3.63323,nan,nan,nan,4.98803,3.63718
1335,4.64,3.624,299.968,0.478722,0.475599,-1,3.62233,nan,nan,nan,4.98803,3.62521
1336,4.29,3.629,299.968,0.478475,0.47535,-1,3.62558,nan,nan,nan,4.98803,3.62914
1337,4.96,3.621,299.968,0.478217,0.47509,-1,3.61736,nan,nan,nan,4.98803,3.62053
1338,4.85,3.62,299.969,0.47795,0.474819,-1,3.61728,nan,nan,nan,4.98802,3.6205
1339,4.86,3.619,299.971,0.477668,0.474535,-1,3.61559,nan,nan,nan,4.98802,3.61957
1340,4.11,3.629,299.971,0.477417,0.474283,-1,3.62463,nan,nan,nan,4.98802,3.6279
1341,3.88,3.632,299.969,0.477209,0.474073,-1,3.62756,nan,nan,nan,4.98801,3.63098
1342,4.03,3.63,299.968,0.476984,0.473847,-1,3.62587,nan,nan,nan,4.98801,3.62957
1343,4.37,3.626,299.967,0.476772,0.473631,-1,3.6227,nan,nan,nan,4.98801,3.62513
1344,4.57,3.623,299.967,0.476518,0.473377,-1,3.61916,nan,nan,nan,4.988,3.62292
1345,4.33,3.623,299.966,0.476285,0.47314,-1,3.62207,nan,nan,nan,4.988,3.62571
1346,3.88,3.631,299.966,0.476056,0.47291,-1,3.6273,nan,nan,nan,4.988,3.63057
1347,3.54,3.633,299.964,0.47584,0.47269,-1,3.63073,nan,nan,nan,4.98799,3.63507
1348,3.52,3.635,299.961,0.475667,0.472516,-1,3.63223,nan,nan,nan,4.98799,3.63666
1349,4.28,3.627,299.959,0.475467,0.472314,-1,3.62411,nan,nan,nan,4.98799,3.62813
1350,4.42,3.626,299.958,0.475224,0.47207,-1,3.62137,nan,nan,nan,4.98799,3.62467
1351,4.33,3.623,299.958,0.474977,0.471822,-1,3.6215,nan,nan,nan,4.98798,3.62451
1352,4.17,3.627,299.958,0.47474,0.471584,-1,3.62316,nan,nan,nan,4.98798,3.62656
1353,4.14,3.627,299.957,0.474509,0.471351,-1,3.62272,nan,nan,nan,4.98798,3.6265
1354,4.99,3.624,299.957,0.474258,0.471098,-1,3.61305,nan,nan,nan,4.98797,3.61653
1355,4.52,3.62,299.958,0.473999,0.470836,-1,3.61691,nan,nan,nan,4.98797,3.62118
1356,4.22,3.622,299.957,0.473769,0.470602,-1,3.62076,nan,nan,nan,4.98797,3.62404
1357,3.67,3.63,299.956,0.473541,0.470374,-1,3.62688,nan,nan,nan,4.98797,3.63025
1358,4.4,3.622,299.955,0.473318,0.470149,-1,3.61853,nan,nan,nan,4.98796,3.62238
1359,3.91,3.628,299.955,0.473078,0.469906,-1,3.6237,nan,nan,nan,4.98796,3.62644
1360,4.46,3.619,299.955,0.47284,0.469666,-1,3.61727,nan,nan,nan,4.98796,3.6211
1361,4.32,3.623,299.955,0.472596,0.469421,-1,3.61804,nan,nan,nan,4.98795,3.62257
1362,3.77,3.624,299.954,0.472377,0.4692,-1,3.62501,nan,nan,nan,4.98795,3.62846
1363,3.87,3.629,299.952,0.472165,0.468985,-1,3.62381,nan,nan,nan,4.98795,3.62804
1364,3.6,3.631,299.951,0.471948,0.468767,-1,3.62693,nan,nan,nan,4.98795,3.63133
1365,3.25,3.635,299.949,0.471747,0.468565,-1,3.63163,nan,nan,nan,4.98794,3.63431
1366,3.46,3.633,299.946,0.471564,0.468379,-1,3.62953,nan,nan,nan,4.98794,3.63287
1367,3.82,3.633,299.944,0.471353,0.468166,-1,3.62521,nan,nan,nan,4.98794,3.62981
1368,4.21,3.621,299.943,0.471128,0.467938,-1,3.62035,nan,nan,nan,4.98794,3.62411
1369,3.76,3.628,299.942,0.470905,0.467713,-1,3.62542,nan,nan,nan,4.98793,3.62815
1370,3.87,3.627,299.941,0.470686,0.467492,-1,3.62378,nan,nan,nan,4.98793,3.62734
1371,3.48,3.634,299.939,0.470476,0.467281,-1,3.62839,nan,nan,nan,4.98793,3.63186
1372,3.85,3.626,299.937,0.470271,0.467075,-1,3.62454,nan,nan,nan,4.98792,3.62756
1373,3.06,3.635,299.935,0.470084,0.466886,-1,3.63345,nan,nan,nan,4.98792,3.63698
1374,3.07,3.64,299.932,0.469899,0.466701,-1,3.6339,nan,nan,nan,4.98792,3.6371
1375,4.04,3.626,299.93,0.469703,0.466504,-1,3.62238,nan,nan,nan,4.98792,3.62659
1376,3.99,3.627,299.928,0.469482,0.46628,-1,3.62266,nan,nan,nan,4.98791,3.62626
1377,5,3.615,299.928,0.469249,0.466046,-1,3.61057,nan,nan,nan,4.98791,3.61438
1378,5.33,3.604,299.93,0.468967,0.465763,-1,3.60509,nan,nan,nan,4.98791,3.60837
1379,4.68,3.613,299.931,0.468699,0.465494,-1,3.61112,nan,nan,nan,4.9879,3.61442
1380,5.87,3.602,299.931,0.468454,0.465246,-1,3.59731,nan,nan,nan,4.9879,3.60183
1381,6.86,3.588,299.936,0.468111,0.464902,-1,3.5832,nan,nan,nan,4.9879,3.58692
1382,5.23,3.603,299.942,0.467771,0.464559,-1,3.59993,nan,nan,nan,4.98789,3.60324
1383,3.4,3.626,299.944,0.467483,0.464271,-1,3.62044,nan,nan,nan,4.98789,3.62367
1384,3.47,3.627,299.942,0.467291,0.464076,-1,3.62082,nan,nan,nan,4.98789,3.62439
1385,3.34,3.626,299.939,0.467112,0.463896,-1,3.62406,nan,nan,nan,4.98788,3.62683
1386,3.14,3.634,299.937,0.466933,0.463717,-1,3.62738,nan,nan,nan,4.98788,3.63077
1387,3.25,3.633,299.934,0.466753,0.463535,-1,3.62723,nan,nan,nan,4.98788,3.63035
1388,3.04,3.631,299.931,0.466565,0.463345,-1,3.62983,nan,nan,nan,4.98788,3.63327
1389,3.35,3.63,299.928,0.466394,0.463174,-1,3.62683,nan,nan,nan,4.98788,3.63092
1390,4.14,3.621,299.926,0.466191,0.46297,-1,3.6183,nan,nan,nan,4.98787,3.62136
1391,4.29,3.615,299.925,0.465961,0.462738,-1,3.61515,nan,nan,nan,4.98787,3.61881
1392,4.21,3.62,299.925,0.465722,0.462497,-1,3.61552,nan,nan,nan,4.98787,3.61908
1393,4.55,3.615,299.925,0.465476,0.462249,-1,3.61094,nan,nan,nan,4.98786,3.61484
1394,4.55,3.615,299.926,0.465216,0.461988,-1,3.60936,nan,nan,nan,4.98786,3.61338
1395,4.57,3.612,299.926,0.464964,0.461734,-1,3.60856,nan,nan,nan,4.98786,3.61224
1396,4.75,3.608,299.926,0.464722,0.461491,-1,3.6062,nan,nan,nan,4.98785,3.60968
1397,3.74,3.623,299.926,0.464493,0.461261,-1,3.61813,nan,nan,nan,4.98785,3.62115
1398,3.46,3.625,299.923,0.464303,0.461068,-1,3.62202,nan,nan,nan,4.98785,3.62504
1399,2.91,3.636,299.921,0.464112,0.460876,-1,3.62874,nan,nan,nan,4.98785,3.63283
1400,3.65,3.623,299.918,0.46393,0.460694,-1,3.62076,nan,nan,nan,4.98784,3.62407
1401,4.57,3.616,299.917,0.463709,0.46047,-1,3.60914,nan,nan,nan,4.98784,3.61364
1402,3.97,3.618,299.918,0.463458,0.460217,-1,3.61599,nan,nan,nan,4.98784,3.61923
1403,3.75,3.625,299.916,0.463249,0.460007,-1,3.6183,nan,nan,nan,4.98784,3.62195
1404,3.22,3.628,299.914,0.463059,0.459816,-1,3.6246,nan,nan,nan,4.98783,3.62843
1405,3.49,3.624,299.911,0.462879,0.459635,-1,3.62246,nan,nan,nan,4.98783,3.62536
1406,3.81,3.62,299.91,0.462667,0.459422,-1,3.61852,nan,nan,nan,4.98783,3.6228
1407,3.04,3.631,299.907,0.462483,0.459236,-1,3.62774,nan,nan,nan,4.98783,3.63108
1408,3.62,3.624,299.905,0.46229,0.459042,-1,3.62078,nan,nan,nan,4.98782,3.62431
1409,4.24,3.622,299.903,0.462082,0.458836,-1,3.61335,nan,nan,nan,4.98782,3.61822
1410,4.49,3.612,299.904,0.461824,0.458575,-1,3.60943,nan,nan,nan,4.98782,3.61263
1411,3.75,3.622,299.903,0.461588,0.458337,-1,3.61745,nan,nan,nan,4.98781,3.62068
1412,4.29,3.617,299.903,0.461359,0.458107,-1,3.61066,nan,nan,nan,4.98781,3.61462
1413,4.22,3.614,299.903,0.461123,0.457871,-1,3.61058,nan,nan,nan,4.98781,3.61478
1414,4.64,3.613,299.902,0.460885,0.45763,-1,3.60554,nan,nan,nan,4.98781,3.60926
1415,4.57,3.61,299.903,0.460637,0.457382,-1,3.60578,nan,nan,nan,4.9878,3.60909
1416,4.15,3.616,299.903,0.4604,0.457142,-1,3.61017,nan,nan,nan,4.9878,3.61457
1417,3.93,3.616,299.902,0.460182,0.456921,-1,3.61259,nan,nan,nan,4.9878,3.6158
1418,3.73,3.62,299.9,0.459975,0.456713,-1,3.61487,nan,nan,nan,4.98779,3.61974
1419,3.37,3.625,299.898,0.459794,0.456531,-1,3.62017,nan,nan,nan,4.98779,3.62331
1420,3.44,3.628,299.895,0.459618,0.456353,-1,3.61997,nan,nan,nan,4.98779,3.62388
1421,3.66,3.623,299.893,0.459417,0.456151,-1,3.61723,nan,nan,nan,4.98779,3.62143
1422,3.89,3.617,299.891,0.459219,0.45595,-1,3.6147,nan,nan,nan,4.98778,3.61754
1423,3.87,3.617,299.89,0.458991,0.455722,-1,3.6146,nan,nan,nan,4.98778,3.61824
1424,4.62,3.607,299.89,0.458753,0.455484,-1,3.60497,nan,nan,nan,4.98778,3.60852
1425,4.32,3.613,299.89,0.458506,0.455237,-1,3.60781,nan,nan,nan,4.98778,3.61102
1426,4.33,3.612,299.89,0.458267,0.454997,-1,3.60716,nan,nan,nan,4.98777,3.61033
1427,4.3,3.613,299.89,0.458029,0.454756,-1,3.60661,nan,nan,nan,4.98777,3.61049
1428,4.77,3.606,299.891,0.457783,0.454508,-1,3.6008,nan,nan,nan,4.98777,3.60404
1429,4.57,3.605,299.891,0.457539,0.454261,-1,3.60308,nan,nan,nan,4.98776,3.60598
1430,4.41,3.61,299.892,0.45728,0.454001,-1,3.60354,nan,nan,nan,4.98776,3.60682
1431,4.45,3.607,299.893,0.45703,0.453748,-1,3.60264,nan,nan,nan,4.98776,3.60562
1432,4.37,3.605,299.893,0.456797,0.453514,-1,3.6037,nan,nan,nan,4.98775,3.60859
1433,4.46,3.606,299.892,0.45656,0.453275,-1,3.60229,nan,nan,nan,4.98775,3.60559
1434,4.73,3.604,299.894,0.456289,0.453001,-1,3.59894,nan,nan,nan,4.98775,3.60148
1435,4.21,3.61,299.894,0.456053,0.452764,-1,3.6043,nan,nan,nan,4.98775,3.60805
1436,3.78,3.616,299.893,0.455837,0.452545,-1,3.60939,nan,nan,nan,4.98774,3.61362
1437,3.34,3.616,299.892,0.455637,0.452343,-1,3.61492,nan,nan,nan,4.98774,3.61819
1438,3.49,3.623,299.889,0.455445,0.45215,-1,3.61395,nan,nan,nan,4.98774,3.61865
1439,4.1,3.61,299.887,0.455249,0.451951,-1,3.60806,nan,nan,nan,4.98774,3.611
1440,4.06,3.613,299.887,0.455018,0.451719,-1,3.60777,nan,nan,nan,4.98773,3.61173
1441,3.46,3.619,299.886,0.454797,0.451497,-1,3.61425,nan,nan,nan,4.98773,3.61653
1442,4.79,3.602,299.886,0.454565,0.451264,-1,3.59819,nan,nan,nan,4.98773,3.60144
1443,4.77,3.6,299.887,0.454304,0.451003,-1,3.5974,nan,nan,nan,4.98772,3.60169
1444,4.36,3.608,299.889,0.454034,0.450732,-1,3.60116,nan,nan,nan,4.98772,3.60433
1445,4.5,3.598,299.89,0.453772,0.450469,-1,3.59947,nan,nan,nan,4.98772,3.60217
1446,4.47,3.603,299.89,0.453526,0.450221,-1,3.59886,nan,nan,nan,4.98771,3.60234
1447,4.72,3.602,299.891,0.453274,0.449966,-1,3.59588,nan,nan,nan,4.98771,3.59947
1448,4.44,3.598,299.892,0.453013,0.449704,-1,3.5984,nan,nan,nan,4.98771,3.60177
1449,3.95,3.611,299.892,0.452784,0.449472,-1,3.60437,nan,nan,nan,4.9877,3.60836
1450,3.51,3.612,299.891,0.452575,0.44926,-1,3.60963,nan,nan,nan,4.9877,3.61288
1451,3.47,3.615,299.889,0.452384,0.449068,-1,3.61096,nan,nan,nan,4.9877,3.61236
1452,3.81,3.612,299.887,0.452183,0.448867,-1,3.60775,nan,nan,nan,4.9877,3.61198
1453,3.54,3.622,299.885,0.451981,0.448661,-1,3.61095,nan,nan,nan,4.98769,3.61576
1454,3.72,3.611,299.883,0.451789,0.448465,-1,3.60939,nan,nan,nan,4.98769,3.61193
1455,3.37,3.62,299.881,0.451596,0.448269,-1,3.61374,nan,nan,nan,4.98769,3.61652
1456,2.89,3.622,299.878,0.451421,0.448092,-1,3.61987,nan,nan,nan,4.98769,3.62208
1457,3.2,3.62,299.876,0.451249,0.447919,-1,3.61678,nan,nan,nan,4.98769,3.61881
1458,2.92,3.621,299.873,0.451066,0.447734,-1,3.61984,nan,nan,nan,4.98768,3.62424
1459,3.34,3.618,299.87,0.450898,0.447564,-1,3.61602,nan,nan,nan,4.98768,3.61882
1460,3.69,3.616,299.867,0.450717,0.447381,-1,3.61172,nan,nan,nan,4.98768,3.61507
1461,4.31,3.609,299.866,0.450513,0.447174,-1,3.60397,nan,nan,nan,4.98768,3.60817
1462,4.17,3.606,299.865,0.450284,0.446945,-1,3.60481,nan,nan,nan,4.98767,3.60854
1463,4.23,3.607,299.865,0.450043,0.446701,-1,3.60295,nan,nan,nan,4.98767,3.60658
1464,4.59,3.605,299.865,0.449805,0.446461,-1,3.59784,nan,nan,nan,4.98767,3.60131
1465,4.07,3.606,299.865,0.449579,0.446232,-1,3.60297,nan,nan,nan,4.98766,3.6077
1466,3.61,3.616,299.863,0.449377,0.446029,-1,3.60896,nan,nan,nan,4.98766,3.61247
1467,3.83,3.612,299.861,0.449181,0.445832,-1,3.6068,nan,nan,nan,4.98766,3.6102
1468,3.71,3.609,299.86,0.44896,0.445608,-1,3.60767,nan,nan,nan,4.98766,3.61042
1469,3.99,3.61,299.859,0.448747,0.445395,-1,3.60397,nan,nan,nan,4.98765,3.60814
1470,3.21,3.613,299.858,0.448545,0.445192,-1,3.61333,nan,nan,nan,4.98765,3.61582
1471,3.31,3.617,299.856,0.448357,0.445001,-1,3.61229,nan,nan,nan,4.98765,3.61528
1472,3.38,3.616,299.853,0.448168,0.44481,-1,3.6119,nan,nan,nan,4.98765,3.61554
1473,4.21,3.605,299.853,0.447949,0.44459,-1,3.60161,nan,nan,nan,4.98764,3.60458
1474,3.47,3.61,299.852,0.447716,0.444355,-1,3.60955,nan,nan,nan,4.98764,3.61264
1475,3.72,3.609,299.851,0.447509,0.444147,-1,3.60638,nan,nan,nan,4.98764,3.6102
1476,3.59,3.611,299.849,0.447313,0.443949,-1,3.60847,nan,nan,nan,4.98764,3.61091
1477,3.62,3.613,299.848,0.447115,0.443748,-1,3.60794,nan,nan,nan,4.98763,3.61192
1478,4,3.606,299.846,0.446909,0.44354,-1,3.60322,nan,nan,nan,4.98763,3.60592
1479,3.84,3.61,299.845,0.446693,0.443323,-1,3.60454,nan,nan,nan,4.98763,3.6077
1480,3.67,3.609,299.844,0.446486,0.443114,-1,3.60645,nan,nan,nan,4.98763,3.60909
1481,3.31,3.617,299.842,0.446295,0.442921,-1,3.61094,nan,nan,nan,4.98762,3.61414
1482,2.87,3.62,299.839,0.44614,0.442765,-1,3.61724,nan,nan,nan,4.98762,3.62126
1483,3.63,3.614,299.836,0.445969,0.442594,-1,3.60852,nan,nan,nan,4.98762,3.61255
1484,3.86,3.61,299.834,0.44578,0.442403,-1,3.60582,nan,nan,nan,4.98762,3.60972
1485,3.51,3.614,299.832,0.445577,0.442198,-1,3.60915,nan,nan,nan,4.98762,3.61195
1486,3.95,3.605,299.831,0.445366,0.441986,-1,3.60381,nan,nan,nan,4.98761,3.60715
1487,3.8,3.609,299.83,0.445151,0.441771,-1,3.60536,nan,nan,nan,4.98761,3.60894
1488,3.91,3.608,299.829,0.444937,0.441557,-1,3.60367,nan,nan,nan,4.98761,3.60774
1489,4.19,3.602,299.828,0.444726,0.441344,-1,3.59992,nan,nan,nan,4.9876,3.60299
1490,4.63,3.597,299.828,0.444483,0.4411,-1,3.59389,nan,nan,nan,4.9876,3.59692
1491,4.34,3.598,299.829,0.444231,0.440847,-1,3.59596,nan,nan,nan,4.9876,3.59967
1492,4.08,3.603,299.829,0.444,0.440614,-1,3.59882,nan,nan,nan,4.9876,3.60138
1493,4.39,3.593,299.829,0.443766,0.440379,-1,3.59491,nan,nan,nan,4.98759,3.59786
1494,3.44,3.605,299.828,0.443549,0.440158,-1,3.60521,nan,nan,nan,4.98759,3.60843
1495,3.39,3.614,299.827,0.443356,0.439962,-1,3.60643,nan,nan,nan,4.98759,3.61092
1496,3.01,3.618,299.824,0.44319,0.439794,-1,3.61185,nan,nan,nan,4.98759,3.61556
1497,2.88,3.613,299.82,0.443029,0.43963,-1,3.6139,nan,nan,nan,4.98758,3.61793
1498,3.44,3.609,299.818,0.442857,0.439457,-1,3.60776,nan,nan,nan,4.98758,3.61179
1499,3.23,3.613,299.816,0.442669,0.439265,-1,3.61055,nan,nan,nan,4.98758,3.61363
1500,4.99,3.59,299.814,0.442473,0.439067,-1,3.58978,nan,nan,nan,4.98758,3.59334
1501,5.21,3.589,299.816,0.442197,0.438788,-1,3.58524,nan,nan,nan,4.98757,3.58936
1502,5.86,3.579,299.819,0.441907,0.438497,-1,3.57556,nan,nan,nan,4.98757,3.57966
1503,4.15,3.599,299.823,0.441599,0.438185,-1,3.59391,nan,nan,nan,4.98757,3.5974
1504,3.67,3.605,299.822,0.441379,0.437964,-1,3.59945,nan,nan,nan,4.98756,3.60312
1505,3.7,3.602,299.821,0.441174,0.437756,-1,3.59969,nan,nan,nan,4.98756,3.6027
1506,3.79,3.6,299.82,0.440964,0.437545,-1,3.59858,nan,nan,nan,4.98756,3.6026
1507,3.49,3.607,299.819,0.440768,0.437347,-1,3.60291,nan,nan,nan,4.98756,3.60523
1508,3.68,3.602,299.817,0.440566,0.437144,-1,3.60098,nan,nan,nan,4.98755,3.60372
1509,3.98,3.6,299.817,0.440353,0.436931,-1,3.59709,nan,nan,nan,4.98755,3.60115
1510,3.77,3.602,299.817,0.440119,0.436694,-1,3.5991,nan,nan,nan,4.98755,3.60156
1511,3.98,3.594,299.816,0.439902,0.436476,-1,3.59656,nan,nan,nan,4.98755,3.59969
1512,4.53,3.594,299.816,0.439677,0.436249,-1,3.59025,nan,nan,nan,4.98754,3.59305
1513,4.43,3.591,299.816,0.439434,0.436004,-1,3.59063,nan,nan,nan,4.98754,3.59496
1514,3.56,3.606,299.815,0.439221,0.435789,-1,3.60077,nan,nan,nan,4.98754,3.60405
1515,3.27,3.609,299.814,0.439028,0.435595,-1,3.60417,nan,nan,nan,4.98753,3.60804
1516,4.18,3.598,299.813,0.438821,0.435387,-1,3.59378,nan,nan,nan,4.98753,3.59801
1517,4.17,3.6,299.812,0.438602,0.435165,-1,3.59358,nan,nan,nan,4.98753,3.59698
1518,3.83,3.599,299.811,0.438387,0.434947,-1,3.59775,nan,nan,nan,4.98753,3.60095
1519,3.28,3.61,299.81,0.43818,0.43474,-1,3.60383,nan,nan,nan,4.98752,3.60714
1520,3.27,3.611,299.808,0.438001,0.434559,-1,3.60423,nan,nan,nan,4.98752,3.6078
1521,2.9,3.613,299.806,0.437815,0.434372,-1,3.60921,nan,nan,nan,4.98752,3.61159
1522,3.18,3.608,299.804,0.437636,0.434192,-1,3.60638,nan,nan,nan,4.98752,3.61025
1523,3.85,3.603,299.802,0.437446,0.434001,-1,3.59871,nan,nan,nan,4.98752,3.60203
1524,3.76,3.605,299.801,0.437237,0.433789,-1,3.59913,nan,nan,nan,4.98751,3.60292
1525,3.95,3.601,299.8,0.437013,0.433564,-1,3.59669,nan,nan,nan,4.98751,3.59988
1526,4.46,3.595,299.8,0.436779,0.43333,-1,3.59013,nan,nan,nan,4.98751,3.59384
1527,4.23,3.594,299.801,0.43654,0.433088,-1,3.5915,nan,nan,nan,4.9875,3.59535
1528,4.21,3.591,299.801,0.436301,0.432849,-1,3.59078,nan,nan,nan,4.9875,3.59415
1529,3.97,3.603,299.801,0.436085,0.432632,-1,3.59339,nan,nan,nan,4.9875,3.59717
1530,3.89,3.599,299.8,0.435868,0.432412,-1,3.59518,nan,nan,nan,4.9875,3.59802
1531,3.85,3.598,299.799,0.435664,0.432206,-1,3.59535,nan,nan,nan,4.98749,3.59893
1532,4.28,3.596,299.799,0.435435,0.431975,-1,3.58987,nan,nan,nan,4.98749,3.59376
1533,4.11,3.597,299.798,0.435222,0.431761,-1,3.5919,nan,nan,nan,4.98749,3.59626
1534,4.61,3.588,299.798,0.434991,0.431528,-1,3.58557,nan,nan,nan,4.98749,3.58903
1535,4.5,3.593,299.799,0.434732,0.431268,-1,3.58629,nan,nan,nan,4.98748,3.59018
1536,3.89,3.596,299.8,0.434499,0.431032,-1,3.59281,nan,nan,nan,4.98748,3.5963
1537,4.03,3.595,299.8,0.434267,0.430799,-1,3.59066,nan,nan,nan,4.98748,3.59373
1538,4.03,3.595,299.8,0.434043,0.430574,-1,3.5907,nan,nan,nan,4.98747,3.59335
1539,3.82,3.596,299.799,0.433821,0.43035,-1,3.59263,nan,nan,nan,4.98747,3.59608
1540,3.84,3.595,299.799,0.433606,0.430134,-1,3.59232,nan,nan,nan,4.98747,3.59528
1541,4.86,3.586,299.8,0.433356,0.429882,-1,3.58022,nan,nan,nan,4.98747,3.58421
1542,4.36,3.588,299.801,0.433098,0.429623,-1,3.58547,nan,nan,nan,4.98746,3.58845
1543,4.14,3.592,299.802,0.432863,0.429387,-1,3.58794,nan,nan,nan,4.98746,3.5905
1544,3.84,3.594,299.801,0.432648,0.429171,-1,3.5908,nan,nan,nan,4.98746,3.59441
1545,3.99,3.596,299.8,0.432435,0.428957,-1,3.58974,nan,nan,nan,4.98745,3.59354
1546,4.35,3.59,299.8,0.432209,0.428729,-1,3.58573,nan,nan,nan,4.98745,3.58954
1547,4.36,3.585,299.801,0.43197,0.428488,-1,3.58536,nan,nan,nan,4.98745,3.58823
1548,4.02,3.589,299.802,0.431723,0.42824,-1,3.58768,nan,nan,nan,4.98745,3.59094
1549,4.11,3.59,299.802,0.431492,0.428009,-1,3.58712,nan,nan,nan,4.98744,3.5898
1550,3.95,3.591,299.801,0.431281,0.427795,-1,3.58937,nan,nan,nan,4.98744,3.59268
1551,4.19,3.587,299.801,0.431051,0.427565,-1,3.58587,nan,nan,nan,4.98744,3.58846
1552,4.65,3.581,299.802,0.430811,0.427323,-1,3.58075,nan,nan,nan,4.98743,3.58401
1553,4.4,3.587,299.803,0.430567,0.427077,-1,3.58282,nan,nan,nan,4.98743,3.58663
1554,3.69,3.597,299.803,0.43034,0.426846,-1,3.59081,nan,nan,nan,4.98743,3.59427
1555,3.65,3.597,299.801,0.430141,0.426646,-1,3.59168,nan,nan,nan,4.98743,3.59523
1556,3.86,3.595,299.801,0.429928,0.426432,-1,3.58954,nan,nan,nan,4.98742,3.59407
1557,3.71,3.597,299.8,0.429722,0.426223,-1,3.59173,nan,nan,nan,4.98742,3.59469
1558,3.51,3.597,299.799,0.429514,0.426013,-1,3.59356,nan,nan,nan,4.98742,3.5966
1559,4.02,3.588,299.798,0.429309,0.425806,-1,3.58789,nan,nan,nan,4.98742,3.59213
1560,4.16,3.585,299.798,0.429078,0.425574,-1,3.58601,nan,nan,nan,4.98741,3.58918
1561,4.24,3.589,299.798,0.428841,0.425334,-1,3.58455,nan,nan,nan,4.98741,3.58864
1562,3.88,3.589,299.798,0.428622,0.425114,-1,3.58839,nan,nan,nan,4.98741,3.59187
1563,3.9,3.591,299.797,0.428403,0.424893,-1,3.58833,nan,nan,nan,4.9874,3.59136
1564,4.13,3.59,299.797,0.428175,0.424663,-1,3.58509,nan,nan,nan,4.9874,3.58801
1565,3.77,3.592,299.797,0.427945,0.42443,-1,3.58875,nan,nan,nan,4.9874,3.59247
1566,3.49,3.596,299.796,0.427737,0.424221,-1,3.59243,nan,nan,nan,4.9874,3.59472
1567,4.01,3.591,299.796,0.427521,0.424005,-1,3.58672,nan,nan,nan,4.98739,3.59032
1568,4.22,3.588,299.795,0.427303,0.423783,-1,3.58372,nan,nan,nan,4.98739,3.58749
1569,3.54,3.594,299.795,0.427088,0.423568,-1,3.59106,nan,nan,nan,4.98739,3.5951
1570,4.42,3.586,299.794,0.426883,0.423362,-1,3.58223,nan,nan,nan,4.98739,3.58437
1571,4.41,3.581,299.795,0.426638,0.423115,-1,3.58103,nan,nan,nan,4.98738,3.58381
1572,4.72,3.581,299.796,0.42639,0.422864,-1,3.57649,nan,nan,nan,4.98738,3.58133
1573,4.61,3.58,299.797,0.42614,0.422612,-1,3.57686,nan,nan,nan,4.98738,3.58049
1574,4.1,3.589,299.797,0.425911,0.422382,-1,3.58264,nan,nan,nan,4.98737,3.58669
1575,4.11,3.586,299.797,0.425676,0.422144,-1,3.58247,nan,nan,nan,4.98737,3.58523
1576,3.51,3.595,299.797,0.425463,0.421931,-1,3.58937,nan,nan,nan,4.98737,3.59306
1577,4.14,3.584,299.795,0.425274,0.42174,-1,3.58294,nan,nan,nan,4.98737,3.58634
1578,4.6,3.581,299.795,0.425038,0.421503,-1,3.57725,nan,nan,nan,4.98736,3.58012
1579,4.6,3.581,299.797,0.424774,0.421237,-1,3.57637,nan,nan,nan,4.98736,3.57877
1580,4.93,3.577,299.798,0.424523,0.420984,-1,3.57168,nan,nan,nan,4.98736,3.57634
1581,3.75,3.589,299.799,0.424281,0.420739,-1,3.58482,nan,nan,nan,4.98736,3.58817
1582,3.45,3.592,299.798,0.424067,0.420523,-1,3.58892,nan,nan,nan,4.98735,3.59214
1583,3.89,3.588,299.797,0.423862,0.420318,-1,3.58438,nan,nan,nan,4.98735,3.58774
1584,3.87,3.584,299.797,0.423648,0.420102,-1,3.5847,nan,nan,nan,4.98735,3.58829
1585,3.7,3.59,299.796,0.423443,0.419895,-1,3.58697,nan,nan,nan,4.98734,3.58951
1586,3.35,3.594,299.795,0.423238,0.419689,-1,3.59107,nan,nan,nan,4.98734,3.59404
1587,4.06,3.587,299.794,0.423027,0.419476,-1,3.58259,nan,nan,nan,4.98734,3.5859
1588,4.41,3.582,299.794,0.422802,0.419249,-1,3.57808,nan,nan,nan,4.98734,3.58193
1589,3.84,3.589,299.794,0.422579,0.419024,-1,3.58403,nan,nan,nan,4.98733,3.58783
1590,3.64,3.593,299.792,0.422383,0.418828,-1,3.58724,nan,nan,nan,4.98733,3.5909
1591,4.01,3.586,299.792,0.422162,0.418606,-1,3.58268,nan,nan,nan,4.98733,3.58632
1592,4.47,3.582,299.792,0.421925,0.418366,-1,3.57691,nan,nan,nan,4.98733,3.57986
1593,4.2,3.583,299.793,0.421681,0.418121,-1,3.57887,nan,nan,nan,4.98732,3.58142
1594,4.44,3.581,299.794,0.421441,0.417881,-1,3.57616,nan,nan,nan,4.98732,3.57922
1595,5.06,3.57,299.795,0.421183,0.417622,-1,3.56779,nan,nan,nan,4.98732,3.57071
1596,4.46,3.578,299.797,0.420919,0.417357,-1,3.57411,nan,nan,nan,4.98731,3.57719
1597,4.2,3.578,299.798,0.420681,0.417117,-1,3.57681,nan,nan,nan,4.98731,3.57945
1598,4.37,3.58,299.798,0.420446,0.416881,-1,3.57477,nan,nan,nan,4.98731,3.57803
1599,3.93,3.584,299.798,0.420218,0.41665,-1,3.57987,nan,nan,nan,4.98731,3.58246
1600,4.24,3.578,299.799,0.419973,0.416403,-1,3.57548,nan,nan,nan,4.9873,3.57913
1601,4.13,3.581,299.799,0.419752,0.416181,-1,3.57685,nan,nan,nan,4.9873,3.58076
1602,4.26,3.578,299.8,0.419518,0.415945,-1,3.57549,nan,nan,nan,4.9873,3.57951
1603,4.11,3.578,299.8,0.419285,0.415709,-1,3.5772,nan,nan,nan,4.98729,3.58
1604,3.23,3.585,299.799,0.419081,0.415503,-1,3.58811,nan,nan,nan,4.98729,3.59091
1605,3.2,3.589,299.797,0.418898,0.415317,-1,3.58909,nan,nan,nan,4.98729,3.59187
1606,3.65,3.584,299.795,0.418704,0.415121,-1,3.58393,nan,nan,nan,4.98729,3.58632
1607,3.94,3.583,299.794,0.4185,0.414917,-1,3.58104,nan,nan,nan,4.98729,3.58381
1608,4.19,3.583,299.795,0.418269,0.414684,-1,3.57744,nan,nan,nan,4.98728,3.58066
1609,4.3,3.577,299.795,0.418029,0.414442,-1,3.57546,nan,nan,nan,4.98728,3.57778
1610,4.35,3.578,299.796,0.417777,0.414189,-1,3.57428,nan,nan,nan,4.98728,3.57837
1611,4.21,3.577,299.797,0.417545,0.413953,-1,3.57558,nan,nan,nan,4.98727,3.57894
1612,4.98,3.571,299.799,0.417276,0.413683,-1,3.56583,nan,nan,nan,4.98727,3.56877
1613,4.93,3.565,299.802,0.416992,0.413397,-1,3.56537,nan,nan,nan,4.98727,3.56821
1614,4.5,3.573,299.803,0.416746,0.413148,-1,3.56945,nan,nan,nan,4.98726,3.57359
1615,4.08,3.578,299.803,0.416515,0.412914,-1,3.57433,nan,nan,nan,4.98726,3.57778
1616,4.34,3.574,299.804,0.416278,0.412675,-1,3.5715,nan,nan,nan,4.98726,3.5749
1617,4.97,3.565,299.805,0.416023,0.412418,-1,3.56369,nan,nan,nan,4.98726,3.5685
1618,4.13,3.578,299.806,0.415778,0.412169,-1,3.5731,nan,nan,nan,4.98725,3.57686
1619,4.51,3.57,299.806,0.415551,0.411942,-1,3.56893,nan,nan,nan,4.98725,3.5722
1620,5.92,3.556,299.808,0.415286,0.411675,-1,3.55197,nan,nan,nan,4.98725,3.55481
1621,5.37,3.56,299.812,0.414981,0.411369,-1,3.55684,nan,nan,nan,4.98724,3.56038
1622,5.32,3.559,299.817,0.414677,0.411061,-1,3.55673,nan,nan,nan,4.98724,3.55957
1623,3.9,3.575,299.821,0.414375,0.410759,-1,3.57136,nan,nan,nan,4.98724,3.57436
1624,4.14,3.574,299.82,0.414155,0.410538,-1,3.56949,nan,nan,nan,4.98723,3.57312
1625,4.18,3.574,299.82,0.413937,0.410317,-1,3.56988,nan,nan,nan,4.98723,3.5725
1626,4.81,3.566,299.822,0.413682,0.410061,-1,3.5631,nan,nan,nan,4.98723,3.56568
1627,3.65,3.578,299.822,0.413444,0.409821,-1,3.57613,nan,nan,nan,4.98722,3.57933
1628,3.39,3.586,299.821,0.413257,0.409632,-1,3.57984,nan,nan,nan,4.98722,3.583
1629,3.27,3.585,299.819,0.413072,0.409446,-1,3.58245,nan,nan,nan,4.98722,3.58721
1630,3.4,3.59,299.817,0.412883,0.409255,-1,3.58177,nan,nan,nan,4.98722,3.58479
1631,3.33,3.587,299.815,0.41269,0.409061,-1,3.58271,nan,nan,nan,4.98722,3.586
1632,3.11,3.592,299.813,0.412516,0.408884,-1,3.58608,nan,nan,nan,4.98721,3.58981
1633,3.93,3.579,299.811,0.412339,0.408705,-1,3.57712,nan,nan,nan,4.98721,3.58004
1634,4.05,3.578,299.81,0.412114,0.40848,-1,3.57539,nan,nan,nan,4.98721,3.57901
1635,4.01,3.581,299.81,0.411886,0.408249,-1,3.5747,nan,nan,nan,4.98721,3.5791
1636,3.97,3.578,299.809,0.411678,0.408038,-1,3.57542,nan,nan,nan,4.9872,3.5787
1637,4.27,3.574,299.809,0.41146,0.40782,-1,3.57168,nan,nan,nan,4.9872,3.57522
1638,4.42,3.569,299.81,0.411217,0.407574,-1,3.56879,nan,nan,nan,4.9872,3.5723
1639,4.13,3.577,299.81,0.410989,0.407345,-1,3.57229,nan,nan,nan,4.9872,3.57543
1640,3.65,3.583,299.809,0.410782,0.407136,-1,3.57741,nan,nan,nan,4.98719,3.58099
1641,3.56,3.584,299.808,0.41058,0.406932,-1,3.57887,nan,nan,nan,4.98719,3.58258
1642,3.81,3.58,299.806,0.410386,0.406736,-1,3.57661,nan,nan,nan,4.98719,3.5812
1643,4.32,3.572,299.806,0.410168,0.406513,-1,3.57013,nan,nan,nan,4.98719,3.57323
1644,3.61,3.583,299.805,0.409947,0.406287,-1,3.57815,nan,nan,nan,4.98718,3.5818
1645,3.77,3.581,299.804,0.409739,0.406079,-1,3.57606,nan,nan,nan,4.98718,3.57996
1646,3.61,3.582,299.804,0.409525,0.405862,-1,3.57771,nan,nan,nan,4.98718,3.58159
1647,3.79,3.575,299.803,0.409311,0.405646,-1,3.57546,nan,nan,nan,4.98718,3.57774
1648,3.93,3.577,299.802,0.409104,0.405438,-1,3.57362,nan,nan,nan,4.98717,3.57758
1649,4.6,3.569,299.802,0.408871,0.405203,-1,3.56606,nan,nan,nan,4.98717,3.56861
1650,4.23,3.569,299.803,0.408638,0.404967,-1,3.56937,nan,nan,nan,4.98717,3.5725
1651,4.6,3.568,299.802,0.408415,0.404743,-1,3.5653,nan,nan,nan,4.98716,3.56845
1652,4.63,3.57,299.804,0.408162,0.404487,-1,3.56316,nan,nan,nan,4.98716,3.56618
1653,4.45,3.569,299.806,0.407895,0.404219,-1,3.56497,nan,nan,nan,4.98716,3.56805
1654,4.81,3.562,299.807,0.407644,0.403965,-1,3.5601,nan,nan,nan,4.98716,3.56324
1655,4.57,3.564,299.809,0.407383,0.403704,-1,3.56238,nan,nan,nan,4.98715,3.56503
1656,4.76,3.562,299.811,0.407118,0.403438,-1,3.55983,nan,nan,nan,4.98715,3.56282
1657,4.61,3.566,299.813,0.406857,0.403175,-1,3.56086,nan,nan,nan,4.98715,3.56295
1658,4.56,3.564,299.814,0.406603,0.402919,-1,3.5608,nan,nan,nan,4.98714,3.56458
1659,3.94,3.574,299.814,0.406376,0.402689,-1,3.56785,nan,nan,nan,4.98714,3.57137
1660,3.78,3.574,299.814,0.406164,0.402476,-1,3.57059,nan,nan,nan,4.98714,3.57413
1661,3.74,3.576,299.812,0.405964,0.402274,-1,3.57149,nan,nan,nan,4.98714,3.57428
1662,4.26,3.566,299.812,0.405743,0.402049,-1,3.56545,nan,nan,nan,4.98713,3.56959
1663,3.2,3.582,299.811,0.405551,0.401856,-1,3.57828,nan,nan,nan,4.98713,3.58171
1664,3.35,3.579,299.809,0.405367,0.401671,-1,3.57734,nan,nan,nan,4.98713,3.58076
1665,3.96,3.573,299.807,0.405169,0.40147,-1,3.57026,nan,nan,nan,4.98713,3.57438
1666,4.16,3.571,299.807,0.404951,0.401251,-1,3.56794,nan,nan,nan,4.98712,3.57174
1667,3.43,3.58,299.806,0.404742,0.40104,-1,3.57594,nan,nan,nan,4.98712,3.57854
1668,4.03,3.573,299.805,0.404542,0.400841,-1,3.56941,nan,nan,nan,4.98712,3.573
1669,3.59,3.577,299.804,0.404329,0.400625,-1,3.57417,nan,nan,nan,4.98712,3.57755
1670,3.62,3.581,299.803,0.404129,0.400425,-1,3.57386,nan,nan,nan,4.98711,3.57751
1671,4.22,3.571,299.803,0.403906,0.4002,-1,3.56731,nan,nan,nan,4.98711,3.56935
1672,4.41,3.571,299.804,0.403659,0.399953,-1,3.56358,nan,nan,nan,4.98711,3.56737
1673,3.99,3.574,299.803,0.403434,0.399727,-1,3.5686,nan,nan,nan,4.98711,3.57149
1674,4.38,3.565,299.803,0.403218,0.399509,-1,3.56422,nan,nan,nan,4.9871,3.56627
1675,4.18,3.567,299.803,0.402992,0.399281,-1,3.56588,nan,nan,nan,4.9871,3.56919
1676,4.23,3.57,299.803,0.402759,0.399045,-1,3.56473,nan,nan,nan,4.9871,3.56888
1677,3.8,3.576,299.803,0.402547,0.398831,-1,3.56937,nan,nan,nan,4.98709,3.57416
1678,3.69,3.571,299.801,0.402348,0.39863,-1,3.57147,nan,nan,nan,4.98709,3.57512
1679,4.17,3.571,299.801,0.402133,0.398415,-1,3.56573,nan,nan,nan,4.98709,3.56932
1680,4.82,3.559,299.802,0.401886,0.398165,-1,3.55748,nan,nan,nan,4.98709,3.56079
1681,4.54,3.566,299.803,0.401627,0.397905,-1,3.56006,nan,nan,nan,4.98708,3.56443
1682,4.94,3.56,299.805,0.401362,0.397638,-1,3.55452,nan,nan,nan,4.98708,3.55812
1683,4.89,3.557,299.807,0.401101,0.397376,-1,3.55367,nan,nan,nan,4.98708,3.55708
1684,4.22,3.563,299.808,0.400862,0.397136,-1,3.56163,nan,nan,nan,4.98707,3.56476
1685,4.94,3.553,299.809,0.400608,0.396881,-1,3.55258,nan,nan,nan,4.98707,3.55591
1686,3.82,3.571,299.81,0.400366,0.396636,-1,3.56522,nan,nan,nan,4.98707,3.56935
1687,3.91,3.567,299.81,0.400154,0.396423,-1,3.56535,nan,nan,nan,4.98707,3.56772
1688,4.24,3.564,299.809,0.399933,0.396201,-1,3.56113,nan,nan,nan,4.98706,3.56518
1689,3.44,3.576,299.809,0.399716,0.395981,-1,3.5707,nan,nan,nan,4.98706,3.57418
1690,3.44,3.578,299.807,0.399537,0.395801,-1,3.57191,nan,nan,nan,4.98706,3.5754
1691,3.41,3.572,299.806,0.399336,0.395599,-1,3.57256,nan,nan,nan,4.98706,3.57502
1692,3.23,3.578,299.804,0.399155,0.395418,-1,3.57503,nan,nan,nan,4.98705,3.5777
1693,3.61,3.575,299.802,0.398972,0.395233,-1,3.57131,nan,nan,nan,4.98705,3.57474
1694,4.32,3.566,299.801,0.398769,0.395028,-1,3.56253,nan,nan,nan,4.98705,3.56608
1695,3.86,3.57,299.801,0.398546,0.394803,-1,3.56705,nan,nan,nan,4.98705,3.57086
1696,3.61,3.574,299.799,0.398342,0.394598,-1,3.57086,nan,nan,nan,4.98704,3.57419
1697,3.88,3.568,299.798,0.39814,0.394395,-1,3.56696,nan,nan,nan,4.98704,3.57079
1698,4.03,3.569,299.798,0.397927,0.394181,-1,3.56506,nan,nan,nan,4.98704,3.56881
1699,4.27,3.564,299.798,0.397687,0.393938,-1,3.56191,nan,nan,nan,4.98704,3.56513
1700,3.86,3.57,299.797,0.39748,0.393729,-1,3.56651,nan,nan,nan,4.98703,3.56976
1701,4.07,3.567,299.797,0.397252,0.3935,-1,3.56358,nan,nan,nan,4.98703,3.56644
1702,4.67,3.562,299.798,0.397006,0.393252,-1,3.55602,nan,nan,nan,4.98703,3.55885
1703,4.42,3.56,299.8,0.396739,0.392984,-1,3.55781,nan,nan,nan,4.98703,3.56133
1704,4.02,3.565,299.801,0.396506,0.392749,-1,3.5617,nan,nan,nan,4.98702,3.56468
1705,4.57,3.556,299.801,0.396277,0.39252,-1,3.55503,nan,nan,nan,4.98702,3.55815
1706,4,3.563,299.802,0.396039,0.39228,-1,3.56124,nan,nan,nan,4.98702,3.56387
1707,4.24,3.563,299.802,0.395803,0.392042,-1,3.55826,nan,nan,nan,4.98701,3.56176
1708,4.3,3.561,299.802,0.395577,0.391815,-1,3.55812,nan,nan,nan,4.98701,3.56164
1709,3.76,3.571,299.802,0.395349,0.391586,-1,3.56366,nan,nan,nan,4.98701,3.56792
1710,4.4,3.56,299.802,0.39513,0.391366,-1,3.55658,nan,nan,nan,4.98701,3.56037
1711,4.29,3.56,299.803,0.394897,0.391132,-1,3.55807,nan,nan,nan,4.987,3.56134
1712,4.01,3.567,299.803,0.394665,0.390898,-1,3.56088,nan,nan,nan,4.987,3.56407
1713,4.03,3.557,299.803,0.394436,0.390668,-1,3.56068,nan,nan,nan,4.987,3.56227
1714,3.87,3.567,299.803,0.394205,0.390437,-1,3.56226,nan,nan,nan,4.987,3.5644
1715,3.74,3.567,299.803,0.39398,0.390211,-1,3.56339,nan,nan,nan,4.98699,3.56638
1716,3.64,3.568,299.802,0.393784,0.390013,-1,3.56492,nan,nan,nan,4.98699,3.56921
1717,4.06,3.566,299.801,0.393575,0.389802,-1,3.56031,nan,nan,nan,4.98699,3.56434
1718,3.86,3.566,299.801,0.393361,0.389587,-1,3.56262,nan,nan,nan,4.98699,3.5661
1719,3.13,3.572,299.8,0.393162,0.389386,-1,3.57147,nan,nan,nan,4.98698,3.57484
1720,3.01,3.582,299.797,0.392993,0.389217,-1,3.57379,nan,nan,nan,4.98698,3.57711
1721,2.93,3.574,299.794,0.39283,0.389053,-1,3.57546,nan,nan,nan,4.98698,3.57823
1722,2.69,3.578,299.792,0.392665,0.388887,-1,3.57885,nan,nan,nan,4.98698,3.58204
1723,3.56,3.571,299.789,0.392497,0.388717,-1,3.56899,nan,nan,nan,4.98698,3.5724
1724,3.37,3.574,299.787,0.392315,0.388534,-1,3.57098,nan,nan,nan,4.98697,3.57566
1725,3.27,3.577,299.785,0.392131,0.388348,-1,3.57265,nan,nan,nan,4.98697,3.57635
1726,3.94,3.564,299.783,0.391938,0.388153,-1,3.5644,nan,nan,nan,4.98697,3.56791
1727,3.33,3.574,299.782,0.391734,0.387946,-1,3.57084,nan,nan,nan,4.98697,3.57386
1728,3.4,3.579,299.781,0.391545,0.387757,-1,3.57021,nan,nan,nan,4.98696,3.57391
1729,3.28,3.572,299.779,0.391359,0.38757,-1,3.57152,nan,nan,nan,4.98696,3.57408
1730,3.54,3.575,299.777,0.39117,0.38738,-1,3.56842,nan,nan,nan,4.98696,3.57246
1731,3.99,3.566,299.776,0.390956,0.387162,-1,3.56262,nan,nan,nan,4.98696,3.56512
1732,4.21,3.561,299.776,0.390732,0.386936,-1,3.55903,nan,nan,nan,4.98695,3.56284
1733,4.46,3.561,299.777,0.390485,0.386689,-1,3.55528,nan,nan,nan,4.98695,3.55868
1734,5.01,3.551,299.779,0.390225,0.386428,-1,3.54785,nan,nan,nan,4.98695,3.5522
1735,3.72,3.564,299.78,0.389989,0.38619,-1,3.56191,nan,nan,nan,4.98695,3.56459
1736,3.21,3.57,299.779,0.389782,0.385982,-1,3.56821,nan,nan,nan,4.98694,3.57176
1737,3.02,3.577,299.776,0.389622,0.385819,-1,3.57129,nan,nan,nan,4.98694,3.57591
1738,2.84,3.578,299.774,0.389453,0.385648,-1,3.57411,nan,nan,nan,4.98694,3.57751
1739,3.22,3.573,299.771,0.38929,0.385484,-1,3.57042,nan,nan,nan,4.98694,3.57349
1740,4.04,3.565,299.769,0.389113,0.385304,-1,3.56092,nan,nan,nan,4.98694,3.56407
1741,4.16,3.56,299.769,0.388893,0.385082,-1,3.55883,nan,nan,nan,4.98693,3.56245
1742,5.22,3.549,299.77,0.388635,0.384821,-1,3.54515,nan,nan,nan,4.98693,3.54819
1743,3.04,3.572,299.772,0.388365,0.384547,-1,3.56899,nan,nan,nan,4.98693,3.57111
1744,3.91,3.566,299.771,0.388168,0.384349,-1,3.55949,nan,nan,nan,4.98692,3.56232
1745,4.22,3.559,299.772,0.387932,0.384112,-1,3.55556,nan,nan,nan,4.98692,3.55909
1746,4.03,3.56,299.772,0.387717,0.383894,-1,3.55773,nan,nan,nan,4.98692,3.56176
1747,4.73,3.554,299.772,0.387476,0.383652,-1,3.54842,nan,nan,nan,4.98692,3.55169
1748,4.31,3.556,299.775,0.387209,0.383384,-1,3.55243,nan,nan,nan,4.98691,3.55627
1749,3.61,3.566,299.775,0.386987,0.38316,-1,3.56079,nan,nan,nan,4.98691,3.56349
1750,3.59,3.562,299.773,0.386792,0.382964,-1,3.56111,nan,nan,nan,4.98691,3.56537
1751,3.55,3.564,299.772,0.386596,0.382766,-1,3.5626,nan,nan,nan,4.98691,3.56576
1752,3.72,3.563,299.771,0.386392,0.382562,-1,3.56015,nan,nan,nan,4.9869,3.56341
1753,4.43,3.553,299.771,0.386169,0.382337,-1,3.55215,nan,nan,nan,4.9869,3.55547
1754,3.89,3.562,299.772,0.385937,0.382105,-1,3.55754,nan,nan,nan,4.9869,3.56154
1755,4.37,3.551,299.772,0.385714,0.381879,-1,3.55167,nan,nan,nan,4.9869,3.55456
1756,4.39,3.557,299.772,0.385483,0.381645,-1,3.55091,nan,nan,nan,4.98689,3.554
1757,4.98,3.552,299.774,0.385226,0.381386,-1,3.54324,nan,nan,nan,4.98689,3.54861
1758,3.92,3.56,299.775,0.384986,0.381142,-1,3.55588,nan,nan,nan,4.98689,3.55779
1759,3.4,3.565,299.773,0.38479,0.380945,-1,3.56159,nan,nan,nan,4.98689,3.56533
1760,3.83,3.56,299.773,0.384589,0.380741,-1,3.55709,nan,nan,nan,4.98688,3.56044
1761,3.83,3.563,299.772,0.384371,0.380523,-1,3.55703,nan,nan,nan,4.98688,3.56111
1762,4.63,3.552,299.772,0.384147,0.380297,-1,3.54741,nan,nan,nan,4.98688,3.55119
1763,4.13,3.554,299.773,0.38392,0.38007,-1,3.55329,nan,nan,nan,4.98688,3.55697
1764,3.94,3.557,299.773,0.38369,0.379837,-1,3.55447,nan,nan,nan,4.98687,3.55786
1765,3.88,3.559,299.773,0.383465,0.379612,-1,3.55524,nan,nan,nan,4.98687,3.55933
1766,4.09,3.554,299.773,0.383239,0.379383,-1,3.55286,nan,nan,nan,4.98687,3.55558
1767,3.88,3.557,299.773,0.38302,0.379163,-1,3.55547,nan,nan,nan,4.98686,3.55903
1768,3.6,3.561,299.772,0.382812,0.378954,-1,3.55863,nan,nan,nan,4.98686,3.56172
1769,3.67,3.56,299.772,0.382608,0.378749,-1,3.55793,nan,nan,nan,4.98686,3.56122
1770,3.29,3.565,299.771,0.3824,0.37854,-1,3.56226,nan,nan,nan,4.98686,3.56481
1771,2.95,3.567,299.769,0.382212,0.378349,-1,3.5666,nan,nan,nan,4.98686,3.56904
1772,3.02,3.571,299.767,0.382049,0.378185,-1,3.56672,nan,nan,nan,4.98685,3.56945
1773,2.58,3.575,299.764,0.381894,0.378029,-1,3.57261,nan,nan,nan,4.98685,3.57626
1774,2.85,3.574,299.76,0.381751,0.377885,-1,3.57042,nan,nan,nan,4.98685,3.5731
1775,3.69,3.567,299.758,0.381575,0.37771,-1,3.56083,nan,nan,nan,4.98685,3.56455
1776,3.45,3.568,299.757,0.381379,0.377513,-1,3.56322,nan,nan,nan,4.98685,3.56678
1777,4.01,3.561,299.756,0.381173,0.377305,-1,3.55636,nan,nan,nan,4.98684,3.55946
1778,4.91,3.554,299.756,0.38094,0.377069,-1,3.54458,nan,nan,nan,4.98684,3.54904
1779,5.26,3.543,299.759,0.380671,0.376798,-1,3.53875,nan,nan,nan,4.98684,3.543
1780,5.02,3.54,299.762,0.380387,0.376512,-1,3.53997,nan,nan,nan,4.98683,3.54328
1781,4.56,3.542,299.764,0.38011,0.376232,-1,3.54398,nan,nan,nan,4.98683,3.54755
1782,3.73,3.562,299.765,0.379886,0.376008,-1,3.55384,nan,nan,nan,4.98683,3.55726
1783,3.01,3.567,299.764,0.379686,0.375807,-1,3.56256,nan,nan,nan,4.98683,3.56579
1784,3.47,3.559,299.762,0.37951,0.37563,-1,3.55824,nan,nan,nan,4.98682,3.56117
1785,3.71,3.556,299.761,0.379299,0.375417,-1,3.55526,nan,nan,nan,4.98682,3.55839
1786,4.53,3.547,299.761,0.379088,0.375204,-1,3.54563,nan,nan,nan,4.98682,3.54856
1787,3.89,3.559,299.761,0.378856,0.374971,-1,3.55293,nan,nan,nan,4.98682,3.55693
1788,4.11,3.552,299.761,0.378632,0.374744,-1,3.54985,nan,nan,nan,4.98681,3.55286
1789,3.42,3.561,299.761,0.37842,0.374531,-1,3.55784,nan,nan,nan,4.98681,3.56117
1790,4.15,3.552,299.76,0.378209,0.374318,-1,3.54937,nan,nan,nan,4.98681,3.55345
1791,4.04,3.552,299.761,0.377976,0.374083,-1,3.55049,nan,nan,nan,4.98681,3.55354
1792,3.24,3.563,299.76,0.37777,0.373876,-1,3.55959,nan,nan,nan,4.9868,3.56309
1793,3.39,3.564,299.759,0.37758,0.373685,-1,3.55806,nan,nan,nan,4.9868,3.56089
1794,3.72,3.557,299.758,0.377374,0.373477,-1,3.55472,nan,nan,nan,4.9868,3.55706
1795,3.47,3.56,299.757,0.377165,0.373268,-1,3.55732,nan,nan,nan,4.9868,3.56088
1796,3.65,3.559,299.757,0.376952,0.373052,-1,3.55495,nan,nan,nan,4.98679,3.55855
1797,4.13,3.551,299.757,0.376737,0.372834,-1,3.54963,nan,nan,nan,4.98679,3.55244
1798,3.86,3.556,299.756,0.376521,0.372615,-1,3.55191,nan,nan,nan,4.98679,3.55555
1799,4.98,3.543,299.757,0.376283,0.372376,-1,3.53845,nan,nan,nan,4.98679,3.54278
1800,5.47,3.533,299.761,0.375982,0.372073,-1,3.53048,nan,nan,nan,4.98678,3.53482
1801,4.87,3.542,299.764,0.375703,0.371792,-1,3.53671,nan,nan,nan,4.98678,3.54033
1802,4.9,3.542,299.767,0.375435,0.371522,-1,3.53546,nan,nan,nan,4.98678,3.53968
1803,4.73,3.541,299.769,0.375175,0.371259,-1,3.53713,nan,nan,nan,4.98677,3.54122
1804,4.56,3.544,299.77,0.374925,0.371008,-1,3.53872,nan,nan,nan,4.98677,3.54294
1805,4.31,3.546,299.772,0.374682,0.370764,-1,3.54131,nan,nan,nan,4.98677,3.54529
1806,4.04,3.549,299.772,0.374462,0.370543,-1,3.54507,nan,nan,nan,4.98676,3.54904
1807,3.86,3.55,299.772,0.37424,0.370319,-1,3.547,nan,nan,nan,4.98676,3.55108
1808,3.35,3.556,299.771,0.374048,0.370125,-1,3.55401,nan,nan,nan,4.98676,3.55738
1809,3.38,3.557,299.769,0.373861,0.369936,-1,3.55427,nan,nan,nan,4.98676,3.5566
1810,4.04,3.549,299.768,0.373651,0.369726,-1,3.54671,nan,nan,nan,4.98676,3.5505
1811,3.95,3.551,299.769,0.373417,0.369491,-1,3.54745,nan,nan,nan,4.98675,3.55104
1812,3.75,3.556,299.769,0.373196,0.369268,-1,3.54985,nan,nan,nan,4.98675,3.55282
1813,4.57,3.546,299.77,0.372963,0.369034,-1,3.53946,nan,nan,nan,4.98675,3.54388
1814,4.84,3.54,299.771,0.372716,0.368787,-1,3.53609,nan,nan,nan,4.98674,3.53964
1815,3.95,3.55,299.772,0.372475,0.368543,-1,3.546,nan,nan,nan,4.98674,3.54944
1816,4.44,3.544,299.773,0.372237,0.368302,-1,3.54008,nan,nan,nan,4.98674,3.543
1817,3.97,3.55,299.773,0.372015,0.368081,-1,3.54535,nan,nan,nan,4.98674,3.54836
1818,3.73,3.552,299.772,0.371807,0.367873,-1,3.54862,nan,nan,nan,4.98673,3.55248
1819,4.07,3.547,299.772,0.3716,0.367664,-1,3.5446,nan,nan,nan,4.98673,3.54863
1820,4.15,3.548,299.772,0.371366,0.367427,-1,3.54371,nan,nan,nan,4.98673,3.54672
1821,3.47,3.553,299.771,0.371165,0.367223,-1,3.55137,nan,nan,nan,4.98673,3.55412
1822,4.62,3.544,299.771,0.37094,0.366998,-1,3.53794,nan,nan,nan,4.98672,3.54152
1823,4.45,3.541,299.773,0.370684,0.36674,-1,3.53849,nan,nan,nan,4.98672,3.54267
1824,4.74,3.534,299.775,0.370435,0.366488,-1,3.53502,nan,nan,nan,4.98672,3.53904
1825,4.33,3.541,299.776,0.370189,0.366241,-1,3.53927,nan,nan,nan,4.98672,3.54233
1826,4.23,3.543,299.776,0.369962,0.366012,-1,3.54089,nan,nan,nan,4.98671,3.54379
1827,4.48,3.541,299.777,0.369716,0.365764,-1,3.53716,nan,nan,nan,4.98671,3.54059
1828,4.15,3.548,299.778,0.369489,0.365535,-1,3.54068,nan,nan,nan,4.98671,3.54475
1829,3.76,3.55,299.778,0.36927,0.365314,-1,3.54531,nan,nan,nan,4.9867,3.54975
1830,3.56,3.549,299.777,0.369066,0.36511,-1,3.54833,nan,nan,nan,4.9867,3.55085
1831,3.6,3.548,299.776,0.368855,0.364898,-1,3.54783,nan,nan,nan,4.9867,3.55122
1832,4.38,3.539,299.776,0.368641,0.364681,-1,3.5386,nan,nan,nan,4.9867,3.54207
1833,4.37,3.541,299.776,0.36841,0.36445,-1,3.53896,nan,nan,nan,4.98669,3.54171
1834,3.79,3.549,299.777,0.368177,0.364216,-1,3.54513,nan,nan,nan,4.98669,3.54812
1835,4.67,3.54,299.778,0.367943,0.363981,-1,3.53429,nan,nan,nan,4.98669,3.5382
1836,4.97,3.533,299.78,0.367683,0.36372,-1,3.53044,nan,nan,nan,4.98669,3.5336
1837,4.99,3.532,299.782,0.367415,0.363452,-1,3.5294,nan,nan,nan,4.98668,3.53266
1838,4.51,3.54,299.784,0.367154,0.363189,-1,3.53424,nan,nan,nan,4.98668,3.53706
1839,3.61,3.549,299.784,0.366925,0.362958,-1,3.54414,nan,nan,nan,4.98668,3.54837
1840,3.95,3.537,299.784,0.366714,0.362744,-1,3.54072,nan,nan,nan,4.98668,3.54352
1841,3.62,3.547,299.784,0.366495,0.362523,-1,3.54509,nan,nan,nan,4.98667,3.54809
1842,4.08,3.541,299.784,0.366283,0.362309,-1,3.53982,nan,nan,nan,4.98667,3.54373
1843,3.4,3.552,299.783,0.366074,0.362097,-1,3.54775,nan,nan,nan,4.98667,3.55154
1844,2.99,3.561,299.781,0.365899,0.36192,-1,3.55313,nan,nan,nan,4.98667,3.55708
1845,3.98,3.546,299.78,0.365702,0.361723,-1,3.54239,nan,nan,nan,4.98666,3.54573
1846,3.52,3.546,299.779,0.365492,0.361512,-1,3.54775,nan,nan,nan,4.98666,3.55033
1847,3.38,3.554,299.777,0.365308,0.361326,-1,3.54947,nan,nan,nan,4.98666,3.55297
1848,3.82,3.551,299.777,0.365096,0.361112,-1,3.54408,nan,nan,nan,4.98666,3.54896
1849,3.86,3.546,299.776,0.364894,0.360908,-1,3.54348,nan,nan,nan,4.98665,3.54707
1850,3.49,3.552,299.775,0.364692,0.360703,-1,3.54786,nan,nan,nan,4.98665,3.551
1851,3.37,3.556,299.774,0.364502,0.360512,-1,3.54966,nan,nan,nan,4.98665,3.55359
1852,2.95,3.56,299.771,0.364325,0.360333,-1,3.55488,nan,nan,nan,4.98665,3.55836
1853,3.64,3.55,299.77,0.36414,0.360147,-1,3.54637,nan,nan,nan,4.98665,3.55085
1854,4.29,3.545,299.769,0.363928,0.359933,-1,3.53876,nan,nan,nan,4.98664,3.54285
1855,4.11,3.544,299.77,0.363694,0.359697,-1,3.54043,nan,nan,nan,4.98664,3.54358
1856,3.7,3.551,299.769,0.363488,0.359488,-1,3.5446,nan,nan,nan,4.98664,3.54869
1857,3.7,3.55,299.768,0.363287,0.359286,-1,3.54455,nan,nan,nan,4.98664,3.54814
1858,4.04,3.545,299.767,0.363076,0.359074,-1,3.54078,nan,nan,nan,4.98663,3.54492
1859,3.38,3.552,299.766,0.362893,0.358888,-1,3.54856,nan,nan,nan,4.98663,3.55239
1860,4.55,3.539,299.764,0.362705,0.358698,-1,3.53498,nan,nan,nan,4.98663,3.53889
1861,6.25,3.516,299.767,0.362417,0.358409,-1,3.51349,nan,nan,nan,4.98663,3.51733
1862,5.53,3.52,299.774,0.362075,0.358066,-1,3.51923,nan,nan,nan,4.98662,3.52192
1863,4.48,3.533,299.778,0.36177,0.357758,-1,3.52986,nan,nan,nan,4.98662,3.53328
1864,3.94,3.539,299.779,0.361546,0.357531,-1,3.53625,nan,nan,nan,4.98662,3.5397
1865,3.97,3.543,299.779,0.361332,0.357315,-1,3.53657,nan,nan,nan,4.98661,3.54001
1866,3.7,3.544,299.779,0.361104,0.357086,-1,3.53948,nan,nan,nan,4.98661,3.54211
1867,3.38,3.55,299.778,0.360916,0.356897,-1,3.54383,nan,nan,nan,4.98661,3.54829
1868,3.54,3.545,299.776,0.36073,0.35671,-1,3.54282,nan,nan,nan,4.98661,3.54655
1869,3.6,3.546,299.775,0.360533,0.356513,-1,3.54299,nan,nan,nan,4.9866,3.54562
1870,4.09,3.546,299.775,0.360316,0.356294,-1,3.53679,nan,nan,nan,4.9866,3.54097
1871,3.57,3.545,299.775,0.36009,0.356067,-1,3.54232,nan,nan,nan,4.9866,3.54693
1872,4.09,3.541,299.774,0.359888,0.355861,-1,3.53641,nan,nan,nan,4.9866,3.54065
1873,4.53,3.537,299.774,0.359659,0.35563,-1,3.53109,nan,nan,nan,4.98659,3.53411
1874,3.78,3.543,299.775,0.359426,0.355397,-1,3.53947,nan,nan,nan,4.98659,3.54241
1875,3.65,3.545,299.774,0.359225,0.355194,-1,3.54024,nan,nan,nan,4.98659,3.54423
1876,3.87,3.541,299.773,0.359017,0.354984,-1,3.53833,nan,nan,nan,4.98659,3.54249
1877,4.5,3.534,299.773,0.358794,0.35476,-1,3.53085,nan,nan,nan,4.98658,3.53432
1878,4.95,3.529,299.775,0.358539,0.354504,-1,3.52522,nan,nan,nan,4.98658,3.52776
1879,4.57,3.531,299.778,0.358268,0.354231,-1,3.52767,nan,nan,nan,4.98658,3.53133
1880,4.17,3.54,299.779,0.358029,0.353992,-1,3.5321,nan,nan,nan,4.98658,3.53594
1881,4.53,3.529,299.78,0.357787,0.353748,-1,3.52793,nan,nan,nan,4.98657,3.5316
1882,4.29,3.53,299.781,0.357535,0.353494,-1,3.53002,nan,nan,nan,4.98657,3.53405
1883,3.77,3.54,299.781,0.357326,0.353284,-1,3.5361,nan,nan,nan,4.98657,3.54041
1884,3.23,3.546,299.78,0.357128,0.353083,-1,3.54346,nan,nan,nan,4.98657,3.54601
1885,4.11,3.536,299.779,0.356927,0.352882,-1,3.5333,nan,nan,nan,4.98656,3.53734
1886,3.94,3.534,299.779,0.356703,0.352659,-1,3.53492,nan,nan,nan,4.98656,3.53871
1887,4.47,3.532,299.78,0.35646,0.352415,-1,3.52861,nan,nan,nan,4.98656,3.53142
1888,4.42,3.532,299.781,0.356214,0.352167,-1,3.52814,nan,nan,nan,4.98655,3.53188
1889,3.83,3.538,299.781,0.355999,0.351951,-1,3.53499,nan,nan,nan,4.98655,3.53755
1890,3.98,3.538,299.781,0.355787,0.351739,-1,3.53366,nan,nan,nan,4.98655,3.53737
1891,4.27,3.535,299.781,0.355567,0.351517,-1,3.53019,nan,nan,nan,4.98655,3.53495
1892,4.08,3.534,299.78,0.35535,0.351297,-1,3.53199,nan,nan,nan,4.98654,3.53612
1893,3.91,3.538,299.78,0.355131,0.351077,-1,3.53408,nan,nan,nan,4.98654,3.53819
1894,3.39,3.547,299.779,0.354935,0.350879,-1,3.54087,nan,nan,nan,4.98654,3.54564
1895,3.23,3.543,299.778,0.354749,0.350691,-1,3.54294,nan,nan,nan,4.98654,3.5463
1896,2.93,3.55,299.776,0.354571,0.350511,-1,3.54661,nan,nan,nan,4.98654,3.55027
1897,4.35,3.537,299.775,0.354371,0.350309,-1,3.53037,nan,nan,nan,4.98653,3.53489
1898,3.39,3.548,299.774,0.354171,0.350106,-1,3.54107,nan,nan,nan,4.98653,3.5458
1899,3.33,3.543,299.772,0.353985,0.349918,-1,3.54224,nan,nan,nan,4.98653,3.54576
1900,3.85,3.543,299.771,0.353775,0.349705,-1,3.5359,nan,nan,nan,4.98653,3.53956
1901,3.73,3.539,299.771,0.353568,0.349497,-1,3.53716,nan,nan,nan,4.98652,3.54147
1902,4.02,3.537,299.77,0.353362,0.349291,-1,3.53366,nan,nan,nan,4.98652,3.53719
1903,4.53,3.53,299.771,0.353116,0.349044,-1,3.52629,nan,nan,nan,4.98652,3.5304
1904,3.78,3.536,299.772,0.352883,0.348807,-1,3.53461,nan,nan,nan,4.98652,3.53853
1905,3.61,3.542,299.771,0.352672,0.348592,-1,3.53651,nan,nan,nan,4.98651,3.54016
1906,4.12,3.535,299.771,0.352453,0.348373,-1,3.53053,nan,nan,nan,4.98651,3.53389
1907,3.79,3.536,299.771,0.352224,0.348144,-1,3.53382,nan,nan,nan,4.98651,3.53761
1908,3.35,3.542,299.771,0.352018,0.347936,-1,3.53911,nan,nan,nan,4.98651,3.5424
1909,2.91,3.548,299.769,0.351841,0.347758,-1,3.5447,nan,nan,nan,4.9865,3.54833
1910,3.74,3.542,299.767,0.351656,0.34757,-1,3.53571,nan,nan,nan,4.9865,3.53949
1911,3.67,3.54,299.767,0.351448,0.347359,-1,3.53557,nan,nan,nan,4.9865,3.53943
1912,4.4,3.531,299.766,0.351243,0.347152,-1,3.52681,nan,nan,nan,4.9865,3.53193
1913,3.71,3.539,299.766,0.351016,0.346925,-1,3.5343,nan,nan,nan,4.9865,3.53929
1914,4.06,3.535,299.765,0.350813,0.346718,-1,3.53067,nan,nan,nan,4.98649,3.53515
1915,3.52,3.541,299.765,0.350599,0.346503,-1,3.53703,nan,nan,nan,4.98649,3.53961
1916,3.67,3.54,299.764,0.350401,0.346304,-1,3.53473,nan,nan,nan,4.98649,3.53861
1917,3.94,3.534,299.764,0.350185,0.346087,-1,3.53183,nan,nan,nan,4.98649,3.53424
1918,3.34,3.543,299.763,0.349977,0.345878,-1,3.53861,nan,nan,nan,4.98648,3.54331
1919,3.34,3.543,299.761,0.349795,0.345692,-1,3.53868,nan,nan,nan,4.98648,3.54221
1920,4.23,3.533,299.76,0.349591,0.345485,-1,3.52833,nan,nan,nan,4.98648,3.53178
1921,4.66,3.524,299.761,0.34936,0.345254,-1,3.52252,nan,nan,nan,4.98648,3.52671
1922,5.06,3.519,299.763,0.349099,0.344991,-1,3.51674,nan,nan,nan,4.98647,3.52046
1923,4.5,3.526,299.765,0.348835,0.344727,-1,3.52217,nan,nan,nan,4.98647,3.52619
1924,4.36,3.53,299.767,0.348586,0.344475,-1,3.52286,nan,nan,nan,4.98647,3.52683
1925,4.13,3.528,299.768,0.348331,0.344219,-1,3.52521,nan,nan,nan,4.98646,3.52801
1926,4.31,3.525,299.77,0.348089,0.343975,-1,3.52238,nan,nan,nan,4.98646,3.52676
1927,4.21,3.53,299.77,0.347862,0.343745,-1,3.52365,nan,nan,nan,4.98646,3.52821
1928,4.22,3.526,299.771,0.347624,0.343507,-1,3.52331,nan,nan,nan,4.98646,3.52782
1929,4.63,3.523,299.772,0.347392,0.343273,-1,3.51894,nan,nan,nan,4.98645,3.52325
1930,4.23,3.525,299.773,0.347143,0.343023,-1,3.52295,nan,nan,nan,4.98645,3.52709
1931,3.77,3.533,299.773,0.346935,0.342813,-1,3.52847,nan,nan,nan,4.98645,3.53317
1932,4.61,3.519,299.773,0.346715,0.342592,-1,3.51844,nan,nan,nan,4.98645,3.52265
1933,4.48,3.521,299.774,0.346468,0.342344,-1,3.51978,nan,nan,nan,4.98644,3.52226
1934,4.14,3.528,299.775,0.346225,0.3421,-1,3.52264,nan,nan,nan,4.98644,3.52682
1935,3.52,3.534,299.775,0.346008,0.341883,-1,3.53057,nan,nan,nan,4.98644,3.53397
1936,3.72,3.53,299.775,0.345793,0.341668,-1,3.52857,nan,nan,nan,4.98644,3.53144
1937,4.01,3.534,299.775,0.345581,0.341454,-1,3.52498,nan,nan,nan,4.98643,3.53124
1938,4.35,3.525,299.775,0.345365,0.341235,-1,3.52128,nan,nan,nan,4.98643,3.52573
1939,4.09,3.528,299.775,0.345135,0.341002,-1,3.52379,nan,nan,nan,4.98643,3.52745
1940,4.07,3.526,299.776,0.344894,0.34076,-1,3.52339,nan,nan,nan,4.98643,3.527
1941,3.65,3.531,299.775,0.344689,0.340553,-1,3.52849,nan,nan,nan,4.98642,3.53322
1942,3.11,3.54,299.774,0.344512,0.340373,-1,3.53549,nan,nan,nan,4.98642,3.54006
1943,3.84,3.532,299.772,0.344322,0.34018,-1,3.52763,nan,nan,nan,4.98642,3.5318
1944,3.47,3.533,299.772,0.344099,0.339955,-1,3.53159,nan,nan,nan,4.98642,3.53492
1945,3.13,3.537,299.771,0.34391,0.339764,-1,3.53626,nan,nan,nan,4.98641,3.53991
1946,3.77,3.531,299.769,0.343718,0.33957,-1,3.5283,nan,nan,nan,4.98641,3.53225
1947,3.09,3.539,299.768,0.34352,0.339371,-1,3.53604,nan,nan,nan,4.98641,3.53982
1948,3.61,3.534,299.767,0.343338,0.33919,-1,3.53075,nan,nan,nan,4.98641,3.53436
1949,4.46,3.525,299.767,0.343114,0.338965,-1,3.51988,nan,nan,nan,4.98641,3.52467
1950,4.06,3.527,299.767,0.342878,0.338727,-1,3.52415,nan,nan,nan,4.9864,3.52793
1951,4.32,3.524,299.768,0.342648,0.338495,-1,3.51995,nan,nan,nan,4.9864,3.52402
1952,4.6,3.524,299.77,0.342393,0.33824,-1,3.51636,nan,nan,nan,4.9864,3.5201
1953,4.36,3.519,299.771,0.342138,0.337982,-1,3.51867,nan,nan,nan,4.98639,3.52154
1954,4.86,3.518,299.773,0.341888,0.337731,-1,3.51148,nan,nan,nan,4.98639,3.51586
1955,4.84,3.516,299.775,0.341625,0.337466,-1,3.51066,nan,nan,nan,4.98639,3.51425
1956,4.74,3.513,299.778,0.341356,0.337195,-1,3.51165,nan,nan,nan,4.98639,3.51622
1957,4.61,3.519,299.779,0.341116,0.336952,-1,3.51254,nan,nan,nan,4.98638,3.51753
1958,3.46,3.529,299.779,0.3409,0.336735,-1,3.52603,nan,nan,nan,4.98638,3.53066
1959,4.53,3.52,299.779,0.340678,0.33651,-1,3.51425,nan,nan,nan,4.98638,3.5184
1960,4.25,3.521,299.78,0.340446,0.336278,-1,3.51723,nan,nan,nan,4.98638,3.52224
1961,4.82,3.514,299.781,0.340201,0.336032,-1,3.51032,nan,nan,nan,4.98637,3.51462
1962,4.54,3.518,299.782,0.339954,0.335783,-1,3.51297,nan,nan,nan,4.98637,3.5166
1963,3.86,3.527,299.783,0.339733,0.335562,-1,3.52066,nan,nan,nan,4.98637,3.52547
1964,4.38,3.52,299.783,0.339502,0.335329,-1,3.51495,nan,nan,nan,4.98636,3.51787
1965,3.53,3.525,299.783,0.339292,0.335118,-1,3.52513,nan,nan,nan,4.98636,3.52832
1966,4.18,3.522,299.782,0.339083,0.334908,-1,3.51784,nan,nan,nan,4.98636,3.52274
1967,3.92,3.528,299.782,0.338865,0.334688,-1,3.52056,nan,nan,nan,4.98636,3.52577
1968,4.42,3.515,299.783,0.338628,0.33445,-1,3.51455,nan,nan,nan,4.98635,3.51798
1969,4.39,3.52,299.784,0.338388,0.334207,-1,3.51425,nan,nan,nan,4.98635,3.51893
1970,4.12,3.519,299.785,0.338156,0.333972,-1,3.51722,nan,nan,nan,4.98635,3.5211
1971,4.15,3.521,299.785,0.337922,0.333737,-1,3.51663,nan,nan,nan,4.98635,3.52052
1972,4.22,3.521,299.786,0.337691,0.333504,-1,3.51562,nan,nan,nan,4.98634,3.51989
1973,4.76,3.512,299.788,0.337435,0.333247,-1,3.50837,nan,nan,nan,4.98634,3.51303
1974,3.57,3.528,299.788,0.337202,0.333013,-1,3.52226,nan,nan,nan,4.98634,3.52566
1975,3.53,3.527,299.788,0.336997,0.332806,-1,3.5229,nan,nan,nan,4.98634,3.52727
1976,3.83,3.525,299.786,0.336807,0.332614,-1,3.5201,nan,nan,nan,4.98633,3.52442
1977,3.65,3.528,299.786,0.336588,0.332393,-1,3.52158,nan,nan,nan,4.98633,3.52616
1978,4.23,3.517,299.786,0.336386,0.33219,-1,3.51535,nan,nan,nan,4.98633,3.51953
1979,4.3,3.519,299.787,0.336133,0.331935,-1,3.51403,nan,nan,nan,4.98633,3.51817
1980,5.08,3.509,299.788,0.335893,0.331693,-1,3.50476,nan,nan,nan,4.98632,3.50917
1981,4.93,3.506,299.792,0.335604,0.331402,-1,3.50428,nan,nan,nan,4.98632,3.50978
1982,5.09,3.507,299.794,0.335336,0.331131,-1,3.50141,nan,nan,nan,4.98632,3.50631
1983,4.47,3.512,299.798,0.335049,0.330841,-1,3.50782,nan,nan,nan,4.98631,3.51245
1984,4.27,3.518,299.799,0.334814,0.330605,-1,3.51048,nan,nan,nan,4.98631,3.51538
1985,3.13,3.526,299.797,0.334624,0.330413,-1,3.52445,nan,nan,nan,4.98631,3.52931
1986,3.81,3.524,299.796,0.33443,0.330218,-1,3.51773,nan,nan,nan,4.98631,3.52251
1987,3.4,3.53,299.795,0.334226,0.330013,-1,3.52222,nan,nan,nan,4.98631,3.52669
1988,3.71,3.519,299.795,0.334023,0.32981,-1,3.51883,nan,nan,nan,4.9863,3.52185
1989,3.97,3.52,299.794,0.33382,0.329605,-1,3.51599,nan,nan,nan,4.9863,3.52068
1990,4.51,3.513,299.794,0.333589,0.329373,-1,3.50956,nan,nan,nan,4.9863,3.51392
1991,3.77,3.523,299.794,0.333367,0.32915,-1,3.51791,nan,nan,nan,4.9863,3.52326
1992,3.62,3.522,299.794,0.333144,0.328926,-1,3.51961,nan,nan,nan,4.98629,3.52364
1993,3.73,3.522,299.793,0.332951,0.328732,-1,3.51847,nan,nan,nan,4.98629,3.52374
1994,3.74,3.524,299.792,0.332749,0.328528,-1,3.5187,nan,nan,nan,4.98629,3.52301
1995,4.41,3.51,299.792,0.332528,0.328307,-1,3.51046,nan,nan,nan,4.98629,3.51462
1996,4.46,3.516,299.793,0.332287,0.328063,-1,3.50905,nan,nan,nan,4.98628,3.51384
1997,4.53,3.514,299.795,0.332036,0.32781,-1,3.50735,nan,nan,nan,4.98628,3.51133
1998,4.34,3.518,299.796,0.331799,0.327573,-1,3.50927,nan,nan,nan,4.98628,3.51442
1999,3.03,3.526,299.795,0.331595,0.327368,-1,3.52465,nan,nan,nan,4.98628,3.52738
2000,2.97,3.529,299.793,0.331419,0.327191,-1,3.52592,nan,nan,nan,4.98627,3.52973
2001,2.6,3.537,299.79,0.33126,0.32703,-1,3.53134,nan,nan,nan,4.98627,3.53623
2002,3.25,3.531,299.787,0.331105,0.326874,-1,3.52487,nan,nan,nan,4.98627,3.52895
2003,4.23,3.519,299.786,0.330896,0.326665,-1,3.5131,nan,nan,nan,4.98627,3.51839
2004,4.95,3.509,299.788,0.330643,0.326409,-1,3.50369,nan,nan,nan,4.98626,3.50811
2005,4.14,3.513,299.789,0.330402,0.326167,-1,3.51209,nan,nan,nan,4.98626,3.51596
2006,4.23,3.514,299.789,0.330177,0.325941,-1,3.51069,nan,nan,nan,4.98626,3.51369
2007,4.14,3.517,299.79,0.329941,0.325704,-1,3.51074,nan,nan,nan,4.98626,3.5159
2008,3.73,3.519,299.79,0.329726,0.325487,-1,3.51593,nan,nan,nan,4.98625,3.52013
2009,4.24,3.514,299.789,0.329508,0.325267,-1,3.5092,nan,nan,nan,4.98625,3.51324
2010,4.09,3.518,299.79,0.329273,0.325031,-1,3.51093,nan,nan,nan,4.98625,3.5155
2011,3.95,3.519,299.79,0.329056,0.324812,-1,3.51222,nan,nan,nan,4.98625,3.51645
2012,4.28,3.51,299.791,0.32882,0.324574,-1,3.50804,nan,nan,nan,4.98624,3.51119
2013,3.77,3.52,299.791,0.328592,0.324345,-1,3.5135,nan,nan,nan,4.98624,3.51743
2014,4.27,3.509,299.791,0.328371,0.324124,-1,3.50761,nan,nan,nan,4.98624,3.51222
2015,4.52,3.507,299.792,0.328138,0.323888,-1,3.50441,nan,nan,nan,4.98624,3.50771
2016,4.26,3.507,299.793,0.327891,0.32364,-1,3.50653,nan,nan,nan,4.98623,3.51068
2017,4.32,3.512,299.794,0.32766,0.323408,-1,3.50598,nan,nan,nan,4.98623,3.51012
2018,4.17,3.511,299.795,0.327415,0.323162,-1,3.50724,nan,nan,nan,4.98623,3.511
2019,3.74,3.515,299.795,0.327207,0.32295,-1,3.51205,nan,nan,nan,4.98623,3.51591
2020,3.07,3.522,299.793,0.32701,0.322753,-1,3.52045,nan,nan,nan,4.98622,3.52441
2021,3.77,3.521,299.792,0.326832,0.322575,-1,3.51325,nan,nan,nan,4.98622,3.51628
2022,3.9,3.52,299.791,0.326618,0.322358,-1,3.51155,nan,nan,nan,4.98622,3.51596
2023,3.63,3.52,299.791,0.326408,0.322147,-1,3.51438,nan,nan,nan,4.98622,3.51863
2024,3.7,3.52,299.79,0.326209,0.321947,-1,3.51377,nan,nan,nan,4.98622,3.51823
2025,3.55,3.516,299.789,0.326007,0.321744,-1,3.51535,nan,nan,nan,4.98621,3.51928
2026,4.01,3.514,299.788,0.325797,0.321533,-1,3.50983,nan,nan,nan,4.98621,3.51417
2027,4.16,3.514,299.788,0.32558,0.321315,-1,3.50761,nan,nan,nan,4.98621,3.51143
2028,4.42,3.508,299.789,0.325336,0.321072,-1,3.50404,nan,nan,nan,4.98621,3.50845
2029,3.9,3.514,299.79,0.3251,0.320834,-1,3.50946,nan,nan,nan,4.9862,3.51289
2030,3.87,3.512,299.79,0.324877,0.320609,-1,3.50956,nan,nan,nan,4.9862,3.51382
2031,3.9,3.508,299.79,0.324657,0.320387,-1,3.50872,nan,nan,nan,4.9862,3.51262
2032,4.57,3.505,299.791,0.324425,0.320154,-1,3.50076,nan,nan,nan,4.9862,3.50503
2033,4.63,3.506,299.792,0.324181,0.319908,-1,3.4997,nan,nan,nan,4.98619,3.5043
2034,4.37,3.51,299.793,0.323932,0.319658,-1,3.50187,nan,nan,nan,4.98619,3.50653
2035,4.99,3.503,299.795,0.323673,0.319398,-1,3.49343,nan,nan,nan,4.98619,3.49877
2036,4.22,3.505,299.798,0.323409,0.31913,-1,3.50222,nan,nan,nan,4.98618,3.50595
2037,4.64,3.501,299.798,0.323175,0.318894,-1,3.49652,nan,nan,nan,4.98618,3.50183
2038,4.67,3.501,299.8,0.322926,0.318642,-1,3.49612,nan,nan,nan,4.98618,3.5008
2039,4.84,3.497,299.802,0.322667,0.318381,-1,3.49357,nan,nan,nan,4.98618,3.49818
2040,4.16,3.507,299.803,0.322421,0.318133,-1,3.50084,nan,nan,nan,4.98617,3.50492
2041,4.02,3.505,299.804,0.322188,0.317898,-1,3.50217,nan,nan,nan,4.98617,3.50665
2042,4.08,3.505,299.804,0.321963,0.317672,-1,3.50228,nan,nan,nan,4.98617,3.50596
2043,4.61,3.504,299.805,0.321726,0.317433,-1,3.49627,nan,nan,nan,4.98617,3.50077
2044,3.86,3.507,299.806,0.321491,0.317196,-1,3.5043,nan,nan,nan,4.98616,3.50907
2045,4.24,3.502,299.806,0.321264,0.316967,-1,3.50009,nan,nan,nan,4.98616,3.50435
2046,4.19,3.51,299.807,0.321036,0.316737,-1,3.50067,nan,nan,nan,4.98616,3.50565
2047,3.05,3.513,299.806,0.320832,0.316531,-1,3.51388,nan,nan,nan,4.98616,3.51835
2048,4.53,3.498,299.805,0.320627,0.316326,-1,3.49737,nan,nan,nan,4.98615,3.50232
2049,4.91,3.496,299.808,0.320366,0.316062,-1,3.49179,nan,nan,nan,4.98615,3.49586
2050,4.67,3.497,299.809,0.320108,0.315803,-1,3.49416,nan,nan,nan,4.98615,3.49852
2051,4.41,3.503,299.812,0.319845,0.31554,-1,3.49592,nan,nan,nan,4.98614,3.50017
2052,4.1,3.503,299.813,0.319592,0.315286,-1,3.4993,nan,nan,nan,4.98614,3.50415
2053,3.67,3.511,299.813,0.31937,0.315062,-1,3.50448,nan,nan,nan,4.98614,3.5093
2054,3.86,3.51,299.813,0.319154,0.314844,-1,3.50299,nan,nan,nan,4.98614,3.50804
2055,3.16,3.518,299.812,0.318972,0.31466,-1,3.5116,nan,nan,nan,4.98613,3.51627
2056,3.4,3.514,299.81,0.318776,0.314462,-1,3.50889,nan,nan,nan,4.98613,3.51307
2057,3.43,3.514,299.809,0.318595,0.314279,-1,3.509,nan,nan,nan,4.98613,3.51386
2058,3.91,3.507,299.808,0.318384,0.314067,-1,3.50352,nan,nan,nan,4.98613,3.50771
2059,3.41,3.514,299.807,0.318183,0.313864,-1,3.50947,nan,nan,nan,4.98613,3.51355
2060,3.41,3.515,299.806,0.317992,0.313672,-1,3.5095,nan,nan,nan,4.98612,3.51447
2061,3.84,3.509,299.805,0.317781,0.313461,-1,3.50441,nan,nan,nan,4.98612,3.50832
2062,3.89,3.512,299.805,0.31757,0.313251,-1,3.50364,nan,nan,nan,4.98612,3.50845
2063,4.11,3.502,299.805,0.31734,0.31302,-1,3.50072,nan,nan,nan,4.98612,3.50442
2064,3.91,3.504,299.805,0.317115,0.312794,-1,3.50255,nan,nan,nan,4.98611,3.50655
2065,4.24,3.503,299.806,0.316878,0.312554,-1,3.49821,nan,nan,nan,4.98611,3.50167
2066,4.08,3.503,299.806,0.316656,0.312331,-1,3.49945,nan,nan,nan,4.98611,3.5042
2067,4.53,3.5,299.807,0.316414,0.312088,-1,3.49328,nan,nan,nan,4.98611,3.49761
2068,4.68,3.491,299.809,0.316162,0.311834,-1,3.49104,nan,nan,nan,4.9861,3.49538
2069,3.91,3.504,299.809,0.315928,0.311598,-1,3.49966,nan,nan,nan,4.9861,3.50375
2070,4.16,3.499,299.809,0.315722,0.31139,-1,3.49698,nan,nan,nan,4.9861,3.50187
2071,4.17,3.503,299.809,0.315491,0.311157,-1,3.49642,nan,nan,nan,4.9861,3.5013
2072,3.62,3.508,299.809,0.315277,0.310941,-1,3.50286,nan,nan,nan,4.98609,3.50721
2073,4,3.504,299.809,0.315062,0.310724,-1,3.49863,nan,nan,nan,4.98609,3.50279
2074,4,3.503,299.809,0.314841,0.310501,-1,3.49813,nan,nan,nan,4.98609,3.50272
2075,3.89,3.51,299.809,0.314609,0.310266,-1,3.49916,nan,nan,nan,4.98609,3.50489
2076,3.41,3.51,299.809,0.314388,0.310043,-1,3.50443,nan,nan,nan,4.98608,3.50974
2077,3.52,3.509,299.808,0.314185,0.309839,-1,3.50363,nan,nan,nan,4.98608,3.50825
2078,3.84,3.506,299.808,0.313977,0.309629,-1,3.49991,nan,nan,nan,4.98608,3.50444
2079,3.73,3.504,299.808,0.313759,0.30941,-1,3.50113,nan,nan,nan,4.98608,3.50529
2080,3.76,3.505,299.807,0.313548,0.309197,-1,3.50036,nan,nan,nan,4.98607,3.50525
2081,3.75,3.503,299.807,0.313333,0.308979,-1,3.50011,nan,nan,nan,4.98607,3.50434
2082,3.7,3.502,299.806,0.313123,0.308769,-1,3.50095,nan,nan,nan,4.98607,3.50538
2083,4.39,3.495,299.806,0.312917,0.308562,-1,3.49258,nan,nan,nan,4.98607,3.49821
2084,4.22,3.499,299.806,0.312681,0.308324,-1,3.49374,nan,nan,nan,4.98606,3.49953
2085,3.28,3.513,299.805,0.312476,0.308117,-1,3.50533,nan,nan,nan,4.98606,3.50974
2086,3.75,3.505,299.805,0.312276,0.307915,-1,3.49969,nan,nan,nan,4.98606,3.50434
2087,3.67,3.509,299.804,0.31206,0.307697,-1,3.50044,nan,nan,nan,4.98606,3.50496
2088,3.85,3.505,299.804,0.311838,0.307473,-1,3.49776,nan,nan,nan,4.98606,3.50352
2089,3.24,3.512,299.803,0.311639,0.307272,-1,3.50502,nan,nan,nan,4.98605,3.50932
2090,3.6,3.506,299.801,0.311458,0.307091,-1,3.50116,nan,nan,nan,4.98605,3.50701
2091,4.02,3.504,299.801,0.311249,0.30688,-1,3.49654,nan,nan,nan,4.98605,3.50175
2092,3.83,3.499,299.801,0.311023,0.306651,-1,3.49775,nan,nan,nan,4.98605,3.50331
2093,3.31,3.512,299.8,0.310826,0.306453,-1,3.50377,nan,nan,nan,4.98604,3.5093
2094,4.23,3.497,299.799,0.310626,0.30625,-1,3.49335,nan,nan,nan,4.98604,3.49788
2095,3.86,3.504,299.799,0.310404,0.306027,-1,3.49706,nan,nan,nan,4.98604,3.50211
2096,3.29,3.512,299.798,0.310203,0.305824,-1,3.50381,nan,nan,nan,4.98604,3.5079
2097,3.69,3.507,299.797,0.310005,0.305625,-1,3.49895,nan,nan,nan,4.98603,3.50499
2098,3.36,3.512,299.795,0.30982,0.305438,-1,3.5033,nan,nan,nan,4.98603,3.50851
2099,3.19,3.511,299.794,0.309637,0.305253,-1,3.505,nan,nan,nan,4.98603,3.51061
2100,3.97,3.502,299.792,0.309459,0.305073,-1,3.49702,nan,nan,nan,4.98603,3.50096
2101,5.41,3.484,299.793,0.309216,0.30483,-1,3.47854,nan,nan,nan,4.98603,3.48384
2102,4.17,3.499,299.795,0.308941,0.304553,-1,3.49096,nan,nan,nan,4.98602,3.49531
2103,3.28,3.504,299.797,0.308697,0.304309,-1,3.50068,nan,nan,nan,4.98602,3.50506
2104,4.16,3.495,299.797,0.308475,0.304084,-1,3.49072,nan,nan,nan,4.98602,3.49533
2105,4.51,3.491,299.798,0.308236,0.303843,-1,3.48625,nan,nan,nan,4.98602,3.49154
2106,4.22,3.491,299.799,0.307997,0.303602,-1,3.48828,nan,nan,nan,4.98601,3.49349
2107,3.94,3.496,299.799,0.307773,0.303376,-1,3.4919,nan,nan,nan,4.98601,3.49737
2108,4.06,3.494,299.798,0.307562,0.303164,-1,3.49059,nan,nan,nan,4.98601,3.49582
2109,3.9,3.498,299.798,0.307343,0.302942,-1,3.49219,nan,nan,nan,4.98601,3.49743
2110,4.9,3.483,299.799,0.307104,0.302701,-1,3.48004,nan,nan,nan,4.986,3.48496
2111,4.8,3.483,299.801,0.30685,0.302447,-1,3.4803,nan,nan,nan,4.986,3.48549
2112,4.12,3.492,299.802,0.306608,0.302202,-1,3.48804,nan,nan,nan,4.986,3.49369
2113,3.05,3.509,299.801,0.306414,0.302006,-1,3.50058,nan,nan,nan,4.986,3.50628
2114,3.19,3.505,299.799,0.306243,0.301834,-1,3.49978,nan,nan,nan,4.98599,3.50489
2115,3.28,3.509,299.797,0.306078,0.301669,-1,3.49995,nan,nan,nan,4.98599,3.50459
2116,3.9,3.496,299.796,0.305869,0.301458,-1,3.49254,nan,nan,nan,4.98599,3.49723
2117,3.99,3.5,299.796,0.305645,0.301232,-1,3.49066,nan,nan,nan,4.98599,3.49669
2118,3.59,3.502,299.795,0.305448,0.301033,-1,3.49542,nan,nan,nan,4.98598,3.50126
2119,2.85,3.512,299.793,0.30528,0.300864,-1,3.50498,nan,nan,nan,4.98598,3.51041
2120,3.62,3.501,299.791,0.305097,0.300679,-1,3.49626,nan,nan,nan,4.98598,3.50016
2121,3.9,3.498,299.79,0.304905,0.300486,-1,3.49286,nan,nan,nan,4.98598,3.49835
2122,4.31,3.491,299.79,0.304678,0.300257,-1,3.48713,nan,nan,nan,4.98598,3.4919
2123,3.77,3.495,299.79,0.304446,0.300025,-1,3.49282,nan,nan,nan,4.98597,3.49853
2124,3.78,3.497,299.79,0.304243,0.299821,-1,3.49249,nan,nan,nan,4.98597,3.4982
2125,4.01,3.494,299.79,0.304015,0.299592,-1,3.48899,nan,nan,nan,4.98597,3.49328
2126,3.41,3.497,299.79,0.303804,0.299378,-1,3.49609,nan,nan,nan,4.98597,3.49987
2127,3.49,3.504,299.788,0.303612,0.299184,-1,3.49535,nan,nan,nan,4.98596,3.50025
2128,3.58,3.5,299.787,0.303415,0.298987,-1,3.49443,nan,nan,nan,4.98596,3.49798
2129,4.28,3.494,299.787,0.303201,0.298772,-1,3.48589,nan,nan,nan,4.98596,3.49157
2130,3.47,3.501,299.787,0.302985,0.298554,-1,3.49467,nan,nan,nan,4.98596,3.49937
2131,4.14,3.493,299.786,0.302773,0.29834,-1,3.4863,nan,nan,nan,4.98596,3.4922
2132,3.72,3.494,299.787,0.302547,0.298112,-1,3.49099,nan,nan,nan,4.98595,3.49606
2133,3.36,3.499,299.785,0.302361,0.297926,-1,3.49554,nan,nan,nan,4.98595,3.5008
2134,3.69,3.498,299.784,0.30217,0.297733,-1,3.49214,nan,nan,nan,4.98595,3.49638
2135,4.23,3.492,299.784,0.301956,0.297517,-1,3.48506,nan,nan,nan,4.98595,3.49062
2136,4.49,3.485,299.785,0.301713,0.297272,-1,3.48134,nan,nan,nan,4.98594,3.48613
2137,4.1,3.489,299.786,0.301466,0.297022,-1,3.48491,nan,nan,nan,4.98594,3.49008
2138,3.95,3.491,299.787,0.301237,0.296792,-1,3.48605,nan,nan,nan,4.98594,3.49086
2139,4.34,3.485,299.787,0.301004,0.296558,-1,3.48122,nan,nan,nan,4.98594,3.48567
2140,3.93,3.492,299.788,0.300772,0.296326,-1,3.48563,nan,nan,nan,4.98593,3.49088
2141,4.43,3.487,299.788,0.300549,0.296102,-1,3.47976,nan,nan,nan,4.98593,3.48437
2142,3.7,3.493,299.789,0.30031,0.295862,-1,3.48737,nan,nan,nan,4.98593,3.49279
2143,5.05,3.481,299.79,0.300084,0.295633,-1,3.4709,nan,nan,nan,4.98593,3.47663
2144,4.62,3.483,299.792,0.299825,0.295372,-1,3.4754,nan,nan,nan,4.98592,3.48033
2145,4.38,3.48,299.793,0.299577,0.295121,-1,3.4778,nan,nan,nan,4.98592,3.48227
2146,4.18,3.484,299.795,0.299333,0.294875,-1,3.47961,nan,nan,nan,4.98592,3.48594
2147,3.72,3.488,299.794,0.299128,0.294667,-1,3.48532,nan,nan,nan,4.98591,3.48983
2148,4.15,3.485,299.794,0.298913,0.29445,-1,3.48102,nan,nan,nan,4.98591,3.48558
2149,3.57,3.492,299.794,0.298693,0.294229,-1,3.48698,nan,nan,nan,4.98591,3.49177
2150,3.77,3.491,299.793,0.298486,0.294022,-1,3.48509,nan,nan,nan,4.98591,3.49039
2151,3.56,3.494,299.793,0.298278,0.293811,-1,3.48745,nan,nan,nan,4.98591,3.49302
2152,3.51,3.493,299.792,0.298089,0.29362,-1,3.48866,nan,nan,nan,4.9859,3.49279
2153,3.83,3.489,299.791,0.297879,0.293409,-1,3.48523,nan,nan,nan,4.9859,3.48939
2154,4.18,3.487,299.792,0.297649,0.293176,-1,3.48037,nan,nan,nan,4.9859,3.48567
2155,4.31,3.482,299.792,0.297433,0.292959,-1,3.47786,nan,nan,nan,4.9859,3.48352
2156,3.42,3.492,299.792,0.297212,0.292735,-1,3.48856,nan,nan,nan,4.98589,3.49245
2157,3.25,3.496,299.79,0.297025,0.292546,-1,3.49097,nan,nan,nan,4.98589,3.49589
2158,4.24,3.483,299.789,0.296824,0.292343,-1,3.47918,nan,nan,nan,4.98589,3.48557
2159,3.91,3.488,299.79,0.296596,0.292112,-1,3.48251,nan,nan,nan,4.98589,3.48744
2160,3.67,3.492,299.789,0.2964,0.291915,-1,3.48529,nan,nan,nan,4.98588,3.49094
2161,2.84,3.501,299.787,0.29621,0.291724,-1,3.49526,nan,nan,nan,4.98588,3.50001
2162,3.15,3.496,299.785,0.296039,0.291551,-1,3.49241,nan,nan,nan,4.98588,3.49726
2163,3.81,3.486,299.783,0.295859,0.29137,-1,3.48486,nan,nan,nan,4.98588,3.49008
2164,3.93,3.488,299.783,0.295643,0.291151,-1,3.48268,nan,nan,nan,4.98588,3.48859
2165,4.08,3.484,299.783,0.295433,0.29094,-1,3.48041,nan,nan,nan,4.98587,3.48563
2166,3.44,3.491,299.782,0.295227,0.290731,-1,3.48771,nan,nan,nan,4.98587,3.49305
2167,4.1,3.481,299.782,0.295016,0.290517,-1,3.48002,nan,nan,nan,4.98587,3.48513
2168,3.95,3.49,299.782,0.294794,0.290294,-1,3.48102,nan,nan,nan,4.98587,3.48655
2169,3.92,3.487,299.782,0.29458,0.290077,-1,3.48131,nan,nan,nan,4.98587,3.48635
2170,4.26,3.479,299.782,0.294361,0.289856,-1,3.47663,nan,nan,nan,4.98586,3.48104
2171,4.45,3.482,299.782,0.294122,0.289616,-1,3.47409,nan,nan,nan,4.98586,3.47909
2172,4.04,3.48,299.784,0.293883,0.289376,-1,3.47753,nan,nan,nan,4.98586,3.48293
2173,3.13,3.49,299.783,0.293681,0.289173,-1,3.48843,nan,nan,nan,4.98586,3.49306
2174,4.22,3.481,299.783,0.293468,0.288956,-1,3.47572,nan,nan,nan,4.98585,3.48087
2175,4.14,3.481,299.783,0.293242,0.288728,-1,3.47582,nan,nan,nan,4.98585,3.48236
2176,3.95,3.484,299.783,0.293015,0.288498,-1,3.4778,nan,nan,nan,4.98585,3.4835
2177,3.81,3.485,299.783,0.292812,0.288295,-1,3.47966,nan,nan,nan,4.98585,3.48451
2178,4.02,3.485,299.782,0.2926,0.288081,-1,3.47679,nan,nan,nan,4.98584,3.48354
2179,4.08,3.482,299.782,0.292385,0.287864,-1,3.47596,nan,nan,nan,4.98584,3.48202
2180,4.38,3.475,299.783,0.292143,0.28762,-1,3.47199,nan,nan,nan,4.98584,3.47665
2181,4.02,3.483,299.784,0.291918,0.287394,-1,3.47514,nan,nan,nan,4.98584,3.48009
2182,4.28,3.479,299.784,0.291695,0.287169,-1,3.47233,nan,nan,nan,4.98583,3.47702
2183,3.11,3.491,299.783,0.291501,0.286974,-1,3.48644,nan,nan,nan,4.98583,3.49071
2184,4.17,3.48,299.782,0.29131,0.286784,-1,3.47436,nan,nan,nan,4.98583,3.4794
2185,3.79,3.486,299.783,0.291077,0.286548,-1,3.47873,nan,nan,nan,4.98583,3.4833
2186,3.56,3.486,299.782,0.290867,0.286336,-1,3.48064,nan,nan,nan,4.98582,3.48505
2187,3.58,3.488,299.782,0.290661,0.286127,-1,3.48009,nan,nan,nan,4.98582,3.48547
2188,3.35,3.492,299.78,0.290471,0.285936,-1,3.48314,nan,nan,nan,4.98582,3.4891
2189,3.19,3.489,299.778,0.290297,0.285761,-1,3.48571,nan,nan,nan,4.98582,3.49089
2190,3.1,3.491,299.776,0.290129,0.285593,-1,3.48764,nan,nan,nan,4.98582,3.49268
2191,3.54,3.486,299.774,0.28995,0.285414,-1,3.48233,nan,nan,nan,4.98581,3.48754
2192,4.43,3.476,299.775,0.289712,0.285173,-1,3.47134,nan,nan,nan,4.98581,3.47611
2193,4.56,3.473,299.777,0.289464,0.284922,-1,3.46832,nan,nan,nan,4.98581,3.47293
2194,3.9,3.482,299.777,0.28923,0.284689,-1,3.47523,nan,nan,nan,4.98581,3.48133
2195,4.14,3.477,299.777,0.289009,0.284464,-1,3.47156,nan,nan,nan,4.9858,3.47851
2196,4.36,3.477,299.778,0.288779,0.284233,-1,3.46903,nan,nan,nan,4.9858,3.47511
2197,4.69,3.47,299.78,0.288532,0.283983,-1,3.46407,nan,nan,nan,4.9858,3.47
2198,4.03,3.476,299.781,0.288288,0.283739,-1,3.47105,nan,nan,nan,4.9858,3.47645
2199,3.96,3.477,299.781,0.288067,0.283516,-1,3.47153,nan,nan,nan,4.98579,3.47715
2200,4.55,3.471,299.782,0.28783,0.283278,-1,3.46476,nan,nan,nan,4.98579,3.4698
2201,3.95,3.478,299.783,0.287587,0.283034,-1,3.47072,nan,nan,nan,4.98579,3.47667
2202,3.93,3.482,299.784,0.287368,0.282814,-1,3.47086,nan,nan,nan,4.98579,3.47841
2203,3.68,3.479,299.783,0.28716,0.282604,-1,3.47459,nan,nan,nan,4.98578,3.47924
2204,4.26,3.474,299.783,0.286945,0.282387,-1,3.46716,nan,nan,nan,4.98578,3.47334
2205,4.19,3.479,299.784,0.286719,0.28216,-1,3.46794,nan,nan,nan,4.98578,3.47359
2206,4.12,3.471,299.784,0.286495,0.281934,-1,3.46859,nan,nan,nan,4.98578,3.47436
2207,4.29,3.472,299.784,0.286268,0.281705,-1,3.46615,nan,nan,nan,4.98577,3.4721
2208,4.09,3.479,299.785,0.286049,0.281485,-1,3.46837,nan,nan,nan,4.98577,3.47489
2209,4.25,3.473,299.785,0.28582,0.281254,-1,3.46621,nan,nan,nan,4.98577,3.47179
2210,4.23,3.473,299.786,0.285589,0.28102,-1,3.46611,nan,nan,nan,4.98577,3.47261
2211,3.89,3.479,299.785,0.285382,0.280811,-1,3.47032,nan,nan,nan,4.98576,3.47589
2212,3.36,3.482,299.784,0.285198,0.280626,-1,3.47709,nan,nan,nan,4.98576,3.48295
2213,3.46,3.482,299.782,0.285019,0.280446,-1,3.47619,nan,nan,nan,4.98576,3.48125
2214,3.67,3.479,299.782,0.284811,0.280237,-1,3.47381,nan,nan,nan,4.98576,3.47977
2215,3.62,3.484,299.781,0.284607,0.280031,-1,3.47414,nan,nan,nan,4.98576,3.48043
2216,3.86,3.477,299.78,0.284406,0.279827,-1,3.47118,nan,nan,nan,4.98575,3.47751
2217,4.6,3.468,299.782,0.28416,0.279579,-1,3.46169,nan,nan,nan,4.98575,3.46688
2218,4.32,3.467,299.783,0.283918,0.279336,-1,3.46397,nan,nan,nan,4.98575,3.46934
2219,3.98,3.475,299.783,0.283688,0.279105,-1,3.46726,nan,nan,nan,4.98575,3.4723
2220,1.37,3.501,299.783,0.283471,0.278886,-1,3.49727,nan,nan,nan,4.98574,3.50221
2221,1.6,3.499,299.778,0.283386,0.2788,-1,3.4974,nan,nan,nan,4.98574,3.50302
2222,1.39,3.508,299.773,0.283304,0.278718,-1,3.50223,nan,nan,nan,4.98574,3.50716
2223,1.38,3.511,299.767,0.283227,0.27864,-1,3.50432,nan,nan,nan,4.98574,3.51022
2224,1.27,3.514,299.761,0.283154,0.278566,-1,3.50731,nan,nan,nan,4.98574,3.51278
2225,1.52,3.509,299.756,0.283074,0.278485,-1,3.50555,nan,nan,nan,4.98574,3.51067
2226,1.51,3.51,299.75,0.282993,0.278402,-1,3.50656,nan,nan,nan,4.98574,3.51204
2227,1.59,3.513,299.745,0.282907,0.278314,-1,3.50638,nan,nan,nan,4.98574,3.51212
2228,1.56,3.515,299.739,0.28282,0.278228,-1,3.50741,nan,nan,nan,4.98574,3.5133
2229,1.3,3.514,299.734,0.282742,0.278148,-1,3.51103,nan,nan,nan,4.98574,3.51596
2230,1.35,3.513,299.728,0.282667,0.278071,-1,3.51101,nan,nan,nan,4.98574,3.51762
2231,1.56,3.514,299.722,0.282588,0.277991,-1,3.50905,nan,nan,nan,4.98573,3.51331
2232,1.33,3.516,299.717,0.282502,0.277905,-1,3.51187,nan,nan,nan,4.98573,3.51741
2233,1.55,3.518,299.712,0.282423,0.277823,-1,3.50959,nan,nan,nan,4.98573,3.51674
2234,1.39,3.518,299.706,0.28235,0.277749,-1,3.51184,nan,nan,nan,4.98573,3.51712
2235,1.62,3.516,299.701,0.282267,0.277664,-1,3.50929,nan,nan,nan,4.98573,3.51495
2236,1.62,3.513,299.696,0.282177,0.277573,-1,3.50918,nan,nan,nan,4.98573,3.51399
2237,1.52,3.517,299.69,0.282094,0.277486,-1,3.5104,nan,nan,nan,4.98573,3.51619
2238,1.67,3.51,299.685,0.282001,0.277393,-1,3.50876,nan,nan,nan,4.98573,3.51359
2239,1.89,3.512,299.681,0.281902,0.277291,-1,3.50572,nan,nan,nan,4.98573,3.51128
2240,1.94,3.512,299.676,0.281802,0.277192,-1,3.50517,nan,nan,nan,4.98573,3.51144
2241,1.76,3.514,299.671,0.281702,0.277091,-1,3.50713,nan,nan,nan,4.98572,3.51319
2242,1.68,3.512,299.666,0.281609,0.276997,-1,3.50806,nan,nan,nan,4.98572,3.51366
2243,1.49,3.513,299.661,0.281525,0.276912,-1,3.51053,nan,nan,nan,4.98572,3.51602
2244,2.01,3.513,299.656,0.281435,0.27682,-1,3.50448,nan,nan,nan,4.98572,3.51001
2245,1.74,3.514,299.652,0.281327,0.276712,-1,3.50715,nan,nan,nan,4.98572,3.51276
2246,1.58,3.515,299.647,0.281236,0.276618,-1,3.50921,nan,nan,nan,4.98572,3.51484
2247,1.71,3.511,299.642,0.281146,0.276527,-1,3.50758,nan,nan,nan,4.98572,3.51293
2248,1.68,3.512,299.637,0.281054,0.276433,-1,3.50797,nan,nan,nan,4.98572,3.51387
2249,1.66,3.517,299.632,0.280967,0.276344,-1,3.50837,nan,nan,nan,4.98572,3.51435
2250,1.63,3.516,299.627,0.280877,0.276253,-1,3.50882,nan,nan,nan,4.98572,3.51603
2251,1.47,3.517,299.622,0.280795,0.27617,-1,3.51087,nan,nan,nan,4.98572,3.51639
2252,1.51,3.517,299.617,0.280712,0.276087,-1,3.51066,nan,nan,nan,4.98571,3.51608
2253,1.56,3.516,299.613,0.280626,0.275999,-1,3.51026,nan,nan,nan,4.98571,3.51527
2254,1.18,3.52,299.608,0.280545,0.275917,-1,3.51469,nan,nan,nan,4.98571,3.51878
2255,0.96,3.52,299.602,0.280478,0.275851,-1,3.51771,nan,nan,nan,4.98571,3.52199
2256,1.24,3.524,299.597,0.280421,0.275792,-1,3.51509,nan,nan,nan,4.98571,3.52088
2257,1.74,3.512,299.592,0.28034,0.27571,-1,3.50927,nan,nan,nan,4.98571,3.51474
2258,1.75,3.512,299.587,0.280251,0.275619,-1,3.50908,nan,nan,nan,4.98571,3.51465
2259,1.95,3.513,299.583,0.280151,0.275518,-1,3.50631,nan,nan,nan,4.98571,3.51146
2260,1.91,3.512,299.578,0.280046,0.275413,-1,3.50638,nan,nan,nan,4.98571,3.51176
2261,1.47,3.518,299.574,0.27995,0.275315,-1,3.51116,nan,nan,nan,4.98571,3.51703
2262,1.08,3.524,299.569,0.279883,0.275248,-1,3.51621,nan,nan,nan,4.98571,3.52247
2263,1.07,3.519,299.563,0.279821,0.275184,-1,3.51682,nan,nan,nan,4.9857,3.52074
2264,1.22,3.521,299.558,0.279754,0.275118,-1,3.51542,nan,nan,nan,4.9857,3.52103
2265,1.49,3.516,299.553,0.279682,0.275045,-1,3.5123,nan,nan,nan,4.9857,3.51886
2266,1.68,3.51,299.549,0.279594,0.274956,-1,3.51019,nan,nan,nan,4.9857,3.51505
2267,1.38,3.519,299.544,0.279503,0.274865,-1,3.51329,nan,nan,nan,4.9857,3.51822
2268,1.46,3.517,299.54,0.279419,0.27478,-1,3.51235,nan,nan,nan,4.9857,3.5173
2269,1.13,3.521,299.535,0.279344,0.274706,-1,3.51643,nan,nan,nan,4.9857,3.52144
2270,1.23,3.521,299.53,0.279276,0.274636,-1,3.5154,nan,nan,nan,4.9857,3.52182
2271,1.05,3.52,299.525,0.279211,0.274569,-1,3.51789,nan,nan,nan,4.9857,3.52313
2272,1.02,3.522,299.519,0.279155,0.274511,-1,3.51866,nan,nan,nan,4.9857,3.52387
2273,1.17,3.525,299.514,0.279091,0.274448,-1,3.51713,nan,nan,nan,4.9857,3.52153
2274,1.3,3.522,299.509,0.279023,0.274379,-1,3.51573,nan,nan,nan,4.9857,3.52094
2275,1.27,3.521,299.504,0.278953,0.274308,-1,3.51597,nan,nan,nan,4.9857,3.52157
2276,1.45,3.52,299.5,0.278874,0.274228,-1,3.51378,nan,nan,nan,4.98569,3.5188
2277,1.6,3.516,299.495,0.278789,0.27414,-1,3.51183,nan,nan,nan,4.98569,3.51749
2278,1.85,3.518,299.491,0.278701,0.27405,-1,3.50854,nan,nan,nan,4.98569,3.51454
2279,1.52,3.514,299.487,0.278602,0.273948,-1,3.51193,nan,nan,nan,4.98569,3.5172
2280,1.94,3.513,299.482,0.278519,0.273864,-1,3.50692,nan,nan,nan,4.98569,3.51278
2281,1.86,3.513,299.479,0.278415,0.273758,-1,3.50746,nan,nan,nan,4.98569,3.51208
2282,1.76,3.515,299.475,0.278316,0.273658,-1,3.50819,nan,nan,nan,4.98569,3.51428
2283,1.15,3.522,299.47,0.278236,0.273575,-1,3.51549,nan,nan,nan,4.98569,3.52073
2284,1.6,3.513,299.466,0.278153,0.27349,-1,3.51047,nan,nan,nan,4.98569,3.51629
2285,1.62,3.516,299.462,0.278062,0.273398,-1,3.51005,nan,nan,nan,4.98569,3.51423
2286,1.61,3.518,299.458,0.277973,0.273309,-1,3.51012,nan,nan,nan,4.98568,3.51636
2287,1.34,3.521,299.454,0.277887,0.273223,-1,3.5133,nan,nan,nan,4.98568,3.51886
2288,1.42,3.522,299.449,0.277818,0.273153,-1,3.51278,nan,nan,nan,4.98568,3.51834
2289,1.14,3.523,299.444,0.277752,0.273087,-1,3.51651,nan,nan,nan,4.98568,3.52151
2290,1.22,3.522,299.44,0.277685,0.273019,-1,3.51573,nan,nan,nan,4.98568,3.52189
2291,1.47,3.52,299.435,0.27761,0.272944,-1,3.51307,nan,nan,nan,4.98568,3.51851
2292,1.49,3.52,299.431,0.277526,0.272859,-1,3.51265,nan,nan,nan,4.98568,3.51808
2293,1.19,3.522,299.427,0.277447,0.27278,-1,3.51615,nan,nan,nan,4.98568,3.52097
2294,1.39,3.521,299.422,0.277375,0.272707,-1,3.51394,nan,nan,nan,4.98568,3.51864
2295,1.87,3.516,299.418,0.277288,0.272619,-1,3.5081,nan,nan,nan,4.98568,3.51458
2296,1.97,3.512,299.415,0.27718,0.27251,-1,3.50638,nan,nan,nan,4.98568,3.51093
2297,1.97,3.506,299.412,0.277063,0.272391,-1,3.50549,nan,nan,nan,4.98568,3.51086
2298,1.89,3.511,299.408,0.276957,0.272285,-1,3.50621,nan,nan,nan,4.98567,3.51184
2299,1.78,3.51,299.405,0.27686,0.272185,-1,3.50731,nan,nan,nan,4.98567,3.51325
2300,1.61,3.519,299.401,0.276776,0.272097,-1,3.50946,nan,nan,nan,4.98567,3.51566
2301,1.59,3.519,299.397,0.276685,0.272006,-1,3.50964,nan,nan,nan,4.98567,3.51617
2302,1.65,3.514,299.393,0.276597,0.271916,-1,3.50912,nan,nan,nan,4.98567,3.51465
2303,1.56,3.519,299.389,0.276511,0.271829,-1,3.51017,nan,nan,nan,4.98567,3.51623
2304,1.71,3.517,299.385,0.27642,0.271736,-1,3.50839,nan,nan,nan,4.98567,3.51304
2305,1.58,3.513,299.382,0.276328,0.271644,-1,3.50985,nan,nan,nan,4.98567,3.51536
2306,1.42,3.515,299.378,0.276241,0.271556,-1,3.51181,nan,nan,nan,4.98567,3.51631
2307,1.69,3.517,299.374,0.276158,0.27147,-1,3.50873,nan,nan,nan,4.98567,3.51438
2308,1.79,3.513,299.37,0.276062,0.271372,-1,3.50731,nan,nan,nan,4.98566,3.51304
2309,1.65,3.513,299.367,0.275966,0.271274,-1,3.50877,nan,nan,nan,4.98566,3.5136
2310,2.27,3.509,299.364,0.275861,0.271169,-1,3.50129,nan,nan,nan,4.98566,3.50661
2311,1.93,3.511,299.361,0.275745,0.271053,-1,3.50467,nan,nan,nan,4.98566,3.51006
2312,1.84,3.507,299.358,0.275632,0.270939,-1,3.50537,nan,nan,nan,4.98566,3.51035
2313,1.69,3.516,299.354,0.275538,0.270843,-1,3.50734,nan,nan,nan,4.98566,3.51352
2314,1.55,3.515,299.35,0.275463,0.270766,-1,3.50932,nan,nan,nan,4.98566,3.51443
2315,1.52,3.516,299.346,0.27538,0.270682,-1,3.50975,nan,nan,nan,4.98566,3.51565
2316,1.6,3.514,299.343,0.2753,0.270599,-1,3.50911,nan,nan,nan,4.98566,3.51506
2317,1.73,3.511,299.339,0.275212,0.27051,-1,3.50774,nan,nan,nan,4.98566,3.51345
2318,1.4,3.518,299.335,0.275123,0.270422,-1,3.51148,nan,nan,nan,4.98565,3.51735
2319,1.38,3.517,299.331,0.275052,0.270348,-1,3.51206,nan,nan,nan,4.98565,3.51818
2320,1.53,3.515,299.327,0.274982,0.270277,-1,3.51064,nan,nan,nan,4.98565,3.51652
2321,1.32,3.52,299.323,0.274905,0.270198,-1,3.51332,nan,nan,nan,4.98565,3.51896
2322,1.2,3.519,299.319,0.274835,0.270128,-1,3.51476,nan,nan,nan,4.98565,3.51908
2323,1.6,3.516,299.316,0.274753,0.270047,-1,3.51022,nan,nan,nan,4.98565,3.51508
2324,1.62,3.517,299.312,0.274655,0.269948,-1,3.50949,nan,nan,nan,4.98565,3.51451
2325,1.51,3.52,299.309,0.274564,0.269856,-1,3.5107,nan,nan,nan,4.98565,3.51558
2326,1.64,3.516,299.306,0.274474,0.269765,-1,3.50896,nan,nan,nan,4.98565,3.51465
2327,1.57,3.519,299.302,0.274389,0.269679,-1,3.50969,nan,nan,nan,4.98565,3.51586
2328,1.62,3.517,299.298,0.274304,0.269592,-1,3.50915,nan,nan,nan,4.98565,3.5156
2329,1.58,3.515,299.295,0.274214,0.2695,-1,3.50933,nan,nan,nan,4.98564,3.51546
2330,1.6,3.514,299.292,0.274123,0.269408,-1,3.50916,nan,nan,nan,4.98564,3.51444
2331,1.8,3.514,299.288,0.274034,0.269318,-1,3.50678,nan,nan,nan,4.98564,3.51244
2332,1.69,3.517,299.285,0.273939,0.269222,-1,3.50784,nan,nan,nan,4.98564,3.51418
2333,1.76,3.514,299.282,0.273849,0.269131,-1,3.50681,nan,nan,nan,4.98564,3.51272
2334,1.39,3.52,299.278,0.273761,0.26904,-1,3.51112,nan,nan,nan,4.98564,3.51635
2335,1.3,3.524,299.275,0.273687,0.268965,-1,3.51247,nan,nan,nan,4.98564,3.51799
2336,1.46,3.515,299.271,0.273621,0.268901,-1,3.51114,nan,nan,nan,4.98564,3.51691
2337,1.42,3.516,299.267,0.273544,0.268823,-1,3.51167,nan,nan,nan,4.98564,3.51751
2338,1.46,3.517,299.264,0.273467,0.268744,-1,3.51106,nan,nan,nan,4.98564,3.51647
2339,1.79,3.511,299.26,0.273376,0.268652,-1,3.50713,nan,nan,nan,4.98564,3.51278
2340,1.99,3.514,299.257,0.27328,0.268554,-1,3.50457,nan,nan,nan,4.98564,3.51014
2341,2.13,3.511,299.255,0.273171,0.268444,-1,3.50213,nan,nan,nan,4.98563,3.50867
2342,1.51,3.514,299.252,0.273073,0.268344,-1,3.5092,nan,nan,nan,4.98563,3.51426
2343,1.64,3.517,299.248,0.272989,0.268259,-1,3.5078,nan,nan,nan,4.98563,3.51326
2344,1.61,3.512,299.245,0.272899,0.268169,-1,3.50807,nan,nan,nan,4.98563,3.51267
2345,1.64,3.516,299.242,0.272809,0.268078,-1,3.50773,nan,nan,nan,4.98563,3.51337
2346,1.77,3.515,299.239,0.272717,0.267984,-1,3.50596,nan,nan,nan,4.98563,3.51183
2347,1.67,3.513,299.236,0.272623,0.267888,-1,3.50713,nan,nan,nan,4.98563,3.51211
2348,1.4,3.518,299.233,0.272534,0.267797,-1,3.51022,nan,nan,nan,4.98563,3.51547
2349,0.94,3.524,299.229,0.272465,0.267726,-1,3.51601,nan,nan,nan,4.98563,3.52102
2350,1.18,3.521,299.225,0.272411,0.267672,-1,3.51381,nan,nan,nan,4.98563,3.51983
2351,1.28,3.515,299.222,0.272338,0.267597,-1,3.51281,nan,nan,nan,4.98563,3.51877
2352,1.15,3.518,299.218,0.272276,0.267532,-1,3.51461,nan,nan,nan,4.98562,3.51957
2353,1.39,3.516,299.214,0.272202,0.267458,-1,3.51182,nan,nan,nan,4.98562,3.51655
2354,1.28,3.516,299.211,0.272123,0.26738,-1,3.51317,nan,nan,nan,4.98562,3.51806
2355,1.36,3.517,299.208,0.272053,0.267311,-1,3.51234,nan,nan,nan,4.98562,3.51863
2356,1.22,3.52,299.204,0.271983,0.267237,-1,3.51406,nan,nan,nan,4.98562,3.51928
2357,1.39,3.519,299.201,0.271914,0.267168,-1,3.51218,nan,nan,nan,4.98562,3.51701
2358,1.43,3.52,299.197,0.271839,0.267093,-1,3.51159,nan,nan,nan,4.98562,3.51794
2359,1.56,3.517,299.194,0.27176,0.26701,-1,3.50983,nan,nan,nan,4.98562,3.51562
2360,1.47,3.514,299.191,0.271677,0.266925,-1,3.51083,nan,nan,nan,4.98562,3.51517
2361,1.37,3.517,299.187,0.271605,0.266853,-1,3.51198,nan,nan,nan,4.98562,3.51745
2362,1.46,3.511,299.184,0.271523,0.266771,-1,3.51066,nan,nan,nan,4.98562,3.5147
2363,1.46,3.518,299.181,0.27144,0.266686,-1,3.51064,nan,nan,nan,4.98562,3.51669
2364,1.66,3.516,299.178,0.271354,0.266598,-1,3.50808,nan,nan,nan,4.98561,3.51352
2365,1.48,3.515,299.175,0.271266,0.266508,-1,3.50982,nan,nan,nan,4.98561,3.51488
2366,1.55,3.518,299.172,0.271185,0.266425,-1,3.509,nan,nan,nan,4.98561,3.51509
2367,1.63,3.515,299.169,0.271103,0.266343,-1,3.50799,nan,nan,nan,4.98561,3.51466
2368,1.51,3.516,299.166,0.271024,0.266263,-1,3.50939,nan,nan,nan,4.98561,3.51617
2369,1.53,3.518,299.163,0.270949,0.266186,-1,3.5093,nan,nan,nan,4.98561,3.51546
2370,1.21,3.517,299.16,0.270871,0.266107,-1,3.51297,nan,nan,nan,4.98561,3.5177
2371,1.41,3.515,299.156,0.270801,0.266035,-1,3.51092,nan,nan,nan,4.98561,3.51625
2372,1.43,3.514,299.153,0.270723,0.265956,-1,3.51062,nan,nan,nan,4.98561,3.51543
2373,1.45,3.514,299.15,0.270644,0.265876,-1,3.51007,nan,nan,nan,4.98561,3.5153
2374,1.56,3.51,299.147,0.270561,0.26579,-1,3.50876,nan,nan,nan,4.98561,3.51411
2375,1.27,3.519,299.144,0.270485,0.265714,-1,3.51214,nan,nan,nan,4.98561,3.51851
2376,1.29,3.518,299.141,0.270416,0.265644,-1,3.51229,nan,nan,nan,4.9856,3.51793
2377,1.58,3.517,299.138,0.270349,0.265576,-1,3.50909,nan,nan,nan,4.9856,3.51547
2378,1.47,3.517,299.135,0.27027,0.265496,-1,3.51014,nan,nan,nan,4.9856,3.51594
2379,1.29,3.517,299.131,0.270196,0.26542,-1,3.51222,nan,nan,nan,4.9856,3.51802
2380,1.59,3.514,299.129,0.270112,0.265334,-1,3.50847,nan,nan,nan,4.9856,3.51309
2381,1.63,3.516,299.126,0.27002,0.265239,-1,3.5077,nan,nan,nan,4.9856,3.51412
2382,1.24,3.517,299.123,0.269938,0.265154,-1,3.51204,nan,nan,nan,4.9856,3.51795
2383,1.74,3.51,299.12,0.269865,0.265081,-1,3.50636,nan,nan,nan,4.9856,3.51132
2384,1.81,3.511,299.118,0.269769,0.264985,-1,3.50496,nan,nan,nan,4.9856,3.51121
2385,1.59,3.512,299.115,0.269674,0.264889,-1,3.50729,nan,nan,nan,4.9856,3.51282
2386,1.32,3.517,299.112,0.269591,0.264804,-1,3.51055,nan,nan,nan,4.9856,3.51703
2387,1.34,3.518,299.109,0.269524,0.264736,-1,3.51063,nan,nan,nan,4.9856,3.51668
2388,1.44,3.513,299.106,0.269452,0.264662,-1,3.50943,nan,nan,nan,4.98559,3.5151
2389,1.32,3.515,299.103,0.269375,0.264584,-1,3.51096,nan,nan,nan,4.98559,3.5169
2390,1.64,3.514,299.101,0.269295,0.264503,-1,3.50716,nan,nan,nan,4.98559,3.51295
2391,1.44,3.515,299.098,0.269211,0.264418,-1,3.50932,nan,nan,nan,4.98559,3.5133
2392,1.85,3.511,299.095,0.26912,0.264326,-1,3.50436,nan,nan,nan,4.98559,3.50987
2393,1.47,3.513,299.093,0.269034,0.264239,-1,3.50854,nan,nan,nan,4.98559,3.51447
2394,1.42,3.515,299.09,0.268955,0.264159,-1,3.50912,nan,nan,nan,4.98559,3.51569
2395,1.53,3.511,299.087,0.268883,0.264085,-1,3.50806,nan,nan,nan,4.98559,3.51388
2396,1.96,3.507,299.085,0.268791,0.26399,-1,3.50271,nan,nan,nan,4.98559,3.50804
2397,1.49,3.512,299.082,0.268696,0.263893,-1,3.5079,nan,nan,nan,4.98559,3.51344
2398,1.32,3.519,299.08,0.268625,0.26382,-1,3.51007,nan,nan,nan,4.98559,3.51607
2399,1.69,3.515,299.077,0.268539,0.263734,-1,3.50575,nan,nan,nan,4.98559,3.51115
2400,1.8,3.508,299.074,0.268453,0.263647,-1,3.5042,nan,nan,nan,4.98558,3.5095
2401,2.24,3.505,299.072,0.268351,0.263545,-1,3.49869,nan,nan,nan,4.98558,3.50426
2402,1.99,3.509,299.071,0.268237,0.263429,-1,3.50079,nan,nan,nan,4.98558,3.50698
2403,1.44,3.515,299.069,0.268134,0.263325,-1,3.50686,nan,nan,nan,4.98558,3.51274
2404,1.61,3.512,299.066,0.268052,0.263242,-1,3.50509,nan,nan,nan,4.98558,3.51096
2405,1.8,3.511,299.064,0.26796,0.263148,-1,3.50294,nan,nan,nan,4.98558,3.50854
2406,1.71,3.511,299.062,0.26787,0.263057,-1,3.50398,nan,nan,nan,4.98558,3.50931
2407,1.37,3.515,299.059,0.267782,0.262968,-1,3.50785,nan,nan,nan,4.98558,3.51336
2408,1.24,3.513,299.056,0.267708,0.262893,-1,3.5098,nan,nan,nan,4.98558,3.51448
2409,1.28,3.515,299.054,0.267635,0.262821,-1,3.50953,nan,nan,nan,4.98558,3.51412
2410,1.35,3.515,299.051,0.267561,0.262745,-1,3.50872,nan,nan,nan,4.98558,3.5142
2411,1.25,3.517,299.048,0.267494,0.262677,-1,3.51028,nan,nan,nan,4.98557,3.51645
2412,1.38,3.515,299.045,0.267424,0.262606,-1,3.50893,nan,nan,nan,4.98557,3.51472
2413,1.51,3.517,299.043,0.267348,0.262529,-1,3.50741,nan,nan,nan,4.98557,3.51303
2414,1.58,3.514,299.04,0.267267,0.262447,-1,3.50638,nan,nan,nan,4.98557,3.51242
2415,1.14,3.515,299.038,0.26719,0.262367,-1,3.5116,nan,nan,nan,4.98557,3.51614
2416,1.54,3.509,299.035,0.267108,0.262285,-1,3.50672,nan,nan,nan,4.98557,3.51225
2417,1.35,3.514,299.033,0.267028,0.262203,-1,3.5089,nan,nan,nan,4.98557,3.51486
2418,1.58,3.51,299.03,0.266948,0.26212,-1,3.50614,nan,nan,nan,4.98557,3.51096
2419,1.44,3.512,299.028,0.266861,0.262033,-1,3.50751,nan,nan,nan,4.98557,3.51265
2420,1.4,3.51,299.025,0.26678,0.26195,-1,3.50794,nan,nan,nan,4.98557,3.51242
2421,1.38,3.511,299.023,0.2667,0.261871,-1,3.50809,nan,nan,nan,4.98557,3.51312
2422,1.53,3.511,299.021,0.266615,0.261784,-1,3.50633,nan,nan,nan,4.98557,3.51251
2423,1.38,3.508,299.018,0.266537,0.261704,-1,3.50802,nan,nan,nan,4.98556,3.51402
2424,1.64,3.51,299.016,0.266461,0.261626,-1,3.50497,nan,nan,nan,4.98556,3.51185
2425,1.44,3.511,299.013,0.266378,0.261541,-1,3.50721,nan,nan,nan,4.98556,3.51261
2426,1.91,3.507,299.011,0.266287,0.26145,-1,3.50143,nan,nan,nan,4.98556,3.50749
2427,1.74,3.511,299.01,0.266188,0.261347,-1,3.50279,nan,nan,nan,4.98556,3.5092
2428,1.67,3.511,299.008,0.266091,0.261248,-1,3.50342,nan,nan,nan,4.98556,3.50849
2429,1.52,3.508,299.006,0.265995,0.26115,-1,3.50499,nan,nan,nan,4.98556,3.509
2430,1.49,3.512,299.003,0.265915,0.26107,-1,3.50544,nan,nan,nan,4.98556,3.51184
2431,1.22,3.512,299.001,0.265844,0.260998,-1,3.50893,nan,nan,nan,4.98556,3.51419
2432,1.36,3.515,298.998,0.265783,0.260936,-1,3.50776,nan,nan,nan,4.98556,3.51409
2433,1.26,3.515,298.995,0.265716,0.260868,-1,3.5091,nan,nan,nan,4.98556,3.51468
2434,1.94,3.508,298.993,0.265625,0.260775,-1,3.50088,nan,nan,nan,4.98555,3.50662
2435,1.76,3.511,298.992,0.265525,0.260672,-1,3.50223,nan,nan,nan,4.98555,3.50819
2436,1.68,3.511,298.99,0.265429,0.260577,-1,3.50298,nan,nan,nan,4.98555,3.50907
2437,1.83,3.507,298.988,0.265336,0.260482,-1,3.50094,nan,nan,nan,4.98555,3.50689
2438,1.61,3.51,298.986,0.265243,0.260387,-1,3.5034,nan,nan,nan,4.98555,3.50982
2439,1.45,3.509,298.984,0.265163,0.260305,-1,3.50531,nan,nan,nan,4.98555,3.51132
2440,1.32,3.514,298.981,0.26509,0.26023,-1,3.50718,nan,nan,nan,4.98555,3.51281
2441,1.4,3.511,298.979,0.265019,0.260157,-1,3.5064,nan,nan,nan,4.98555,3.51326
2442,1.48,3.51,298.976,0.264947,0.260085,-1,3.50577,nan,nan,nan,4.98555,3.51169
2443,1.04,3.515,298.974,0.264877,0.260014,-1,3.51096,nan,nan,nan,4.98555,3.51576
2444,1.38,3.51,298.971,0.264807,0.259943,-1,3.50716,nan,nan,nan,4.98555,3.51239
2445,1.28,3.513,298.969,0.264733,0.259867,-1,3.50827,nan,nan,nan,4.98555,3.51299
2446,1.27,3.517,298.967,0.264665,0.259798,-1,3.50844,nan,nan,nan,4.98554,3.51452
2447,1.41,3.514,298.964,0.264599,0.259732,-1,3.50695,nan,nan,nan,4.98554,3.51252
2448,1.76,3.507,298.962,0.264516,0.259648,-1,3.50261,nan,nan,nan,4.98554,3.50884
2449,1.86,3.51,298.96,0.264423,0.259553,-1,3.50097,nan,nan,nan,4.98554,3.50702
2450,1.72,3.507,298.959,0.264325,0.259452,-1,3.5021,nan,nan,nan,4.98554,3.50827
2451,1.52,3.512,298.957,0.264233,0.259358,-1,3.50423,nan,nan,nan,4.98554,3.50937
2452,1.87,3.507,298.955,0.264135,0.259258,-1,3.49957,nan,nan,nan,4.98554,3.50539
2453,1.78,3.507,298.954,0.264029,0.259152,-1,3.50038,nan,nan,nan,4.98554,3.50599
2454,1.78,3.506,298.952,0.263926,0.259047,-1,3.49994,nan,nan,nan,4.98554,3.50544
2455,1.6,3.509,298.951,0.263827,0.258947,-1,3.50179,nan,nan,nan,4.98554,3.50702
2456,2.07,3.499,298.949,0.263724,0.258843,-1,3.49589,nan,nan,nan,4.98554,3.50192
2457,1.7,3.507,298.948,0.263616,0.258734,-1,3.49985,nan,nan,nan,4.98553,3.50587
2458,1.38,3.513,298.946,0.263535,0.258654,-1,3.50408,nan,nan,nan,4.98553,3.51039
2459,1.55,3.507,298.944,0.263455,0.258572,-1,3.50224,nan,nan,nan,4.98553,3.50816
2460,1.54,3.506,298.942,0.26337,0.258485,-1,3.50243,nan,nan,nan,4.98553,3.50851
2461,1.53,3.512,298.94,0.263288,0.258401,-1,3.50268,nan,nan,nan,4.98553,3.50912
2462,1.28,3.514,298.938,0.263212,0.258324,-1,3.50579,nan,nan,nan,4.98553,3.51161
2463,1.49,3.508,298.936,0.263137,0.258247,-1,3.50344,nan,nan,nan,4.98553,3.50967
2464,1.22,3.512,298.934,0.263061,0.258169,-1,3.5067,nan,nan,nan,4.98553,3.51176
2465,1.26,3.51,298.931,0.26299,0.258096,-1,3.50641,nan,nan,nan,4.98553,3.51104
2466,1.71,3.511,298.929,0.262909,0.258017,-1,3.50109,nan,nan,nan,4.98553,3.50861
2467,1.54,3.505,298.928,0.26282,0.257927,-1,3.50286,nan,nan,nan,4.98553,3.50789
2468,1.48,3.511,298.926,0.262731,0.257837,-1,3.5033,nan,nan,nan,4.98552,3.50811
2469,1.51,3.508,298.924,0.262649,0.257754,-1,3.50302,nan,nan,nan,4.98552,3.50813
2470,1.54,3.509,298.922,0.26257,0.257674,-1,3.50261,nan,nan,nan,4.98552,3.509
2471,1.68,3.509,298.92,0.262489,0.257592,-1,3.50098,nan,nan,nan,4.98552,3.50781
2472,1.32,3.509,298.918,0.262406,0.257508,-1,3.50511,nan,nan,nan,4.98552,3.5096
2473,1.02,3.516,298.916,0.262338,0.257439,-1,3.50889,nan,nan,nan,4.98552,3.51507
2474,1.34,3.511,298.914,0.26227,0.257369,-1,3.50526,nan,nan,nan,4.98552,3.51041
2475,1.3,3.512,298.912,0.262194,0.257293,-1,3.50581,nan,nan,nan,4.98552,3.51138
2476,1.5,3.51,298.91,0.262118,0.257215,-1,3.50342,nan,nan,nan,4.98552,3.50881
2477,1.63,3.508,298.908,0.26203,0.257126,-1,3.5015,nan,nan,nan,4.98552,3.50669
2478,1.59,3.507,298.906,0.261936,0.257032,-1,3.50172,nan,nan,nan,4.98552,3.50565
2479,1.85,3.501,298.905,0.261835,0.256931,-1,3.49805,nan,nan,nan,4.98552,3.50342
2480,1.43,3.512,298.904,0.261739,0.256835,-1,3.50267,nan,nan,nan,4.98551,3.50817
2481,1.6,3.509,298.902,0.261656,0.256751,-1,3.50065,nan,nan,nan,4.98551,3.50708
2482,1.33,3.512,298.9,0.261578,0.25667,-1,3.50399,nan,nan,nan,4.98551,3.50968
2483,1.27,3.508,298.898,0.261506,0.256596,-1,3.50485,nan,nan,nan,4.98551,3.50992
2484,1.11,3.515,298.896,0.261444,0.256532,-1,3.50719,nan,nan,nan,4.98551,3.51301
2485,1.55,3.504,298.894,0.26137,0.256457,-1,3.50197,nan,nan,nan,4.98551,3.50689
2486,1.6,3.507,298.892,0.261278,0.256366,-1,3.5009,nan,nan,nan,4.98551,3.5065
2487,1.84,3.504,298.891,0.261183,0.256268,-1,3.49791,nan,nan,nan,4.98551,3.50393
2488,1.5,3.509,298.889,0.261093,0.256178,-1,3.50171,nan,nan,nan,4.98551,3.50744
2489,1.54,3.508,298.887,0.26102,0.256105,-1,3.50136,nan,nan,nan,4.98551,3.50785
2490,1.41,3.512,298.885,0.260938,0.256021,-1,3.50291,nan,nan,nan,4.98551,3.50808
2491,1.46,3.504,298.884,0.26085,0.255932,-1,3.50189,nan,nan,nan,4.98551,3.50649
2492,1.13,3.508,298.882,0.260772,0.255854,-1,3.50596,nan,nan,nan,4.9855,3.51081
2493,1.59,3.504,298.88,0.260699,0.25578,-1,3.50069,nan,nan,nan,4.9855,3.50577
2494,1.68,3.505,298.878,0.260612,0.255694,-1,3.49937,nan,nan,nan,4.9855,3.50502
2495,1.59,3.504,298.877,0.260524,0.255604,-1,3.50035,nan,nan,nan,4.9855,3.50629
2496,1.53,3.506,298.875,0.260439,0.255519,-1,3.50088,nan,nan,nan,4.9855,3.50675
2497,1.64,3.503,298.874,0.260354,0.255431,-1,3.4994,nan,nan,nan,4.9855,3.5065
2498,1.71,3.504,298.872,0.260267,0.255342,-1,3.49834,nan,nan,nan,4.9855,3.50329
2499,1.61,3.503,298.871,0.260179,0.255254,-1,3.49939,nan,nan,nan,4.9855,3.50488
2500,1.53,3.506,298.869,0.260089,0.255164,-1,3.50034,nan,nan,nan,4.9855,3.50551
2501,1.34,3.508,298.868,0.260002,0.255075,-1,3.50245,nan,nan,nan,4.9855,3.50747
2502,1.5,3.505,298.866,0.259921,0.254993,-1,3.50043,nan,nan,nan,4.9855,3.5049
2503,1.58,3.509,298.864,0.259836,0.254907,-1,3.49951,nan,nan,nan,4.9855,3.50509
2504,1.44,3.504,298.863,0.25975,0.254818,-1,3.50117,nan,nan,nan,4.98549,3.50588
2505,1.55,3.507,298.861,0.259664,0.254731,-1,3.49957,nan,nan,nan,4.98549,3.50603
2506,1.41,3.507,298.86,0.259583,0.25465,-1,3.50143,nan,nan,nan,4.98549,3.50636
2507,1.2,3.509,298.858,0.259501,0.254566,-1,3.50373,nan,nan,nan,4.98549,3.50771
2508,1.32,3.51,298.856,0.259424,0.254488,-1,3.50234,nan,nan,nan,4.98549,3.50753
2509,1.29,3.511,298.855,0.259348,0.254411,-1,3.50283,nan,nan,nan,4.98549,3.50784
2510,1.52,3.502,298.853,0.259263,0.254324,-1,3.49991,nan,nan,nan,4.98549,3.50612
2511,1.65,3.505,298.852,0.259179,0.254239,-1,3.49816,nan,nan,nan,4.98549,3.50456
2512,1.73,3.504,298.85,0.259091,0.254149,-1,3.49712,nan,nan,nan,4.98549,3.50296
2513,1.55,3.504,298.849,0.259003,0.254059,-1,3.49898,nan,nan,nan,4.98549,3.50424
2514,1.71,3.505,298.847,0.25891,0.253964,-1,3.49677,nan,nan,nan,4.98549,3.50165
2515,1.86,3.5,298.846,0.258812,0.253864,-1,3.49486,nan,nan,nan,4.98548,3.50102
2516,1.44,3.507,298.845,0.258726,0.253777,-1,3.49981,nan,nan,nan,4.98548,3.50561
2517,1.35,3.506,298.843,0.258644,0.253692,-1,3.50084,nan,nan,nan,4.98548,3.50775
2518,1.54,3.508,298.842,0.258563,0.25361,-1,3.49861,nan,nan,nan,4.98548,3.50448
2519,1.18,3.509,298.84,0.258493,0.253539,-1,3.50319,nan,nan,nan,4.98548,3.50896
2520,1.91,3.502,298.838,0.258421,0.253466,-1,3.49482,nan,nan,nan,4.98548,3.50072
2521,1.84,3.501,298.837,0.258316,0.25336,-1,3.49511,nan,nan,nan,4.98548,3.50008
2522,1.73,3.501,298.837,0.258204,0.253248,-1,3.49562,nan,nan,nan,4.98548,3.50085
2523,1.63,3.503,298.836,0.258101,0.253144,-1,3.4965,nan,nan,nan,4.98548,3.50268
2524,1.61,3.504,298.834,0.258013,0.253055,-1,3.4968,nan,nan,nan,4.98548,3.50287
2525,1.39,3.505,298.833,0.257937,0.252977,-1,3.49959,nan,nan,nan,4.98548,3.50467
2526,1.4,3.505,298.831,0.257856,0.252895,-1,3.49952,nan,nan,nan,4.98547,3.50469
2527,1.78,3.496,298.83,0.257774,0.252811,-1,3.49505,nan,nan,nan,4.98547,3.50083
2528,1.68,3.501,298.829,0.257679,0.252714,-1,3.49599,nan,nan,nan,4.98547,3.50219
2529,1.73,3.502,298.828,0.257584,0.252619,-1,3.49516,nan,nan,nan,4.98547,3.50049
2530,1.81,3.504,298.826,0.257489,0.252522,-1,3.49421,nan,nan,nan,4.98547,3.49935
2531,1.75,3.501,298.826,0.257383,0.252415,-1,3.49426,nan,nan,nan,4.98547,3.4996
2532,1.79,3.501,298.825,0.257282,0.252314,-1,3.49351,nan,nan,nan,4.98547,3.49922
2533,1.82,3.498,298.824,0.25718,0.25221,-1,3.49295,nan,nan,nan,4.98547,3.49831
2534,1.93,3.496,298.823,0.257079,0.252107,-1,3.49138,nan,nan,nan,4.98547,3.49689
2535,1.67,3.499,298.822,0.256983,0.25201,-1,3.49436,nan,nan,nan,4.98547,3.4991
2536,1.74,3.501,298.821,0.256888,0.251913,-1,3.49345,nan,nan,nan,4.98546,3.49967
2537,1.63,3.501,298.82,0.256793,0.251816,-1,3.49459,nan,nan,nan,4.98546,3.50054
2538,1.84,3.499,298.819,0.256695,0.251717,-1,3.49201,nan,nan,nan,4.98546,3.49781
2539,1.39,3.505,298.818,0.256593,0.251612,-1,3.4971,nan,nan,nan,4.98546,3.50295
2540,1.56,3.499,298.817,0.256518,0.251534,-1,3.49539,nan,nan,nan,4.98546,3.50144
2541,1.21,3.506,298.815,0.256438,0.251454,-1,3.49971,nan,nan,nan,4.98546,3.50453
2542,1.61,3.5,298.814,0.256359,0.251375,-1,3.4952,nan,nan,nan,4.98546,3.50065
2543,1.67,3.497,298.813,0.25626,0.251275,-1,3.49434,nan,nan,nan,4.98546,3.49931
2544,1.54,3.502,298.812,0.256171,0.251184,-1,3.49576,nan,nan,nan,4.98546,3.50167
2545,1.41,3.504,298.81,0.256091,0.251102,-1,3.49733,nan,nan,nan,4.98546,3.50304
2546,1.42,3.501,298.809,0.256005,0.251015,-1,3.49718,nan,nan,nan,4.98546,3.50226
2547,1.87,3.497,298.808,0.255912,0.250921,-1,3.49184,nan,nan,nan,4.98545,3.49697
2548,1.77,3.496,298.807,0.255809,0.250817,-1,3.49259,nan,nan,nan,4.98545,3.49812
2549,1.69,3.499,298.806,0.255713,0.250717,-1,3.49315,nan,nan,nan,4.98545,3.49868
2550,1.61,3.502,298.805,0.255627,0.250629,-1,3.49421,nan,nan,nan,4.98545,3.49902
2551,1.45,3.503,298.804,0.255537,0.250538,-1,3.49598,nan,nan,nan,4.98545,3.5003
2552,1.46,3.5,298.803,0.255445,0.250446,-1,3.49579,nan,nan,nan,4.98545,3.50066
2553,1.26,3.502,298.801,0.255361,0.250361,-1,3.49841,nan,nan,nan,4.98545,3.50222
2554,1.14,3.505,298.8,0.25529,0.250289,-1,3.49999,nan,nan,nan,4.98545,3.50617
2555,1.62,3.5,298.798,0.255215,0.250212,-1,3.49454,nan,nan,nan,4.98545,3.50105
2556,1.42,3.504,298.797,0.255131,0.250126,-1,3.49678,nan,nan,nan,4.98545,3.50259
2557,1.7,3.501,298.796,0.255047,0.250042,-1,3.49347,nan,nan,nan,4.98545,3.49944
2558,1.41,3.503,298.795,0.254962,0.249954,-1,3.49672,nan,nan,nan,4.98545,3.50288
2559,1.59,3.501,298.793,0.254887,0.249879,-1,3.49472,nan,nan,nan,4.98544,3.50082
2560,1.28,3.504,298.792,0.25481,0.249799,-1,3.49838,nan,nan,nan,4.98544,3.50384
2561,1.36,3.499,298.79,0.254736,0.249724,-1,3.4976,nan,nan,nan,4.98544,3.50321
2562,1.49,3.499,298.789,0.254663,0.249649,-1,3.49607,nan,nan,nan,4.98544,3.50201
2563,1.45,3.501,298.787,0.254587,0.249571,-1,3.49666,nan,nan,nan,4.98544,3.50187
2564,1.62,3.504,298.786,0.254502,0.249485,-1,3.49431,nan,nan,nan,4.98544,3.49973
2565,1.65,3.503,298.785,0.254415,0.249396,-1,3.49386,nan,nan,nan,4.98544,3.50125
2566,1.84,3.496,298.784,0.254324,0.249304,-1,3.4914,nan,nan,nan,4.98544,3.49734
2567,1.44,3.501,298.783,0.254235,0.249213,-1,3.49579,nan,nan,nan,4.98544,3.50056
2568,1.19,3.506,298.781,0.254156,0.249133,-1,3.49873,nan,nan,nan,4.98544,3.50548
2569,1.17,3.503,298.78,0.254097,0.249073,-1,3.4993,nan,nan,nan,4.98544,3.50572
2570,1.41,3.501,298.778,0.254027,0.249,-1,3.49673,nan,nan,nan,4.98544,3.50189
2571,1.53,3.503,298.777,0.253949,0.248923,-1,3.49523,nan,nan,nan,4.98543,3.50155
2572,1.8,3.501,298.776,0.253856,0.248828,-1,3.49178,nan,nan,nan,4.98543,3.4967
2573,1.74,3.496,298.775,0.253757,0.248728,-1,3.49181,nan,nan,nan,4.98543,3.49752
2574,1.67,3.499,298.774,0.253661,0.248631,-1,3.49237,nan,nan,nan,4.98543,3.49803
2575,1.58,3.498,298.773,0.253572,0.24854,-1,3.49333,nan,nan,nan,4.98543,3.49854
2576,1.78,3.494,298.772,0.253479,0.248447,-1,3.49069,nan,nan,nan,4.98543,3.49584
2577,1.69,3.497,298.771,0.253384,0.248351,-1,3.49143,nan,nan,nan,4.98543,3.49788
2578,1.54,3.499,298.77,0.2533,0.248266,-1,3.49327,nan,nan,nan,4.98543,3.49988
2579,1.22,3.5,298.769,0.253221,0.248186,-1,3.49716,nan,nan,nan,4.98543,3.50253
2580,11.58,3.379,298.768,0.25315,0.248112,-1,3.37489,nan,nan,nan,4.98543,3.38104
2581,12.11,3.361,298.799,0.252512,0.247469,-1,3.35606,nan,nan,nan,4.98542,3.36221
2582,9.87,3.38,298.829,0.251893,0.246848,-1,3.37383,nan,nan,nan,4.98541,3.38025
2583,11.68,3.35,298.859,0.251301,0.246253,-1,3.34454,nan,nan,nan,4.98541,3.35016
2584,11.64,3.343,298.892,0.250682,0.245632,-1,3.33862,nan,nan,nan,4.9854,3.34354
2585,12.43,3.328,298.931,0.250004,0.244951,-1,3.32199,nan,nan,nan,4.98539,3.32692
2586,11.85,3.325,298.971,0.249333,0.244277,-1,3.32363,nan,nan,nan,4.98539,3.32855
2587,13.29,3.305,299.012,0.248647,0.243588,-1,3.3012,nan,nan,nan,4.98538,3.30598
2588,13.02,3.31,299.056,0.247949,0.242888,-1,3.30022,nan,nan,nan,4.98537,3.30517
2589,13.39,3.297,299.102,0.247228,0.242165,-1,3.2925,nan,nan,nan,4.98537,3.29631
2590,14.35,3.28,299.154,0.246468,0.241401,-1,3.27545,nan,nan,nan,4.98536,3.27972
2591,14.52,3.272,299.21,0.245673,0.240604,-1,3.2678,nan,nan,nan,4.98535,3.27472
2592,13.43,3.283,299.266,0.244883,0.239812,-1,3.2771,nan,nan,nan,4.98534,3.2831
2593,12.82,3.285,299.313,0.244171,0.239097,-1,3.28075,nan,nan,nan,4.98533,3.28814
2594,11.51,3.302,299.358,0.243479,0.238402,-1,3.29777,nan,nan,nan,4.98533,3.30173
2595,13.37,3.279,299.4,0.242808,0.237729,-1,3.27476,nan,nan,nan,4.98532,3.27959
2596,11.64,3.301,299.448,0.242084,0.237001,-1,3.29249,nan,nan,nan,4.98531,3.2974
2597,11.69,3.297,299.491,0.241405,0.236318,-1,3.29158,nan,nan,nan,4.98531,3.29679
2598,11.98,3.289,299.53,0.240762,0.235672,-1,3.28721,nan,nan,nan,4.9853,3.29234
2599,13.44,3.276,299.576,0.240052,0.23496,-1,3.26852,nan,nan,nan,4.98529,3.27388
2600,14.01,3.265,299.629,0.239285,0.234192,-1,3.25914,nan,nan,nan,4.98528,3.26439
2601,13.59,3.269,299.681,0.238524,0.233429,-1,3.26173,nan,nan,nan,4.98528,3.26772
2602,12.57,3.276,299.727,0.237811,0.232712,-1,3.27342,nan,nan,nan,4.98527,3.2782
2603,12.03,3.283,299.771,0.237122,0.23202,-1,3.27832,nan,nan,nan,4.98526,3.28397
2604,13.24,3.268,299.812,0.236451,0.231347,-1,3.26527,nan,nan,nan,4.98525,3.27026
2605,13.59,3.261,299.86,0.235726,0.230618,-1,3.26006,nan,nan,nan,4.98525,3.2641
2606,12.55,3.276,299.903,0.23503,0.22992,-1,3.27196,nan,nan,nan,4.98524,3.27624
2607,13.55,3.263,299.946,0.234342,0.229228,-1,3.25814,nan,nan,nan,4.98523,3.264
2608,13.09,3.27,299.993,0.233616,0.2285,-1,3.26188,nan,nan,nan,4.98522,3.26723
2609,13.83,3.259,300.044,0.232855,0.227737,-1,3.25167,nan,nan,nan,4.98522,3.25658
2610,12.8,3.267,300.095,0.232097,0.226975,-1,3.26171,nan,nan,nan,4.98521,3.26752
2611,11.09,3.287,300.135,0.231431,0.226305,-1,3.28217,nan,nan,nan,4.9852,3.28694
2612,11.75,3.279,300.172,0.230791,0.225663,-1,3.27395,nan,nan,nan,4.98519,3.27854
2613,12.69,3.268,300.218,0.230064,0.224935,-1,3.26191,nan,nan,nan,4.98519,3.26731
2614,13.64,3.255,300.263,0.229341,0.224207,-1,3.251,nan,nan,nan,4.98518,3.25531
2615,12.16,3.276,300.307,0.228633,0.223496,-1,3.26501,nan,nan,nan,4.98517,3.27132
2616,13.47,3.25,300.349,0.227945,0.222806,-1,3.25177,nan,nan,nan,4.98516,3.25539
2617,14.73,3.241,300.401,0.227162,0.222023,-1,3.23436,nan,nan,nan,4.98515,3.23957
2618,12.98,3.254,300.451,0.226397,0.221254,-1,3.25127,nan,nan,nan,4.98515,3.25753
2619,12.26,3.269,300.497,0.225672,0.220526,-1,3.25901,nan,nan,nan,4.98514,3.26447
2620,12.15,3.268,300.534,0.225022,0.219872,-1,3.26049,nan,nan,nan,4.98513,3.26603
2621,11.49,3.274,300.567,0.224402,0.219249,-1,3.27034,nan,nan,nan,4.98513,3.27491
2622,11.3,3.279,300.601,0.223771,0.218614,-1,3.2736,nan,nan,nan,4.98512,3.27684
2623,12.89,3.256,300.639,0.223103,0.217944,-1,3.25444,nan,nan,nan,4.98511,3.25948
2624,12.45,3.26,300.678,0.222417,0.217254,-1,3.25769,nan,nan,nan,4.9851,3.26302
2625,14.25,3.241,300.722,0.221693,0.216529,-1,3.23533,nan,nan,nan,4.9851,3.24036
2626,12.26,3.262,300.768,0.220951,0.215784,-1,3.25704,nan,nan,nan,4.98509,3.26125
2627,12.95,3.251,300.806,0.220275,0.215108,-1,3.24826,nan,nan,nan,4.98508,3.25325
2628,14.53,3.232,300.855,0.219508,0.214339,-1,3.22934,nan,nan,nan,4.98507,3.23305
2629,14.35,3.231,300.907,0.218718,0.213546,-1,3.22787,nan,nan,nan,4.98506,3.23281
2630,14.87,3.226,300.963,0.217891,0.212716,-1,3.21979,nan,nan,nan,4.98505,3.2254
2631,14.33,3.228,301.013,0.217112,0.211933,-1,3.22485,nan,nan,nan,4.98505,3.22899
2632,13.21,3.235,301.066,0.21632,0.211137,-1,3.23482,nan,nan,nan,4.98504,3.23892
2633,12.81,3.243,301.107,0.215614,0.210428,-1,3.23986,nan,nan,nan,4.98503,3.24423
2634,12.69,3.246,301.149,0.214898,0.20971,-1,3.24046,nan,nan,nan,4.98502,3.24473
2635,12.81,3.248,301.19,0.214194,0.209004,-1,3.23853,nan,nan,nan,4.98501,3.244
2636,12.99,3.248,301.233,0.213467,0.208274,-1,3.23606,nan,nan,nan,4.98501,3.24186
2637,12.13,3.254,301.272,0.212779,0.207583,-1,3.24563,nan,nan,nan,4.985,3.2509
2638,12.02,3.252,301.306,0.212124,0.206924,-1,3.24911,nan,nan,nan,4.98499,3.25238
2639,12.53,3.246,301.341,0.211459,0.206257,-1,3.24326,nan,nan,nan,4.98498,3.24743
2640,6.68,3.312,301.385,0.210722,0.205518,-1,3.30548,nan,nan,nan,4.98498,3.31151
2641,7.4,3.309,301.392,0.210341,0.205134,-1,3.30403,nan,nan,nan,4.98497,3.30916
2642,6.89,3.319,301.401,0.209939,0.20473,-1,3.31356,nan,nan,nan,4.98497,3.3195
2643,6.4,3.33,301.406,0.209574,0.204364,-1,3.3233,nan,nan,nan,4.98496,3.32718
2644,6.37,3.332,301.41,0.209228,0.204017,-1,3.32703,nan,nan,nan,4.98496,3.33202
2645,6.56,3.329,301.414,0.208872,0.20366,-1,3.32759,nan,nan,nan,4.98495,3.333
2646,6.37,3.333,301.419,0.208499,0.203286,-1,3.33126,nan,nan,nan,4.98495,3.33652
2647,6.15,3.342,301.422,0.208141,0.202926,-1,3.33633,nan,nan,nan,4.98495,3.34137
2648,5.65,3.347,301.423,0.207827,0.20261,-1,3.34355,nan,nan,nan,4.98494,3.34764
2649,6.11,3.346,301.424,0.207501,0.202284,-1,3.33932,nan,nan,nan,4.98494,3.34514
2650,5.73,3.348,301.425,0.207172,0.201953,-1,3.34538,nan,nan,nan,4.98494,3.35025
2651,6.41,3.343,301.428,0.206816,0.201594,-1,3.33754,nan,nan,nan,4.98493,3.34243
2652,6.25,3.342,301.431,0.206454,0.201228,-1,3.33965,nan,nan,nan,4.98493,3.34432
2653,6.54,3.343,301.434,0.206093,0.200868,-1,3.33676,nan,nan,nan,4.98492,3.34121
2654,5.98,3.348,301.436,0.205741,0.200512,-1,3.34321,nan,nan,nan,4.98492,3.34818
2655,6.35,3.344,301.438,0.205405,0.200174,-1,3.33866,nan,nan,nan,4.98492,3.34415
2656,5.89,3.344,301.439,0.205067,0.199834,-1,3.34463,nan,nan,nan,4.98491,3.34804
2657,5.4,3.355,301.439,0.204742,0.199508,-1,3.34998,nan,nan,nan,4.98491,3.35449
2658,6.35,3.347,301.44,0.204412,0.199178,-1,3.34008,nan,nan,nan,4.98491,3.34526
2659,5.74,3.352,301.442,0.204072,0.198837,-1,3.34675,nan,nan,nan,4.9849,3.3517
2660,6.36,3.344,301.442,0.203752,0.198513,-1,3.34004,nan,nan,nan,4.9849,3.34465
2661,6.73,3.338,301.445,0.203383,0.198143,-1,3.33528,nan,nan,nan,4.98489,3.33889
2662,5.87,3.348,301.446,0.20304,0.197798,-1,3.34413,nan,nan,nan,4.98489,3.34945
2663,5.27,3.354,301.447,0.20271,0.197468,-1,3.35118,nan,nan,nan,4.98489,3.35513
2664,4.55,3.366,301.445,0.202425,0.197181,-1,3.35997,nan,nan,nan,4.98488,3.3645
2665,4.4,3.372,301.44,0.202176,0.196931,-1,3.36325,nan,nan,nan,4.98488,3.36828
2666,5.68,3.355,301.437,0.20191,0.196663,-1,3.35016,nan,nan,nan,4.98488,3.35464
2667,5.23,3.357,301.435,0.201607,0.196356,-1,3.35474,nan,nan,nan,4.98487,3.35964
2668,5.58,3.355,301.434,0.20131,0.196057,-1,3.35063,nan,nan,nan,4.98487,3.35555
2669,5.42,3.353,301.432,0.201015,0.195759,-1,3.35321,nan,nan,nan,4.98487,3.35789
2670,5.84,3.35,301.431,0.200701,0.195444,-1,3.34728,nan,nan,nan,4.98486,3.35213
2671,6.14,3.349,301.431,0.200372,0.195113,-1,3.34406,nan,nan,nan,4.98486,3.34827
2672,6.34,3.341,301.433,0.200026,0.194765,-1,3.34061,nan,nan,nan,4.98486,3.34494
2673,8.23,3.326,301.437,0.199647,0.194384,-1,3.31737,nan,nan,nan,4.98485,3.32347
2674,7.54,3.331,301.444,0.199228,0.193963,-1,3.32317,nan,nan,nan,4.98485,3.32895
2675,7.11,3.333,301.449,0.198836,0.193569,-1,3.32712,nan,nan,nan,4.98484,3.33067
2676,7.1,3.333,301.454,0.198442,0.193175,-1,3.32654,nan,nan,nan,4.98484,3.33169
2677,6.97,3.331,301.459,0.198047,0.192778,-1,3.32617,nan,nan,nan,4.98483,3.33217
2678,6.35,3.338,301.464,0.197663,0.192392,-1,3.3333,nan,nan,nan,4.98483,3.33764
2679,6.03,3.341,301.466,0.197318,0.192045,-1,3.33639,nan,nan,nan,4.98483,3.34134
2680,6.42,3.337,301.467,0.196975,0.1917,-1,3.33261,nan,nan,nan,4.98482,3.33737
2681,6.67,3.334,301.469,0.19663,0.191353,-1,3.32987,nan,nan,nan,4.98482,3.3346
2682,6.08,3.338,301.472,0.196272,0.190993,-1,3.33586,nan,nan,nan,4.98482,3.34097
2683,5.78,3.34,301.473,0.195936,0.190655,-1,3.33965,nan,nan,nan,4.98481,3.34439
2684,6.37,3.337,301.474,0.195593,0.190311,-1,3.33326,nan,nan,nan,4.98481,3.33775
2685,6.22,3.341,301.476,0.195249,0.189964,-1,3.33482,nan,nan,nan,4.9848,3.34059
2686,6.34,3.338,301.477,0.194909,0.189621,-1,3.33354,nan,nan,nan,4.9848,3.3383
2687,6.07,3.343,301.477,0.194584,0.189293,-1,3.33613,nan,nan,nan,4.9848,3.34111
2688,6.97,3.331,301.479,0.194233,0.188942,-1,3.326,nan,nan,nan,4.98479,3.33111
2689,7.41,3.323,301.484,0.193843,0.188551,-1,3.32075,nan,nan,nan,4.98479,3.3247
2690,7.1,3.325,301.491,0.193413,0.188119,-1,3.32183,nan,nan,nan,4.98478,3.32733
2691,6.73,3.326,301.496,0.193022,0.187727,-1,3.32528,nan,nan,nan,4.98478,3.32935
2692,6.11,3.337,301.5,0.192648,0.187351,-1,3.33153,nan,nan,nan,4.98478,3.33598
2693,5.41,3.346,301.501,0.192315,0.187016,-1,3.3399,nan,nan,nan,4.98477,3.34471
2694,5.45,3.346,301.5,0.192002,0.186702,-1,3.34008,nan,nan,nan,4.98477,3.34625
2695,6.08,3.339,301.501,0.191675,0.186373,-1,3.33333,nan,nan,nan,4.98476,3.33876
2696,6.02,3.338,301.501,0.191341,0.186036,-1,3.33467,nan,nan,nan,4.98476,3.33932
2697,5.42,3.345,301.501,0.191018,0.185712,-1,3.3411,nan,nan,nan,4.98476,3.34705
2698,6.11,3.338,301.5,0.190719,0.18541,-1,3.33447,nan,nan,nan,4.98475,3.33832
2699,6.07,3.337,301.501,0.190378,0.185068,-1,3.33458,nan,nan,nan,4.98475,3.33935
2700,6.39,3.336,301.501,0.190054,0.184741,-1,3.33151,nan,nan,nan,4.98475,3.33531
2701,6.77,3.331,301.504,0.189685,0.184372,-1,3.32631,nan,nan,nan,4.98474,3.33056
2702,7.29,3.321,301.508,0.1893,0.183985,-1,3.31934,nan,nan,nan,4.98474,3.32391
2703,4.82,3.352,301.511,0.188924,0.183606,-1,3.34481,nan,nan,nan,4.98473,3.34925
2704,4.94,3.352,301.509,0.188639,0.183321,-1,3.34537,nan,nan,nan,4.98473,3.3504
2705,4.96,3.351,301.504,0.188386,0.183066,-1,3.346,nan,nan,nan,4.98473,3.35168
2706,6.13,3.344,301.503,0.188081,0.18276,-1,3.33355,nan,nan,nan,4.98473,3.33828
2707,6.58,3.33,301.505,0.187726,0.182403,-1,3.32741,nan,nan,nan,4.98472,3.33286
2708,5.71,3.341,301.505,0.1874,0.182076,-1,3.33643,nan,nan,nan,4.98472,3.34148
2709,5.26,3.347,301.504,0.18709,0.181764,-1,3.34242,nan,nan,nan,4.98471,3.34627
2710,4.65,3.354,301.5,0.186817,0.181488,-1,3.34979,nan,nan,nan,4.98471,3.35487
2711,4.64,3.353,301.496,0.186558,0.181229,-1,3.35087,nan,nan,nan,4.98471,3.35513
2712,4.91,3.356,301.492,0.186303,0.180971,-1,3.34897,nan,nan,nan,4.98471,3.35282
2713,5.97,3.344,301.49,0.186001,0.180667,-1,3.33688,nan,nan,nan,4.9847,3.34148
2714,5.35,3.349,301.489,0.185677,0.18034,-1,3.34221,nan,nan,nan,4.9847,3.34706
2715,6.12,3.34,301.489,0.18536,0.180022,-1,3.33327,nan,nan,nan,4.9847,3.33784
2716,6.67,3.331,301.49,0.18501,0.179671,-1,3.3267,nan,nan,nan,4.98469,3.33174
2717,6.03,3.336,301.492,0.184647,0.179306,-1,3.3322,nan,nan,nan,4.98469,3.33608
2718,6.4,3.333,301.492,0.184326,0.178984,-1,3.32797,nan,nan,nan,4.98468,3.3324
2719,6.5,3.332,301.494,0.183967,0.178622,-1,3.32616,nan,nan,nan,4.98468,3.33109
2720,6.87,3.326,301.497,0.183599,0.178252,-1,3.32154,nan,nan,nan,4.98468,3.32578
2721,6.63,3.331,301.501,0.183217,0.177867,-1,3.32217,nan,nan,nan,4.98467,3.32707
2722,7.04,3.325,301.504,0.182846,0.177495,-1,3.3166,nan,nan,nan,4.98467,3.322
2723,6.62,3.325,301.508,0.182468,0.177114,-1,3.32099,nan,nan,nan,4.98466,3.32598
2724,5.65,3.337,301.51,0.182125,0.176769,-1,3.33185,nan,nan,nan,4.98466,3.33581
2725,5.46,3.334,301.509,0.181805,0.176448,-1,3.33336,nan,nan,nan,4.98466,3.33844
2726,5.51,3.338,301.507,0.181515,0.176156,-1,3.3344,nan,nan,nan,4.98465,3.33842
2727,5.8,3.336,301.506,0.181202,0.175844,-1,3.33127,nan,nan,nan,4.98465,3.33608
2728,5.99,3.333,301.507,0.180865,0.175505,-1,3.32932,nan,nan,nan,4.98465,3.33331
2729,5.74,3.337,301.507,0.18054,0.175179,-1,3.33173,nan,nan,nan,4.98464,3.33661
2730,5.8,3.335,301.506,0.180227,0.174865,-1,3.33128,nan,nan,nan,4.98464,3.33648
2731,5.85,3.332,301.505,0.179908,0.174544,-1,3.33013,nan,nan,nan,4.98464,3.3348
2732,5.74,3.334,301.506,0.179573,0.174208,-1,3.33121,nan,nan,nan,4.98463,3.33662
2733,6.15,3.331,301.505,0.179255,0.173888,-1,3.32642,nan,nan,nan,4.98463,3.33149
2734,5.31,3.342,301.505,0.178938,0.17357,-1,3.33535,nan,nan,nan,4.98462,3.34072
2735,5.71,3.338,301.502,0.178647,0.173277,-1,3.33226,nan,nan,nan,4.98462,3.33752
2736,5.94,3.337,301.503,0.178313,0.172941,-1,3.32849,nan,nan,nan,4.98462,3.33409
2737,6.43,3.33,301.504,0.177974,0.172601,-1,3.32286,nan,nan,nan,4.98461,3.32768
2738,5.74,3.336,301.504,0.177648,0.172272,-1,3.33044,nan,nan,nan,4.98461,3.33499
2739,5.67,3.334,301.504,0.177314,0.171938,-1,3.3308,nan,nan,nan,4.98461,3.33455
2740,5.86,3.332,301.504,0.176993,0.171617,-1,3.32764,nan,nan,nan,4.9846,3.33326
2741,6.13,3.328,301.504,0.176657,0.17128,-1,3.3252,nan,nan,nan,4.9846,3.3305
2742,6.33,3.33,301.505,0.17632,0.170941,-1,3.32275,nan,nan,nan,4.9846,3.32783
2743,6.23,3.331,301.506,0.175977,0.170596,-1,3.32237,nan,nan,nan,4.98459,3.32839
2744,6.02,3.333,301.507,0.175636,0.170253,-1,3.32453,nan,nan,nan,4.98459,3.32975
2745,5.4,3.339,301.506,0.175328,0.169943,-1,3.33192,nan,nan,nan,4.98459,3.33694
2746,6.05,3.328,301.504,0.175032,0.169645,-1,3.32563,nan,nan,nan,4.98458,3.32998
2747,5.1,3.341,301.503,0.174721,0.169333,-1,3.33555,nan,nan,nan,4.98458,3.33996
2748,6.24,3.328,301.502,0.174411,0.169022,-1,3.32299,nan,nan,nan,4.98458,3.32746
2749,5.57,3.337,301.502,0.174086,0.168696,-1,3.32977,nan,nan,nan,4.98457,3.33504
2750,5.41,3.341,301.5,0.173786,0.168393,-1,3.33197,nan,nan,nan,4.98457,3.33782
2751,5.38,3.333,301.499,0.173478,0.168083,-1,3.33219,nan,nan,nan,4.98457,3.33578
2752,5.16,3.338,301.496,0.173191,0.167795,-1,3.33456,nan,nan,nan,4.98456,3.33967
2753,5.62,3.333,301.494,0.172887,0.16749,-1,3.3305,nan,nan,nan,4.98456,3.335
2754,6.88,3.318,301.496,0.172542,0.167144,-1,3.31513,nan,nan,nan,4.98456,3.31985
2755,6.66,3.324,301.5,0.172156,0.166757,-1,3.31603,nan,nan,nan,4.98455,3.32091
2756,7.24,3.312,301.503,0.171777,0.166376,-1,3.30718,nan,nan,nan,4.98455,3.31294
2757,6.85,3.318,301.507,0.171394,0.165989,-1,3.31121,nan,nan,nan,4.98454,3.3157
2758,6.42,3.321,301.509,0.171037,0.16563,-1,3.31549,nan,nan,nan,4.98454,3.32102
2759,5.42,3.331,301.509,0.170723,0.165316,-1,3.32614,nan,nan,nan,4.98454,3.33161
2760,3.12,3.359,301.508,0.170407,0.164998,-1,3.35202,nan,nan,nan,4.98453,3.35728
2761,3.27,3.358,301.499,0.170235,0.164826,-1,3.35372,nan,nan,nan,4.98453,3.35846
2762,3.23,3.362,301.491,0.170048,0.164637,-1,3.35654,nan,nan,nan,4.98453,3.36037
2763,2.59,3.368,301.482,0.169882,0.164469,-1,3.36572,nan,nan,nan,4.98453,3.37104
2764,2.28,3.379,301.471,0.16974,0.164327,-1,3.37145,nan,nan,nan,4.98452,3.37658
2765,3.07,3.369,301.461,0.169592,0.164177,-1,3.3645,nan,nan,nan,4.98452,3.36904
2766,3.07,3.371,301.451,0.169421,0.164005,-1,3.36543,nan,nan,nan,4.98452,3.37068
2767,3.3,3.367,301.443,0.169241,0.163823,-1,3.36333,nan,nan,nan,4.98452,3.36803
2768,3.14,3.37,301.434,0.169059,0.163637,-1,3.36528,nan,nan,nan,4.98452,3.37073
2769,3.23,3.37,301.425,0.168881,0.163458,-1,3.3649,nan,nan,nan,4.98452,3.36976
2770,2.81,3.375,301.416,0.168709,0.163284,-1,3.37009,nan,nan,nan,4.98451,3.37482
2771,2.98,3.375,301.406,0.168547,0.163122,-1,3.3688,nan,nan,nan,4.98451,3.37371
2772,3.41,3.374,301.397,0.168373,0.162947,-1,3.36418,nan,nan,nan,4.98451,3.37019
2773,3.26,3.375,301.389,0.16819,0.162761,-1,3.36599,nan,nan,nan,4.98451,3.37209
2774,3.41,3.371,301.38,0.168008,0.162577,-1,3.36404,nan,nan,nan,4.98451,3.37012
2775,3.23,3.375,301.371,0.167829,0.162396,-1,3.36602,nan,nan,nan,4.9845,3.37184
2776,3.38,3.372,301.363,0.167647,0.162213,-1,3.36438,nan,nan,nan,4.9845,3.37053
2777,3.36,3.37,301.355,0.167459,0.162022,-1,3.36469,nan,nan,nan,4.9845,3.36975
2778,2.91,3.371,301.346,0.167277,0.161838,-1,3.36945,nan,nan,nan,4.9845,3.37442
2779,3.39,3.37,301.337,0.167103,0.161664,-1,3.36437,nan,nan,nan,4.9845,3.36988
2780,3.45,3.37,301.329,0.166917,0.161478,-1,3.36351,nan,nan,nan,4.98449,3.37013
2781,3.36,3.372,301.321,0.166734,0.161294,-1,3.36464,nan,nan,nan,4.98449,3.3712
2782,3.31,3.369,301.312,0.166553,0.161111,-1,3.36508,nan,nan,nan,4.98449,3.37112
2783,2.99,3.373,301.304,0.166382,0.160939,-1,3.36885,nan,nan,nan,4.98449,3.37379
2784,3.04,3.373,301.295,0.166218,0.160773,-1,3.36861,nan,nan,nan,4.98449,3.37417
2785,3.08,3.378,301.286,0.166054,0.160606,-1,3.36848,nan,nan,nan,4.98448,3.37393
2786,3.06,3.376,301.277,0.165887,0.160436,-1,3.36862,nan,nan,nan,4.98448,3.37479
2787,2.73,3.374,301.268,0.165723,0.160269,-1,3.37269,nan,nan,nan,4.98448,3.37833
2788,3.03,3.375,301.258,0.165574,0.160119,-1,3.36988,nan,nan,nan,4.98448,3.37636
2789,2.67,3.38,301.249,0.165415,0.159957,-1,3.37381,nan,nan,nan,4.98448,3.37964
2790,2.92,3.376,301.24,0.165257,0.159798,-1,3.3714,nan,nan,nan,4.98448,3.37675
2791,3.23,3.377,301.231,0.165093,0.159633,-1,3.36776,nan,nan,nan,4.98447,3.37318
2792,3.05,3.374,301.223,0.164913,0.159451,-1,3.36953,nan,nan,nan,4.98447,3.37455
2793,2.96,3.373,301.214,0.16475,0.159286,-1,3.37042,nan,nan,nan,4.98447,3.37581
2794,3.27,3.375,301.205,0.164579,0.159113,-1,3.36708,nan,nan,nan,4.98447,3.37307
2795,2.7,3.38,301.197,0.164404,0.158937,-1,3.37305,nan,nan,nan,4.98447,3.37897
2796,3.11,3.375,301.188,0.164247,0.158778,-1,3.36883,nan,nan,nan,4.98447,3.37493
2797,2.98,3.379,301.179,0.164087,0.158616,-1,3.37033,nan,nan,nan,4.98446,3.37574
2798,3.52,3.372,301.171,0.163911,0.15844,-1,3.36424,nan,nan,nan,4.98446,3.3702
2799,3.17,3.371,301.163,0.16373,0.158258,-1,3.36794,nan,nan,nan,4.98446,3.3736
2800,2.55,3.38,301.155,0.163567,0.158094,-1,3.37448,nan,nan,nan,4.98446,3.37971
2801,3.02,3.372,301.146,0.163417,0.157943,-1,3.36995,nan,nan,nan,4.98446,3.375
2802,3.28,3.374,301.138,0.163243,0.157768,-1,3.3667,nan,nan,nan,4.98445,3.37201
2803,3.38,3.368,301.13,0.163059,0.157583,-1,3.3652,nan,nan,nan,4.98445,3.37051
2804,3.49,3.369,301.123,0.162862,0.157386,-1,3.36328,nan,nan,nan,4.98445,3.36869
2805,3.72,3.367,301.116,0.162664,0.157187,-1,3.36018,nan,nan,nan,4.98445,3.36623
2806,3.51,3.369,301.11,0.162468,0.156989,-1,3.36233,nan,nan,nan,4.98445,3.36768
2807,2.95,3.375,301.103,0.162273,0.156793,-1,3.36816,nan,nan,nan,4.98444,3.37423
2808,2.94,3.372,301.095,0.162104,0.156623,-1,3.36848,nan,nan,nan,4.98444,3.37367
2809,2.72,3.375,301.086,0.161943,0.156459,-1,3.37125,nan,nan,nan,4.98444,3.37715
2810,2.98,3.375,301.078,0.161782,0.156297,-1,3.36861,nan,nan,nan,4.98444,3.37398
2811,3.21,3.371,301.07,0.161616,0.15613,-1,3.36621,nan,nan,nan,4.98444,3.37236
2812,2.94,3.377,301.062,0.161448,0.155959,-1,3.36935,nan,nan,nan,4.98444,3.37533
2813,3.19,3.37,301.054,0.161273,0.155783,-1,3.3665,nan,nan,nan,4.98443,3.37123
2814,3.23,3.369,301.047,0.161094,0.155601,-1,3.36575,nan,nan,nan,4.98443,3.37072
2815,3.09,3.373,301.04,0.160915,0.155423,-1,3.36687,nan,nan,nan,4.98443,3.3729
2816,3.51,3.367,301.033,0.160721,0.155227,-1,3.36197,nan,nan,nan,4.98443,3.3673
2817,3.61,3.368,301.027,0.160523,0.155026,-1,3.3601,nan,nan,nan,4.98443,3.36646
2818,3.4,3.367,301.02,0.160328,0.154829,-1,3.36216,nan,nan,nan,4.98442,3.36903
2819,3.5,3.365,301.013,0.160147,0.154647,-1,3.36172,nan,nan,nan,4.98442,3.36701
2820,1.11,3.394,301.006,0.159972,0.154472,-1,3.38801,nan,nan,nan,4.98442,3.39482
2821,0.97,3.395,300.994,0.159916,0.154413,-1,3.39211,nan,nan,nan,4.98442,3.3976
2822,1.06,3.4,300.982,0.159859,0.154355,-1,3.39328,nan,nan,nan,4.98442,3.39887
2823,1.07,3.399,300.97,0.159801,0.154294,-1,3.39482,nan,nan,nan,4.98442,3.40099
2824,0.98,3.4,300.958,0.159745,0.154237,-1,3.39733,nan,nan,nan,4.98442,3.40315
2825,1.02,3.406,300.946,0.15969,0.154182,-1,3.39808,nan,nan,nan,4.98442,3.40448
2826,0.99,3.409,300.934,0.159638,0.154128,-1,3.39951,nan,nan,nan,4.98442,3.40645
2827,0.99,3.407,300.922,0.159589,0.154078,-1,3.40049,nan,nan,nan,4.98442,3.40725
2828,0.95,3.407,300.911,0.159537,0.154023,-1,3.40162,nan,nan,nan,4.98442,3.40697
2829,1.01,3.408,300.899,0.159479,0.153964,-1,3.40142,nan,nan,nan,4.98441,3.40648
2830,1.08,3.405,300.887,0.159421,0.153904,-1,3.40114,nan,nan,nan,4.98441,3.40766
2831,1.12,3.409,300.876,0.159365,0.153844,-1,3.40109,nan,nan,nan,4.98441,3.40817
2832,1.07,3.407,300.864,0.159308,0.153787,-1,3.40191,nan,nan,nan,4.98441,3.40849
2833,1.04,3.406,300.853,0.159253,0.15373,-1,3.40265,nan,nan,nan,4.98441,3.40875
2834,1.04,3.409,300.842,0.159197,0.153673,-1,3.40299,nan,nan,nan,4.98441,3.40891
2835,1.01,3.413,300.83,0.159141,0.153617,-1,3.40359,nan,nan,nan,4.98441,3.40971
2836,0.97,3.407,300.819,0.159087,0.153562,-1,3.40431,nan,nan,nan,4.98441,3.41
2837,0.95,3.408,300.808,0.159032,0.153506,-1,3.40479,nan,nan,nan,4.98441,3.41028
2838,1.06,3.412,300.796,0.158978,0.15345,-1,3.40376,nan,nan,nan,4.98441,3.41015
2839,1.13,3.408,300.785,0.158922,0.153394,-1,3.40318,nan,nan,nan,4.98441,3.41027
2840,1.15,3.411,300.774,0.158867,0.153336,-1,3.40313,nan,nan,nan,4.98441,3.41035
2841,0.95,3.411,300.763,0.158812,0.153279,-1,3.40551,nan,nan,nan,4.98441,3.41083
2842,0.92,3.409,300.752,0.158757,0.153224,-1,3.40602,nan,nan,nan,4.98441,3.41108
2843,1.09,3.408,300.741,0.158701,0.153167,-1,3.40423,nan,nan,nan,4.98441,3.41081
2844,1.07,3.412,300.73,0.158643,0.153108,-1,3.4046,nan,nan,nan,4.98441,3.41051
2845,1.07,3.413,300.719,0.158582,0.153046,-1,3.40468,nan,nan,nan,4.98441,3.41068
2846,1.11,3.415,300.709,0.158522,0.152984,-1,3.4042,nan,nan,nan,4.9844,3.41074
2847,0.99,3.416,300.698,0.158465,0.152925,-1,3.40571,nan,nan,nan,4.9844,3.41132
2848,1.05,3.411,300.687,0.158409,0.152867,-1,3.40521,nan,nan,nan,4.9844,3.41141
2849,1.17,3.41,300.677,0.15835,0.152808,-1,3.40398,nan,nan,nan,4.9844,3.41091
2850,1.16,3.41,300.666,0.158288,0.152744,-1,3.40402,nan,nan,nan,4.9844,3.41036
2851,1.09,3.408,300.656,0.158228,0.152682,-1,3.40494,nan,nan,nan,4.9844,3.41123
2852,1.03,3.412,300.645,0.158171,0.152624,-1,3.40582,nan,nan,nan,4.9844,3.41207
2853,0.91,3.415,300.635,0.158117,0.152569,-1,3.40736,nan,nan,nan,4.9844,3.4131
2854,1.05,3.414,300.624,0.158062,0.152512,-1,3.4059,nan,nan,nan,4.9844,3.41194
2855,1.06,3.414,300.614,0.158006,0.152455,-1,3.40601,nan,nan,nan,4.9844,3.41266
2856,1.02,3.411,300.604,0.15795,0.152397,-1,3.40657,nan,nan,nan,4.9844,3.41273
2857,1.05,3.413,300.593,0.157894,0.152341,-1,3.40636,nan,nan,nan,4.9844,3.41289
2858,1.12,3.41,300.583,0.157837,0.152282,-1,3.40567,nan,nan,nan,4.9844,3.41249
2859,1.02,3.412,300.573,0.157778,0.15222,-1,3.40683,nan,nan,nan,4.9844,3.41201
2860,1.06,3.413,300.563,0.157716,0.152158,-1,3.4064,nan,nan,nan,4.9844,3.41164
2861,1.1,3.413,300.553,0.157656,0.152096,-1,3.40602,nan,nan,nan,4.9844,3.41242
2862,0.97,3.413,300.543,0.157598,0.152036,-1,3.40753,nan,nan,nan,4.98439,3.41296
2863,1.02,3.413,300.533,0.157543,0.151979,-1,3.40717,nan,nan,nan,4.98439,3.41393
2864,1.04,3.416,300.523,0.157489,0.151924,-1,3.40712,nan,nan,nan,4.98439,3.41406
2865,1.01,3.411,300.513,0.157435,0.151868,-1,3.40766,nan,nan,nan,4.98439,3.41424
2866,1.01,3.414,300.503,0.157382,0.151814,-1,3.40778,nan,nan,nan,4.98439,3.41426
2867,1.02,3.414,300.493,0.157328,0.15176,-1,3.40785,nan,nan,nan,4.98439,3.41402
2868,1.01,3.414,300.483,0.157272,0.151704,-1,3.40812,nan,nan,nan,4.98439,3.41426
2869,0.96,3.412,300.473,0.157217,0.151648,-1,3.40875,nan,nan,nan,4.98439,3.41412
2870,1,3.412,300.464,0.157164,0.151595,-1,3.40848,nan,nan,nan,4.98439,3.41507
2871,1.14,3.415,300.454,0.157108,0.151538,-1,3.40694,nan,nan,nan,4.98439,3.41346
2872,1.04,3.414,300.444,0.157049,0.151476,-1,3.40804,nan,nan,nan,4.98439,3.41387
2873,0.97,3.416,300.435,0.156992,0.151418,-1,3.40888,nan,nan,nan,4.98439,3.41444
2874,1.05,3.414,300.425,0.156937,0.151362,-1,3.40808,nan,nan,nan,4.98439,3.41474
2875,0.99,3.417,300.416,0.156882,0.151304,-1,3.40889,nan,nan,nan,4.98439,3.41497
2876,0.87,3.416,300.406,0.156829,0.151248,-1,3.41031,nan,nan,nan,4.98439,3.41547
2877,1.05,3.418,300.397,0.156774,0.151194,-1,3.4084,nan,nan,nan,4.98439,3.41533
2878,1.1,3.412,300.388,0.156717,0.151136,-1,3.40784,nan,nan,nan,4.98439,3.41465
2879,0.95,3.417,300.378,0.156662,0.151081,-1,3.40974,nan,nan,nan,4.98439,3.41577
