t,i,v,soc,x_surf,y_surf,T
0.0,0.00,4.180938,1.000000,0.901400,0.270000,25.000
1.0,0.00,4.180938,1.000000,0.901400,0.270000,25.000
2.0,0.00,4.180938,1.000000,0.901400,0.270000,25.000
3.0,0.00,4.180938,1.000000,0.901400,0.270000,25.000
4.0,0.00,4.180938,1.000000,0.901400,0.270000,25.000
5.0,0.00,4.180938,1.000000,0.901400,0.270000,25.000
6.0,0.00,4.180938,1.000000,0.901400,0.270000,25.000
7.0,0.00,4.180938,1.000000,0.901400,0.270000,25.000
8.0,0.00,4.180938,1.000000,0.901400,0.270000,25.000
9.0,0.00,4.180938,1.000000,0.901400,0.270000,25.000
10.0,0.00,4.180938,1.000000,0.901400,0.270000,25.000
11.0,0.00,4.180938,1.000000,0.901400,0.270000,25.000
12.0,0.00,4.180938,1.000000,0.901400,0.270000,25.000
13.0,0.00,4.180938,1.000000,0.901400,0.270000,25.000
14.0,0.00,4.180938,1.000000,0.901400,0.270000,25.000
15.0,0.00,4.180938,1.000000,0.901400,0.270000,25.000
16.0,0.00,4.180938,1.000000,0.901400,0.270000,25.000
17.0,0.00,4.180938,1.000000,0.901400,0.270000,25.000
18.0,0.00,4.180938,1.000000,0.901400,0.270000,25.000
19.0,0.00,4.180938,1.000000,0.901400,0.270000,25.000
20.0,0.00,4.180938,1.000000,0.901400,0.270000,25.000
21.0,0.00,4.180938,1.000000,0.901400,0.270000,25.000
22.0,0.00,4.180938,1.000000,0.901400,0.270000,25.000
23.0,0.00,4.180938,1.000000,0.901400,0.270000,25.000
24.0,0.00,4.180938,1.000000,0.901400,0.270000,25.000
25.0,0.00,4.180938,1.000000,0.901400,0.270000,25.000
26.0,0.00,4.180938,1.000000,0.901400,0.270000,25.000
27.0,0.00,4.180938,1.000000,0.901400,0.270000,25.000
28.0,0.00,4.180938,1.000000,0.901400,0.270000,25.000
29.0,0.00,4.180938,1.000000,0.901400,0.270000,25.000
30.0,0.00,4.180938,1.000000,0.901400,0.270000,25.000
31.0,0.00,4.180938,1.000000,0.901400,0.270000,25.000
32.0,0.00,4.180938,1.000000,0.901400,0.270000,25.000
33.0,0.00,4.180938,1.000000,0.901400,0.270000,25.000
34.0,0.00,4.180938,1.000000,0.901400,0.270000,25.000
35.0,0.00,4.180938,1.000000,0.901400,0.270000,25.000
36.0,0.00,4.180938,1.000000,0.901400,0.270000,25.000
37.0,0.00,4.180938,1.000000,0.901400,0.270000,25.000
38.0,0.00,4.180938,1.000000,0.901400,0.270000,25.000
39.0,0.00,4.180938,1.000000,0.901400,0.270000,25.000
40.0,0.00,4.180938,1.000000,0.901400,0.270000,25.000
41.0,0.00,4.180938,1.000000,0.901400,0.270000,25.000
42.0,0.00,4.180938,1.000000,0.901400,0.270000,25.000
43.0,0.00,4.180938,1.000000,0.901400,0.270000,25.000
44.0,0.00,4.180938,1.000000,0.901400,0.270000,25.000
45.0,0.00,4.180938,1.000000,0.901400,0.270000,25.000
46.0,0.00,4.180938,1.000000,0.901400,0.270000,25.000
47.0,0.00,4.180938,1.000000,0.901400,0.270000,25.000
48.0,0.00,4.180938,1.000000,0.901400,0.270000,25.000
49.0,0.00,4.180938,1.000000,0.901400,0.270000,25.000
50.0,0.00,4.180938,1.000000,0.901400,0.270000,25.000
51.0,0.00,4.180938,1.000000,0.901400,0.270000,25.000
52.0,0.00,4.180938,1.000000,0.901400,0.270000,25.000
53.0,0.00,4.180938,1.000000,0.901400,0.270000,25.000
54.0,0.00,4.180938,1.000000,0.901400,0.270000,25.000
55.0,0.00,4.180938,1.000000,0.901400,0.270000,25.000
56.0,0.00,4.180938,1.000000,0.901400,0.270000,25.000
57.0,0.00,4.180938,1.000000,0.901400,0.270000,25.000
58.0,0.00,4.180938,1.000000,0.901400,0.270000,25.000
59.0,0.00,4.180938,1.000000,0.901400,0.270000,25.000
60.0,5.00,4.117118,1.000000,0.901400,0.270000,25.000
61.0,5.00,4.114341,0.999722,0.899825,0.273257,25.006
62.0,5.00,4.112007,0.999444,0.899154,0.274098,25.011
63.0,5.00,4.109991,0.999167,0.898611,0.274832,25.017
64.0,5.00,4.108206,0.998889,0.898137,0.275489,25.023
65.0,5.00,4.106594,0.998611,0.897705,0.276089,25.029
66.0,5.00,4.105117,0.998333,0.897304,0.276644,25.036
67.0,5.00,4.103747,0.998056,0.896926,0.277163,25.042
68.0,5.00,4.102467,0.997778,0.896566,0.277654,25.048
69.0,5.00,4.101261,0.997500,0.896220,0.278121,25.054
70.0,5.00,4.100119,0.997222,0.895887,0.278567,25.060
71.0,5.00,4.099033,0.996944,0.895564,0.278995,25.066
72.0,5.00,4.097995,0.996667,0.895249,0.279408,25.073
73.0,5.00,4.097000,0.996389,0.894942,0.279807,25.079
74.0,5.00,4.096045,0.996111,0.894641,0.280194,25.085
75.0,5.00,4.095124,0.995833,0.894346,0.280570,25.091
76.0,5.00,4.094236,0.995556,0.894057,0.280936,25.098
77.0,5.00,4.093377,0.995278,0.893771,0.281293,25.104
78.0,5.00,4.092545,0.995000,0.893490,0.281642,25.110
79.0,5.00,4.091738,0.994722,0.893213,0.281984,25.116
80.0,5.00,4.090954,0.994444,0.892938,0.282318,25.123
81.0,5.00,4.090192,0.994167,0.892667,0.282646,25.129
82.0,5.00,4.089450,0.993889,0.892399,0.282968,25.135
83.0,5.00,4.088728,0.993611,0.892133,0.283284,25.141
84.0,5.00,4.088023,0.993333,0.891869,0.283595,25.147
85.0,5.00,4.087336,0.993056,0.891607,0.283901,25.154
86.0,5.00,4.086665,0.992778,0.891347,0.284202,25.160
87.0,5.00,4.086009,0.992500,0.891089,0.284499,25.166
88.0,5.00,4.085367,0.992222,0.890833,0.284792,25.172
89.0,5.00,4.084740,0.991944,0.890578,0.285081,25.178
90.0,5.00,4.084125,0.991667,0.890324,0.285367,25.184
91.0,5.00,4.083524,0.991389,0.890072,0.285648,25.190
92.0,5.00,4.082934,0.991111,0.889820,0.285927,25.197
93.0,5.00,4.082357,0.990833,0.889570,0.286202,25.203
94.0,5.00,4.081790,0.990556,0.889321,0.286474,25.209
95.0,5.00,4.081235,0.990278,0.889073,0.286743,25.215
96.0,5.00,4.080689,0.990000,0.888825,0.287010,25.221
97.0,5.00,4.080154,0.989722,0.888578,0.287274,25.227
98.0,5.00,4.079629,0.989444,0.888332,0.287535,25.233
99.0,5.00,4.079113,0.989167,0.888087,0.287794,25.239
100.0,5.00,4.078606,0.988889,0.887842,0.288050,25.244
101.0,5.00,4.078108,0.988611,0.887598,0.288304,25.250
102.0,5.00,4.077618,0.988333,0.887354,0.288556,25.256
103.0,5.00,4.077136,0.988056,0.887111,0.288806,25.262
104.0,5.00,4.076663,0.987778,0.886868,0.289054,25.268
105.0,5.00,4.076198,0.987500,0.886626,0.289300,25.274
106.0,5.00,4.075740,0.987222,0.886384,0.289544,25.279
107.0,5.00,4.075289,0.986944,0.886142,0.289787,25.285
108.0,5.00,4.074846,0.986667,0.885900,0.290027,25.291
109.0,5.00,4.074409,0.986389,0.885659,0.290266,25.296
110.0,5.00,4.073980,0.986111,0.885419,0.290503,25.302
111.0,5.00,4.073557,0.985833,0.885178,0.290739,25.308
112.0,5.00,4.073140,0.985556,0.884938,0.290973,25.313
113.0,5.00,4.072730,0.985278,0.884698,0.291205,25.319
114.0,5.00,4.072326,0.985000,0.884458,0.291436,25.324
115.0,5.00,4.071929,0.984722,0.884218,0.291666,25.330
116.0,5.00,4.071537,0.984444,0.883979,0.291894,25.335
117.0,5.00,4.071151,0.984167,0.883739,0.292121,25.341
118.0,5.00,4.070770,0.983889,0.883500,0.292347,25.346
119.0,5.00,4.070395,0.983611,0.883261,0.292571,25.352
120.0,5.00,4.070026,0.983333,0.883022,0.292794,25.357
121.0,5.00,4.069662,0.983056,0.882783,0.293016,25.362
122.0,5.00,4.069303,0.982778,0.882544,0.293237,25.368
123.0,5.00,4.068949,0.982500,0.882306,0.293457,25.373
124.0,5.00,4.068601,0.982222,0.882067,0.293676,25.378
125.0,5.00,4.068257,0.981944,0.881828,0.293893,25.384
126.0,5.00,4.067918,0.981667,0.881590,0.294110,25.389
127.0,5.00,4.067584,0.981389,0.881352,0.294325,25.394
128.0,5.00,4.067254,0.981111,0.881113,0.294540,25.399
129.0,5.00,4.066929,0.980833,0.880875,0.294753,25.404
130.0,5.00,4.066609,0.980556,0.880637,0.294966,25.409
131.0,5.00,4.066293,0.980278,0.880399,0.295177,25.414
132.0,5.00,4.065981,0.980000,0.880161,0.295388,25.419
133.0,5.00,4.065674,0.979722,0.879923,0.295598,25.424
134.0,5.00,4.065371,0.979444,0.879685,0.295807,25.429
135.0,5.00,4.065072,0.979167,0.879447,0.296015,25.434
136.0,5.00,4.064777,0.978889,0.879209,0.296223,25.439
137.0,5.00,4.064486,0.978611,0.878971,0.296429,25.444
138.0,5.00,4.064199,0.978333,0.878733,0.296635,25.449
139.0,5.00,4.063916,0.978056,0.878495,0.296840,25.454
140.0,5.00,4.063636,0.977778,0.878257,0.297044,25.458
141.0,5.00,4.063361,0.977500,0.878020,0.297248,25.463
142.0,5.00,4.063089,0.977222,0.877782,0.297451,25.468
143.0,5.00,4.062821,0.976944,0.877544,0.297653,25.473
144.0,5.00,4.062556,0.976667,0.877306,0.297854,25.477
145.0,5.00,4.062295,0.976389,0.877068,0.298055,25.482
146.0,5.00,4.062037,0.976111,0.876831,0.298255,25.486
147.0,5.00,4.061783,0.975833,0.876593,0.298454,25.491
148.0,5.00,4.061532,0.975556,0.876355,0.298653,25.496
149.0,5.00,4.061285,0.975278,0.876118,0.298851,25.500
150.0,5.00,4.061041,0.975000,0.875880,0.299049,25.505
151.0,5.00,4.060800,0.974722,0.875642,0.299246,25.509
152.0,5.00,4.060562,0.974444,0.875404,0.299442,25.513
153.0,5.00,4.060328,0.974167,0.875167,0.299638,25.518
154.0,5.00,4.060096,0.973889,0.874929,0.299833,25.522
155.0,5.00,4.059868,0.973611,0.874691,0.300028,25.526
156.0,5.00,4.059643,0.973333,0.874454,0.300222,25.531
157.0,5.00,4.059421,0.973056,0.874216,0.300415,25.535
158.0,5.00,4.059201,0.972778,0.873978,0.300608,25.539
159.0,5.00,4.058985,0.972500,0.873741,0.300801,25.543
160.0,5.00,4.058771,0.972222,0.873503,0.300993,25.548
161.0,5.00,4.058560,0.971944,0.873265,0.301184,25.552
162.0,5.00,4.058353,0.971667,0.873028,0.301375,25.556
163.0,5.00,4.058147,0.971389,0.872790,0.301566,25.560
164.0,5.00,4.057945,0.971111,0.872552,0.301756,25.564
165.0,5.00,4.057745,0.970833,0.872315,0.301946,25.568
166.0,5.00,4.057548,0.970556,0.872077,0.302135,25.572
167.0,5.00,4.057354,0.970278,0.871839,0.302324,25.576
168.0,5.00,4.057162,0.970000,0.871602,0.302512,25.580
169.0,5.00,4.056973,0.969722,0.871364,0.302700,25.584
170.0,5.00,4.056786,0.969444,0.871126,0.302887,25.588
171.0,5.00,4.056602,0.969167,0.870889,0.303074,25.591
172.0,5.00,4.056420,0.968889,0.870651,0.303261,25.595
173.0,5.00,4.056240,0.968611,0.870413,0.303447,25.599
174.0,5.00,4.056063,0.968333,0.870175,0.303633,25.603
175.0,5.00,4.055889,0.968056,0.869938,0.303819,25.607
176.0,5.00,4.055717,0.967778,0.869700,0.304004,25.610
177.0,5.00,4.055547,0.967500,0.869462,0.304188,25.614
178.0,5.00,4.055379,0.967222,0.869225,0.304373,25.618
179.0,5.00,4.055214,0.966944,0.868987,0.304557,25.621
180.0,5.00,4.055051,0.966667,0.868749,0.304740,25.625
181.0,5.00,4.054890,0.966389,0.868511,0.304923,25.628
182.0,5.00,4.054731,0.966111,0.868274,0.305106,25.632
183.0,5.00,4.054574,0.965833,0.868036,0.305289,25.635
184.0,5.00,4.054420,0.965556,0.867798,0.305471,25.639
185.0,5.00,4.054267,0.965278,0.867560,0.305653,25.642
186.0,5.00,4.054117,0.965000,0.867323,0.305835,25.646
187.0,5.00,4.053969,0.964722,0.867085,0.306016,25.649
188.0,5.00,4.053822,0.964444,0.866847,0.306197,25.652
189.0,5.00,4.053678,0.964167,0.866609,0.306377,25.656
190.0,5.00,4.053536,0.963889,0.866372,0.306558,25.659
191.0,5.00,4.053395,0.963611,0.866134,0.306738,25.662
192.0,5.00,4.053257,0.963333,0.865896,0.306918,25.665
193.0,5.00,4.053120,0.963056,0.865658,0.307097,25.669
194.0,5.00,4.052986,0.962778,0.865421,0.307276,25.672
195.0,5.00,4.052853,0.962500,0.865183,0.307455,25.675
196.0,5.00,4.052722,0.962222,0.864945,0.307634,25.678
197.0,5.00,4.052593,0.961944,0.864707,0.307812,25.681
198.0,5.00,4.052465,0.961667,0.864469,0.307990,25.684
199.0,5.00,4.052340,0.961389,0.864232,0.308168,25.687
200.0,5.00,4.052216,0.961111,0.863994,0.308345,25.690
201.0,5.00,4.052093,0.960833,0.863756,0.308523,25.693
202.0,5.00,4.051973,0.960556,0.863518,0.308700,25.696
203.0,5.00,4.051854,0.960278,0.863280,0.308877,25.699
204.0,5.00,4.051737,0.960000,0.863043,0.309053,25.702
205.0,5.00,4.051621,0.959722,0.862805,0.309229,25.705
206.0,5.00,4.051507,0.959444,0.862567,0.309405,25.708
207.0,5.00,4.051395,0.959167,0.862329,0.309581,25.711
208.0,5.00,4.051284,0.958889,0.862091,0.309757,25.714
209.0,5.00,4.051175,0.958611,0.861853,0.309932,25.717
210.0,5.00,4.051067,0.958333,0.861616,0.310107,25.719
211.0,5.00,4.050961,0.958056,0.861378,0.310282,25.722
212.0,5.00,4.050856,0.957778,0.861140,0.310457,25.725
213.0,5.00,4.050752,0.957500,0.860902,0.310631,25.728
214.0,5.00,4.050651,0.957222,0.860664,0.310806,25.730
215.0,5.00,4.050550,0.956944,0.860426,0.310980,25.733
216.0,5.00,4.050451,0.956667,0.860188,0.311154,25.735
217.0,5.00,4.050353,0.956389,0.859951,0.311327,25.738
218.0,5.00,4.050257,0.956111,0.859713,0.311501,25.741
219.0,5.00,4.050162,0.955833,0.859475,0.311674,25.743
220.0,5.00,4.050068,0.955556,0.859237,0.311847,25.746
221.0,5.00,4.049976,0.955278,0.858999,0.312020,25.748
222.0,5.00,4.049885,0.955000,0.858761,0.312193,25.751
223.0,5.00,4.049795,0.954722,0.858523,0.312365,25.753
224.0,5.00,4.049706,0.954444,0.858285,0.312537,25.756
225.0,5.00,4.049619,0.954167,0.858047,0.312710,25.758
226.0,5.00,4.049533,0.953889,0.857810,0.312882,25.760
227.0,5.00,4.049448,0.953611,0.857572,0.313053,25.763
228.0,5.00,4.049364,0.953333,0.857334,0.313225,25.765
229.0,5.00,4.049282,0.953056,0.857096,0.313396,25.767
230.0,5.00,4.049200,0.952778,0.856858,0.313568,25.770
231.0,5.00,4.049120,0.952500,0.856620,0.313739,25.772
232.0,5.00,4.049040,0.952222,0.856382,0.313910,25.774
233.0,5.00,4.048962,0.951944,0.856144,0.314081,25.777
234.0,5.00,4.048885,0.951667,0.855906,0.314251,25.779
235.0,5.00,4.048809,0.951389,0.855668,0.314422,25.781
236.0,5.00,4.048734,0.951111,0.855430,0.314592,25.783
237.0,5.00,4.048660,0.950833,0.855192,0.314762,25.785
238.0,5.00,4.048587,0.950556,0.854954,0.314932,25.787
239.0,5.00,4.048515,0.950278,0.854716,0.315102,25.789
240.0,5.00,4.048444,0.950000,0.854478,0.315272,25.792
241.0,5.00,4.048374,0.949722,0.854240,0.315441,25.794
242.0,5.00,4.048305,0.949444,0.854002,0.315611,25.796
243.0,5.00,4.048236,0.949167,0.853764,0.315780,25.798
244.0,5.00,4.048169,0.948889,0.853526,0.315949,25.800
245.0,5.00,4.048103,0.948611,0.853288,0.316118,25.802
246.0,5.00,4.048037,0.948333,0.853051,0.316287,25.804
247.0,5.00,4.047972,0.948056,0.852813,0.316456,25.806
248.0,5.00,4.047908,0.947778,0.852575,0.316625,25.808
249.0,5.00,4.047845,0.947500,0.852337,0.316793,25.809
250.0,5.00,4.047783,0.947222,0.852099,0.316961,25.811
251.0,5.00,4.047721,0.946944,0.851861,0.317130,25.813
252.0,5.00,4.047660,0.946667,0.851623,0.317298,25.815
253.0,5.00,4.047600,0.946389,0.851385,0.317466,25.817
254.0,5.00,4.047541,0.946111,0.851147,0.317634,25.819
255.0,5.00,4.047482,0.945833,0.850908,0.317802,25.820
256.0,5.00,4.047425,0.945556,0.850670,0.317969,25.822
257.0,5.00,4.047367,0.945278,0.850432,0.318137,25.824
258.0,5.00,4.047311,0.945000,0.850194,0.318304,25.826
259.0,5.00,4.047255,0.944722,0.849956,0.318471,25.827
260.0,5.00,4.047200,0.944444,0.849718,0.318639,25.829
261.0,5.00,4.047145,0.944167,0.849480,0.318806,25.831
262.0,5.00,4.047091,0.943889,0.849242,0.318973,25.832
263.0,5.00,4.047038,0.943611,0.849004,0.319140,25.834
264.0,5.00,4.046985,0.943333,0.848766,0.319306,25.836
265.0,5.00,4.046933,0.943056,0.848528,0.319473,25.837
266.0,5.00,4.046881,0.942778,0.848290,0.319640,25.839
267.0,5.00,4.046830,0.942500,0.848052,0.319806,25.841
268.0,5.00,4.046779,0.942222,0.847814,0.319972,25.842
269.0,5.00,4.046729,0.941944,0.847576,0.320139,25.844
270.0,5.00,4.046680,0.941667,0.847338,0.320305,25.845
271.0,5.00,4.046631,0.941389,0.847100,0.320471,25.847
272.0,5.00,4.046582,0.941111,0.846862,0.320637,25.848
273.0,5.00,4.046534,0.940833,0.846624,0.320803,25.850
274.0,5.00,4.046486,0.940556,0.846386,0.320969,25.851
275.0,5.00,4.046439,0.940278,0.846148,0.321134,25.853
276.0,5.00,4.046392,0.940000,0.845909,0.321300,25.854
277.0,5.00,4.046345,0.939722,0.845671,0.321465,25.855
278.0,5.00,4.046299,0.939444,0.845433,0.321631,25.857
279.0,5.00,4.046253,0.939167,0.845195,0.321796,25.858
280.0,5.00,4.046208,0.938889,0.844957,0.321962,25.860
281.0,5.00,4.046163,0.938611,0.844719,0.322127,25.861
282.0,5.00,4.046118,0.938333,0.844481,0.322292,25.862
283.0,5.00,4.046074,0.938056,0.844243,0.322457,25.864
284.0,5.00,4.046029,0.937778,0.844005,0.322622,25.865
285.0,5.00,4.045986,0.937500,0.843767,0.322787,25.866
286.0,5.00,4.045942,0.937222,0.843529,0.322952,25.868
287.0,5.00,4.045899,0.936944,0.843290,0.323116,25.869
288.0,5.00,4.045855,0.936667,0.843052,0.323281,25.870
289.0,5.00,4.045813,0.936389,0.842814,0.323445,25.871
290.0,5.00,4.045770,0.936111,0.842576,0.323610,25.873
291.0,5.00,4.045728,0.935833,0.842338,0.323774,25.874
292.0,5.00,4.045685,0.935556,0.842100,0.323939,25.875
293.0,5.00,4.045643,0.935278,0.841862,0.324103,25.876
294.0,5.00,4.045601,0.935000,0.841624,0.324267,25.877
295.0,5.00,4.045560,0.934722,0.841386,0.324431,25.879
296.0,5.00,4.045518,0.934444,0.841147,0.324595,25.880
297.0,5.00,4.045477,0.934167,0.840909,0.324759,25.881
298.0,5.00,4.045435,0.933889,0.840671,0.324923,25.882
299.0,5.00,4.045394,0.933611,0.840433,0.325087,25.883
300.0,5.00,4.045353,0.933333,0.840195,0.325251,25.884
301.0,5.00,4.045312,0.933056,0.839957,0.325415,25.885
302.0,5.00,4.045271,0.932778,0.839719,0.325578,25.887
303.0,5.00,4.045230,0.932500,0.839481,0.325742,25.888
304.0,5.00,4.045189,0.932222,0.839242,0.325906,25.889
305.0,5.00,4.045148,0.931944,0.839004,0.326069,25.890
306.0,5.00,4.045107,0.931667,0.838766,0.326233,25.891
307.0,5.00,4.045067,0.931389,0.838528,0.326396,25.892
308.0,5.00,4.045026,0.931111,0.838290,0.326559,25.893
309.0,5.00,4.044985,0.930833,0.838052,0.326723,25.894
310.0,5.00,4.044944,0.930556,0.837813,0.326886,25.895
311.0,5.00,4.044903,0.930278,0.837575,0.327049,25.896
312.0,5.00,4.044862,0.930000,0.837337,0.327212,25.897
313.0,5.00,4.044821,0.929722,0.837099,0.327375,25.898
314.0,5.00,4.044780,0.929444,0.836861,0.327538,25.899
315.0,5.00,4.044739,0.929167,0.836623,0.327701,25.900
316.0,5.00,4.044698,0.928889,0.836385,0.327864,25.901
317.0,5.00,4.044657,0.928611,0.836146,0.328027,25.902
318.0,5.00,4.044615,0.928333,0.835908,0.328190,25.903
319.0,5.00,4.044574,0.928056,0.835670,0.328352,25.903
320.0,5.00,4.044532,0.927778,0.835432,0.328515,25.904
321.0,5.00,4.044490,0.927500,0.835194,0.328678,25.905
322.0,5.00,4.044448,0.927222,0.834956,0.328840,25.906
323.0,5.00,4.044406,0.926944,0.834717,0.329003,25.907
324.0,5.00,4.044363,0.926667,0.834479,0.329165,25.908
325.0,5.00,4.044321,0.926389,0.834241,0.329328,25.909
326.0,5.00,4.044278,0.926111,0.834003,0.329490,25.910
327.0,5.00,4.044235,0.925833,0.833765,0.329652,25.910
328.0,5.00,4.044192,0.925556,0.833526,0.329815,25.911
329.0,5.00,4.044149,0.925278,0.833288,0.329977,25.912
330.0,5.00,4.044105,0.925000,0.833050,0.330139,25.913
331.0,5.00,4.044061,0.924722,0.832812,0.330301,25.914
332.0,5.00,4.044017,0.924444,0.832574,0.330464,25.915
333.0,5.00,4.043973,0.924167,0.832335,0.330626,25.915
334.0,5.00,4.043928,0.923889,0.832097,0.330788,25.916
335.0,5.00,4.043883,0.923611,0.831859,0.330950,25.917
336.0,5.00,4.043838,0.923333,0.831621,0.331112,25.918
337.0,5.00,4.043792,0.923056,0.831383,0.331274,25.918
338.0,5.00,4.043746,0.922778,0.831145,0.331436,25.919
339.0,5.00,4.043700,0.922500,0.830906,0.331597,25.920
340.0,5.00,4.043653,0.922222,0.830668,0.331759,25.921
341.0,5.00,4.043606,0.921944,0.830430,0.331921,25.921
342.0,5.00,4.043559,0.921667,0.830192,0.332083,25.922
343.0,5.00,4.043512,0.921389,0.829954,0.332244,25.923
344.0,5.00,4.043464,0.921111,0.829715,0.332406,25.924
345.0,5.00,4.043415,0.920833,0.829477,0.332568,25.924
346.0,5.00,4.043366,0.920556,0.829239,0.332729,25.925
347.0,5.00,4.043317,0.920278,0.829001,0.332891,25.926
348.0,5.00,4.043268,0.920000,0.828763,0.333052,25.927
349.0,5.00,4.043218,0.919722,0.828524,0.333214,25.927
350.0,5.00,4.043167,0.919444,0.828286,0.333375,25.928
351.0,5.00,4.043117,0.919167,0.828048,0.333537,25.929
352.0,5.00,4.043065,0.918889,0.827810,0.333698,25.929
353.0,5.00,4.043014,0.918611,0.827571,0.333860,25.930
354.0,5.00,4.042961,0.918333,0.827333,0.334021,25.931
355.0,5.00,4.042909,0.918056,0.827095,0.334182,25.931
356.0,5.00,4.042856,0.917778,0.826857,0.334343,25.932
357.0,5.00,4.042802,0.917500,0.826619,0.334505,25.933
358.0,5.00,4.042748,0.917222,0.826380,0.334666,25.933
359.0,5.00,4.042694,0.916944,0.826142,0.334827,25.934
360.0,5.00,4.042639,0.916667,0.825904,0.334988,25.935
361.0,5.00,4.042583,0.916389,0.825666,0.335149,25.935
362.0,5.00,4.042527,0.916111,0.825428,0.335310,25.936
363.0,5.00,4.042470,0.915833,0.825189,0.335471,25.937
364.0,5.00,4.042413,0.915556,0.824951,0.335633,25.937
365.0,5.00,4.042356,0.915278,0.824713,0.335794,25.938
366.0,5.00,4.042297,0.915000,0.824475,0.335954,25.938
367.0,5.00,4.042239,0.914722,0.824236,0.336115,25.939
368.0,5.00,4.042179,0.914444,0.823998,0.336276,25.940
369.0,5.00,4.042120,0.914167,0.823760,0.336437,25.940
370.0,5.00,4.042059,0.913889,0.823522,0.336598,25.941
371.0,5.00,4.041998,0.913611,0.823283,0.336759,25.941
372.0,5.00,4.041936,0.913333,0.823045,0.336920,25.942
373.0,5.00,4.041874,0.913056,0.822807,0.337081,25.943
374.0,5.00,4.041811,0.912778,0.822569,0.337241,25.943
375.0,5.00,4.041748,0.912500,0.822331,0.337402,25.944
376.0,5.00,4.041684,0.912222,0.822092,0.337563,25.944
377.0,5.00,4.041620,0.911944,0.821854,0.337723,25.945
378.0,5.00,4.041554,0.911667,0.821616,0.337884,25.946
379.0,5.00,4.041488,0.911389,0.821378,0.338045,25.946
380.0,5.00,4.041422,0.911111,0.821139,0.338205,25.947
381.0,5.00,4.041355,0.910833,0.820901,0.338366,25.947
382.0,5.00,4.041287,0.910556,0.820663,0.338527,25.948
383.0,5.00,4.041219,0.910278,0.820425,0.338687,25.949
384.0,5.00,4.041150,0.910000,0.820187,0.338848,25.949
385.0,5.00,4.041080,0.909722,0.819948,0.339008,25.950
386.0,5.00,4.041009,0.909444,0.819710,0.339169,25.950
387.0,5.00,4.040938,0.909167,0.819472,0.339329,25.951
388.0,5.00,4.040867,0.908889,0.819234,0.339490,25.951
389.0,5.00,4.040794,0.908611,0.818995,0.339650,25.952
390.0,5.00,4.040721,0.908333,0.818757,0.339810,25.952
391.0,5.00,4.040647,0.908056,0.818519,0.339971,25.953
392.0,5.00,4.040573,0.907778,0.818281,0.340131,25.954
393.0,5.00,4.040498,0.907500,0.818042,0.340292,25.954
394.0,5.00,4.040422,0.907222,0.817804,0.340452,25.955
395.0,5.00,4.040345,0.906944,0.817566,0.340612,25.955
396.0,5.00,4.040268,0.906667,0.817328,0.340772,25.956
397.0,5.00,4.040190,0.906389,0.817089,0.340933,25.956
398.0,5.00,4.040111,0.906111,0.816851,0.341093,25.957
399.0,5.00,4.040031,0.905833,0.816613,0.341253,25.957
400.0,5.00,4.039951,0.905556,0.816375,0.341413,25.958
401.0,5.00,4.039870,0.905278,0.816136,0.341574,25.959
402.0,5.00,4.039788,0.905000,0.815898,0.341734,25.959
403.0,5.00,4.039706,0.904722,0.815660,0.341894,25.960
404.0,5.00,4.039623,0.904444,0.815422,0.342054,25.960
405.0,5.00,4.039539,0.904167,0.815184,0.342214,25.961
406.0,5.00,4.039454,0.903889,0.814945,0.342374,25.961
407.0,5.00,4.039369,0.903611,0.814707,0.342534,25.962
408.0,5.00,4.039282,0.903333,0.814469,0.342694,25.962
409.0,5.00,4.039195,0.903056,0.814231,0.342854,25.963
410.0,5.00,4.039108,0.902778,0.813992,0.343014,25.964
411.0,5.00,4.039019,0.902500,0.813754,0.343175,25.964
412.0,5.00,4.038930,0.902222,0.813516,0.343335,25.965
413.0,5.00,4.038840,0.901944,0.813278,0.343494,25.965
414.0,5.00,4.038749,0.901667,0.813039,0.343654,25.966
415.0,5.00,4.038657,0.901389,0.812801,0.343814,25.966
416.0,5.00,4.038565,0.901111,0.812563,0.343974,25.967
417.0,5.00,4.038472,0.900833,0.812325,0.344134,25.967
418.0,5.00,4.038378,0.900556,0.812086,0.344294,25.968
419.0,5.00,4.038283,0.900278,0.811848,0.344454,25.968
420.0,5.00,4.038187,0.900000,0.811610,0.344614,25.969
421.0,5.00,4.038091,0.899722,0.811372,0.344774,25.970
422.0,5.00,4.037994,0.899444,0.811133,0.344934,25.970
423.0,5.00,4.037896,0.899167,0.810895,0.345094,25.971
424.0,5.00,4.037797,0.898889,0.810657,0.345253,25.971
425.0,5.00,4.037697,0.898611,0.810419,0.345413,25.972
426.0,5.00,4.037597,0.898333,0.810180,0.345573,25.972
427.0,5.00,4.037495,0.898056,0.809942,0.345733,25.973
428.0,5.00,4.037393,0.897778,0.809704,0.345892,25.973
429.0,5.00,4.037290,0.897500,0.809466,0.346052,25.974
430.0,5.00,4.037187,0.897222,0.809228,0.346212,25.975
431.0,5.00,4.037082,0.896944,0.808989,0.346372,25.975
432.0,5.00,4.036977,0.896667,0.808751,0.346531,25.976
433.0,5.00,4.036871,0.896389,0.808513,0.346691,25.976
434.0,5.00,4.036764,0.896111,0.808275,0.346851,25.977
435.0,5.00,4.036656,0.895833,0.808036,0.347010,25.977
436.0,5.00,4.036547,0.895556,0.807798,0.347170,25.978
437.0,5.00,4.036438,0.895278,0.807560,0.347330,25.978
438.0,5.00,4.036327,0.895000,0.807322,0.347489,25.979
439.0,5.00,4.036216,0.894722,0.807083,0.347649,25.980
440.0,5.00,4.036104,0.894444,0.806845,0.347809,25.980
441.0,5.00,4.035991,0.894167,0.806607,0.347968,25.981
442.0,5.00,4.035878,0.893889,0.806369,0.348128,25.981
443.0,5.00,4.035763,0.893611,0.806130,0.348287,25.982
444.0,5.00,4.035648,0.893333,0.805892,0.348447,25.982
445.0,5.00,4.035532,0.893056,0.805654,0.348607,25.983
446.0,5.00,4.035415,0.892778,0.805416,0.348766,25.984
447.0,5.00,4.035297,0.892500,0.805177,0.348926,25.984
448.0,5.00,4.035178,0.892222,0.804939,0.349085,25.985
449.0,5.00,4.035059,0.891944,0.804701,0.349245,25.985
450.0,5.00,4.034938,0.891667,0.804463,0.349404,25.986
451.0,5.00,4.034817,0.891389,0.804225,0.349564,25.986
452.0,5.00,4.034695,0.891111,0.803986,0.349723,25.987
453.0,5.00,4.034572,0.890833,0.803748,0.349883,25.988
454.0,5.00,4.034448,0.890556,0.803510,0.350042,25.988
455.0,5.00,4.034324,0.890278,0.803272,0.350201,25.989
456.0,5.00,4.034198,0.890000,0.803033,0.350361,25.989
457.0,5.00,4.034072,0.889722,0.802795,0.350520,25.990
458.0,5.00,4.033945,0.889444,0.802557,0.350680,25.991
459.0,5.00,4.033817,0.889167,0.802319,0.350839,25.991
460.0,5.00,4.033688,0.888889,0.802080,0.350998,25.992
461.0,5.00,4.033559,0.888611,0.801842,0.351158,25.992
462.0,5.00,4.033428,0.888333,0.801604,0.351317,25.993
463.0,5.00,4.033297,0.888056,0.801366,0.351477,25.994
464.0,5.00,4.033165,0.887778,0.801127,0.351636,25.994
465.0,5.00,4.033032,0.887500,0.800889,0.351795,25.995
466.0,5.00,4.032898,0.887222,0.800651,0.351955,25.996
467.0,5.00,4.032763,0.886944,0.800413,0.352114,25.996
468.0,5.00,4.032628,0.886667,0.800175,0.352273,25.997
469.0,5.00,4.032491,0.886389,0.799936,0.352433,25.997
470.0,5.00,4.032354,0.886111,0.799698,0.352592,25.998
471.0,5.00,4.032216,0.885833,0.799460,0.352751,25.999
472.0,5.00,4.032077,0.885556,0.799222,0.352910,25.999
473.0,5.00,4.031938,0.885278,0.798983,0.353070,26.000
474.0,5.00,4.031797,0.885000,0.798745,0.353229,26.001
475.0,5.00,4.031656,0.884722,0.798507,0.353388,26.001
476.0,5.00,4.031513,0.884444,0.798269,0.353548,26.002
477.0,5.00,4.031370,0.884167,0.798030,0.353707,26.002
478.0,5.00,4.031227,0.883889,0.797792,0.353866,26.003
479.0,5.00,4.031082,0.883611,0.797554,0.354025,26.004
480.0,5.00,4.030936,0.883333,0.797316,0.354184,26.004
481.0,5.00,4.030790,0.883056,0.797078,0.354344,26.005
482.0,5.00,4.030643,0.882778,0.796839,0.354503,26.006
483.0,5.00,4.030495,0.882500,0.796601,0.354662,26.006
484.0,5.00,4.030346,0.882222,0.796363,0.354821,26.007
485.0,5.00,4.030196,0.881944,0.796125,0.354980,26.008
486.0,5.00,4.030046,0.881667,0.795886,0.355140,26.008
487.0,5.00,4.029895,0.881389,0.795648,0.355299,26.009
488.0,5.00,4.029743,0.881111,0.795410,0.355458,26.010
489.0,5.00,4.029590,0.880833,0.795172,0.355617,26.010
490.0,5.00,4.029436,0.880556,0.794934,0.355776,26.011
491.0,5.00,4.029282,0.880278,0.794695,0.355935,26.012
492.0,5.00,4.029126,0.880000,0.794457,0.356094,26.012
493.0,5.00,4.028970,0.879722,0.794219,0.356253,26.013
494.0,5.00,4.028813,0.879444,0.793981,0.356413,26.014
495.0,5.00,4.028656,0.879167,0.793742,0.356572,26.014
496.0,5.00,4.028497,0.878889,0.793504,0.356731,26.015
497.0,5.00,4.028338,0.878611,0.793266,0.356890,26.016
498.0,5.00,4.028178,0.878333,0.793028,0.357049,26.016
499.0,5.00,4.028017,0.878056,0.792790,0.357208,26.017
500.0,5.00,4.027855,0.877778,0.792551,0.357367,26.018
501.0,5.00,4.027693,0.877500,0.792313,0.357526,26.018
502.0,5.00,4.027529,0.877222,0.792075,0.357685,26.019
503.0,5.00,4.027365,0.876944,0.791837,0.357844,26.020
504.0,5.00,4.027200,0.876667,0.791598,0.358003,26.021
505.0,5.00,4.027035,0.876389,0.791360,0.358162,26.021
506.0,5.00,4.026868,0.876111,0.791122,0.358321,26.022
507.0,5.00,4.026701,0.875833,0.790884,0.358480,26.023
508.0,5.00,4.026533,0.875556,0.790646,0.358639,26.023
509.0,5.00,4.026365,0.875278,0.790407,0.358798,26.024
510.0,5.00,4.026195,0.875000,0.790169,0.358957,26.025
511.0,5.00,4.026025,0.874722,0.789931,0.359116,26.026
512.0,5.00,4.025854,0.874444,0.789693,0.359275,26.026
513.0,5.00,4.025682,0.874167,0.789455,0.359434,26.027
514.0,5.00,4.025510,0.873889,0.789216,0.359593,26.028
515.0,5.00,4.025336,0.873611,0.788978,0.359752,26.028
516.0,5.00,4.025162,0.873333,0.788740,0.359911,26.029
517.0,5.00,4.024987,0.873056,0.788502,0.360070,26.030
518.0,5.00,4.024812,0.872778,0.788263,0.360229,26.031
519.0,5.00,4.024636,0.872500,0.788025,0.360388,26.031
520.0,5.00,4.024459,0.872222,0.787787,0.360547,26.032
521.0,5.00,4.024281,0.871944,0.787549,0.360706,26.033
522.0,5.00,4.024103,0.871667,0.787311,0.360865,26.034
523.0,5.00,4.023923,0.871389,0.787072,0.361024,26.034
524.0,5.00,4.023743,0.871111,0.786834,0.361183,26.035
525.0,5.00,4.023563,0.870833,0.786596,0.361342,26.036
526.0,5.00,4.023381,0.870556,0.786358,0.361501,26.037
527.0,5.00,4.023199,0.870278,0.786120,0.361659,26.037
528.0,5.00,4.023017,0.870000,0.785881,0.361818,26.038
529.0,5.00,4.022833,0.869722,0.785643,0.361977,26.039
530.0,5.00,4.022649,0.869444,0.785405,0.362136,26.040
531.0,5.00,4.022464,0.869167,0.785167,0.362295,26.040
532.0,5.00,4.022278,0.868889,0.784928,0.362454,26.041
533.0,5.00,4.022092,0.868611,0.784690,0.362613,26.042
534.0,5.00,4.021905,0.868333,0.784452,0.362772,26.043
535.0,5.00,4.021717,0.868056,0.784214,0.362930,26.044
536.0,5.00,4.021529,0.867778,0.783976,0.363089,26.044
537.0,5.00,4.021340,0.867500,0.783737,0.363248,26.045
538.0,5.00,4.021150,0.867222,0.783499,0.363407,26.046
539.0,5.00,4.020959,0.866944,0.783261,0.363566,26.047
540.0,5.00,4.020768,0.866667,0.783023,0.363725,26.047
541.0,5.00,4.020577,0.866389,0.782785,0.363884,26.048
542.0,5.00,4.020384,0.866111,0.782546,0.364042,26.049
543.0,5.00,4.020191,0.865833,0.782308,0.364201,26.050
544.0,5.00,4.019997,0.865556,0.782070,0.364360,26.051
545.0,5.00,4.019803,0.865278,0.781832,0.364519,26.051
546.0,5.00,4.019608,0.865000,0.781594,0.364678,26.052
547.0,5.00,4.019412,0.864722,0.781355,0.364836,26.053
548.0,5.00,4.019215,0.864444,0.781117,0.364995,26.054
549.0,5.00,4.019018,0.864167,0.780879,0.365154,26.055
550.0,5.00,4.018821,0.863889,0.780641,0.365313,26.055
551.0,5.00,4.018622,0.863611,0.780403,0.365472,26.056
552.0,5.00,4.018423,0.863333,0.780164,0.365630,26.057
553.0,5.00,4.018224,0.863056,0.779926,0.365789,26.058
554.0,5.00,4.018024,0.862778,0.779688,0.365948,26.059
555.0,5.00,4.017823,0.862500,0.779450,0.366107,26.059
556.0,5.00,4.017621,0.862222,0.779212,0.366265,26.060
557.0,5.00,4.017419,0.861944,0.778973,0.366424,26.061
558.0,5.00,4.017217,0.861667,0.778735,0.366583,26.062
559.0,5.00,4.017013,0.861389,0.778497,0.366742,26.063
560.0,5.00,4.016809,0.861111,0.778259,0.366901,26.063
561.0,5.00,4.016605,0.860833,0.778021,0.367059,26.064
562.0,5.00,4.016400,0.860556,0.777782,0.367218,26.065
563.0,5.00,4.016194,0.860278,0.777544,0.367377,26.066
564.0,5.00,4.015988,0.860000,0.777306,0.367535,26.067
565.0,5.00,4.015781,0.859722,0.777068,0.367694,26.068
566.0,5.00,4.015574,0.859444,0.776830,0.367853,26.068
567.0,5.00,4.015366,0.859167,0.776591,0.368012,26.069
568.0,5.00,4.015157,0.858889,0.776353,0.368170,26.070
569.0,5.00,4.014948,0.858611,0.776115,0.368329,26.071
570.0,5.00,4.014738,0.858333,0.775877,0.368488,26.072
571.0,5.00,4.014528,0.858056,0.775639,0.368647,26.073
572.0,5.00,4.014317,0.857778,0.775400,0.368805,26.073
573.0,5.00,4.014106,0.857500,0.775162,0.368964,26.074
574.0,5.00,4.013894,0.857222,0.774924,0.369123,26.075
575.0,5.00,4.013681,0.856944,0.774686,0.369281,26.076
576.0,5.00,4.013468,0.856667,0.774448,0.369440,26.077
577.0,5.00,4.013255,0.856389,0.774209,0.369599,26.078
578.0,5.00,4.013041,0.856111,0.773971,0.369757,26.078
579.0,5.00,4.012826,0.855833,0.773733,0.369916,26.079
580.0,5.00,4.012611,0.855556,0.773495,0.370075,26.080
581.0,5.00,4.012395,0.855278,0.773257,0.370233,26.081
582.0,5.00,4.012179,0.855000,0.773018,0.370392,26.082
583.0,5.00,4.011962,0.854722,0.772780,0.370551,26.083
584.0,5.00,4.011745,0.854444,0.772542,0.370709,26.083
585.0,5.00,4.011528,0.854167,0.772304,0.370868,26.084
586.0,5.00,4.011309,0.853889,0.772066,0.371027,26.085
587.0,5.00,4.011091,0.853611,0.771827,0.371185,26.086
588.0,5.00,4.010871,0.853333,0.771589,0.371344,26.087
589.0,5.00,4.010652,0.853056,0.771351,0.371503,26.088
590.0,5.00,4.010431,0.852778,0.771113,0.371661,26.089
591.0,5.00,4.010211,0.852500,0.770875,0.371820,26.089
592.0,5.00,4.009990,0.852222,0.770637,0.371979,26.090
593.0,5.00,4.009768,0.851944,0.770398,0.372137,26.091
594.0,5.00,4.009546,0.851667,0.770160,0.372296,26.092
595.0,5.00,4.009323,0.851389,0.769922,0.372455,26.093
596.0,5.00,4.009100,0.851111,0.769684,0.372613,26.094
597.0,5.00,4.008877,0.850833,0.769446,0.372772,26.095
598.0,5.00,4.008653,0.850556,0.769207,0.372931,26.095
599.0,5.00,4.008429,0.850278,0.768969,0.373089,26.096
600.0,5.00,4.008204,0.850000,0.768731,0.373248,26.097
601.0,5.00,4.007978,0.849722,0.768493,0.373406,26.098
602.0,5.00,4.007753,0.849444,0.768255,0.373565,26.099
603.0,5.00,4.007526,0.849167,0.768016,0.373724,26.100
604.0,5.00,4.007300,0.848889,0.767778,0.373882,26.101
605.0,5.00,4.007073,0.848611,0.767540,0.374041,26.101
606.0,5.00,4.006845,0.848333,0.767302,0.374200,26.102
607.0,5.00,4.006618,0.848056,0.767064,0.374358,26.103
608.0,5.00,4.006389,0.847778,0.766825,0.374517,26.104
609.0,5.00,4.006161,0.847500,0.766587,0.374675,26.105
610.0,5.00,4.005932,0.847222,0.766349,0.374834,26.106
611.0,5.00,4.005702,0.846944,0.766111,0.374993,26.107
612.0,5.00,4.005472,0.846667,0.765873,0.375151,26.107
613.0,5.00,4.005242,0.846389,0.765634,0.375310,26.108
614.0,5.00,4.005011,0.846111,0.765396,0.375468,26.109
615.0,5.00,4.004780,0.845833,0.765158,0.375627,26.110
616.0,5.00,4.004549,0.845556,0.764920,0.375786,26.111
617.0,5.00,4.004317,0.845278,0.764682,0.375944,26.112
618.0,5.00,4.004085,0.845000,0.764444,0.376103,26.113
619.0,5.00,4.003852,0.844722,0.764205,0.376261,26.114
620.0,5.00,4.003619,0.844444,0.763967,0.376420,26.114
621.0,5.00,4.003386,0.844167,0.763729,0.376578,26.115
622.0,5.00,4.003152,0.843889,0.763491,0.376737,26.116
623.0,5.00,4.002918,0.843611,0.763253,0.376896,26.117
624.0,5.00,4.002684,0.843333,0.763014,0.377054,26.118
625.0,5.00,4.002449,0.843056,0.762776,0.377213,26.119
626.0,5.00,4.002214,0.842778,0.762538,0.377371,26.120
627.0,5.00,4.001978,0.842500,0.762300,0.377530,26.120
628.0,5.00,4.001743,0.842222,0.762062,0.377688,26.121
629.0,5.00,4.001506,0.841944,0.761823,0.377847,26.122
630.0,5.00,4.001270,0.841667,0.761585,0.378006,26.123
631.0,5.00,4.001033,0.841389,0.761347,0.378164,26.124
632.0,5.00,4.000796,0.841111,0.761109,0.378323,26.125
633.0,5.00,4.000559,0.840833,0.760871,0.378481,26.126
634.0,5.00,4.000321,0.840556,0.760632,0.378640,26.126
635.0,5.00,4.000083,0.840278,0.760394,0.378798,26.127
636.0,5.00,3.999845,0.840000,0.760156,0.378957,26.128
637.0,5.00,3.999606,0.839722,0.759918,0.379116,26.129
638.0,5.00,3.999367,0.839444,0.759680,0.379274,26.130
639.0,5.00,3.999128,0.839167,0.759442,0.379433,26.131
640.0,5.00,3.998888,0.838889,0.759203,0.379591,26.132
641.0,5.00,3.998649,0.838611,0.758965,0.379750,26.132
642.0,5.00,3.998409,0.838333,0.758727,0.379908,26.133
643.0,5.00,3.998168,0.838056,0.758489,0.380067,26.134
644.0,5.00,3.997928,0.837778,0.758251,0.380225,26.135
645.0,5.00,3.997687,0.837500,0.758012,0.380384,26.136
646.0,5.00,3.997445,0.837222,0.757774,0.380543,26.137
647.0,5.00,3.997204,0.836944,0.757536,0.380701,26.138
648.0,5.00,3.996962,0.836667,0.757298,0.380860,26.138
649.0,5.00,3.996720,0.836389,0.757060,0.381018,26.139
650.0,5.00,3.996478,0.836111,0.756821,0.381177,26.140
651.0,5.00,3.996235,0.835833,0.756583,0.381335,26.141
652.0,5.00,3.995993,0.835556,0.756345,0.381494,26.142
653.0,5.00,3.995750,0.835278,0.756107,0.381652,26.143
654.0,5.00,3.995506,0.835000,0.755869,0.381811,26.144
655.0,5.00,3.995263,0.834722,0.755630,0.381969,26.144
656.0,5.00,3.995019,0.834444,0.755392,0.382128,26.145
657.0,5.00,3.994775,0.834167,0.755154,0.382287,26.146
658.0,5.00,3.994531,0.833889,0.754916,0.382445,26.147
659.0,5.00,3.994287,0.833611,0.754678,0.382604,26.148
660.0,0.00,4.044028,0.833333,0.754439,0.382762,26.149
661.0,0.00,4.045341,0.833333,0.755739,0.379771,26.143
662.0,0.00,4.046393,0.833333,0.756160,0.379096,26.138
663.0,0.00,4.047271,0.833333,0.756455,0.378531,26.132
664.0,0.00,4.048026,0.833333,0.756683,0.378043,26.127
665.0,0.00,4.048691,0.833333,0.756870,0.377612,26.122
666.0,0.00,4.049285,0.833333,0.757026,0.377225,26.116
667.0,0.00,4.049824,0.833333,0.757161,0.376873,26.111
668.0,0.00,4.050319,0.833333,0.757277,0.376549,26.106
669.0,0.00,4.050775,0.833333,0.757380,0.376249,26.100
670.0,0.00,4.051200,0.833333,0.757471,0.375969,26.095
671.0,0.00,4.051598,0.833333,0.757552,0.375707,26.090
672.0,0.00,4.051972,0.833333,0.757625,0.375459,26.085
673.0,0.00,4.052324,0.833333,0.757691,0.375225,26.080
674.0,0.00,4.052658,0.833333,0.757750,0.375003,26.075
675.0,0.00,4.052976,0.833333,0.757804,0.374792,26.069
676.0,0.00,4.053278,0.833333,0.757852,0.374590,26.064
677.0,0.00,4.053566,0.833333,0.757897,0.374397,26.059
678.0,0.00,4.053842,0.833333,0.757938,0.374212,26.054
679.0,0.00,4.054107,0.833333,0.757975,0.374034,26.049
680.0,0.00,4.054361,0.833333,0.758009,0.373863,26.044
681.0,0.00,4.054605,0.833333,0.758040,0.373699,26.039
682.0,0.00,4.054840,0.833333,0.758069,0.373540,26.034
683.0,0.00,4.055066,0.833333,0.758095,0.373387,26.029
684.0,0.00,4.055285,0.833333,0.758119,0.373239,26.025
685.0,0.00,4.055496,0.833333,0.758141,0.373095,26.020
686.0,0.00,4.055700,0.833333,0.758162,0.372956,26.015
687.0,0.00,4.055898,0.833333,0.758180,0.372822,26.010
688.0,0.00,4.056089,0.833333,0.758198,0.372691,26.005
689.0,0.00,4.056275,0.833333,0.758214,0.372564,26.000
690.0,0.00,4.056455,0.833333,0.758228,0.372441,25.996
691.0,0.00,4.056629,0.833333,0.758242,0.372321,25.991
692.0,0.00,4.056799,0.833333,0.758254,0.372205,25.986
693.0,0.00,4.056964,0.833333,0.758266,0.372091,25.982
694.0,0.00,4.057125,0.833333,0.758276,0.371981,25.977
695.0,0.00,4.057281,0.833333,0.758286,0.371873,25.972
696.0,0.00,4.057434,0.833333,0.758295,0.371768,25.968
697.0,0.00,4.057582,0.833333,0.758303,0.371665,25.963
698.0,0.00,4.057726,0.833333,0.758311,0.371565,25.958
699.0,0.00,4.057867,0.833333,0.758318,0.371468,25.954
700.0,0.00,4.058005,0.833333,0.758325,0.371372,25.949
701.0,0.00,4.058139,0.833333,0.758331,0.371279,25.945
702.0,0.00,4.058270,0.833333,0.758336,0.371188,25.940
703.0,0.00,4.058398,0.833333,0.758341,0.371099,25.936
704.0,0.00,4.058523,0.833333,0.758346,0.371012,25.931
705.0,0.00,4.058645,0.833333,0.758350,0.370927,25.927
706.0,0.00,4.058765,0.833333,0.758354,0.370843,25.923
707.0,0.00,4.058881,0.833333,0.758358,0.370762,25.918
708.0,0.00,4.058996,0.833333,0.758361,0.370682,25.914
709.0,0.00,4.059107,0.833333,0.758365,0.370603,25.910
710.0,0.00,4.059217,0.833333,0.758368,0.370527,25.905
711.0,0.00,4.059324,0.833333,0.758370,0.370452,25.901
712.0,0.00,4.059429,0.833333,0.758373,0.370378,25.897
713.0,0.00,4.059532,0.833333,0.758375,0.370305,25.892
714.0,0.00,4.059632,0.833333,0.758377,0.370235,25.888
715.0,0.00,4.059731,0.833333,0.758379,0.370165,25.884
716.0,0.00,4.059828,0.833333,0.758381,0.370097,25.880
717.0,0.00,4.059922,0.833333,0.758383,0.370030,25.876
718.0,0.00,4.060015,0.833333,0.758384,0.369964,25.871
719.0,0.00,4.060106,0.833333,0.758386,0.369900,25.867
720.0,0.00,4.060196,0.833333,0.758387,0.369836,25.863
721.0,0.00,4.060283,0.833333,0.758388,0.369774,25.859
722.0,0.00,4.060370,0.833333,0.758389,0.369713,25.855
723.0,0.00,4.060454,0.833333,0.758390,0.369653,25.851
724.0,0.00,4.060537,0.833333,0.758391,0.369594,25.847
725.0,0.00,4.060618,0.833333,0.758392,0.369536,25.843
726.0,0.00,4.060698,0.833333,0.758393,0.369479,25.839
727.0,0.00,4.060777,0.833333,0.758394,0.369424,25.835
728.0,0.00,4.060854,0.833333,0.758394,0.369369,25.831
729.0,0.00,4.060930,0.833333,0.758395,0.369315,25.827
730.0,0.00,4.061004,0.833333,0.758396,0.369261,25.823
731.0,0.00,4.061077,0.833333,0.758396,0.369209,25.819
732.0,0.00,4.061149,0.833333,0.758397,0.369158,25.815
733.0,0.00,4.061220,0.833333,0.758397,0.369107,25.811
734.0,0.00,4.061289,0.833333,0.758397,0.369058,25.807
735.0,0.00,4.061357,0.833333,0.758398,0.369009,25.804
736.0,0.00,4.061424,0.833333,0.758398,0.368961,25.800
737.0,0.00,4.061490,0.833333,0.758399,0.368913,25.796
738.0,0.00,4.061555,0.833333,0.758399,0.368867,25.792
739.0,0.00,4.061619,0.833333,0.758399,0.368821,25.788
740.0,0.00,4.061682,0.833333,0.758399,0.368776,25.785
741.0,0.00,4.061743,0.833333,0.758400,0.368731,25.781
742.0,0.00,4.061804,0.833333,0.758400,0.368688,25.777
743.0,0.00,4.061864,0.833333,0.758400,0.368644,25.774
744.0,0.00,4.061923,0.833333,0.758400,0.368602,25.770
745.0,0.00,4.061980,0.833333,0.758401,0.368560,25.766
746.0,0.00,4.062037,0.833333,0.758401,0.368519,25.763
747.0,0.00,4.062093,0.833333,0.758401,0.368479,25.759
748.0,0.00,4.062149,0.833333,0.758401,0.368439,25.755
749.0,0.00,4.062203,0.833333,0.758401,0.368400,25.752
750.0,0.00,4.062256,0.833333,0.758401,0.368361,25.748
751.0,0.00,4.062309,0.833333,0.758401,0.368323,25.745
752.0,0.00,4.062361,0.833333,0.758401,0.368285,25.741
753.0,0.00,4.062412,0.833333,0.758402,0.368248,25.738
754.0,0.00,4.062462,0.833333,0.758402,0.368212,25.734
755.0,0.00,4.062512,0.833333,0.758402,0.368176,25.731
756.0,0.00,4.062560,0.833333,0.758402,0.368141,25.727
757.0,0.00,4.062608,0.833333,0.758402,0.368106,25.724
758.0,0.00,4.062656,0.833333,0.758402,0.368071,25.720
759.0,0.00,4.062702,0.833333,0.758402,0.368037,25.717
760.0,0.00,4.062748,0.833333,0.758402,0.368004,25.713
761.0,0.00,4.062793,0.833333,0.758402,0.367971,25.710
762.0,0.00,4.062838,0.833333,0.758402,0.367939,25.707
763.0,0.00,4.062882,0.833333,0.758402,0.367907,25.703
764.0,0.00,4.062925,0.833333,0.758402,0.367875,25.700
765.0,0.00,4.062968,0.833333,0.758402,0.367844,25.697
766.0,0.00,4.063010,0.833333,0.758402,0.367813,25.693
767.0,0.00,4.063051,0.833333,0.758402,0.367783,25.690
768.0,0.00,4.063092,0.833333,0.758402,0.367753,25.687
769.0,0.00,4.063132,0.833333,0.758402,0.367724,25.683
770.0,0.00,4.063172,0.833333,0.758402,0.367695,25.680
771.0,0.00,4.063211,0.833333,0.758402,0.367666,25.677
772.0,0.00,4.063249,0.833333,0.758402,0.367638,25.674
773.0,0.00,4.063287,0.833333,0.758402,0.367610,25.671
774.0,0.00,4.063325,0.833333,0.758402,0.367583,25.667
775.0,0.00,4.063362,0.833333,0.758402,0.367556,25.664
776.0,0.00,4.063398,0.833333,0.758402,0.367529,25.661
777.0,0.00,4.063434,0.833333,0.758403,0.367503,25.658
778.0,0.00,4.063469,0.833333,0.758403,0.367477,25.655
779.0,0.00,4.063504,0.833333,0.758403,0.367451,25.652
780.0,0.00,4.063538,0.833333,0.758403,0.367426,25.649
781.0,0.00,4.063572,0.833333,0.758403,0.367401,25.645
782.0,0.00,4.063606,0.833333,0.758403,0.367377,25.642
783.0,0.00,4.063639,0.833333,0.758403,0.367352,25.639
784.0,0.00,4.063671,0.833333,0.758403,0.367329,25.636
785.0,0.00,4.063703,0.833333,0.758403,0.367305,25.633
786.0,0.00,4.063735,0.833333,0.758403,0.367282,25.630
787.0,0.00,4.063766,0.833333,0.758403,0.367259,25.627
788.0,0.00,4.063797,0.833333,0.758403,0.367236,25.624
789.0,0.00,4.063828,0.833333,0.758403,0.367214,25.621
790.0,0.00,4.063858,0.833333,0.758403,0.367192,25.618
791.0,0.00,4.063887,0.833333,0.758403,0.367170,25.615
792.0,0.00,4.063916,0.833333,0.758403,0.367148,25.613
793.0,0.00,4.063945,0.833333,0.758403,0.367127,25.610
794.0,0.00,4.063973,0.833333,0.758403,0.367106,25.607
795.0,0.00,4.064001,0.833333,0.758403,0.367085,25.604
796.0,0.00,4.064029,0.833333,0.758403,0.367065,25.601
797.0,0.00,4.064056,0.833333,0.758403,0.367045,25.598
798.0,0.00,4.064083,0.833333,0.758403,0.367025,25.595
799.0,0.00,4.064110,0.833333,0.758403,0.367005,25.592
800.0,0.00,4.064136,0.833333,0.758403,0.366986,25.590
801.0,0.00,4.064162,0.833333,0.758403,0.366967,25.587
802.0,0.00,4.064187,0.833333,0.758403,0.366948,25.584
803.0,0.00,4.064213,0.833333,0.758403,0.366929,25.581
804.0,0.00,4.064237,0.833333,0.758403,0.366911,25.578
805.0,0.00,4.064262,0.833333,0.758403,0.366893,25.576
806.0,0.00,4.064286,0.833333,0.758403,0.366875,25.573
807.0,0.00,4.064310,0.833333,0.758403,0.366857,25.570
808.0,0.00,4.064334,0.833333,0.758403,0.366840,25.568
809.0,0.00,4.064357,0.833333,0.758403,0.366823,25.565
810.0,0.00,4.064380,0.833333,0.758403,0.366806,25.562
811.0,0.00,4.064403,0.833333,0.758403,0.366789,25.560
812.0,0.00,4.064425,0.833333,0.758403,0.366772,25.557
813.0,0.00,4.064447,0.833333,0.758403,0.366756,25.554
814.0,0.00,4.064469,0.833333,0.758403,0.366740,25.552
815.0,0.00,4.064490,0.833333,0.758403,0.366724,25.549
816.0,0.00,4.064512,0.833333,0.758403,0.366708,25.546
817.0,0.00,4.064532,0.833333,0.758403,0.366692,25.544
818.0,0.00,4.064553,0.833333,0.758403,0.366677,25.541
819.0,0.00,4.064574,0.833333,0.758403,0.366662,25.539
820.0,0.00,4.064594,0.833333,0.758403,0.366647,25.536
821.0,0.00,4.064614,0.833333,0.758403,0.366632,25.534
822.0,0.00,4.064633,0.833333,0.758403,0.366617,25.531
823.0,0.00,4.064653,0.833333,0.758403,0.366603,25.528
824.0,0.00,4.064672,0.833333,0.758403,0.366589,25.526
825.0,0.00,4.064691,0.833333,0.758403,0.366575,25.523
826.0,0.00,4.064709,0.833333,0.758403,0.366561,25.521
827.0,0.00,4.064728,0.833333,0.758403,0.366547,25.518
828.0,0.00,4.064746,0.833333,0.758403,0.366534,25.516
829.0,0.00,4.064764,0.833333,0.758403,0.366520,25.514
830.0,0.00,4.064782,0.833333,0.758403,0.366507,25.511
831.0,0.00,4.064799,0.833333,0.758403,0.366494,25.509
832.0,0.00,4.064817,0.833333,0.758403,0.366481,25.506
833.0,0.00,4.064834,0.833333,0.758403,0.366468,25.504
834.0,0.00,4.064851,0.833333,0.758403,0.366456,25.501
835.0,0.00,4.064867,0.833333,0.758403,0.366444,25.499
836.0,0.00,4.064884,0.833333,0.758403,0.366431,25.497
837.0,0.00,4.064900,0.833333,0.758403,0.366419,25.494
838.0,0.00,4.064916,0.833333,0.758403,0.366407,25.492
839.0,0.00,4.064932,0.833333,0.758403,0.366395,25.490
840.0,0.00,4.064947,0.833333,0.758403,0.366384,25.487
841.0,0.00,4.064963,0.833333,0.758403,0.366372,25.485
842.0,0.00,4.064978,0.833333,0.758403,0.366361,25.483
843.0,0.00,4.064993,0.833333,0.758403,0.366350,25.480
844.0,0.00,4.065008,0.833333,0.758403,0.366339,25.478
845.0,0.00,4.065023,0.833333,0.758403,0.366328,25.476
846.0,0.00,4.065037,0.833333,0.758403,0.366317,25.474
847.0,0.00,4.065051,0.833333,0.758403,0.366306,25.471
848.0,0.00,4.065066,0.833333,0.758403,0.366296,25.469
849.0,0.00,4.065079,0.833333,0.758403,0.366285,25.467
850.0,0.00,4.065093,0.833333,0.758403,0.366275,25.465
851.0,0.00,4.065107,0.833333,0.758403,0.366265,25.462
852.0,0.00,4.065120,0.833333,0.758403,0.366255,25.460
853.0,0.00,4.065134,0.833333,0.758403,0.366245,25.458
854.0,0.00,4.065147,0.833333,0.758403,0.366235,25.456
855.0,0.00,4.065160,0.833333,0.758403,0.366225,25.454
856.0,0.00,4.065172,0.833333,0.758403,0.366216,25.452
857.0,0.00,4.065185,0.833333,0.758403,0.366206,25.449
858.0,0.00,4.065198,0.833333,0.758403,0.366197,25.447
859.0,0.00,4.065210,0.833333,0.758403,0.366188,25.445
860.0,0.00,4.065222,0.833333,0.758403,0.366179,25.443
861.0,0.00,4.065234,0.833333,0.758403,0.366170,25.441
862.0,0.00,4.065246,0.833333,0.758403,0.366161,25.439
863.0,0.00,4.065258,0.833333,0.758403,0.366152,25.437
864.0,0.00,4.065269,0.833333,0.758403,0.366144,25.435
865.0,0.00,4.065281,0.833333,0.758403,0.366135,25.433
866.0,0.00,4.065292,0.833333,0.758403,0.366127,25.431
867.0,0.00,4.065303,0.833333,0.758403,0.366118,25.429
868.0,0.00,4.065314,0.833333,0.758403,0.366110,25.426
869.0,0.00,4.065325,0.833333,0.758403,0.366102,25.424
870.0,0.00,4.065336,0.833333,0.758403,0.366094,25.422
871.0,0.00,4.065346,0.833333,0.758403,0.366086,25.420
872.0,0.00,4.065357,0.833333,0.758403,0.366078,25.418
873.0,0.00,4.065367,0.833333,0.758403,0.366070,25.416
874.0,0.00,4.065378,0.833333,0.758403,0.366063,25.414
875.0,0.00,4.065388,0.833333,0.758403,0.366055,25.413
876.0,0.00,4.065398,0.833333,0.758403,0.366048,25.411
877.0,0.00,4.065408,0.833333,0.758403,0.366040,25.409
878.0,0.00,4.065417,0.833333,0.758403,0.366033,25.407
879.0,0.00,4.065427,0.833333,0.758403,0.366026,25.405
880.0,0.00,4.065436,0.833333,0.758403,0.366019,25.403
881.0,0.00,4.065446,0.833333,0.758403,0.366011,25.401
882.0,0.00,4.065455,0.833333,0.758403,0.366005,25.399
883.0,0.00,4.065464,0.833333,0.758403,0.365998,25.397
884.0,0.00,4.065473,0.833333,0.758403,0.365991,25.395
885.0,0.00,4.065482,0.833333,0.758403,0.365984,25.393
886.0,0.00,4.065491,0.833333,0.758403,0.365978,25.391
887.0,0.00,4.065500,0.833333,0.758403,0.365971,25.390
888.0,0.00,4.065509,0.833333,0.758403,0.365965,25.388
889.0,0.00,4.065517,0.833333,0.758403,0.365958,25.386
890.0,0.00,4.065525,0.833333,0.758403,0.365952,25.384
891.0,0.00,4.065534,0.833333,0.758403,0.365946,25.382
892.0,0.00,4.065542,0.833333,0.758403,0.365940,25.380
893.0,0.00,4.065550,0.833333,0.758403,0.365933,25.379
894.0,0.00,4.065558,0.833333,0.758403,0.365927,25.377
895.0,0.00,4.065566,0.833333,0.758403,0.365922,25.375
896.0,0.00,4.065574,0.833333,0.758403,0.365916,25.373
897.0,0.00,4.065582,0.833333,0.758403,0.365910,25.371
898.0,0.00,4.065589,0.833333,0.758403,0.365904,25.370
899.0,0.00,4.065597,0.833333,0.758403,0.365899,25.368
900.0,20.00,3.879159,0.833333,0.758403,0.365893,25.366
901.0,20.00,3.873640,0.832222,0.752157,0.378757,25.423
902.0,20.00,3.868853,0.831111,0.749498,0.382085,25.481
903.0,20.00,3.864640,0.830000,0.747352,0.384978,25.539
904.0,20.00,3.860863,0.828889,0.745477,0.387559,25.599
905.0,20.00,3.857428,0.827778,0.743776,0.389908,25.658
906.0,20.00,3.854266,0.826667,0.742198,0.392077,25.718
907.0,20.00,3.851327,0.825556,0.740713,0.394103,25.779
908.0,20.00,3.848578,0.824444,0.739300,0.396010,25.840
909.0,20.00,3.845990,0.823333,0.737947,0.397820,25.900
910.0,20.00,3.843542,0.822222,0.736642,0.399546,25.962
911.0,20.00,3.841218,0.821111,0.735379,0.401199,26.023
912.0,20.00,3.839005,0.820000,0.734150,0.402789,26.084
913.0,20.00,3.836890,0.818889,0.732953,0.404323,26.146
914.0,20.00,3.834865,0.817778,0.731782,0.405807,26.207
915.0,20.00,3.832921,0.816667,0.730634,0.407246,26.269
916.0,20.00,3.831052,0.815556,0.729507,0.408644,26.330
917.0,20.00,3.829252,0.814444,0.728399,0.410005,26.391
918.0,20.00,3.827516,0.813333,0.727308,0.411332,26.453
919.0,20.00,3.825838,0.812222,0.726231,0.412627,26.514
920.0,20.00,3.824215,0.811111,0.725168,0.413894,26.575
921.0,20.00,3.822643,0.810000,0.724118,0.415133,26.636
922.0,20.00,3.821119,0.808889,0.723078,0.416347,26.697
923.0,20.00,3.819640,0.807778,0.722049,0.417538,26.758
924.0,20.00,3.818203,0.806667,0.721028,0.418707,26.819
925.0,20.00,3.816806,0.805556,0.720017,0.419855,26.879
926.0,20.00,3.815446,0.804444,0.719012,0.420984,26.940
927.0,20.00,3.814121,0.803333,0.718015,0.422095,27.000
928.0,20.00,3.812830,0.802222,0.717024,0.423188,27.060
929.0,20.00,3.811570,0.801111,0.716039,0.424265,27.119
930.0,20.00,3.810340,0.800000,0.715060,0.425326,27.179
931.0,20.00,3.809138,0.798889,0.714085,0.426373,27.238
932.0,20.00,3.807964,0.797778,0.713115,0.427406,27.297
933.0,20.00,3.806815,0.796667,0.712149,0.428425,27.356
934.0,20.00,3.805690,0.795556,0.711187,0.429431,27.415
935.0,20.00,3.804588,0.794444,0.710228,0.430425,27.473
936.0,20.00,3.803508,0.793333,0.709273,0.431408,27.531
937.0,20.00,3.802449,0.792222,0.708320,0.432379,27.589
938.0,20.00,3.801411,0.791111,0.707370,0.433340,27.646
939.0,20.00,3.800391,0.790000,0.706423,0.434290,27.704
940.0,20.00,3.799389,0.788889,0.705477,0.435230,27.761
941.0,20.00,3.798405,0.787778,0.704534,0.436161,27.817
942.0,20.00,3.797437,0.786667,0.703592,0.437083,27.874
943.0,20.00,3.796485,0.785556,0.702653,0.437996,27.930
944.0,20.00,3.795547,0.784444,0.701714,0.438901,27.986
945.0,20.00,3.794624,0.783333,0.700777,0.439797,28.042
946.0,20.00,3.793715,0.782222,0.699842,0.440686,28.097
947.0,20.00,3.792819,0.781111,0.698907,0.441567,28.152
948.0,20.00,3.791935,0.780000,0.697973,0.442441,28.207
949.0,20.00,3.791063,0.778889,0.697041,0.443307,28.261
950.0,20.00,3.790203,0.777778,0.696109,0.444167,28.315
951.0,20.00,3.789353,0.776667,0.695178,0.445020,28.369
952.0,20.00,3.788513,0.775556,0.694247,0.445867,28.422
953.0,20.00,3.787683,0.774444,0.693317,0.446708,28.476
954.0,20.00,3.786862,0.773333,0.692388,0.447542,28.528
955.0,20.00,3.786050,0.772222,0.691459,0.448371,28.581
956.0,20.00,3.785247,0.771111,0.690530,0.449194,28.633
957.0,20.00,3.784451,0.770000,0.689602,0.450012,28.685
958.0,20.00,3.783663,0.768889,0.688674,0.450824,28.737
959.0,20.00,3.782882,0.767778,0.687746,0.451631,28.788
960.0,0.00,3.946706,0.766667,0.686819,0.452434,28.839
961.0,0.00,3.950835,0.766667,0.691709,0.441572,28.821
962.0,0.00,3.954077,0.766667,0.693295,0.439142,28.803
963.0,0.00,3.956748,0.766667,0.694399,0.437161,28.785
964.0,0.00,3.959024,0.766667,0.695249,0.435489,28.767
965.0,0.00,3.961012,0.766667,0.695938,0.434041,28.749
966.0,0.00,3.962780,0.766667,0.696514,0.432762,28.731
967.0,0.00,3.964374,0.766667,0.697004,0.431617,28.713
968.0,0.00,3.965828,0.766667,0.697428,0.430579,28.696
969.0,0.00,3.967165,0.766667,0.697799,0.429630,28.678
970.0,0.00,3.968402,0.766667,0.698125,0.428756,28.661
971.0,0.00,3.969555,0.766667,0.698415,0.427945,28.643
972.0,0.00,3.970633,0.766667,0.698673,0.427191,28.626
973.0,0.00,3.971646,0.766667,0.698904,0.426485,28.609
974.0,0.00,3.972601,0.766667,0.699112,0.425822,28.592
975.0,0.00,3.973505,0.766667,0.699298,0.425197,28.575
976.0,0.00,3.974361,0.766667,0.699467,0.424607,28.558
977.0,0.00,3.975175,0.766667,0.699620,0.424047,28.541
978.0,0.00,3.975951,0.766667,0.699759,0.423516,28.524
979.0,0.00,3.976691,0.766667,0.699884,0.423011,28.507
980.0,0.00,3.977399,0.766667,0.699999,0.422529,28.490
981.0,0.00,3.978076,0.766667,0.700102,0.422069,28.474
982.0,0.00,3.978726,0.766667,0.700197,0.421629,28.457
983.0,0.00,3.979350,0.766667,0.700283,0.421207,28.441
984.0,0.00,3.979950,0.766667,0.700362,0.420802,28.425
985.0,0.00,3.980527,0.766667,0.700434,0.420414,28.408
986.0,0.00,3.981084,0.766667,0.700499,0.420041,28.392
987.0,0.00,3.981620,0.766667,0.700559,0.419681,28.376
988.0,0.00,3.982138,0.766667,0.700614,0.419335,28.360
989.0,0.00,3.982639,0.766667,0.700664,0.419001,28.344
990.0,0.00,3.983123,0.766667,0.700709,0.418678,28.328
991.0,0.00,3.983591,0.766667,0.700751,0.418367,28.312
992.0,0.00,3.984044,0.766667,0.700789,0.418066,28.297
993.0,0.00,3.984484,0.766667,0.700824,0.417775,28.281
994.0,0.00,3.984910,0.766667,0.700856,0.417492,28.265
995.0,0.00,3.985323,0.766667,0.700885,0.417219,28.250
996.0,0.00,3.985725,0.766667,0.700912,0.416954,28.234
997.0,0.00,3.986115,0.766667,0.700937,0.416697,28.219
998.0,0.00,3.986493,0.766667,0.700959,0.416448,28.204
999.0,0.00,3.986862,0.766667,0.700980,0.416206,28.188
1000.0,0.00,3.987220,0.766667,0.700998,0.415971,28.173
1001.0,0.00,3.987569,0.766667,0.701016,0.415742,28.158
1002.0,0.00,3.987909,0.766667,0.701031,0.415520,28.143
1003.0,0.00,3.988239,0.766667,0.701046,0.415303,28.128
1004.0,0.00,3.988562,0.766667,0.701059,0.415093,28.113
1005.0,0.00,3.988876,0.766667,0.701071,0.414888,28.099
1006.0,0.00,3.989182,0.766667,0.701082,0.414688,28.084
1007.0,0.00,3.989481,0.766667,0.701092,0.414493,28.069
1008.0,0.00,3.989773,0.766667,0.701102,0.414304,28.055
1009.0,0.00,3.990058,0.766667,0.701110,0.414119,28.040
1010.0,0.00,3.990336,0.766667,0.701118,0.413938,28.026
1011.0,0.00,3.990607,0.766667,0.701125,0.413762,28.011
1012.0,0.00,3.990873,0.766667,0.701132,0.413590,27.997
1013.0,0.00,3.991132,0.766667,0.701138,0.413422,27.983
1014.0,0.00,3.991385,0.766667,0.701143,0.413258,27.969
1015.0,0.00,3.991633,0.766667,0.701148,0.413098,27.954
1016.0,0.00,3.991876,0.766667,0.701153,0.412941,27.940
1017.0,0.00,3.992113,0.766667,0.701157,0.412788,27.926
1018.0,0.00,3.992345,0.766667,0.701161,0.412639,27.913
1019.0,0.00,3.992572,0.766667,0.701164,0.412492,27.899
1020.0,0.00,3.992795,0.766667,0.701168,0.412349,27.885
1021.0,0.00,3.993012,0.766667,0.701171,0.412209,27.871
1022.0,0.00,3.993226,0.766667,0.701173,0.412072,27.858
1023.0,0.00,3.993435,0.766667,0.701176,0.411937,27.844
1024.0,0.00,3.993639,0.766667,0.701178,0.411806,27.831
1025.0,0.00,3.993840,0.766667,0.701180,0.411677,27.817
1026.0,0.00,3.994037,0.766667,0.701182,0.411551,27.804
1027.0,0.00,3.994229,0.766667,0.701184,0.411428,27.790
1028.0,0.00,3.994418,0.766667,0.701186,0.411307,27.777
1029.0,0.00,3.994604,0.766667,0.701187,0.411188,27.764
1030.0,0.00,3.994785,0.766667,0.701189,0.411072,27.751
1031.0,0.00,3.994964,0.766667,0.701190,0.410958,27.738
1032.0,0.00,3.995139,0.766667,0.701191,0.410846,27.725
1033.0,0.00,3.995310,0.766667,0.701192,0.410736,27.712
1034.0,0.00,3.995479,0.766667,0.701193,0.410629,27.699
1035.0,0.00,3.995644,0.766667,0.701194,0.410523,27.686
1036.0,0.00,3.995807,0.766667,0.701195,0.410420,27.673
1037.0,0.00,3.995966,0.766667,0.701195,0.410318,27.661
1038.0,0.00,3.996123,0.766667,0.701196,0.410219,27.648
1039.0,0.00,3.996276,0.766667,0.701197,0.410121,27.635
1040.0,0.00,3.996427,0.766667,0.701197,0.410025,27.623
1041.0,0.00,3.996576,0.766667,0.701198,0.409930,27.610
1042.0,0.00,3.996721,0.766667,0.701198,0.409838,27.598
1043.0,0.00,3.996865,0.766667,0.701199,0.409747,27.586
1044.0,0.00,3.997005,0.766667,0.701199,0.409657,27.573
1045.0,0.00,3.997144,0.766667,0.701200,0.409570,27.561
1046.0,0.00,3.997280,0.766667,0.701200,0.409483,27.549
1047.0,0.00,3.997413,0.766667,0.701200,0.409399,27.537
1048.0,0.00,3.997545,0.766667,0.701200,0.409315,27.525
1049.0,0.00,3.997674,0.766667,0.701201,0.409234,27.513
1050.0,0.00,3.997801,0.766667,0.701201,0.409153,27.501
1051.0,0.00,3.997926,0.766667,0.701201,0.409074,27.489
1052.0,0.00,3.998048,0.766667,0.701201,0.408996,27.477
1053.0,0.00,3.998169,0.766667,0.701202,0.408920,27.465
1054.0,0.00,3.998288,0.766667,0.701202,0.408845,27.454
1055.0,0.00,3.998405,0.766667,0.701202,0.408771,27.442
1056.0,0.00,3.998520,0.766667,0.701202,0.408698,27.430
1057.0,0.00,3.998633,0.766667,0.701202,0.408627,27.419
1058.0,0.00,3.998744,0.766667,0.701202,0.408557,27.407
1059.0,0.00,3.998854,0.766667,0.701202,0.408487,27.396
1060.0,0.00,3.998962,0.766667,0.701203,0.408419,27.384
1061.0,0.00,3.999068,0.766667,0.701203,0.408352,27.373
1062.0,0.00,3.999172,0.766667,0.701203,0.408287,27.362
1063.0,0.00,3.999275,0.766667,0.701203,0.408222,27.351
1064.0,0.00,3.999376,0.766667,0.701203,0.408158,27.339
1065.0,0.00,3.999476,0.766667,0.701203,0.408095,27.328
1066.0,0.00,3.999574,0.766667,0.701203,0.408034,27.317
1067.0,0.00,3.999670,0.766667,0.701203,0.407973,27.306
1068.0,0.00,3.999765,0.766667,0.701203,0.407913,27.295
1069.0,0.00,3.999859,0.766667,0.701203,0.407854,27.284
1070.0,0.00,3.999951,0.766667,0.701203,0.407796,27.274
1071.0,0.00,4.000042,0.766667,0.701203,0.407739,27.263
1072.0,0.00,4.000131,0.766667,0.701203,0.407683,27.252
1073.0,0.00,4.000219,0.766667,0.701203,0.407627,27.241
1074.0,0.00,4.000306,0.766667,0.701203,0.407573,27.231
1075.0,0.00,4.000392,0.766667,0.701203,0.407519,27.220
1076.0,0.00,4.000476,0.766667,0.701203,0.407466,27.210
1077.0,0.00,4.000559,0.766667,0.701203,0.407414,27.199
1078.0,0.00,4.000640,0.766667,0.701203,0.407363,27.189
1079.0,0.00,4.000721,0.766667,0.701204,0.407313,27.178
1080.0,0.00,4.000800,0.766667,0.701204,0.407263,27.168
1081.0,0.00,4.000878,0.766667,0.701204,0.407214,27.158
1082.0,0.00,4.000955,0.766667,0.701204,0.407166,27.147
1083.0,0.00,4.001031,0.766667,0.701204,0.407118,27.137
1084.0,0.00,4.001106,0.766667,0.701204,0.407071,27.127
1085.0,0.00,4.001180,0.766667,0.701204,0.407025,27.117
1086.0,0.00,4.001252,0.766667,0.701204,0.406980,27.107
1087.0,0.00,4.001324,0.766667,0.701204,0.406935,27.097
1088.0,0.00,4.001395,0.766667,0.701204,0.406891,27.087
1089.0,0.00,4.001464,0.766667,0.701204,0.406847,27.077
1090.0,0.00,4.001533,0.766667,0.701204,0.406804,27.067
1091.0,0.00,4.001600,0.766667,0.701204,0.406762,27.057
1092.0,0.00,4.001667,0.766667,0.701204,0.406720,27.047
1093.0,0.00,4.001733,0.766667,0.701204,0.406679,27.038
1094.0,0.00,4.001797,0.766667,0.701204,0.406639,27.028
1095.0,0.00,4.001861,0.766667,0.701204,0.406599,27.018
1096.0,0.00,4.001924,0.766667,0.701204,0.406559,27.009
1097.0,0.00,4.001986,0.766667,0.701204,0.406521,26.999
1098.0,0.00,4.002048,0.766667,0.701204,0.406483,26.990
1099.0,0.00,4.002108,0.766667,0.701204,0.406445,26.980
1100.0,0.00,4.002167,0.766667,0.701204,0.406408,26.971
1101.0,0.00,4.002226,0.766667,0.701204,0.406371,26.961
1102.0,0.00,4.002284,0.766667,0.701204,0.406335,26.952
1103.0,0.00,4.002341,0.766667,0.701204,0.406299,26.943
1104.0,0.00,4.002397,0.766667,0.701204,0.406264,26.934
1105.0,0.00,4.002453,0.766667,0.701204,0.406230,26.924
1106.0,0.00,4.002508,0.766667,0.701204,0.406196,26.915
1107.0,0.00,4.002562,0.766667,0.701204,0.406162,26.906
1108.0,0.00,4.002615,0.766667,0.701204,0.406129,26.897
1109.0,0.00,4.002667,0.766667,0.701204,0.406096,26.888
1110.0,0.00,4.002719,0.766667,0.701204,0.406064,26.879
1111.0,0.00,4.002770,0.766667,0.701204,0.406032,26.870
1112.0,0.00,4.002821,0.766667,0.701204,0.406001,26.861
1113.0,0.00,4.002870,0.766667,0.701204,0.405970,26.853
1114.0,0.00,4.002919,0.766667,0.701204,0.405939,26.844
1115.0,0.00,4.002968,0.766667,0.701204,0.405909,26.835
1116.0,0.00,4.003016,0.766667,0.701204,0.405879,26.826
1117.0,0.00,4.003063,0.766667,0.701204,0.405850,26.818
1118.0,0.00,4.003109,0.766667,0.701204,0.405821,26.809
1119.0,0.00,4.003155,0.766667,0.701204,0.405793,26.800
1120.0,0.00,4.003200,0.766667,0.701204,0.405765,26.792
1121.0,0.00,4.003245,0.766667,0.701204,0.405737,26.783
1122.0,0.00,4.003289,0.766667,0.701204,0.405710,26.775
1123.0,0.00,4.003332,0.766667,0.701204,0.405683,26.766
1124.0,0.00,4.003375,0.766667,0.701204,0.405656,26.758
1125.0,0.00,4.003417,0.766667,0.701204,0.405630,26.750
1126.0,0.00,4.003459,0.766667,0.701204,0.405604,26.741
1127.0,0.00,4.003500,0.766667,0.701204,0.405578,26.733
1128.0,0.00,4.003541,0.766667,0.701204,0.405553,26.725
1129.0,0.00,4.003581,0.766667,0.701204,0.405528,26.717
1130.0,0.00,4.003620,0.766667,0.701204,0.405504,26.708
1131.0,0.00,4.003659,0.766667,0.701204,0.405480,26.700
1132.0,0.00,4.003698,0.766667,0.701204,0.405456,26.692
1133.0,0.00,4.003736,0.766667,0.701204,0.405432,26.684
1134.0,0.00,4.003773,0.766667,0.701204,0.405409,26.676
1135.0,0.00,4.003811,0.766667,0.701204,0.405386,26.668
1136.0,0.00,4.003847,0.766667,0.701204,0.405363,26.660
1137.0,0.00,4.003883,0.766667,0.701204,0.405341,26.652
1138.0,0.00,4.003919,0.766667,0.701204,0.405319,26.645
1139.0,0.00,4.003954,0.766667,0.701204,0.405297,26.637
1140.0,0.00,4.003988,0.766667,0.701204,0.405276,26.629
1141.0,0.00,4.004023,0.766667,0.701204,0.405255,26.621
1142.0,0.00,4.004056,0.766667,0.701204,0.405234,26.614
1143.0,0.00,4.004090,0.766667,0.701204,0.405213,26.606
1144.0,0.00,4.004123,0.766667,0.701204,0.405193,26.598
1145.0,0.00,4.004155,0.766667,0.701204,0.405173,26.591
1146.0,0.00,4.004187,0.766667,0.701204,0.405153,26.583
1147.0,0.00,4.004219,0.766667,0.701204,0.405133,26.576
1148.0,0.00,4.004250,0.766667,0.701204,0.405114,26.568
1149.0,0.00,4.004281,0.766667,0.701204,0.405095,26.561
1150.0,0.00,4.004311,0.766667,0.701204,0.405076,26.553
1151.0,0.00,4.004341,0.766667,0.701204,0.405058,26.546
1152.0,0.00,4.004371,0.766667,0.701204,0.405039,26.538
1153.0,0.00,4.004400,0.766667,0.701204,0.405021,26.531
1154.0,0.00,4.004429,0.766667,0.701204,0.405004,26.524
1155.0,0.00,4.004457,0.766667,0.701204,0.404986,26.517
1156.0,0.00,4.004486,0.766667,0.701204,0.404969,26.509
1157.0,0.00,4.004513,0.766667,0.701204,0.404951,26.502
1158.0,0.00,4.004541,0.766667,0.701204,0.404935,26.495
1159.0,0.00,4.004568,0.766667,0.701204,0.404918,26.488
1160.0,0.00,4.004595,0.766667,0.701204,0.404901,26.481
1161.0,0.00,4.004621,0.766667,0.701204,0.404885,26.474
1162.0,0.00,4.004647,0.766667,0.701204,0.404869,26.467
1163.0,0.00,4.004673,0.766667,0.701204,0.404853,26.460
1164.0,0.00,4.004698,0.766667,0.701204,0.404838,26.453
1165.0,0.00,4.004723,0.766667,0.701204,0.404822,26.446
1166.0,0.00,4.004748,0.766667,0.701204,0.404807,26.439
1167.0,0.00,4.004772,0.766667,0.701204,0.404792,26.432
1168.0,0.00,4.004796,0.766667,0.701204,0.404777,26.426
1169.0,0.00,4.004820,0.766667,0.701204,0.404762,26.419
1170.0,0.00,4.004844,0.766667,0.701204,0.404748,26.412
1171.0,0.00,4.004867,0.766667,0.701204,0.404734,26.405
1172.0,0.00,4.004890,0.766667,0.701204,0.404720,26.399
1173.0,0.00,4.004912,0.766667,0.701204,0.404706,26.392
1174.0,0.00,4.004935,0.766667,0.701204,0.404692,26.385
1175.0,0.00,4.004957,0.766667,0.701204,0.404678,26.379
1176.0,0.00,4.004979,0.766667,0.701204,0.404665,26.372
1177.0,0.00,4.005000,0.766667,0.701204,0.404652,26.366
1178.0,0.00,4.005021,0.766667,0.701204,0.404639,26.359
1179.0,0.00,4.005042,0.766667,0.701204,0.404626,26.353
1180.0,0.00,4.005063,0.766667,0.701204,0.404613,26.346
1181.0,0.00,4.005083,0.766667,0.701204,0.404601,26.340
1182.0,0.00,4.005104,0.766667,0.701204,0.404588,26.334
1183.0,0.00,4.005123,0.766667,0.701204,0.404576,26.327
1184.0,0.00,4.005143,0.766667,0.701204,0.404564,26.321
1185.0,0.00,4.005163,0.766667,0.701204,0.404552,26.315
1186.0,0.00,4.005182,0.766667,0.701204,0.404540,26.308
1187.0,0.00,4.005201,0.766667,0.701204,0.404529,26.302
1188.0,0.00,4.005219,0.766667,0.701204,0.404517,26.296
1189.0,0.00,4.005238,0.766667,0.701204,0.404506,26.290
1190.0,0.00,4.005256,0.766667,0.701204,0.404495,26.284
1191.0,0.00,4.005274,0.766667,0.701204,0.404483,26.278
1192.0,0.00,4.005292,0.766667,0.701204,0.404473,26.272
1193.0,0.00,4.005309,0.766667,0.701204,0.404462,26.266
1194.0,0.00,4.005327,0.766667,0.701204,0.404451,26.260
1195.0,0.00,4.005344,0.766667,0.701204,0.404441,26.254
1196.0,0.00,4.005361,0.766667,0.701204,0.404430,26.248
1197.0,0.00,4.005377,0.766667,0.701204,0.404420,26.242
1198.0,0.00,4.005394,0.766667,0.701204,0.404410,26.236
1199.0,0.00,4.005410,0.766667,0.701204,0.404400,26.230
1200.0,0.00,4.005426,0.766667,0.701204,0.404390,26.224
1201.0,0.00,4.005442,0.766667,0.701204,0.404380,26.218
1202.0,0.00,4.005458,0.766667,0.701204,0.404371,26.212
1203.0,0.00,4.005473,0.766667,0.701204,0.404361,26.207
1204.0,0.00,4.005489,0.766667,0.701204,0.404352,26.201
1205.0,0.00,4.005504,0.766667,0.701204,0.404343,26.195
1206.0,0.00,4.005519,0.766667,0.701204,0.404334,26.190
1207.0,0.00,4.005533,0.766667,0.701204,0.404325,26.184
1208.0,0.00,4.005548,0.766667,0.701204,0.404316,26.178
1209.0,0.00,4.005562,0.766667,0.701204,0.404307,26.173
1210.0,0.00,4.005577,0.766667,0.701204,0.404298,26.167
1211.0,0.00,4.005591,0.766667,0.701204,0.404290,26.162
1212.0,0.00,4.005604,0.766667,0.701204,0.404281,26.156
1213.0,0.00,4.005618,0.766667,0.701204,0.404273,26.151
1214.0,0.00,4.005632,0.766667,0.701204,0.404265,26.145
1215.0,0.00,4.005645,0.766667,0.701204,0.404257,26.140
1216.0,0.00,4.005658,0.766667,0.701204,0.404249,26.134
1217.0,0.00,4.005671,0.766667,0.701204,0.404241,26.129
1218.0,0.00,4.005684,0.766667,0.701204,0.404233,26.123
1219.0,0.00,4.005697,0.766667,0.701204,0.404225,26.118
1220.0,0.00,4.005709,0.766667,0.701204,0.404217,26.113
1221.0,0.00,4.005722,0.766667,0.701204,0.404210,26.108
1222.0,0.00,4.005734,0.766667,0.701204,0.404202,26.102
1223.0,0.00,4.005746,0.766667,0.701204,0.404195,26.097
1224.0,0.00,4.005758,0.766667,0.701204,0.404188,26.092
1225.0,0.00,4.005770,0.766667,0.701204,0.404181,26.087
1226.0,0.00,4.005781,0.766667,0.701204,0.404174,26.081
1227.0,0.00,4.005793,0.766667,0.701204,0.404167,26.076
1228.0,0.00,4.005804,0.766667,0.701204,0.404160,26.071
1229.0,0.00,4.005815,0.766667,0.701204,0.404153,26.066
1230.0,0.00,4.005826,0.766667,0.701204,0.404146,26.061
1231.0,0.00,4.005837,0.766667,0.701204,0.404139,26.056
1232.0,0.00,4.005848,0.766667,0.701204,0.404133,26.051
1233.0,0.00,4.005859,0.766667,0.701204,0.404126,26.046
1234.0,0.00,4.005869,0.766667,0.701204,0.404120,26.041
1235.0,0.00,4.005880,0.766667,0.701204,0.404114,26.036
1236.0,0.00,4.005890,0.766667,0.701204,0.404107,26.031
1237.0,0.00,4.005900,0.766667,0.701204,0.404101,26.026
1238.0,0.00,4.005910,0.766667,0.701204,0.404095,26.021
1239.0,0.00,4.005920,0.766667,0.701204,0.404089,26.017
1240.0,0.00,4.005930,0.766667,0.701204,0.404083,26.012
1241.0,0.00,4.005940,0.766667,0.701204,0.404077,26.007
1242.0,0.00,4.005949,0.766667,0.701204,0.404072,26.002
1243.0,0.00,4.005959,0.766667,0.701204,0.404066,25.997
1244.0,0.00,4.005968,0.766667,0.701204,0.404060,25.993
1245.0,0.00,4.005977,0.766667,0.701204,0.404055,25.988
1246.0,0.00,4.005986,0.766667,0.701204,0.404049,25.983
1247.0,0.00,4.005995,0.766667,0.701204,0.404044,25.979
1248.0,0.00,4.006004,0.766667,0.701204,0.404038,25.974
1249.0,0.00,4.006013,0.766667,0.701204,0.404033,25.969
1250.0,0.00,4.006022,0.766667,0.701204,0.404028,25.965
1251.0,0.00,4.006030,0.766667,0.701204,0.404023,25.960
1252.0,0.00,4.006039,0.766667,0.701204,0.404017,25.956
1253.0,0.00,4.006047,0.766667,0.701204,0.404012,25.951
1254.0,0.00,4.006055,0.766667,0.701204,0.404007,25.946
1255.0,0.00,4.006063,0.766667,0.701204,0.404002,25.942
1256.0,0.00,4.006071,0.766667,0.701204,0.403998,25.937
1257.0,0.00,4.006079,0.766667,0.701204,0.403993,25.933
1258.0,0.00,4.006087,0.766667,0.701204,0.403988,25.929
1259.0,0.00,4.006095,0.766667,0.701204,0.403983,25.924
1260.0,0.00,4.006103,0.766667,0.701204,0.403979,25.920
1261.0,0.00,4.006110,0.766667,0.701204,0.403974,25.915
1262.0,0.00,4.006118,0.766667,0.701204,0.403970,25.911
1263.0,0.00,4.006125,0.766667,0.701204,0.403965,25.907
1264.0,0.00,4.006132,0.766667,0.701204,0.403961,25.902
1265.0,0.00,4.006140,0.766667,0.701204,0.403956,25.898
1266.0,0.00,4.006147,0.766667,0.701204,0.403952,25.894
1267.0,0.00,4.006154,0.766667,0.701204,0.403948,25.890
1268.0,0.00,4.006161,0.766667,0.701204,0.403944,25.885
1269.0,0.00,4.006168,0.766667,0.701204,0.403940,25.881
1270.0,0.00,4.006174,0.766667,0.701204,0.403935,25.877
1271.0,0.00,4.006181,0.766667,0.701204,0.403931,25.873
1272.0,0.00,4.006188,0.766667,0.701204,0.403927,25.869
1273.0,0.00,4.006194,0.766667,0.701204,0.403923,25.865
1274.0,0.00,4.006201,0.766667,0.701204,0.403920,25.860
1275.0,0.00,4.006207,0.766667,0.701204,0.403916,25.856
1276.0,0.00,4.006213,0.766667,0.701204,0.403912,25.852
1277.0,0.00,4.006220,0.766667,0.701204,0.403908,25.848
1278.0,0.00,4.006226,0.766667,0.701204,0.403905,25.844
1279.0,0.00,4.006232,0.766667,0.701204,0.403901,25.840
1280.0,0.00,4.006238,0.766667,0.701204,0.403897,25.836
1281.0,0.00,4.006244,0.766667,0.701204,0.403894,25.832
1282.0,0.00,4.006250,0.766667,0.701204,0.403890,25.828
1283.0,0.00,4.006256,0.766667,0.701204,0.403887,25.824
1284.0,0.00,4.006261,0.766667,0.701204,0.403883,25.820
1285.0,0.00,4.006267,0.766667,0.701204,0.403880,25.817
1286.0,0.00,4.006273,0.766667,0.701204,0.403876,25.813
1287.0,0.00,4.006278,0.766667,0.701204,0.403873,25.809
1288.0,0.00,4.006284,0.766667,0.701204,0.403870,25.805
1289.0,0.00,4.006289,0.766667,0.701204,0.403867,25.801
1290.0,0.00,4.006294,0.766667,0.701204,0.403863,25.797
1291.0,0.00,4.006300,0.766667,0.701204,0.403860,25.794
1292.0,0.00,4.006305,0.766667,0.701204,0.403857,25.790
1293.0,0.00,4.006310,0.766667,0.701204,0.403854,25.786
1294.0,0.00,4.006315,0.766667,0.701204,0.403851,25.782
1295.0,0.00,4.006320,0.766667,0.701204,0.403848,25.779
1296.0,0.00,4.006325,0.766667,0.701204,0.403845,25.775
1297.0,0.00,4.006330,0.766667,0.701204,0.403842,25.771
1298.0,0.00,4.006335,0.766667,0.701204,0.403839,25.767
1299.0,0.00,4.006340,0.766667,0.701204,0.403836,25.764
1300.0,0.00,4.006344,0.766667,0.701204,0.403834,25.760
1301.0,0.00,4.006349,0.766667,0.701204,0.403831,25.757
1302.0,0.00,4.006354,0.766667,0.701204,0.403828,25.753
1303.0,0.00,4.006358,0.766667,0.701204,0.403825,25.749
1304.0,0.00,4.006363,0.766667,0.701204,0.403823,25.746
1305.0,0.00,4.006367,0.766667,0.701204,0.403820,25.742
1306.0,0.00,4.006372,0.766667,0.701204,0.403817,25.739
1307.0,0.00,4.006376,0.766667,0.701204,0.403815,25.735
1308.0,0.00,4.006380,0.766667,0.701204,0.403812,25.732
1309.0,0.00,4.006384,0.766667,0.701204,0.403810,25.728
1310.0,0.00,4.006389,0.766667,0.701204,0.403807,25.725
1311.0,0.00,4.006393,0.766667,0.701204,0.403805,25.721
1312.0,0.00,4.006397,0.766667,0.701204,0.403802,25.718
1313.0,0.00,4.006401,0.766667,0.701204,0.403800,25.715
1314.0,0.00,4.006405,0.766667,0.701204,0.403798,25.711
1315.0,0.00,4.006409,0.766667,0.701204,0.403795,25.708
1316.0,0.00,4.006413,0.766667,0.701204,0.403793,25.704
1317.0,0.00,4.006417,0.766667,0.701204,0.403791,25.701
1318.0,0.00,4.006420,0.766667,0.701204,0.403788,25.698
1319.0,0.00,4.006424,0.766667,0.701204,0.403786,25.694
1320.0,0.00,4.006428,0.766667,0.701204,0.403784,25.691
1321.0,0.00,4.006432,0.766667,0.701204,0.403782,25.688
1322.0,0.00,4.006435,0.766667,0.701204,0.403780,25.685
1323.0,0.00,4.006439,0.766667,0.701204,0.403777,25.681
1324.0,0.00,4.006442,0.766667,0.701204,0.403775,25.678
1325.0,0.00,4.006446,0.766667,0.701204,0.403773,25.675
1326.0,0.00,4.006449,0.766667,0.701204,0.403771,25.672
1327.0,0.00,4.006453,0.766667,0.701204,0.403769,25.668
1328.0,0.00,4.006456,0.766667,0.701204,0.403767,25.665
1329.0,0.00,4.006460,0.766667,0.701204,0.403765,25.662
1330.0,0.00,4.006463,0.766667,0.701204,0.403763,25.659
1331.0,0.00,4.006466,0.766667,0.701204,0.403761,25.656
1332.0,0.00,4.006469,0.766667,0.701204,0.403759,25.653
1333.0,0.00,4.006473,0.766667,0.701204,0.403758,25.650
1334.0,0.00,4.006476,0.766667,0.701204,0.403756,25.647
1335.0,0.00,4.006479,0.766667,0.701204,0.403754,25.643
1336.0,0.00,4.006482,0.766667,0.701204,0.403752,25.640
1337.0,0.00,4.006485,0.766667,0.701204,0.403750,25.637
1338.0,0.00,4.006488,0.766667,0.701204,0.403749,25.634
1339.0,0.00,4.006491,0.766667,0.701204,0.403747,25.631
1340.0,0.00,4.006494,0.766667,0.701204,0.403745,25.628
1341.0,0.00,4.006497,0.766667,0.701204,0.403743,25.625
1342.0,0.00,4.006500,0.766667,0.701204,0.403742,25.622
1343.0,0.00,4.006503,0.766667,0.701204,0.403740,25.619
1344.0,0.00,4.006505,0.766667,0.701204,0.403738,25.616
1345.0,0.00,4.006508,0.766667,0.701204,0.403737,25.614
1346.0,0.00,4.006511,0.766667,0.701204,0.403735,25.611
1347.0,0.00,4.006514,0.766667,0.701204,0.403734,25.608
1348.0,0.00,4.006516,0.766667,0.701204,0.403732,25.605
1349.0,0.00,4.006519,0.766667,0.701204,0.403730,25.602
1350.0,0.00,4.006522,0.766667,0.701204,0.403729,25.599
1351.0,0.00,4.006524,0.766667,0.701204,0.403727,25.596
1352.0,0.00,4.006527,0.766667,0.701204,0.403726,25.593
1353.0,0.00,4.006529,0.766667,0.701204,0.403724,25.591
1354.0,0.00,4.006532,0.766667,0.701204,0.403723,25.588
1355.0,0.00,4.006534,0.766667,0.701204,0.403722,25.585
1356.0,0.00,4.006537,0.766667,0.701204,0.403720,25.582
1357.0,0.00,4.006539,0.766667,0.701204,0.403719,25.579
1358.0,0.00,4.006541,0.766667,0.701204,0.403717,25.577
1359.0,0.00,4.006544,0.766667,0.701204,0.403716,25.574
1360.0,0.00,4.006546,0.766667,0.701204,0.403715,25.571
1361.0,0.00,4.006548,0.766667,0.701204,0.403713,25.569
1362.0,0.00,4.006551,0.766667,0.701204,0.403712,25.566
1363.0,0.00,4.006553,0.766667,0.701204,0.403711,25.563
1364.0,0.00,4.006555,0.766667,0.701204,0.403709,25.560
1365.0,0.00,4.006557,0.766667,0.701204,0.403708,25.558
1366.0,0.00,4.006559,0.766667,0.701204,0.403707,25.555
1367.0,0.00,4.006562,0.766667,0.701204,0.403706,25.553
1368.0,0.00,4.006564,0.766667,0.701204,0.403704,25.550
1369.0,0.00,4.006566,0.766667,0.701204,0.403703,25.547
1370.0,0.00,4.006568,0.766667,0.701204,0.403702,25.545
1371.0,0.00,4.006570,0.766667,0.701204,0.403701,25.542
1372.0,0.00,4.006572,0.766667,0.701204,0.403700,25.540
1373.0,0.00,4.006574,0.766667,0.701204,0.403698,25.537
1374.0,0.00,4.006576,0.766667,0.701204,0.403697,25.534
1375.0,0.00,4.006578,0.766667,0.701204,0.403696,25.532
1376.0,0.00,4.006580,0.766667,0.701204,0.403695,25.529
1377.0,0.00,4.006582,0.766667,0.701204,0.403694,25.527
1378.0,0.00,4.006584,0.766667,0.701204,0.403693,25.524
1379.0,0.00,4.006585,0.766667,0.701204,0.403692,25.522
1380.0,0.00,4.006587,0.766667,0.701204,0.403691,25.519
1381.0,0.00,4.006589,0.766667,0.701204,0.403690,25.517
1382.0,0.00,4.006591,0.766667,0.701204,0.403689,25.514
1383.0,0.00,4.006593,0.766667,0.701204,0.403688,25.512
1384.0,0.00,4.006594,0.766667,0.701204,0.403687,25.510
1385.0,0.00,4.006596,0.766667,0.701204,0.403686,25.507
1386.0,0.00,4.006598,0.766667,0.701204,0.403685,25.505
1387.0,0.00,4.006600,0.766667,0.701204,0.403684,25.502
1388.0,0.00,4.006601,0.766667,0.701204,0.403683,25.500
1389.0,0.00,4.006603,0.766667,0.701204,0.403682,25.498
1390.0,0.00,4.006605,0.766667,0.701204,0.403681,25.495
1391.0,0.00,4.006606,0.766667,0.701204,0.403680,25.493
1392.0,0.00,4.006608,0.766667,0.701204,0.403679,25.490
1393.0,0.00,4.006609,0.766667,0.701204,0.403678,25.488
1394.0,0.00,4.006611,0.766667,0.701204,0.403677,25.486
1395.0,0.00,4.006613,0.766667,0.701204,0.403676,25.484
1396.0,0.00,4.006614,0.766667,0.701204,0.403675,25.481
1397.0,0.00,4.006616,0.766667,0.701204,0.403675,25.479
1398.0,0.00,4.006617,0.766667,0.701204,0.403674,25.477
1399.0,0.00,4.006619,0.766667,0.701204,0.403673,25.474
1400.0,0.00,4.006620,0.766667,0.701204,0.403672,25.472
1401.0,0.00,4.006622,0.766667,0.701204,0.403671,25.470
1402.0,0.00,4.006623,0.766667,0.701204,0.403670,25.468
1403.0,0.00,4.006624,0.766667,0.701204,0.403670,25.465
1404.0,0.00,4.006626,0.766667,0.701204,0.403669,25.463
1405.0,0.00,4.006627,0.766667,0.701204,0.403668,25.461
1406.0,0.00,4.006628,0.766667,0.701204,0.403667,25.459
1407.0,0.00,4.006630,0.766667,0.701204,0.403666,25.457
1408.0,0.00,4.006631,0.766667,0.701204,0.403666,25.455
1409.0,0.00,4.006633,0.766667,0.701204,0.403665,25.452
1410.0,0.00,4.006634,0.766667,0.701204,0.403664,25.450
1411.0,0.00,4.006635,0.766667,0.701204,0.403664,25.448
1412.0,0.00,4.006636,0.766667,0.701204,0.403663,25.446
1413.0,0.00,4.006638,0.766667,0.701204,0.403662,25.444
1414.0,0.00,4.006639,0.766667,0.701204,0.403661,25.442
1415.0,0.00,4.006640,0.766667,0.701204,0.403661,25.440
1416.0,0.00,4.006641,0.766667,0.701204,0.403660,25.438
1417.0,0.00,4.006643,0.766667,0.701204,0.403659,25.435
1418.0,0.00,4.006644,0.766667,0.701204,0.403659,25.433
1419.0,0.00,4.006645,0.766667,0.701204,0.403658,25.431
1420.0,0.00,4.006646,0.766667,0.701204,0.403657,25.429
1421.0,0.00,4.006647,0.766667,0.701204,0.403657,25.427
1422.0,0.00,4.006648,0.766667,0.701204,0.403656,25.425
1423.0,0.00,4.006650,0.766667,0.701204,0.403655,25.423
1424.0,0.00,4.006651,0.766667,0.701204,0.403655,25.421
1425.0,0.00,4.006652,0.766667,0.701204,0.403654,25.419
1426.0,0.00,4.006653,0.766667,0.701204,0.403654,25.417
1427.0,0.00,4.006654,0.766667,0.701204,0.403653,25.415
1428.0,0.00,4.006655,0.766667,0.701204,0.403652,25.413
1429.0,0.00,4.006656,0.766667,0.701204,0.403652,25.411
1430.0,0.00,4.006657,0.766667,0.701204,0.403651,25.409
1431.0,0.00,4.006658,0.766667,0.701204,0.403651,25.407
1432.0,0.00,4.006659,0.766667,0.701204,0.403650,25.405
1433.0,0.00,4.006660,0.766667,0.701204,0.403650,25.403
1434.0,0.00,4.006661,0.766667,0.701204,0.403649,25.402
1435.0,0.00,4.006662,0.766667,0.701204,0.403648,25.400
1436.0,0.00,4.006663,0.766667,0.701204,0.403648,25.398
1437.0,0.00,4.006664,0.766667,0.701204,0.403647,25.396
1438.0,0.00,4.006665,0.766667,0.701204,0.403647,25.394
1439.0,0.00,4.006666,0.766667,0.701204,0.403646,25.392
1440.0,0.00,4.006667,0.766667,0.701204,0.403646,25.390
1441.0,0.00,4.006668,0.766667,0.701204,0.403645,25.388
1442.0,0.00,4.006669,0.766667,0.701204,0.403645,25.387
1443.0,0.00,4.006670,0.766667,0.701204,0.403644,25.385
1444.0,0.00,4.006670,0.766667,0.701204,0.403644,25.383
1445.0,0.00,4.006671,0.766667,0.701204,0.403643,25.381
1446.0,0.00,4.006672,0.766667,0.701204,0.403643,25.379
1447.0,0.00,4.006673,0.766667,0.701204,0.403642,25.377
1448.0,0.00,4.006674,0.766667,0.701204,0.403642,25.376
1449.0,0.00,4.006675,0.766667,0.701204,0.403641,25.374
1450.0,0.00,4.006676,0.766667,0.701204,0.403641,25.372
1451.0,0.00,4.006676,0.766667,0.701204,0.403641,25.370
1452.0,0.00,4.006677,0.766667,0.701204,0.403640,25.369
1453.0,0.00,4.006678,0.766667,0.701204,0.403640,25.367
1454.0,0.00,4.006679,0.766667,0.701204,0.403639,25.365
1455.0,0.00,4.006680,0.766667,0.701204,0.403639,25.363
1456.0,0.00,4.006680,0.766667,0.701204,0.403638,25.362
1457.0,0.00,4.006681,0.766667,0.701204,0.403638,25.360
1458.0,0.00,4.006682,0.766667,0.701204,0.403638,25.358
1459.0,0.00,4.006683,0.766667,0.701204,0.403637,25.356
1460.0,0.00,4.006683,0.766667,0.701204,0.403637,25.355
1461.0,0.00,4.006684,0.766667,0.701204,0.403636,25.353
1462.0,0.00,4.006685,0.766667,0.701204,0.403636,25.351
1463.0,0.00,4.006686,0.766667,0.701204,0.403636,25.350
1464.0,0.00,4.006686,0.766667,0.701204,0.403635,25.348
1465.0,0.00,4.006687,0.766667,0.701204,0.403635,25.346
1466.0,0.00,4.006688,0.766667,0.701204,0.403634,25.345
1467.0,0.00,4.006688,0.766667,0.701204,0.403634,25.343
1468.0,0.00,4.006689,0.766667,0.701204,0.403634,25.342
1469.0,0.00,4.006690,0.766667,0.701204,0.403633,25.340
1470.0,0.00,4.006690,0.766667,0.701204,0.403633,25.338
1471.0,0.00,4.006691,0.766667,0.701204,0.403633,25.337
1472.0,0.00,4.006692,0.766667,0.701204,0.403632,25.335
1473.0,0.00,4.006692,0.766667,0.701204,0.403632,25.333
1474.0,0.00,4.006693,0.766667,0.701204,0.403632,25.332
1475.0,0.00,4.006694,0.766667,0.701204,0.403631,25.330
1476.0,0.00,4.006694,0.766667,0.701204,0.403631,25.329
1477.0,0.00,4.006695,0.766667,0.701204,0.403631,25.327
1478.0,0.00,4.006696,0.766667,0.701204,0.403630,25.326
1479.0,0.00,4.006696,0.766667,0.701204,0.403630,25.324
1480.0,0.00,4.006697,0.766667,0.701204,0.403630,25.323
1481.0,0.00,4.006697,0.766667,0.701204,0.403629,25.321
1482.0,0.00,4.006698,0.766667,0.701204,0.403629,25.319
1483.0,0.00,4.006698,0.766667,0.701204,0.403629,25.318
1484.0,0.00,4.006699,0.766667,0.701204,0.403628,25.316
1485.0,0.00,4.006700,0.766667,0.701204,0.403628,25.315
1486.0,0.00,4.006700,0.766667,0.701204,0.403628,25.313
1487.0,0.00,4.006701,0.766667,0.701204,0.403628,25.312
1488.0,0.00,4.006701,0.766667,0.701204,0.403627,25.310
1489.0,0.00,4.006702,0.766667,0.701204,0.403627,25.309
1490.0,0.00,4.006702,0.766667,0.701204,0.403627,25.308
1491.0,0.00,4.006703,0.766667,0.701204,0.403626,25.306
1492.0,0.00,4.006703,0.766667,0.701204,0.403626,25.305
1493.0,0.00,4.006704,0.766667,0.701204,0.403626,25.303
1494.0,0.00,4.006704,0.766667,0.701204,0.403626,25.302
1495.0,0.00,4.006705,0.766667,0.701204,0.403625,25.300
1496.0,0.00,4.006705,0.766667,0.701204,0.403625,25.299
1497.0,0.00,4.006706,0.766667,0.701204,0.403625,25.297
1498.0,0.00,4.006706,0.766667,0.701204,0.403625,25.296
1499.0,0.00,4.006707,0.766667,0.701204,0.403624,25.295
1500.0,0.00,4.006707,0.766667,0.701204,0.403624,25.293
1501.0,0.00,4.006708,0.766667,0.701204,0.403624,25.292
1502.0,0.00,4.006708,0.766667,0.701204,0.403624,25.290
1503.0,0.00,4.006709,0.766667,0.701204,0.403623,25.289
1504.0,0.00,4.006709,0.766667,0.701204,0.403623,25.288
1505.0,0.00,4.006710,0.766667,0.701204,0.403623,25.286
1506.0,0.00,4.006710,0.766667,0.701204,0.403623,25.285
1507.0,0.00,4.006711,0.766667,0.701204,0.403622,25.284
1508.0,0.00,4.006711,0.766667,0.701204,0.403622,25.282
1509.0,0.00,4.006712,0.766667,0.701204,0.403622,25.281
1510.0,0.00,4.006712,0.766667,0.701204,0.403622,25.280
1511.0,0.00,4.006712,0.766667,0.701204,0.403622,25.278
1512.0,0.00,4.006713,0.766667,0.701204,0.403621,25.277
1513.0,0.00,4.006713,0.766667,0.701204,0.403621,25.276
1514.0,0.00,4.006714,0.766667,0.701204,0.403621,25.274
1515.0,0.00,4.006714,0.766667,0.701204,0.403621,25.273
1516.0,0.00,4.006714,0.766667,0.701204,0.403620,25.272
1517.0,0.00,4.006715,0.766667,0.701204,0.403620,25.270
1518.0,0.00,4.006715,0.766667,0.701204,0.403620,25.269
1519.0,0.00,4.006716,0.766667,0.701204,0.403620,25.268
1520.0,0.00,4.006716,0.766667,0.701204,0.403620,25.267
1521.0,0.00,4.006716,0.766667,0.701204,0.403619,25.265
1522.0,0.00,4.006717,0.766667,0.701204,0.403619,25.264
1523.0,0.00,4.006717,0.766667,0.701204,0.403619,25.263
1524.0,0.00,4.006718,0.766667,0.701204,0.403619,25.262
1525.0,0.00,4.006718,0.766667,0.701204,0.403619,25.260
1526.0,0.00,4.006718,0.766667,0.701204,0.403619,25.259
1527.0,0.00,4.006719,0.766667,0.701204,0.403618,25.258
1528.0,0.00,4.006719,0.766667,0.701204,0.403618,25.257
1529.0,0.00,4.006719,0.766667,0.701204,0.403618,25.255
1530.0,0.00,4.006720,0.766667,0.701204,0.403618,25.254
1531.0,0.00,4.006720,0.766667,0.701204,0.403618,25.253
1532.0,0.00,4.006720,0.766667,0.701204,0.403617,25.252
1533.0,0.00,4.006721,0.766667,0.701204,0.403617,25.251
1534.0,0.00,4.006721,0.766667,0.701204,0.403617,25.249
1535.0,0.00,4.006721,0.766667,0.701204,0.403617,25.248
1536.0,0.00,4.006722,0.766667,0.701204,0.403617,25.247
1537.0,0.00,4.006722,0.766667,0.701204,0.403617,25.246
1538.0,0.00,4.006722,0.766667,0.701204,0.403616,25.245
1539.0,0.00,4.006723,0.766667,0.701204,0.403616,25.244
1540.0,0.00,4.006723,0.766667,0.701204,0.403616,25.242
1541.0,0.00,4.006723,0.766667,0.701204,0.403616,25.241
1542.0,0.00,4.006724,0.766667,0.701204,0.403616,25.240
1543.0,0.00,4.006724,0.766667,0.701204,0.403616,25.239
1544.0,0.00,4.006724,0.766667,0.701204,0.403616,25.238
1545.0,0.00,4.006725,0.766667,0.701204,0.403615,25.237
1546.0,0.00,4.006725,0.766667,0.701204,0.403615,25.236
1547.0,0.00,4.006725,0.766667,0.701204,0.403615,25.234
1548.0,0.00,4.006725,0.766667,0.701204,0.403615,25.233
1549.0,0.00,4.006726,0.766667,0.701204,0.403615,25.232
1550.0,0.00,4.006726,0.766667,0.701204,0.403615,25.231
1551.0,0.00,4.006726,0.766667,0.701204,0.403615,25.230
1552.0,0.00,4.006727,0.766667,0.701204,0.403614,25.229
1553.0,0.00,4.006727,0.766667,0.701204,0.403614,25.228
1554.0,0.00,4.006727,0.766667,0.701204,0.403614,25.227
1555.0,0.00,4.006727,0.766667,0.701204,0.403614,25.226
1556.0,0.00,4.006728,0.766667,0.701204,0.403614,25.225
1557.0,0.00,4.006728,0.766667,0.701204,0.403614,25.224
1558.0,0.00,4.006728,0.766667,0.701204,0.403614,25.222
1559.0,0.00,4.006728,0.766667,0.701204,0.403614,25.221
1560.0,0.00,4.006729,0.766667,0.701204,0.403613,25.220
1561.0,0.00,4.006729,0.766667,0.701204,0.403613,25.219
1562.0,0.00,4.006729,0.766667,0.701204,0.403613,25.218
1563.0,0.00,4.006729,0.766667,0.701204,0.403613,25.217
1564.0,0.00,4.006730,0.766667,0.701204,0.403613,25.216
1565.0,0.00,4.006730,0.766667,0.701204,0.403613,25.215
1566.0,0.00,4.006730,0.766667,0.701204,0.403613,25.214
1567.0,0.00,4.006730,0.766667,0.701204,0.403613,25.213
1568.0,0.00,4.006731,0.766667,0.701204,0.403613,25.212
1569.0,0.00,4.006731,0.766667,0.701204,0.403612,25.211
1570.0,0.00,4.006731,0.766667,0.701204,0.403612,25.210
1571.0,0.00,4.006731,0.766667,0.701204,0.403612,25.209
1572.0,0.00,4.006732,0.766667,0.701204,0.403612,25.208
1573.0,0.00,4.006732,0.766667,0.701204,0.403612,25.207
1574.0,0.00,4.006732,0.766667,0.701204,0.403612,25.206
1575.0,0.00,4.006732,0.766667,0.701204,0.403612,25.205
1576.0,0.00,4.006732,0.766667,0.701204,0.403612,25.204
1577.0,0.00,4.006733,0.766667,0.701204,0.403612,25.203
1578.0,0.00,4.006733,0.766667,0.701204,0.403611,25.202
1579.0,0.00,4.006733,0.766667,0.701204,0.403611,25.201
1580.0,0.00,4.006733,0.766667,0.701204,0.403611,25.200
1581.0,0.00,4.006733,0.766667,0.701204,0.403611,25.199
1582.0,0.00,4.006734,0.766667,0.701204,0.403611,25.198
1583.0,0.00,4.006734,0.766667,0.701204,0.403611,25.197
1584.0,0.00,4.006734,0.766667,0.701204,0.403611,25.197
1585.0,0.00,4.006734,0.766667,0.701204,0.403611,25.196
1586.0,0.00,4.006734,0.766667,0.701204,0.403611,25.195
1587.0,0.00,4.006735,0.766667,0.701204,0.403611,25.194
1588.0,0.00,4.006735,0.766667,0.701204,0.403611,25.193
1589.0,0.00,4.006735,0.766667,0.701204,0.403610,25.192
1590.0,0.00,4.006735,0.766667,0.701204,0.403610,25.191
1591.0,0.00,4.006735,0.766667,0.701204,0.403610,25.190
1592.0,0.00,4.006736,0.766667,0.701204,0.403610,25.189
1593.0,0.00,4.006736,0.766667,0.701204,0.403610,25.188
1594.0,0.00,4.006736,0.766667,0.701204,0.403610,25.187
1595.0,0.00,4.006736,0.766667,0.701204,0.403610,25.187
1596.0,0.00,4.006736,0.766667,0.701204,0.403610,25.186
1597.0,0.00,4.006736,0.766667,0.701204,0.403610,25.185
1598.0,0.00,4.006737,0.766667,0.701204,0.403610,25.184
1599.0,0.00,4.006737,0.766667,0.701204,0.403610,25.183
1600.0,0.00,4.006737,0.766667,0.701204,0.403610,25.182
1601.0,0.00,4.006737,0.766667,0.701204,0.403610,25.181
1602.0,0.00,4.006737,0.766667,0.701204,0.403609,25.180
1603.0,0.00,4.006738,0.766667,0.701204,0.403609,25.180
1604.0,0.00,4.006738,0.766667,0.701204,0.403609,25.179
1605.0,0.00,4.006738,0.766667,0.701204,0.403609,25.178
1606.0,0.00,4.006738,0.766667,0.701204,0.403609,25.177
1607.0,0.00,4.006738,0.766667,0.701204,0.403609,25.176
1608.0,0.00,4.006738,0.766667,0.701204,0.403609,25.175
1609.0,0.00,4.006738,0.766667,0.701204,0.403609,25.174
1610.0,0.00,4.006739,0.766667,0.701204,0.403609,25.174
1611.0,0.00,4.006739,0.766667,0.701204,0.403609,25.173
1612.0,0.00,4.006739,0.766667,0.701204,0.403609,25.172
1613.0,0.00,4.006739,0.766667,0.701204,0.403609,25.171
1614.0,0.00,4.006739,0.766667,0.701204,0.403609,25.170
1615.0,0.00,4.006739,0.766667,0.701204,0.403609,25.170
1616.0,0.00,4.006740,0.766667,0.701204,0.403609,25.169
1617.0,0.00,4.006740,0.766667,0.701204,0.403608,25.168
1618.0,0.00,4.006740,0.766667,0.701204,0.403608,25.167
1619.0,0.00,4.006740,0.766667,0.701204,0.403608,25.166
1620.0,0.00,4.006740,0.766667,0.701204,0.403608,25.166
1621.0,0.00,4.006740,0.766667,0.701204,0.403608,25.165
1622.0,0.00,4.006740,0.766667,0.701204,0.403608,25.164
1623.0,0.00,4.006741,0.766667,0.701204,0.403608,25.163
1624.0,0.00,4.006741,0.766667,0.701204,0.403608,25.162
1625.0,0.00,4.006741,0.766667,0.701204,0.403608,25.162
1626.0,0.00,4.006741,0.766667,0.701204,0.403608,25.161
1627.0,0.00,4.006741,0.766667,0.701204,0.403608,25.160
1628.0,0.00,4.006741,0.766667,0.701204,0.403608,25.159
1629.0,0.00,4.006741,0.766667,0.701204,0.403608,25.159
1630.0,0.00,4.006741,0.766667,0.701204,0.403608,25.158
1631.0,0.00,4.006742,0.766667,0.701204,0.403608,25.157
1632.0,0.00,4.006742,0.766667,0.701204,0.403608,25.156
1633.0,0.00,4.006742,0.766667,0.701204,0.403608,25.156
1634.0,0.00,4.006742,0.766667,0.701204,0.403608,25.155
1635.0,0.00,4.006742,0.766667,0.701204,0.403607,25.154
1636.0,0.00,4.006742,0.766667,0.701204,0.403607,25.153
1637.0,0.00,4.006742,0.766667,0.701204,0.403607,25.153
1638.0,0.00,4.006742,0.766667,0.701204,0.403607,25.152
1639.0,0.00,4.006743,0.766667,0.701204,0.403607,25.151
1640.0,0.00,4.006743,0.766667,0.701204,0.403607,25.151
1641.0,0.00,4.006743,0.766667,0.701204,0.403607,25.150
1642.0,0.00,4.006743,0.766667,0.701204,0.403607,25.149
1643.0,0.00,4.006743,0.766667,0.701204,0.403607,25.148
1644.0,0.00,4.006743,0.766667,0.701204,0.403607,25.148
1645.0,0.00,4.006743,0.766667,0.701204,0.403607,25.147
1646.0,0.00,4.006743,0.766667,0.701204,0.403607,25.146
1647.0,0.00,4.006743,0.766667,0.701204,0.403607,25.146
1648.0,0.00,4.006744,0.766667,0.701204,0.403607,25.145
1649.0,0.00,4.006744,0.766667,0.701204,0.403607,25.144
1650.0,0.00,4.006744,0.766667,0.701204,0.403607,25.144
1651.0,0.00,4.006744,0.766667,0.701204,0.403607,25.143
1652.0,0.00,4.006744,0.766667,0.701204,0.403607,25.142
1653.0,0.00,4.006744,0.766667,0.701204,0.403607,25.141
1654.0,0.00,4.006744,0.766667,0.701204,0.403607,25.141
1655.0,0.00,4.006744,0.766667,0.701204,0.403607,25.140
1656.0,0.00,4.006744,0.766667,0.701204,0.403607,25.139
1657.0,0.00,4.006745,0.766667,0.701204,0.403607,25.139
1658.0,0.00,4.006745,0.766667,0.701204,0.403606,25.138
1659.0,0.00,4.006745,0.766667,0.701204,0.403606,25.138
1660.0,0.00,4.006745,0.766667,0.701204,0.403606,25.137
1661.0,0.00,4.006745,0.766667,0.701204,0.403606,25.136
1662.0,0.00,4.006745,0.766667,0.701204,0.403606,25.136
1663.0,0.00,4.006745,0.766667,0.701204,0.403606,25.135
1664.0,0.00,4.006745,0.766667,0.701204,0.403606,25.134
1665.0,0.00,4.006745,0.766667,0.701204,0.403606,25.134
1666.0,0.00,4.006745,0.766667,0.701204,0.403606,25.133
1667.0,0.00,4.006745,0.766667,0.701204,0.403606,25.132
1668.0,0.00,4.006746,0.766667,0.701204,0.403606,25.132
1669.0,0.00,4.006746,0.766667,0.701204,0.403606,25.131
1670.0,0.00,4.006746,0.766667,0.701204,0.403606,25.130
1671.0,0.00,4.006746,0.766667,0.701204,0.403606,25.130
1672.0,0.00,4.006746,0.766667,0.701204,0.403606,25.129
1673.0,0.00,4.006746,0.766667,0.701204,0.403606,25.129
1674.0,0.00,4.006746,0.766667,0.701204,0.403606,25.128
1675.0,0.00,4.006746,0.766667,0.701204,0.403606,25.127
1676.0,0.00,4.006746,0.766667,0.701204,0.403606,25.127
1677.0,0.00,4.006746,0.766667,0.701204,0.403606,25.126
1678.0,0.00,4.006746,0.766667,0.701204,0.403606,25.126
1679.0,0.00,4.006746,0.766667,0.701204,0.403606,25.125
1680.0,0.00,4.006747,0.766667,0.701204,0.403606,25.124
1681.0,0.00,4.006747,0.766667,0.701204,0.403606,25.124
1682.0,0.00,4.006747,0.766667,0.701204,0.403606,25.123
1683.0,0.00,4.006747,0.766667,0.701204,0.403606,25.123
1684.0,0.00,4.006747,0.766667,0.701204,0.403606,25.122
1685.0,0.00,4.006747,0.766667,0.701204,0.403606,25.121
1686.0,0.00,4.006747,0.766667,0.701204,0.403606,25.121
1687.0,0.00,4.006747,0.766667,0.701204,0.403606,25.120
1688.0,0.00,4.006747,0.766667,0.701204,0.403606,25.120
1689.0,0.00,4.006747,0.766667,0.701204,0.403606,25.119
1690.0,0.00,4.006747,0.766667,0.701204,0.403605,25.119
1691.0,0.00,4.006747,0.766667,0.701204,0.403605,25.118
1692.0,0.00,4.006747,0.766667,0.701204,0.403605,25.118
1693.0,0.00,4.006748,0.766667,0.701204,0.403605,25.117
1694.0,0.00,4.006748,0.766667,0.701204,0.403605,25.116
1695.0,0.00,4.006748,0.766667,0.701204,0.403605,25.116
1696.0,0.00,4.006748,0.766667,0.701204,0.403605,25.115
1697.0,0.00,4.006748,0.766667,0.701204,0.403605,25.115
1698.0,0.00,4.006748,0.766667,0.701204,0.403605,25.114
1699.0,0.00,4.006748,0.766667,0.701204,0.403605,25.114
1700.0,0.00,4.006748,0.766667,0.701204,0.403605,25.113
1701.0,0.00,4.006748,0.766667,0.701204,0.403605,25.113
1702.0,0.00,4.006748,0.766667,0.701204,0.403605,25.112
1703.0,0.00,4.006748,0.766667,0.701204,0.403605,25.112
1704.0,0.00,4.006748,0.766667,0.701204,0.403605,25.111
1705.0,0.00,4.006748,0.766667,0.701204,0.403605,25.110
1706.0,0.00,4.006748,0.766667,0.701204,0.403605,25.110
1707.0,0.00,4.006749,0.766667,0.701204,0.403605,25.109
1708.0,0.00,4.006749,0.766667,0.701204,0.403605,25.109
1709.0,0.00,4.006749,0.766667,0.701204,0.403605,25.108
1710.0,0.00,4.006749,0.766667,0.701204,0.403605,25.108
1711.0,0.00,4.006749,0.766667,0.701204,0.403605,25.107
1712.0,0.00,4.006749,0.766667,0.701204,0.403605,25.107
1713.0,0.00,4.006749,0.766667,0.701204,0.403605,25.106
1714.0,0.00,4.006749,0.766667,0.701204,0.403605,25.106
1715.0,0.00,4.006749,0.766667,0.701204,0.403605,25.105
1716.0,0.00,4.006749,0.766667,0.701204,0.403605,25.105
1717.0,0.00,4.006749,0.766667,0.701204,0.403605,25.104
1718.0,0.00,4.006749,0.766667,0.701204,0.403605,25.104
1719.0,0.00,4.006749,0.766667,0.701204,0.403605,25.103
1720.0,0.00,4.006749,0.766667,0.701204,0.403605,25.103
1721.0,0.00,4.006749,0.766667,0.701204,0.403605,25.102
1722.0,0.00,4.006749,0.766667,0.701204,0.403605,25.102
1723.0,0.00,4.006749,0.766667,0.701204,0.403605,25.101
1724.0,0.00,4.006750,0.766667,0.701204,0.403605,25.101
1725.0,0.00,4.006750,0.766667,0.701204,0.403605,25.100
1726.0,0.00,4.006750,0.766667,0.701204,0.403605,25.100
1727.0,0.00,4.006750,0.766667,0.701204,0.403605,25.099
1728.0,0.00,4.006750,0.766667,0.701204,0.403605,25.099
1729.0,0.00,4.006750,0.766667,0.701204,0.403605,25.099
1730.0,0.00,4.006750,0.766667,0.701204,0.403605,25.098
1731.0,0.00,4.006750,0.766667,0.701204,0.403605,25.098
1732.0,0.00,4.006750,0.766667,0.701204,0.403605,25.097
1733.0,0.00,4.006750,0.766667,0.701204,0.403605,25.097
1734.0,0.00,4.006750,0.766667,0.701204,0.403605,25.096
1735.0,0.00,4.006750,0.766667,0.701204,0.403605,25.096
1736.0,0.00,4.006750,0.766667,0.701204,0.403605,25.095
1737.0,0.00,4.006750,0.766667,0.701204,0.403605,25.095
1738.0,0.00,4.006750,0.766667,0.701204,0.403605,25.094
1739.0,0.00,4.006750,0.766667,0.701204,0.403605,25.094
1740.0,0.00,4.006750,0.766667,0.701204,0.403605,25.093
1741.0,0.00,4.006750,0.766667,0.701204,0.403604,25.093
1742.0,0.00,4.006750,0.766667,0.701204,0.403604,25.093
1743.0,0.00,4.006751,0.766667,0.701204,0.403604,25.092
1744.0,0.00,4.006751,0.766667,0.701204,0.403604,25.092
1745.0,0.00,4.006751,0.766667,0.701204,0.403604,25.091
1746.0,0.00,4.006751,0.766667,0.701204,0.403604,25.091
1747.0,0.00,4.006751,0.766667,0.701204,0.403604,25.090
1748.0,0.00,4.006751,0.766667,0.701204,0.403604,25.090
1749.0,0.00,4.006751,0.766667,0.701204,0.403604,25.090
1750.0,0.00,4.006751,0.766667,0.701204,0.403604,25.089
1751.0,0.00,4.006751,0.766667,0.701204,0.403604,25.089
1752.0,0.00,4.006751,0.766667,0.701204,0.403604,25.088
1753.0,0.00,4.006751,0.766667,0.701204,0.403604,25.088
1754.0,0.00,4.006751,0.766667,0.701204,0.403604,25.087
1755.0,0.00,4.006751,0.766667,0.701204,0.403604,25.087
1756.0,0.00,4.006751,0.766667,0.701204,0.403604,25.087
1757.0,0.00,4.006751,0.766667,0.701204,0.403604,25.086
1758.0,0.00,4.006751,0.766667,0.701204,0.403604,25.086
1759.0,0.00,4.006751,0.766667,0.701204,0.403604,25.085
1760.0,0.00,4.006751,0.766667,0.701204,0.403604,25.085
1761.0,0.00,4.006751,0.766667,0.701204,0.403604,25.085
1762.0,0.00,4.006751,0.766667,0.701204,0.403604,25.084
1763.0,0.00,4.006751,0.766667,0.701204,0.403604,25.084
1764.0,0.00,4.006751,0.766667,0.701204,0.403604,25.083
1765.0,0.00,4.006751,0.766667,0.701204,0.403604,25.083
1766.0,0.00,4.006752,0.766667,0.701204,0.403604,25.083
1767.0,0.00,4.006752,0.766667,0.701204,0.403604,25.082
1768.0,0.00,4.006752,0.766667,0.701204,0.403604,25.082
1769.0,0.00,4.006752,0.766667,0.701204,0.403604,25.081
1770.0,0.00,4.006752,0.766667,0.701204,0.403604,25.081
1771.0,0.00,4.006752,0.766667,0.701204,0.403604,25.081
1772.0,0.00,4.006752,0.766667,0.701204,0.403604,25.080
1773.0,0.00,4.006752,0.766667,0.701204,0.403604,25.080
1774.0,0.00,4.006752,0.766667,0.701204,0.403604,25.080
1775.0,0.00,4.006752,0.766667,0.701204,0.403604,25.079
1776.0,0.00,4.006752,0.766667,0.701204,0.403604,25.079
1777.0,0.00,4.006752,0.766667,0.701204,0.403604,25.078
1778.0,0.00,4.006752,0.766667,0.701204,0.403604,25.078
1779.0,0.00,4.006752,0.766667,0.701204,0.403604,25.078
1780.0,0.00,4.006752,0.766667,0.701204,0.403604,25.077
1781.0,0.00,4.006752,0.766667,0.701204,0.403604,25.077
1782.0,0.00,4.006752,0.766667,0.701204,0.403604,25.077
1783.0,0.00,4.006752,0.766667,0.701204,0.403604,25.076
1784.0,0.00,4.006752,0.766667,0.701204,0.403604,25.076
1785.0,0.00,4.006752,0.766667,0.701204,0.403604,25.075
1786.0,0.00,4.006752,0.766667,0.701204,0.403604,25.075
1787.0,0.00,4.006752,0.766667,0.701204,0.403604,25.075
1788.0,0.00,4.006752,0.766667,0.701204,0.403604,25.074
1789.0,0.00,4.006752,0.766667,0.701204,0.403604,25.074
1790.0,0.00,4.006752,0.766667,0.701204,0.403604,25.074
1791.0,0.00,4.006752,0.766667,0.701204,0.403604,25.073
1792.0,0.00,4.006752,0.766667,0.701204,0.403604,25.073
1793.0,0.00,4.006752,0.766667,0.701204,0.403604,25.073
1794.0,0.00,4.006753,0.766667,0.701204,0.403604,25.072
1795.0,0.00,4.006753,0.766667,0.701204,0.403604,25.072
1796.0,0.00,4.006753,0.766667,0.701204,0.403604,25.072
1797.0,0.00,4.006753,0.766667,0.701204,0.403604,25.071
1798.0,0.00,4.006753,0.766667,0.701204,0.403604,25.071
1799.0,0.00,4.006753,0.766667,0.701204,0.403604,25.071
1800.0,0.00,4.006753,0.766667,0.701204,0.403604,25.070
1801.0,0.00,4.006753,0.766667,0.701204,0.403604,25.070
1802.0,0.00,4.006753,0.766667,0.701204,0.403604,25.070
1803.0,0.00,4.006753,0.766667,0.701204,0.403604,25.069
1804.0,0.00,4.006753,0.766667,0.701204,0.403604,25.069
1805.0,0.00,4.006753,0.766667,0.701204,0.403604,25.069
1806.0,0.00,4.006753,0.766667,0.701204,0.403604,25.068
1807.0,0.00,4.006753,0.766667,0.701204,0.403604,25.068
1808.0,0.00,4.006753,0.766667,0.701204,0.403604,25.068
1809.0,0.00,4.006753,0.766667,0.701204,0.403604,25.067
1810.0,0.00,4.006753,0.766667,0.701204,0.403604,25.067
1811.0,0.00,4.006753,0.766667,0.701204,0.403604,25.067
1812.0,0.00,4.006753,0.766667,0.701204,0.403604,25.066
1813.0,0.00,4.006753,0.766667,0.701204,0.403604,25.066
1814.0,0.00,4.006753,0.766667,0.701204,0.403604,25.066
1815.0,0.00,4.006753,0.766667,0.701204,0.403604,25.065
1816.0,0.00,4.006753,0.766667,0.701204,0.403604,25.065
1817.0,0.00,4.006753,0.766667,0.701204,0.403604,25.065
1818.0,0.00,4.006753,0.766667,0.701204,0.403604,25.064
1819.0,0.00,4.006753,0.766667,0.701204,0.403604,25.064
1820.0,0.00,4.006753,0.766667,0.701204,0.403604,25.064
1821.0,0.00,4.006753,0.766667,0.701204,0.403604,25.064
1822.0,0.00,4.006753,0.766667,0.701204,0.403604,25.063
1823.0,0.00,4.006753,0.766667,0.701204,0.403604,25.063
1824.0,0.00,4.006753,0.766667,0.701204,0.403604,25.063
1825.0,0.00,4.006753,0.766667,0.701204,0.403604,25.062
1826.0,0.00,4.006753,0.766667,0.701204,0.403604,25.062
1827.0,0.00,4.006753,0.766667,0.701204,0.403604,25.062
1828.0,0.00,4.006753,0.766667,0.701204,0.403604,25.061
1829.0,0.00,4.006753,0.766667,0.701204,0.403604,25.061
1830.0,0.00,4.006754,0.766667,0.701204,0.403604,25.061
1831.0,0.00,4.006754,0.766667,0.701204,0.403604,25.061
1832.0,0.00,4.006754,0.766667,0.701204,0.403604,25.060
1833.0,0.00,4.006754,0.766667,0.701204,0.403604,25.060
1834.0,0.00,4.006754,0.766667,0.701204,0.403604,25.060
1835.0,0.00,4.006754,0.766667,0.701204,0.403604,25.059
1836.0,0.00,4.006754,0.766667,0.701204,0.403604,25.059
1837.0,0.00,4.006754,0.766667,0.701204,0.403604,25.059
1838.0,0.00,4.006754,0.766667,0.701204,0.403604,25.059
1839.0,0.00,4.006754,0.766667,0.701204,0.403604,25.058
1840.0,0.00,4.006754,0.766667,0.701204,0.403604,25.058
1841.0,0.00,4.006754,0.766667,0.701204,0.403604,25.058
1842.0,0.00,4.006754,0.766667,0.701204,0.403604,25.058
1843.0,0.00,4.006754,0.766667,0.701204,0.403604,25.057
1844.0,0.00,4.006754,0.766667,0.701204,0.403604,25.057
1845.0,0.00,4.006754,0.766667,0.701204,0.403604,25.057
1846.0,0.00,4.006754,0.766667,0.701204,0.403604,25.056
1847.0,0.00,4.006754,0.766667,0.701204,0.403604,25.056
1848.0,0.00,4.006754,0.766667,0.701204,0.403604,25.056
1849.0,0.00,4.006754,0.766667,0.701204,0.403604,25.056
1850.0,0.00,4.006754,0.766667,0.701204,0.403604,25.055
1851.0,0.00,4.006754,0.766667,0.701204,0.403604,25.055
1852.0,0.00,4.006754,0.766667,0.701204,0.403604,25.055
1853.0,0.00,4.006754,0.766667,0.701204,0.403604,25.055
1854.0,0.00,4.006754,0.766667,0.701204,0.403604,25.054
1855.0,0.00,4.006754,0.766667,0.701204,0.403604,25.054
1856.0,0.00,4.006754,0.766667,0.701204,0.403604,25.054
1857.0,0.00,4.006754,0.766667,0.701204,0.403604,25.054
1858.0,0.00,4.006754,0.766667,0.701204,0.403604,25.053
1859.0,0.00,4.006754,0.766667,0.701204,0.403604,25.053
1860.0,0.00,4.006754,0.766667,0.701204,0.403604,25.053
1861.0,0.00,4.006754,0.766667,0.701204,0.403604,25.053
1862.0,0.00,4.006754,0.766667,0.701204,0.403604,25.052
1863.0,0.00,4.006754,0.766667,0.701204,0.403604,25.052
1864.0,0.00,4.006754,0.766667,0.701204,0.403604,25.052
1865.0,0.00,4.006754,0.766667,0.701204,0.403604,25.052
1866.0,0.00,4.006754,0.766667,0.701204,0.403604,25.051
1867.0,0.00,4.006754,0.766667,0.701204,0.403604,25.051
1868.0,0.00,4.006754,0.766667,0.701204,0.403604,25.051
1869.0,0.00,4.006754,0.766667,0.701204,0.403604,25.051
1870.0,0.00,4.006754,0.766667,0.701204,0.403604,25.050
1871.0,0.00,4.006754,0.766667,0.701204,0.403604,25.050
1872.0,0.00,4.006754,0.766667,0.701204,0.403604,25.050
1873.0,0.00,4.006754,0.766667,0.701204,0.403604,25.050
1874.0,0.00,4.006754,0.766667,0.701204,0.403604,25.049
1875.0,0.00,4.006754,0.766667,0.701204,0.403604,25.049
1876.0,0.00,4.006754,0.766667,0.701204,0.403604,25.049
1877.0,0.00,4.006755,0.766667,0.701204,0.403604,25.049
1878.0,0.00,4.006755,0.766667,0.701204,0.403604,25.048
1879.0,0.00,4.006755,0.766667,0.701204,0.403604,25.048
1880.0,0.00,4.006755,0.766667,0.701204,0.403604,25.048
1881.0,0.00,4.006755,0.766667,0.701204,0.403604,25.048
1882.0,0.00,4.006755,0.766667,0.701204,0.403604,25.048
1883.0,0.00,4.006755,0.766667,0.701204,0.403604,25.047
1884.0,0.00,4.006755,0.766667,0.701204,0.403604,25.047
1885.0,0.00,4.006755,0.766667,0.701204,0.403604,25.047
1886.0,0.00,4.006755,0.766667,0.701204,0.403604,25.047
1887.0,0.00,4.006755,0.766667,0.701204,0.403604,25.046
1888.0,0.00,4.006755,0.766667,0.701204,0.403604,25.046
1889.0,0.00,4.006755,0.766667,0.701204,0.403604,25.046
1890.0,0.00,4.006755,0.766667,0.701204,0.403604,25.046
1891.0,0.00,4.006755,0.766667,0.701204,0.403604,25.046
1892.0,0.00,4.006755,0.766667,0.701204,0.403604,25.045
1893.0,0.00,4.006755,0.766667,0.701204,0.403604,25.045
1894.0,0.00,4.006755,0.766667,0.701204,0.403604,25.045
1895.0,0.00,4.006755,0.766667,0.701204,0.403604,25.045
1896.0,0.00,4.006755,0.766667,0.701204,0.403604,25.044
1897.0,0.00,4.006755,0.766667,0.701204,0.403603,25.044
1898.0,0.00,4.006755,0.766667,0.701204,0.403603,25.044
1899.0,0.00,4.006755,0.766667,0.701204,0.403603,25.044
1900.0,0.00,4.006755,0.766667,0.701204,0.403603,25.044
1901.0,0.00,4.006755,0.766667,0.701204,0.403603,25.043
1902.0,0.00,4.006755,0.766667,0.701204,0.403603,25.043
1903.0,0.00,4.006755,0.766667,0.701204,0.403603,25.043
1904.0,0.00,4.006755,0.766667,0.701204,0.403603,25.043
1905.0,0.00,4.006755,0.766667,0.701204,0.403603,25.043
1906.0,0.00,4.006755,0.766667,0.701204,0.403603,25.042
1907.0,0.00,4.006755,0.766667,0.701204,0.403603,25.042
1908.0,0.00,4.006755,0.766667,0.701204,0.403603,25.042
1909.0,0.00,4.006755,0.766667,0.701204,0.403603,25.042
1910.0,0.00,4.006755,0.766667,0.701204,0.403603,25.042
1911.0,0.00,4.006755,0.766667,0.701204,0.403603,25.041
1912.0,0.00,4.006755,0.766667,0.701204,0.403603,25.041
1913.0,0.00,4.006755,0.766667,0.701204,0.403603,25.041
1914.0,0.00,4.006755,0.766667,0.701204,0.403603,25.041
1915.0,0.00,4.006755,0.766667,0.701204,0.403603,25.041
1916.0,0.00,4.006755,0.766667,0.701204,0.403603,25.040
1917.0,0.00,4.006755,0.766667,0.701204,0.403603,25.040
1918.0,0.00,4.006755,0.766667,0.701204,0.403603,25.040
1919.0,0.00,4.006755,0.766667,0.701204,0.403603,25.040
1920.0,0.00,4.006755,0.766667,0.701204,0.403603,25.040
1921.0,0.00,4.006755,0.766667,0.701204,0.403603,25.039
1922.0,0.00,4.006755,0.766667,0.701204,0.403603,25.039
1923.0,0.00,4.006755,0.766667,0.701204,0.403603,25.039
1924.0,0.00,4.006755,0.766667,0.701204,0.403603,25.039
1925.0,0.00,4.006755,0.766667,0.701204,0.403603,25.039
1926.0,0.00,4.006755,0.766667,0.701204,0.403603,25.039
1927.0,0.00,4.006755,0.766667,0.701204,0.403603,25.038
1928.0,0.00,4.006755,0.766667,0.701204,0.403603,25.038
1929.0,0.00,4.006755,0.766667,0.701204,0.403603,25.038
1930.0,0.00,4.006755,0.766667,0.701204,0.403603,25.038
1931.0,0.00,4.006755,0.766667,0.701204,0.403603,25.038
1932.0,0.00,4.006755,0.766667,0.701204,0.403603,25.037
1933.0,0.00,4.006755,0.766667,0.701204,0.403603,25.037
1934.0,0.00,4.006755,0.766667,0.701204,0.403603,25.037
1935.0,0.00,4.006755,0.766667,0.701204,0.403603,25.037
1936.0,0.00,4.006755,0.766667,0.701204,0.403603,25.037
1937.0,0.00,4.006755,0.766667,0.701204,0.403603,25.037
1938.0,0.00,4.006755,0.766667,0.701204,0.403603,25.036
1939.0,0.00,4.006755,0.766667,0.701204,0.403603,25.036
1940.0,0.00,4.006755,0.766667,0.701204,0.403603,25.036
1941.0,0.00,4.006755,0.766667,0.701204,0.403603,25.036
1942.0,0.00,4.006755,0.766667,0.701204,0.403603,25.036
1943.0,0.00,4.006755,0.766667,0.701204,0.403603,25.036
1944.0,0.00,4.006755,0.766667,0.701204,0.403603,25.035
1945.0,0.00,4.006756,0.766667,0.701204,0.403603,25.035
1946.0,0.00,4.006756,0.766667,0.701204,0.403603,25.035
1947.0,0.00,4.006756,0.766667,0.701204,0.403603,25.035
1948.0,0.00,4.006756,0.766667,0.701204,0.403603,25.035
1949.0,0.00,4.006756,0.766667,0.701204,0.403603,25.035
1950.0,0.00,4.006756,0.766667,0.701204,0.403603,25.034
1951.0,0.00,4.006756,0.766667,0.701204,0.403603,25.034
1952.0,0.00,4.006756,0.766667,0.701204,0.403603,25.034
1953.0,0.00,4.006756,0.766667,0.701204,0.403603,25.034
1954.0,0.00,4.006756,0.766667,0.701204,0.403603,25.034
1955.0,0.00,4.006756,0.766667,0.701204,0.403603,25.034
1956.0,0.00,4.006756,0.766667,0.701204,0.403603,25.033
1957.0,0.00,4.006756,0.766667,0.701204,0.403603,25.033
1958.0,0.00,4.006756,0.766667,0.701204,0.403603,25.033
1959.0,0.00,4.006756,0.766667,0.701204,0.403603,25.033
1960.0,0.00,4.006756,0.766667,0.701204,0.403603,25.033
1961.0,0.00,4.006756,0.766667,0.701204,0.403603,25.033
1962.0,0.00,4.006756,0.766667,0.701204,0.403603,25.032
1963.0,0.00,4.006756,0.766667,0.701204,0.403603,25.032
1964.0,0.00,4.006756,0.766667,0.701204,0.403603,25.032
1965.0,0.00,4.006756,0.766667,0.701204,0.403603,25.032
1966.0,0.00,4.006756,0.766667,0.701204,0.403603,25.032
1967.0,0.00,4.006756,0.766667,0.701204,0.403603,25.032
1968.0,0.00,4.006756,0.766667,0.701204,0.403603,25.032
1969.0,0.00,4.006756,0.766667,0.701204,0.403603,25.031
1970.0,0.00,4.006756,0.766667,0.701204,0.403603,25.031
1971.0,0.00,4.006756,0.766667,0.701204,0.403603,25.031
1972.0,0.00,4.006756,0.766667,0.701204,0.403603,25.031
1973.0,0.00,4.006756,0.766667,0.701204,0.403603,25.031
1974.0,0.00,4.006756,0.766667,0.701204,0.403603,25.031
1975.0,0.00,4.006756,0.766667,0.701204,0.403603,25.031
1976.0,0.00,4.006756,0.766667,0.701204,0.403603,25.030
1977.0,0.00,4.006756,0.766667,0.701204,0.403603,25.030
1978.0,0.00,4.006756,0.766667,0.701204,0.403603,25.030
1979.0,0.00,4.006756,0.766667,0.701204,0.403603,25.030
1980.0,0.00,4.006756,0.766667,0.701204,0.403603,25.030
1981.0,0.00,4.006756,0.766667,0.701204,0.403603,25.030
1982.0,0.00,4.006756,0.766667,0.701204,0.403603,25.030
1983.0,0.00,4.006756,0.766667,0.701204,0.403603,25.029
1984.0,0.00,4.006756,0.766667,0.701204,0.403603,25.029
1985.0,0.00,4.006756,0.766667,0.701204,0.403603,25.029
1986.0,0.00,4.006756,0.766667,0.701204,0.403603,25.029
1987.0,0.00,4.006756,0.766667,0.701204,0.403603,25.029
1988.0,0.00,4.006756,0.766667,0.701204,0.403603,25.029
1989.0,0.00,4.006756,0.766667,0.701204,0.403603,25.029
1990.0,0.00,4.006756,0.766667,0.701204,0.403603,25.028
1991.0,0.00,4.006756,0.766667,0.701204,0.403603,25.028
1992.0,0.00,4.006756,0.766667,0.701204,0.403603,25.028
1993.0,0.00,4.006756,0.766667,0.701204,0.403603,25.028
1994.0,0.00,4.006756,0.766667,0.701204,0.403603,25.028
1995.0,0.00,4.006756,0.766667,0.701204,0.403603,25.028
1996.0,0.00,4.006756,0.766667,0.701204,0.403603,25.028
1997.0,0.00,4.006756,0.766667,0.701204,0.403603,25.027
1998.0,0.00,4.006756,0.766667,0.701204,0.403603,25.027
1999.0,0.00,4.006756,0.766667,0.701204,0.403603,25.027
2000.0,0.00,4.006756,0.766667,0.701204,0.403603,25.027
2001.0,0.00,4.006756,0.766667,0.701204,0.403603,25.027
2002.0,0.00,4.006756,0.766667,0.701204,0.403603,25.027
2003.0,0.00,4.006756,0.766667,0.701204,0.403603,25.027
2004.0,0.00,4.006756,0.766667,0.701204,0.403603,25.027
2005.0,0.00,4.006756,0.766667,0.701204,0.403603,25.026
2006.0,0.00,4.006756,0.766667,0.701204,0.403603,25.026
2007.0,0.00,4.006756,0.766667,0.701204,0.403603,25.026
2008.0,0.00,4.006756,0.766667,0.701204,0.403603,25.026
2009.0,0.00,4.006756,0.766667,0.701204,0.403603,25.026
2010.0,0.00,4.006756,0.766667,0.701204,0.403603,25.026
2011.0,0.00,4.006756,0.766667,0.701204,0.403603,25.026
2012.0,0.00,4.006756,0.766667,0.701204,0.403603,25.026
2013.0,0.00,4.006756,0.766667,0.701204,0.403603,25.025
2014.0,0.00,4.006756,0.766667,0.701204,0.403603,25.025
2015.0,0.00,4.006756,0.766667,0.701204,0.403603,25.025
2016.0,0.00,4.006756,0.766667,0.701204,0.403603,25.025
2017.0,0.00,4.006756,0.766667,0.701204,0.403603,25.025
2018.0,0.00,4.006756,0.766667,0.701204,0.403603,25.025
2019.0,0.00,4.006756,0.766667,0.701204,0.403603,25.025
2020.0,0.00,4.006756,0.766667,0.701204,0.403603,25.025
2021.0,0.00,4.006756,0.766667,0.701204,0.403603,25.025
2022.0,0.00,4.006756,0.766667,0.701204,0.403603,25.024
2023.0,0.00,4.006756,0.766667,0.701204,0.403603,25.024
2024.0,0.00,4.006756,0.766667,0.701204,0.403603,25.024
2025.0,0.00,4.006756,0.766667,0.701204,0.403603,25.024
2026.0,0.00,4.006756,0.766667,0.701204,0.403603,25.024
2027.0,0.00,4.006756,0.766667,0.701204,0.403603,25.024
2028.0,0.00,4.006756,0.766667,0.701204,0.403603,25.024
2029.0,0.00,4.006756,0.766667,0.701204,0.403603,25.024
2030.0,0.00,4.006756,0.766667,0.701204,0.403603,25.023
2031.0,0.00,4.006756,0.766667,0.701204,0.403603,25.023
2032.0,0.00,4.006756,0.766667,0.701204,0.403603,25.023
2033.0,0.00,4.006756,0.766667,0.701204,0.403603,25.023
2034.0,0.00,4.006756,0.766667,0.701204,0.403603,25.023
2035.0,0.00,4.006756,0.766667,0.701204,0.403603,25.023
2036.0,0.00,4.006756,0.766667,0.701204,0.403603,25.023
2037.0,0.00,4.006756,0.766667,0.701204,0.403603,25.023
2038.0,0.00,4.006756,0.766667,0.701204,0.403603,25.023
2039.0,0.00,4.006756,0.766667,0.701204,0.403603,25.023
2040.0,0.00,4.006756,0.766667,0.701204,0.403603,25.022
2041.0,0.00,4.006756,0.766667,0.701204,0.403603,25.022
2042.0,0.00,4.006756,0.766667,0.701204,0.403603,25.022
2043.0,0.00,4.006756,0.766667,0.701204,0.403603,25.022
2044.0,0.00,4.006756,0.766667,0.701204,0.403603,25.022
2045.0,0.00,4.006756,0.766667,0.701204,0.403603,25.022
2046.0,0.00,4.006756,0.766667,0.701204,0.403603,25.022
2047.0,0.00,4.006756,0.766667,0.701204,0.403603,25.022
2048.0,0.00,4.006756,0.766667,0.701204,0.403603,25.022
2049.0,0.00,4.006756,0.766667,0.701204,0.403603,25.021
2050.0,0.00,4.006756,0.766667,0.701204,0.403603,25.021
2051.0,0.00,4.006756,0.766667,0.701204,0.403603,25.021
2052.0,0.00,4.006756,0.766667,0.701204,0.403603,25.021
2053.0,0.00,4.006756,0.766667,0.701204,0.403603,25.021
2054.0,0.00,4.006756,0.766667,0.701204,0.403603,25.021
2055.0,0.00,4.006756,0.766667,0.701204,0.403603,25.021
2056.0,0.00,4.006756,0.766667,0.701204,0.403603,25.021
2057.0,0.00,4.006756,0.766667,0.701204,0.403603,25.021
2058.0,0.00,4.006756,0.766667,0.701204,0.403603,25.021
2059.0,0.00,4.006756,0.766667,0.701204,0.403603,25.020
2060.0,0.00,4.006756,0.766667,0.701204,0.403603,25.020
2061.0,0.00,4.006756,0.766667,0.701204,0.403603,25.020
2062.0,0.00,4.006757,0.766667,0.701204,0.403603,25.020
2063.0,0.00,4.006757,0.766667,0.701204,0.403603,25.020
2064.0,0.00,4.006757,0.766667,0.701204,0.403603,25.020
2065.0,0.00,4.006757,0.766667,0.701204,0.403603,25.020
2066.0,0.00,4.006757,0.766667,0.701204,0.403603,25.020
2067.0,0.00,4.006757,0.766667,0.701204,0.403603,25.020
2068.0,0.00,4.006757,0.766667,0.701204,0.403603,25.020
2069.0,0.00,4.006757,0.766667,0.701204,0.403603,25.020
2070.0,0.00,4.006757,0.766667,0.701204,0.403603,25.019
2071.0,0.00,4.006757,0.766667,0.701204,0.403603,25.019
2072.0,0.00,4.006757,0.766667,0.701204,0.403603,25.019
2073.0,0.00,4.006757,0.766667,0.701204,0.403603,25.019
2074.0,0.00,4.006757,0.766667,0.701204,0.403603,25.019
2075.0,0.00,4.006757,0.766667,0.701204,0.403603,25.019
2076.0,0.00,4.006757,0.766667,0.701204,0.403603,25.019
2077.0,0.00,4.006757,0.766667,0.701204,0.403603,25.019
2078.0,0.00,4.006757,0.766667,0.701204,0.403603,25.019
2079.0,0.00,4.006757,0.766667,0.701204,0.403603,25.019
2080.0,0.00,4.006757,0.766667,0.701204,0.403603,25.019
2081.0,0.00,4.006757,0.766667,0.701204,0.403603,25.018
2082.0,0.00,4.006757,0.766667,0.701204,0.403603,25.018
2083.0,0.00,4.006757,0.766667,0.701204,0.403603,25.018
2084.0,0.00,4.006757,0.766667,0.701204,0.403603,25.018
2085.0,0.00,4.006757,0.766667,0.701204,0.403603,25.018
2086.0,0.00,4.006757,0.766667,0.701204,0.403603,25.018
2087.0,0.00,4.006757,0.766667,0.701204,0.403603,25.018
2088.0,0.00,4.006757,0.766667,0.701204,0.403603,25.018
2089.0,0.00,4.006757,0.766667,0.701204,0.403603,25.018
2090.0,0.00,4.006757,0.766667,0.701204,0.403603,25.018
2091.0,0.00,4.006757,0.766667,0.701204,0.403603,25.018
2092.0,0.00,4.006757,0.766667,0.701204,0.403603,25.017
2093.0,0.00,4.006757,0.766667,0.701204,0.403603,25.017
2094.0,0.00,4.006757,0.766667,0.701204,0.403603,25.017
2095.0,0.00,4.006757,0.766667,0.701204,0.403603,25.017
2096.0,0.00,4.006757,0.766667,0.701204,0.403603,25.017
2097.0,0.00,4.006757,0.766667,0.701204,0.403603,25.017
2098.0,0.00,4.006757,0.766667,0.701204,0.403603,25.017
2099.0,0.00,4.006757,0.766667,0.701204,0.403603,25.017
2100.0,0.00,4.006757,0.766667,0.701204,0.403603,25.017
2101.0,0.00,4.006757,0.766667,0.701204,0.403603,25.017
2102.0,0.00,4.006757,0.766667,0.701204,0.403603,25.017
2103.0,0.00,4.006757,0.766667,0.701204,0.403603,25.017
2104.0,0.00,4.006757,0.766667,0.701204,0.403603,25.017
2105.0,0.00,4.006757,0.766667,0.701204,0.403603,25.016
2106.0,0.00,4.006757,0.766667,0.701204,0.403603,25.016
2107.0,0.00,4.006757,0.766667,0.701204,0.403603,25.016
2108.0,0.00,4.006757,0.766667,0.701204,0.403603,25.016
2109.0,0.00,4.006757,0.766667,0.701204,0.403603,25.016
2110.0,0.00,4.006757,0.766667,0.701204,0.403603,25.016
2111.0,0.00,4.006757,0.766667,0.701204,0.403603,25.016
2112.0,0.00,4.006757,0.766667,0.701204,0.403603,25.016
2113.0,0.00,4.006757,0.766667,0.701204,0.403603,25.016
2114.0,0.00,4.006757,0.766667,0.701204,0.403603,25.016
2115.0,0.00,4.006757,0.766667,0.701204,0.403603,25.016
2116.0,0.00,4.006757,0.766667,0.701204,0.403603,25.016
2117.0,0.00,4.006757,0.766667,0.701204,0.403603,25.016
2118.0,0.00,4.006757,0.766667,0.701204,0.403603,25.015
2119.0,0.00,4.006757,0.766667,0.701204,0.403603,25.015
2120.0,0.00,4.006757,0.766667,0.701204,0.403603,25.015
2121.0,0.00,4.006757,0.766667,0.701204,0.403603,25.015
2122.0,0.00,4.006757,0.766667,0.701204,0.403603,25.015
2123.0,0.00,4.006757,0.766667,0.701204,0.403603,25.015
2124.0,0.00,4.006757,0.766667,0.701204,0.403603,25.015
2125.0,0.00,4.006757,0.766667,0.701204,0.403603,25.015
2126.0,0.00,4.006757,0.766667,0.701204,0.403603,25.015
2127.0,0.00,4.006757,0.766667,0.701204,0.403603,25.015
2128.0,0.00,4.006757,0.766667,0.701204,0.403603,25.015
2129.0,0.00,4.006757,0.766667,0.701204,0.403603,25.015
2130.0,0.00,4.006757,0.766667,0.701204,0.403603,25.015
2131.0,0.00,4.006757,0.766667,0.701204,0.403603,25.015
2132.0,0.00,4.006757,0.766667,0.701204,0.403603,25.014
2133.0,0.00,4.006757,0.766667,0.701204,0.403603,25.014
2134.0,0.00,4.006757,0.766667,0.701204,0.403603,25.014
2135.0,0.00,4.006757,0.766667,0.701204,0.403603,25.014
2136.0,0.00,4.006757,0.766667,0.701204,0.403603,25.014
2137.0,0.00,4.006757,0.766667,0.701204,0.403603,25.014
2138.0,0.00,4.006757,0.766667,0.701204,0.403603,25.014
2139.0,0.00,4.006757,0.766667,0.701204,0.403603,25.014
2140.0,0.00,4.006757,0.766667,0.701204,0.403603,25.014
2141.0,0.00,4.006757,0.766667,0.701204,0.403603,25.014
2142.0,0.00,4.006757,0.766667,0.701204,0.403603,25.014
2143.0,0.00,4.006757,0.766667,0.701204,0.403603,25.014
2144.0,0.00,4.006757,0.766667,0.701204,0.403603,25.014
2145.0,0.00,4.006757,0.766667,0.701204,0.403603,25.014
2146.0,0.00,4.006757,0.766667,0.701204,0.403603,25.014
2147.0,0.00,4.006757,0.766667,0.701204,0.403603,25.013
2148.0,0.00,4.006757,0.766667,0.701204,0.403603,25.013
2149.0,0.00,4.006757,0.766667,0.701204,0.403603,25.013
2150.0,0.00,4.006757,0.766667,0.701204,0.403603,25.013
2151.0,0.00,4.006757,0.766667,0.701204,0.403603,25.013
2152.0,0.00,4.006757,0.766667,0.701204,0.403603,25.013
2153.0,0.00,4.006757,0.766667,0.701204,0.403603,25.013
2154.0,0.00,4.006757,0.766667,0.701204,0.403603,25.013
2155.0,0.00,4.006757,0.766667,0.701204,0.403603,25.013
2156.0,0.00,4.006757,0.766667,0.701204,0.403603,25.013
2157.0,0.00,4.006757,0.766667,0.701204,0.403603,25.013
2158.0,0.00,4.006757,0.766667,0.701204,0.403603,25.013
2159.0,0.00,4.006757,0.766667,0.701204,0.403603,25.013
2160.0,0.00,4.006757,0.766667,0.701204,0.403603,25.013
2161.0,0.00,4.006757,0.766667,0.701204,0.403603,25.013
2162.0,0.00,4.006757,0.766667,0.701204,0.403603,25.013
2163.0,0.00,4.006757,0.766667,0.701204,0.403603,25.012
2164.0,0.00,4.006757,0.766667,0.701204,0.403603,25.012
2165.0,0.00,4.006757,0.766667,0.701204,0.403603,25.012
2166.0,0.00,4.006757,0.766667,0.701204,0.403603,25.012
2167.0,0.00,4.006757,0.766667,0.701204,0.403603,25.012
2168.0,0.00,4.006757,0.766667,0.701204,0.403603,25.012
2169.0,0.00,4.006757,0.766667,0.701204,0.403603,25.012
2170.0,0.00,4.006757,0.766667,0.701204,0.403603,25.012
2171.0,0.00,4.006757,0.766667,0.701204,0.403603,25.012
2172.0,0.00,4.006757,0.766667,0.701204,0.403603,25.012
2173.0,0.00,4.006757,0.766667,0.701204,0.403603,25.012
2174.0,0.00,4.006757,0.766667,0.701204,0.403603,25.012
2175.0,0.00,4.006757,0.766667,0.701204,0.403603,25.012
2176.0,0.00,4.006757,0.766667,0.701204,0.403603,25.012
2177.0,0.00,4.006757,0.766667,0.701204,0.403603,25.012
2178.0,0.00,4.006757,0.766667,0.701204,0.403603,25.012
2179.0,0.00,4.006757,0.766667,0.701204,0.403603,25.012
2180.0,0.00,4.006757,0.766667,0.701204,0.403603,25.011
2181.0,0.00,4.006757,0.766667,0.701204,0.403603,25.011
2182.0,0.00,4.006757,0.766667,0.701204,0.403603,25.011
2183.0,0.00,4.006757,0.766667,0.701204,0.403603,25.011
2184.0,0.00,4.006757,0.766667,0.701204,0.403603,25.011
2185.0,0.00,4.006757,0.766667,0.701204,0.403603,25.011
2186.0,0.00,4.006757,0.766667,0.701204,0.403603,25.011
2187.0,0.00,4.006757,0.766667,0.701204,0.403603,25.011
2188.0,0.00,4.006757,0.766667,0.701204,0.403603,25.011
2189.0,0.00,4.006757,0.766667,0.701204,0.403603,25.011
2190.0,0.00,4.006757,0.766667,0.701204,0.403603,25.011
2191.0,0.00,4.006757,0.766667,0.701204,0.403603,25.011
2192.0,0.00,4.006757,0.766667,0.701204,0.403603,25.011
2193.0,0.00,4.006757,0.766667,0.701204,0.403603,25.011
2194.0,0.00,4.006757,0.766667,0.701204,0.403603,25.011
2195.0,0.00,4.006757,0.766667,0.701204,0.403603,25.011
2196.0,0.00,4.006757,0.766667,0.701204,0.403603,25.011
2197.0,0.00,4.006757,0.766667,0.701204,0.403603,25.011
2198.0,0.00,4.006757,0.766667,0.701204,0.403603,25.011
2199.0,0.00,4.006757,0.766667,0.701204,0.403603,25.011
2200.0,0.00,4.006757,0.766667,0.701204,0.403603,25.010
2201.0,0.00,4.006757,0.766667,0.701204,0.403603,25.010
2202.0,0.00,4.006757,0.766667,0.701204,0.403603,25.010
2203.0,0.00,4.006757,0.766667,0.701204,0.403603,25.010
2204.0,0.00,4.006757,0.766667,0.701204,0.403603,25.010
2205.0,0.00,4.006757,0.766667,0.701204,0.403603,25.010
2206.0,0.00,4.006757,0.766667,0.701204,0.403603,25.010
2207.0,0.00,4.006757,0.766667,0.701204,0.403603,25.010
2208.0,0.00,4.006757,0.766667,0.701204,0.403603,25.010
2209.0,0.00,4.006757,0.766667,0.701204,0.403603,25.010
2210.0,0.00,4.006757,0.766667,0.701204,0.403603,25.010
2211.0,0.00,4.006757,0.766667,0.701204,0.403603,25.010
2212.0,0.00,4.006757,0.766667,0.701204,0.403603,25.010
2213.0,0.00,4.006757,0.766667,0.701204,0.403603,25.010
2214.0,0.00,4.006757,0.766667,0.701204,0.403603,25.010
2215.0,0.00,4.006757,0.766667,0.701204,0.403603,25.010
2216.0,0.00,4.006757,0.766667,0.701204,0.403603,25.010
2217.0,0.00,4.006757,0.766667,0.701204,0.403603,25.010
2218.0,0.00,4.006757,0.766667,0.701204,0.403603,25.010
2219.0,0.00,4.006757,0.766667,0.701204,0.403603,25.010
2220.0,0.00,4.006757,0.766667,0.701204,0.403603,25.010
2221.0,0.00,4.006757,0.766667,0.701204,0.403603,25.009
2222.0,0.00,4.006757,0.766667,0.701204,0.403603,25.009
2223.0,0.00,4.006757,0.766667,0.701204,0.403603,25.009
2224.0,0.00,4.006757,0.766667,0.701204,0.403603,25.009
2225.0,0.00,4.006757,0.766667,0.701204,0.403603,25.009
2226.0,0.00,4.006757,0.766667,0.701204,0.403603,25.009
2227.0,0.00,4.006757,0.766667,0.701204,0.403603,25.009
2228.0,0.00,4.006757,0.766667,0.701204,0.403603,25.009
2229.0,0.00,4.006757,0.766667,0.701204,0.403603,25.009
2230.0,0.00,4.006757,0.766667,0.701204,0.403603,25.009
2231.0,0.00,4.006757,0.766667,0.701204,0.403603,25.009
2232.0,0.00,4.006757,0.766667,0.701204,0.403603,25.009
2233.0,0.00,4.006757,0.766667,0.701204,0.403603,25.009
2234.0,0.00,4.006757,0.766667,0.701204,0.403603,25.009
2235.0,0.00,4.006757,0.766667,0.701204,0.403603,25.009
2236.0,0.00,4.006757,0.766667,0.701204,0.403603,25.009
2237.0,0.00,4.006757,0.766667,0.701204,0.403603,25.009
2238.0,0.00,4.006757,0.766667,0.701204,0.403603,25.009
2239.0,0.00,4.006757,0.766667,0.701204,0.403603,25.009
2240.0,0.00,4.006757,0.766667,0.701204,0.403603,25.009
2241.0,0.00,4.006757,0.766667,0.701204,0.403603,25.009
2242.0,0.00,4.006757,0.766667,0.701204,0.403603,25.009
2243.0,0.00,4.006757,0.766667,0.701204,0.403603,25.009
2244.0,0.00,4.006757,0.766667,0.701204,0.403603,25.008
2245.0,0.00,4.006757,0.766667,0.701204,0.403603,25.008
2246.0,0.00,4.006757,0.766667,0.701204,0.403603,25.008
2247.0,0.00,4.006757,0.766667,0.701204,0.403603,25.008
2248.0,0.00,4.006757,0.766667,0.701204,0.403603,25.008
2249.0,0.00,4.006757,0.766667,0.701204,0.403603,25.008
2250.0,0.00,4.006757,0.766667,0.701204,0.403603,25.008
2251.0,0.00,4.006757,0.766667,0.701204,0.403603,25.008
2252.0,0.00,4.006757,0.766667,0.701204,0.403603,25.008
2253.0,0.00,4.006757,0.766667,0.701204,0.403603,25.008
2254.0,0.00,4.006757,0.766667,0.701204,0.403603,25.008
2255.0,0.00,4.006757,0.766667,0.701204,0.403603,25.008
2256.0,0.00,4.006757,0.766667,0.701204,0.403603,25.008
2257.0,0.00,4.006757,0.766667,0.701204,0.403603,25.008
2258.0,0.00,4.006757,0.766667,0.701204,0.403603,25.008
2259.0,0.00,4.006757,0.766667,0.701204,0.403603,25.008
2260.0,0.00,4.006757,0.766667,0.701204,0.403603,25.008
2261.0,0.00,4.006757,0.766667,0.701204,0.403603,25.008
2262.0,0.00,4.006757,0.766667,0.701204,0.403603,25.008
2263.0,0.00,4.006757,0.766667,0.701204,0.403603,25.008
2264.0,0.00,4.006757,0.766667,0.701204,0.403603,25.008
2265.0,0.00,4.006757,0.766667,0.701204,0.403603,25.008
2266.0,0.00,4.006757,0.766667,0.701204,0.403603,25.008
2267.0,0.00,4.006757,0.766667,0.701204,0.403603,25.008
2268.0,0.00,4.006757,0.766667,0.701204,0.403603,25.008
2269.0,0.00,4.006757,0.766667,0.701204,0.403603,25.008
2270.0,0.00,4.006757,0.766667,0.701204,0.403603,25.007
2271.0,0.00,4.006757,0.766667,0.701204,0.403603,25.007
2272.0,0.00,4.006757,0.766667,0.701204,0.403603,25.007
2273.0,0.00,4.006757,0.766667,0.701204,0.403603,25.007
2274.0,0.00,4.006757,0.766667,0.701204,0.403603,25.007
2275.0,0.00,4.006757,0.766667,0.701204,0.403603,25.007
2276.0,0.00,4.006757,0.766667,0.701204,0.403603,25.007
2277.0,0.00,4.006757,0.766667,0.701204,0.403603,25.007
2278.0,0.00,4.006757,0.766667,0.701204,0.403603,25.007
2279.0,0.00,4.006757,0.766667,0.701204,0.403603,25.007
2280.0,0.00,4.006757,0.766667,0.701204,0.403603,25.007
2281.0,0.00,4.006757,0.766667,0.701204,0.403603,25.007
2282.0,0.00,4.006757,0.766667,0.701204,0.403603,25.007
2283.0,0.00,4.006757,0.766667,0.701204,0.403603,25.007
2284.0,0.00,4.006757,0.766667,0.701204,0.403603,25.007
2285.0,0.00,4.006757,0.766667,0.701204,0.403603,25.007
2286.0,0.00,4.006757,0.766667,0.701204,0.403603,25.007
2287.0,0.00,4.006757,0.766667,0.701204,0.403603,25.007
2288.0,0.00,4.006757,0.766667,0.701204,0.403603,25.007
2289.0,0.00,4.006757,0.766667,0.701204,0.403603,25.007
2290.0,0.00,4.006757,0.766667,0.701204,0.403603,25.007
2291.0,0.00,4.006757,0.766667,0.701204,0.403603,25.007
2292.0,0.00,4.006757,0.766667,0.701204,0.403603,25.007
2293.0,0.00,4.006757,0.766667,0.701204,0.403603,25.007
2294.0,0.00,4.006757,0.766667,0.701204,0.403603,25.007
2295.0,0.00,4.006757,0.766667,0.701204,0.403603,25.007
2296.0,0.00,4.006757,0.766667,0.701204,0.403603,25.007
2297.0,0.00,4.006757,0.766667,0.701204,0.403603,25.007
2298.0,0.00,4.006757,0.766667,0.701204,0.403603,25.007
2299.0,0.00,4.006757,0.766667,0.701204,0.403603,25.007
2300.0,0.00,4.006757,0.766667,0.701204,0.403603,25.006
2301.0,0.00,4.006757,0.766667,0.701204,0.403603,25.006
2302.0,0.00,4.006757,0.766667,0.701204,0.403603,25.006
2303.0,0.00,4.006757,0.766667,0.701204,0.403603,25.006
2304.0,0.00,4.006757,0.766667,0.701204,0.403603,25.006
2305.0,0.00,4.006757,0.766667,0.701204,0.403603,25.006
2306.0,0.00,4.006757,0.766667,0.701204,0.403603,25.006
2307.0,0.00,4.006757,0.766667,0.701204,0.403603,25.006
2308.0,0.00,4.006757,0.766667,0.701204,0.403603,25.006
2309.0,0.00,4.006757,0.766667,0.701204,0.403603,25.006
2310.0,0.00,4.006757,0.766667,0.701204,0.403603,25.006
2311.0,0.00,4.006757,0.766667,0.701204,0.403603,25.006
2312.0,0.00,4.006757,0.766667,0.701204,0.403603,25.006
2313.0,0.00,4.006757,0.766667,0.701204,0.403603,25.006
2314.0,0.00,4.006757,0.766667,0.701204,0.403603,25.006
2315.0,0.00,4.006757,0.766667,0.701204,0.403603,25.006
2316.0,0.00,4.006757,0.766667,0.701204,0.403603,25.006
2317.0,0.00,4.006757,0.766667,0.701204,0.403603,25.006
2318.0,0.00,4.006757,0.766667,0.701204,0.403603,25.006
2319.0,0.00,4.006757,0.766667,0.701204,0.403603,25.006
2320.0,0.00,4.006757,0.766667,0.701204,0.403603,25.006
2321.0,0.00,4.006757,0.766667,0.701204,0.403603,25.006
2322.0,0.00,4.006757,0.766667,0.701204,0.403603,25.006
2323.0,0.00,4.006757,0.766667,0.701204,0.403603,25.006
2324.0,0.00,4.006757,0.766667,0.701204,0.403603,25.006
2325.0,0.00,4.006757,0.766667,0.701204,0.403603,25.006
2326.0,0.00,4.006757,0.766667,0.701204,0.403603,25.006
2327.0,0.00,4.006757,0.766667,0.701204,0.403603,25.006
2328.0,0.00,4.006757,0.766667,0.701204,0.403603,25.006
2329.0,0.00,4.006757,0.766667,0.701204,0.403603,25.006
2330.0,0.00,4.006757,0.766667,0.701204,0.403603,25.006
2331.0,0.00,4.006757,0.766667,0.701204,0.403603,25.006
2332.0,0.00,4.006757,0.766667,0.701204,0.403603,25.006
2333.0,0.00,4.006757,0.766667,0.701204,0.403603,25.006
2334.0,0.00,4.006757,0.766667,0.701204,0.403603,25.006
2335.0,0.00,4.006757,0.766667,0.701204,0.403603,25.005
2336.0,0.00,4.006757,0.766667,0.701204,0.403603,25.005
2337.0,0.00,4.006757,0.766667,0.701204,0.403603,25.005
2338.0,0.00,4.006757,0.766667,0.701204,0.403603,25.005
2339.0,0.00,4.006757,0.766667,0.701204,0.403603,25.005
2340.0,0.00,4.006757,0.766667,0.701204,0.403603,25.005
2341.0,0.00,4.006757,0.766667,0.701204,0.403603,25.005
2342.0,0.00,4.006757,0.766667,0.701204,0.403603,25.005
2343.0,0.00,4.006757,0.766667,0.701204,0.403603,25.005
2344.0,0.00,4.006757,0.766667,0.701204,0.403603,25.005
2345.0,0.00,4.006757,0.766667,0.701204,0.403603,25.005
2346.0,0.00,4.006757,0.766667,0.701204,0.403603,25.005
2347.0,0.00,4.006757,0.766667,0.701204,0.403603,25.005
2348.0,0.00,4.006757,0.766667,0.701204,0.403603,25.005
2349.0,0.00,4.006757,0.766667,0.701204,0.403603,25.005
2350.0,0.00,4.006757,0.766667,0.701204,0.403603,25.005
2351.0,0.00,4.006757,0.766667,0.701204,0.403603,25.005
2352.0,0.00,4.006757,0.766667,0.701204,0.403603,25.005
2353.0,0.00,4.006757,0.766667,0.701204,0.403603,25.005
2354.0,0.00,4.006757,0.766667,0.701204,0.403603,25.005
2355.0,0.00,4.006757,0.766667,0.701204,0.403603,25.005
2356.0,0.00,4.006757,0.766667,0.701204,0.403603,25.005
2357.0,0.00,4.006757,0.766667,0.701204,0.403603,25.005
2358.0,0.00,4.006757,0.766667,0.701204,0.403603,25.005
2359.0,0.00,4.006757,0.766667,0.701204,0.403603,25.005
2360.0,0.00,4.006757,0.766667,0.701204,0.403603,25.005
2361.0,0.00,4.006757,0.766667,0.701204,0.403603,25.005
2362.0,0.00,4.006757,0.766667,0.701204,0.403603,25.005
2363.0,0.00,4.006757,0.766667,0.701204,0.403603,25.005
2364.0,0.00,4.006757,0.766667,0.701204,0.403603,25.005
2365.0,0.00,4.006757,0.766667,0.701204,0.403603,25.005
2366.0,0.00,4.006757,0.766667,0.701204,0.403603,25.005
2367.0,0.00,4.006757,0.766667,0.701204,0.403603,25.005
2368.0,0.00,4.006757,0.766667,0.701204,0.403603,25.005
2369.0,0.00,4.006757,0.766667,0.701204,0.403603,25.005
2370.0,0.00,4.006757,0.766667,0.701204,0.403603,25.005
2371.0,0.00,4.006757,0.766667,0.701204,0.403603,25.005
2372.0,0.00,4.006757,0.766667,0.701204,0.403603,25.005
2373.0,0.00,4.006757,0.766667,0.701204,0.403603,25.005
2374.0,0.00,4.006757,0.766667,0.701204,0.403603,25.005
2375.0,0.00,4.006757,0.766667,0.701204,0.403603,25.005
2376.0,0.00,4.006757,0.766667,0.701204,0.403603,25.005
2377.0,0.00,4.006757,0.766667,0.701204,0.403603,25.004
2378.0,0.00,4.006757,0.766667,0.701204,0.403603,25.004
2379.0,0.00,4.006757,0.766667,0.701204,0.403603,25.004
2380.0,0.00,4.006757,0.766667,0.701204,0.403603,25.004
2381.0,0.00,4.006757,0.766667,0.701204,0.403603,25.004
2382.0,0.00,4.006757,0.766667,0.701204,0.403603,25.004
2383.0,0.00,4.006757,0.766667,0.701204,0.403603,25.004
2384.0,0.00,4.006757,0.766667,0.701204,0.403603,25.004
2385.0,0.00,4.006757,0.766667,0.701204,0.403603,25.004
2386.0,0.00,4.006757,0.766667,0.701204,0.403603,25.004
2387.0,0.00,4.006757,0.766667,0.701204,0.403603,25.004
2388.0,0.00,4.006757,0.766667,0.701204,0.403603,25.004
2389.0,0.00,4.006757,0.766667,0.701204,0.403603,25.004
2390.0,0.00,4.006757,0.766667,0.701204,0.403603,25.004
2391.0,0.00,4.006757,0.766667,0.701204,0.403603,25.004
2392.0,0.00,4.006757,0.766667,0.701204,0.403603,25.004
2393.0,0.00,4.006757,0.766667,0.701204,0.403603,25.004
2394.0,0.00,4.006757,0.766667,0.701204,0.403603,25.004
2395.0,0.00,4.006757,0.766667,0.701204,0.403603,25.004
2396.0,0.00,4.006757,0.766667,0.701204,0.403603,25.004
2397.0,0.00,4.006757,0.766667,0.701204,0.403603,25.004
2398.0,0.00,4.006757,0.766667,0.701204,0.403603,25.004
2399.0,0.00,4.006757,0.766667,0.701204,0.403603,25.004
