plant,estimator,group,profile,scenario,seed,rmse,rmse_ss,mae,max_err,final_err,conv_time,diverged,rmse_v,ns_per_step,bytes,capacity_err_end,bound_violation,bound_width,real_type
ecm,CoulombCounting,baselines,evtol,nominal,1,0.00276542,0.00355163,0.00246633,0.00442265,-0.00442265,0,0,0.00339874,61.278,2096,nan,nan,nan,float
ecm,OCVLookup,baselines,evtol,nominal,1,0.0153583,0.0131223,0.0128294,0.0426403,0.00259343,0,0,0.0117886,1250.29,2104,nan,nan,nan,float
ecm,CoulombOCVHybrid,baselines,evtol,nominal,1,0.00277644,0.00165855,0.00251712,0.00492591,0.000573516,0,0,0.00177985,189.068,2104,nan,nan,nan,float
ecm,EKF,kalman,evtol,nominal,1,0.00121717,0.000559887,0.000763206,0.0132051,-0.000741899,0,0,0.000791666,359.977,2168,nan,nan,nan,float
ecm,UKF,kalman,evtol,nominal,1,0.00221767,0.000482905,0.0011288,0.0400158,-0.000689477,0.4,0,0.0010819,1058.57,2388,nan,nan,nan,float
ecm,LKF,kalman,evtol,nominal,1,0.0323992,0.0118892,0.0244298,0.0630794,-0.0101902,0,0,0.00112234,293.955,2340,nan,nan,nan,float
ecm,IEKF,kalman,evtol,nominal,1,0.00314314,0.000294537,0.00177471,0.0137793,-0.000472352,0,0,0.000791551,439.262,2168,nan,nan,nan,float
ecm,CKF,kalman,evtol,nominal,1,0.000643726,0.000518564,0.000470003,0.0102014,-0.000713661,0,0,0.000800668,970.62,2280,nan,nan,nan,float
ecm,SCKF,kalman,evtol,nominal,1,0.000643496,0.000521277,0.000471382,0.0102014,-0.000713035,0,0,0.000800662,1327.55,2348,nan,nan,nan,float
ecm,CKF5,kalman,evtol,nominal,1,0.00065276,0.000461422,0.000456537,0.0148168,-0.000685155,0,0,0.000808461,2823.43,2812,nan,nan,nan,float
ecm,CDKF,kalman,evtol,nominal,1,0.000644534,0.000428024,0.000445523,0.0148168,-0.000642374,0,0,0.000808455,1090.41,2156,nan,nan,nan,float
ecm,GHKF,kalman,evtol,nominal,1,0.000618011,0.000163501,0.000385957,0.014818,-0.000181854,0,0,0.000808396,9299.8,5392,nan,nan,nan,float
ecm,IPLF,kalman,evtol,nominal,1,0.00477266,0.000622955,0.00266459,0.0346689,-0.000882506,0.3,0,0.00109361,1865.58,2392,nan,nan,nan,float
ecm,EIF,kalman,evtol,nominal,1,0.00249069,0.000295485,0.00151335,0.0132038,-0.00046888,0,0,0.000792803,890.508,2236,nan,nan,nan,float
ecm,SR-EKF,kalman,evtol,nominal,1,0.00121744,0.000556341,0.000765233,0.0132051,-0.000755563,0,0,0.000791667,689.379,2220,nan,nan,nan,float
ecm,SR-UKF,kalman,evtol,nominal,1,0.0023763,0.00140948,0.00157904,0.0400155,-0.00173876,0.4,0,0.00108222,1305.15,2448,nan,nan,nan,float
ecm,UD-EKF,kalman,evtol,nominal,1,0.00121735,0.000560551,0.000763635,0.0132051,-0.000742301,0,0,0.000791667,381.883,2240,nan,nan,nan,float
ecm,SO-EKF,kalman,evtol,nominal,1,0.00391913,0.000739347,0.00257934,0.0391957,-0.000116229,0.4,0,0.00104657,2880.18,2252,nan,nan,nan,float
ecm,SageHusa-AKF,adaptive_kalman,evtol,nominal,1,0.00116575,0.000558166,0.000717127,0.0132051,-0.000741914,0,0,0.000790126,370.338,2408,nan,nan,nan,float
ecm,IAE-AKF,adaptive_kalman,evtol,nominal,1,0.00116649,0.00048073,0.000755317,0.0132051,-0.00068748,0,0,0.000789262,378.41,2528,nan,nan,nan,float
ecm,VB-AKF,adaptive_kalman,evtol,nominal,1,0.0016014,0.000289299,0.00104222,0.0132051,-0.000510722,0,0,0.000789832,632.417,2204,nan,nan,nan,float
ecm,STF,adaptive_kalman,evtol,nominal,1,0.00240183,0.000936507,0.00147999,0.0313221,-0.000842184,0,0,0.00090479,417.721,2340,nan,nan,nan,float
ecm,Fading-EKF,adaptive_kalman,evtol,nominal,1,0.00194454,0.000560587,0.00125869,0.0132051,0.000382096,0,0,0.000773231,343.848,2192,nan,nan,nan,float
ecm,Fuzzy-AKF,adaptive_kalman,evtol,nominal,1,0.00120126,0.000591411,0.000743674,0.0132051,-0.000757575,0,0,0.000790116,578.751,2416,nan,nan,nan,float
ecm,IMM,adaptive_kalman,evtol,nominal,1,0.00119442,0.000559865,0.000752459,0.0125877,-0.000742048,0,0,0.000791221,1274.72,2488,nan,nan,nan,float
ecm,MMAE,adaptive_kalman,evtol,nominal,1,0.00430806,0.00370475,0.00414816,0.0132051,-0.00166936,0,0,0.000800222,1151.45,6600,-0.00303902,nan,nan,float
ecm,Schmidt-KF,robust_kalman,evtol,nominal,1,0.00392455,0.00510854,0.00336284,0.0131913,-0.00593883,0,0,0.00381163,1029.24,4428,nan,nan,nan,float
ecm,Hinf-EKF,robust_kalman,evtol,nominal,1,0.00276021,0.000217984,0.00151906,0.0132329,-0.000308976,0,0,0.00079289,581.661,2216,nan,nan,nan,float
ecm,Huber-EKF,robust_kalman,evtol,nominal,1,0.0011117,0.000527476,0.00070647,0.0132051,-0.000715703,0,0,0.000780321,476.418,2184,nan,nan,nan,float
ecm,MC-EKF,robust_kalman,evtol,nominal,1,0.0014049,0.000301493,0.000958142,0.0132052,-0.000529841,0,0,0.000787592,736.054,2192,nan,nan,nan,float
ecm,StudentT-KF,robust_kalman,evtol,nominal,1,0.00159223,0.000370132,0.000922509,0.0132051,-0.000594735,0,0,0.000766501,528.846,2284,nan,nan,nan,float
ecm,Constrained-EKF,robust_kalman,evtol,nominal,1,0.00121719,0.000559969,0.000763232,0.0132051,-0.000742152,0,0,0.000791669,421.574,2212,nan,nan,nan,float
ecm,ReducedOrder-EKF,robust_kalman,evtol,nominal,1,0.00217313,0.000760608,0.0014469,0.0132545,0.000587434,0,0,0.000745577,308.892,2136,nan,nan,nan,float
ecm,SVSF,robust_kalman,evtol,nominal,1,0.0018061,0.000480489,0.000978285,0.00672644,-0.000707418,0,0,0.000771053,478.389,2188,nan,nan,nan,float
ecm,Luenberger,observers,evtol,nominal,1,0.00198674,0.000797762,0.0014024,0.00583416,0.00060147,0,0,0.000815038,372.759,2328,nan,nan,nan,float
ecm,SSKF,observers,evtol,nominal,1,0.00198674,0.000797762,0.0014024,0.00583416,0.00060147,0,0,0.000815038,327.217,2328,nan,nan,nan,float
ecm,PI-Observer,observers,evtol,nominal,1,0.00258299,0.000952691,0.00162941,0.0124204,0.000645265,0,0,0.000886632,1256.28,2416,nan,nan,nan,float
ecm,SMO,observers,evtol,nominal,1,0.00199245,0.000816352,0.0014047,0.00591081,0.000607744,0,0,0.000822131,402.217,2404,nan,nan,nan,float
ecm,SMO-Adaptive,observers,evtol,nominal,1,0.00199083,0.000808994,0.00140484,0.00589812,0.000602111,0,0,0.000818587,407.428,2404,nan,nan,nan,float
ecm,SuperTwisting-SMO,observers,evtol,nominal,1,0.00267452,0.000923155,0.00166243,0.0141543,0.000588298,0,0,0.000792052,119.966,2144,nan,nan,nan,float
ecm,HGO,observers,evtol,nominal,1,0.00198674,0.000797762,0.0014024,0.00583416,0.00060147,0,0,0.000815038,379.471,2348,nan,nan,nan,float
ecm,ESO,observers,evtol,nominal,1,0.00258954,0.00098773,0.00164666,0.0124204,0.00062494,0,0,0.000816585,1302.36,2396,nan,nan,nan,float
ecm,UIO,observers,evtol,nominal,1,0.00179769,0.000691183,0.00116256,0.00804937,-0.000604019,0,0,0.00381637,460.08,2548,nan,nan,nan,float
ecm,DOB,observers,evtol,nominal,1,0.000753249,0.000224413,0.000482245,0.00268471,-0.000100002,0,0,0.000899839,540.711,2400,nan,nan,nan,float
ecm,AdaptiveObserver,observers,evtol,nominal,1,0.00187035,0.000520349,0.00115664,0.00578946,0.000453144,0,0,0.000813612,676.828,2436,0.0160612,nan,nan,float
ecm,IntervalObserver,observers,evtol,nominal,1,0.00198674,0.000797762,0.0014024,0.00583416,0.00060147,0,0,0.000815038,613.642,4532,nan,0,0.273839,float
ecm,JointEKF,soh,evtol,nominal,1,0.00140512,0.000803948,0.000820843,0.013174,0.00146268,0,0,0.000808527,994.775,4376,0.0643867,nan,nan,float
ecm,JointUKF,soh,evtol,nominal,1,0.00106141,0.000643406,0.000627217,0.0400025,0.000127628,0.4,0,0.0010849,2698.57,4800,0.0326226,nan,nan,float
ecm,DualEKF,soh,evtol,nominal,1,0.00171141,0.00121253,0.00139521,0.0132051,-0.000491962,0,0,0.000791963,904.735,2376,0.0557555,nan,nan,float
ecm,DualUKF,soh,evtol,nominal,1,0.00200497,0.000505208,0.00128831,0.0400295,-0.00073421,0.4,0,0.00110313,1698.42,2756,0.0186403,nan,nan,float
ecm,RLS-EKF,soh,evtol,nominal,1,0.00683965,0.00505519,0.00629994,0.0132051,0.00475612,0,0,0.00137872,372.121,4464,nan,nan,nan,float
ecm,AWTLS,soh,evtol,nominal,1,0.00116222,0.000214465,0.000603356,0.0132051,0.000305623,0,0,0.000791584,361.044,4400,0.0416645,nan,nan,float
ecm,PF-Bootstrap,particle,evtol,nominal,1,0.00133541,0.00166664,0.00106827,0.00677961,0.00196531,0,0,0.000842062,67828.6,24256,nan,nan,nan,float
ecm,PF-Fast,particle,evtol,nominal,1,0.00237061,0.00216004,0.00188973,0.0124696,-0.00153756,0,0,0.000915389,13648.1,5048,nan,nan,nan,float
ecm,PF-Regularized,particle,evtol,nominal,1,0.0012229,0.000787604,0.000883568,0.00675917,-0.000151709,0,0,0.000834254,74763,24248,nan,nan,nan,float
ecm,PF-Auxiliary,particle,evtol,nominal,1,0.00157479,0.00133656,0.00117633,0.007002,-0.000442401,0,0,0.000865414,90241.6,28312,nan,nan,nan,float
ecm,RBPF,particle,evtol,nominal,1,0.0010499,0.000482647,0.000692337,0.00878358,-0.000385597,0,0,0.000799366,32088.7,17424,nan,nan,nan,float
ecm,UPF,particle,evtol,nominal,1,0.0068623,0.00481237,0.00478774,0.0410602,0.00457248,0,0,0.00126878,16652.2,12760,nan,nan,nan,float
ecm,EnKF,particle,evtol,nominal,1,0.00273595,0.0024771,0.002093,0.0259212,0.00117001,0.1,0,0.000814956,7543.14,3408,nan,nan,nan,float
ecm,ETKF,particle,evtol,nominal,1,0.0021045,0.00252379,0.00179851,0.02853,-0.00279646,0.1,0,0.000821597,8107.17,2672,nan,nan,nan,float
ecm,GSF,particle,evtol,nominal,1,0.00150913,0.000270039,0.000978692,0.00567108,-0.000471666,0,0,0.000825837,1228.39,4596,nan,nan,nan,float
ecm,NN-Direct,learning,evtol,nominal,1,0.00867346,0.0117023,0.00542563,0.0416333,-0.0187119,0,0,nan,486.803,7604,nan,nan,nan,float
ecm,NN-EKF,learning,evtol,nominal,1,0.00839084,0.00280223,0.00596796,0.0361302,-0.00630295,196.5,0,0.000855794,1295.9,2200,nan,nan,nan,float
ecm,ELM-RLS-EKF,learning,evtol,nominal,1,0.00123305,0.000456972,0.000816842,0.0132051,-0.00058949,0,0,0.000780915,2920.56,5864,nan,nan,nan,float
ecm,MHE-RTI,optimization,evtol,nominal,1,0.00231971,0.000753194,0.00113012,0.0132051,-0.00157885,0,0,0.000849914,11630.3,13472,nan,nan,nan,float
ecm,MHE,optimization,evtol,nominal,1,0.00198458,0.00102853,0.00156761,0.0107441,-0.0015853,0,0,0.000848412,21759.6,13472,nan,nan,nan,float
ecm,ERTS,smoothers,evtol,nominal,1,0.00119207,0.00038543,0.00090519,0.00275964,-0.000741899,0,0,0.000727645,605.349,6273664,nan,nan,nan,float
ecm,URTS,smoothers,evtol,nominal,1,0.00153104,0.000694502,0.00124367,0.00354457,-0.000689477,0,0,0.000730501,1691.17,6273672,nan,nan,nan,float
ecm,Batch-NLS,smoothers,evtol,nominal,1,0.0013232,0.000424396,0.00100226,0.00305516,-0.000829443,0,0,0.00072775,3058.97,8685896,nan,nan,nan,float
ecm,FixedLag-EKF,smoothers,evtol,nominal,1,0.00137838,0.00041392,0.000860269,0.0132051,-0.000684232,0,0,0.000791667,3569.72,9996,nan,nan,nan,float
ecm,CoulombCounting,baselines,evtol,init_error,1,0.352471,0.353516,0.352469,0.354426,-0.354426,-1,1,8.19821,60.0552,2096,nan,nan,nan,float
ecm,OCVLookup,baselines,evtol,init_error,1,0.0332672,0.0131223,0.0171734,0.348799,0.00259343,76.8,0,0.0234798,1249.32,2104,nan,nan,nan,float
ecm,CoulombOCVHybrid,baselines,evtol,init_error,1,0.0598023,0.0443046,0.0500246,0.349399,-0.00999524,-1,0,0.0469428,188.229,2104,nan,nan,nan,float
ecm,EKF,kalman,evtol,init_error,1,0.000936648,0.000425701,0.000651607,0.0048086,-0.000584602,0,0,0.00211756,359.172,2168,nan,nan,nan,float
ecm,UKF,kalman,evtol,init_error,1,0.00116853,0.000431978,0.000617228,0.0297473,-0.000326738,0.1,0,0.00205046,1061.87,2388,nan,nan,nan,float
ecm,LKF,kalman,evtol,init_error,1,0.0329017,0.0217317,0.0291409,0.0571299,0.0133144,0,0,0.00223391,292.283,2340,nan,nan,nan,float
ecm,IEKF,kalman,evtol,init_error,1,0.00235461,0.000296885,0.00137689,0.00970834,-0.000530958,0,0,0.00211764,440.008,2168,nan,nan,nan,float
ecm,CKF,kalman,evtol,init_error,1,0.0157614,0.000867568,0.00610627,0.0632957,-0.000953481,219.9,0,0.00210487,967.706,2280,nan,nan,nan,float
ecm,SCKF,kalman,evtol,init_error,1,0.0157678,0.000906462,0.00613218,0.0632956,-0.00098151,219.9,0,0.00210487,1348.01,2348,nan,nan,nan,float
ecm,CKF5,kalman,evtol,init_error,1,0.0179744,0.00108241,0.00725625,0.0700527,-0.00110209,227.4,0,0.0021058,2813.85,2812,nan,nan,nan,float
ecm,CDKF,kalman,evtol,init_error,1,0.0179691,0.0010299,0.0072228,0.0700536,-0.00104417,227.4,0,0.00210578,1109.43,2156,nan,nan,nan,float
ecm,GHKF,kalman,evtol,init_error,1,0.017939,0.000606305,0.00694024,0.0700544,-0.000619203,227.4,0,0.00210568,9402.95,5392,nan,nan,nan,float
ecm,IPLF,kalman,evtol,init_error,1,0.00297955,0.000437819,0.00168591,0.0107481,-0.000447705,0,0,0.00204714,1871.7,2392,nan,nan,nan,float
ecm,EIF,kalman,evtol,init_error,1,0.000870466,0.000577212,0.000621363,0.00479829,-0.000795037,0,0,0.00211753,899.626,2236,nan,nan,nan,float
ecm,SR-EKF,kalman,evtol,init_error,1,0.00094924,0.000478002,0.000672307,0.00480866,-0.000703186,0,0,0.00211757,693.533,2220,nan,nan,nan,float
ecm,SR-UKF,kalman,evtol,init_error,1,0.00116521,0.000398812,0.000586969,0.0297471,-0.000646979,0.1,0,0.00205053,1301.28,2448,nan,nan,nan,float
ecm,UD-EKF,kalman,evtol,init_error,1,0.000936772,0.000425446,0.000651686,0.0048086,-0.000584319,0,0,0.00211756,385.028,2240,nan,nan,nan,float
ecm,SO-EKF,kalman,evtol,init_error,1,0.00123503,0.000581808,0.000703733,0.03132,-0.000765413,0.1,0,0.00204086,2988.22,2252,nan,nan,nan,float
ecm,SageHusa-AKF,adaptive_kalman,evtol,init_error,1,0.00116755,0.000489166,0.000764244,0.00599998,-0.000699848,0,0,0.00211706,377.924,2408,nan,nan,nan,float
ecm,IAE-AKF,adaptive_kalman,evtol,init_error,1,0.00131548,0.000939457,0.00102326,0.00525463,-0.000987187,0,0,0.00211664,373.686,2528,nan,nan,nan,float
ecm,VB-AKF,adaptive_kalman,evtol,init_error,1,0.00100292,0.00044473,0.000688497,0.00476927,-0.000619307,0,0,0.00211673,672.695,2204,nan,nan,nan,float
ecm,STF,adaptive_kalman,evtol,init_error,1,0.002306,0.000936509,0.00144194,0.0305849,-0.000842199,0,0,0.00216269,412.033,2340,nan,nan,nan,float
ecm,Fading-EKF,adaptive_kalman,evtol,init_error,1,0.00180826,0.000559215,0.00118607,0.00556183,0.000381961,0,0,0.00211045,357.294,2192,nan,nan,nan,float
ecm,Fuzzy-AKF,adaptive_kalman,evtol,init_error,1,0.000791452,0.000581555,0.000570875,0.0048086,-0.000755355,0,0,0.00211693,579.59,2416,nan,nan,nan,float
ecm,IMM,adaptive_kalman,evtol,init_error,1,0.000710438,0.000756018,0.000622273,0.017521,-0.000909925,0,0,0.00212026,1285.94,2488,nan,nan,nan,float
ecm,MMAE,adaptive_kalman,evtol,init_error,1,0.00399614,0.00354678,0.00376561,0.00623953,-0.00150989,0,0,0.00212056,1194.6,6600,-0.00320718,nan,nan,float
ecm,Schmidt-KF,robust_kalman,evtol,init_error,1,0.00408485,0.00510801,0.00357966,0.00846016,-0.00593869,0,0,0.00444221,1070.97,4428,nan,nan,nan,float
ecm,Hinf-EKF,robust_kalman,evtol,init_error,1,0.00162529,0.000221199,0.000988387,0.00805509,-0.000299662,0,0,0.00211774,602.51,2216,nan,nan,nan,float
ecm,Huber-EKF,robust_kalman,evtol,init_error,1,0.00111467,0.000757389,0.000842183,0.00469607,-0.000903085,0,0,0.00211356,504.927,2184,nan,nan,nan,float
ecm,MC-EKF,robust_kalman,evtol,init_error,1,0.00093307,0.000484051,0.00065914,0.00457186,-0.000703007,0,0,0.00211593,746.932,2192,nan,nan,nan,float
ecm,StudentT-KF,robust_kalman,evtol,init_error,1,0.00163815,0.000346322,0.00094579,0.00571412,-0.000569642,0,0,0.00210818,524.251,2284,nan,nan,nan,float
ecm,Constrained-EKF,robust_kalman,evtol,init_error,1,0.000946549,0.000467616,0.000668261,0.0048086,-0.000681788,0,0,0.00211757,429.284,2212,nan,nan,nan,float
ecm,ReducedOrder-EKF,robust_kalman,evtol,init_error,1,0.00215294,0.000760608,0.00143887,0.0086686,0.000587434,0,0,0.00210067,327.577,2136,nan,nan,nan,float
ecm,SVSF,robust_kalman,evtol,init_error,1,0.00245731,0.000280811,0.0014026,0.00846136,-0.000486627,0,0,0.00211144,492.745,2188,nan,nan,nan,float
ecm,Luenberger,observers,evtol,init_error,1,0.0411161,0.000767189,0.0163973,0.336854,0.000592783,333.4,0,0.00527203,422.24,2328,nan,nan,nan,float
ecm,SSKF,observers,evtol,init_error,1,0.0411161,0.000767189,0.0163973,0.336854,0.000592783,333.4,0,0.00527203,352.702,2328,nan,nan,nan,float
ecm,PI-Observer,observers,evtol,init_error,1,0.0144784,0.000952586,0.00374162,0.33067,0.000645265,85.4,0,0.00548226,1380.43,2416,nan,nan,nan,float
ecm,SMO,observers,evtol,init_error,1,0.0406406,0.000798163,0.0160396,0.336824,0.000608727,323.4,0,0.00526088,417.848,2404,nan,nan,nan,float
ecm,SMO-Adaptive,observers,evtol,init_error,1,0.0395231,0.000785327,0.0155206,0.336824,0.000600636,318.5,0,0.00525551,432.372,2404,nan,nan,nan,float
ecm,SuperTwisting-SMO,observers,evtol,init_error,1,0.0516976,0.000925528,0.013407,0.349605,0.000588313,125,0,0.0364902,118.619,2144,nan,nan,nan,float
ecm,HGO,observers,evtol,init_error,1,0.0393577,0.000768329,0.0157963,0.336854,0.000592798,329.1,0,0.00562765,409.422,2348,nan,nan,nan,float
ecm,ESO,observers,evtol,init_error,1,0.0145057,0.000987605,0.00380279,0.330671,0.00062494,85.7,0,0.00547137,1449.78,2396,nan,nan,nan,float
ecm,UIO,observers,evtol,init_error,1,0.0649552,0.000710652,0.0240861,0.35,-0.000797704,360.1,0,0.00540028,454.25,2548,nan,nan,nan,float
ecm,DOB,observers,evtol,init_error,1,0.0397963,0.00242601,0.0180375,0.335252,-0.00115405,339.2,0,0.00482143,610.068,2400,nan,nan,nan,float
ecm,AdaptiveObserver,observers,evtol,init_error,1,0.0412659,0.000476762,0.0165194,0.336854,0.000294372,339.2,0,0.00526889,754.744,2436,0.0179917,nan,nan,float
ecm,IntervalObserver,observers,evtol,init_error,1,0.0411161,0.000767189,0.0163973,0.336854,0.000592783,333.4,0,0.00527203,646.336,4532,nan,0,0.297488,float
ecm,JointEKF,soh,evtol,init_error,1,0.00175046,0.000833686,0.00098934,0.00826597,0.00147781,0,0,0.00212383,1035.24,4376,0.0661937,nan,nan,float
ecm,JointUKF,soh,evtol,init_error,1,0.00737008,0.000767946,0.00310286,0.0348313,0.00134553,180,0,0.00205569,2705.45,4800,0.0662623,nan,nan,float
ecm,DualEKF,soh,evtol,init_error,1,0.000990791,0.00098547,0.000829879,0.00445443,-0.000172451,0,0,0.00211797,890.519,2376,0.0598363,nan,nan,float
ecm,DualUKF,soh,evtol,init_error,1,0.00380988,0.00156172,0.00263612,0.0297473,0.00102924,0.1,0,0.00206537,1745.08,2756,0.0491824,nan,nan,float
ecm,RLS-EKF,soh,evtol,init_error,1,0.00635786,0.00457534,0.00580913,0.0122748,0.00461103,0,0,0.00240532,372.556,4464,nan,nan,nan,float
ecm,AWTLS,soh,evtol,init_error,1,0.000891951,0.000117288,0.000515581,0.0048086,-0.000118852,0,0,0.00211755,360.145,4400,0.0330519,nan,nan,float
ecm,PF-Bootstrap,particle,evtol,init_error,1,0.00191652,0.00130316,0.00122957,0.0339427,0.00194517,2.4,0,0.002145,68760,24256,nan,nan,nan,float
ecm,PF-Fast,particle,evtol,init_error,1,0.00429864,0.00185525,0.00169214,0.11973,0.000161439,5.5,0,0.00260055,13678.7,5048,nan,nan,nan,float
ecm,PF-Regularized,particle,evtol,init_error,1,0.00185057,0.00117146,0.00131735,0.0339427,0.00015831,1.7,0,0.00213151,75840.9,24248,nan,nan,nan,float
ecm,PF-Auxiliary,particle,evtol,init_error,1,0.00396216,0.00171358,0.00220715,0.0339656,-0.000769019,10.7,0,0.00220069,90488.1,28312,nan,nan,nan,float
ecm,RBPF,particle,evtol,init_error,1,0.0244269,0.00388248,0.0139614,0.0704246,-0.00237675,323.1,0,0.00213458,31798.9,17424,nan,nan,nan,float
ecm,UPF,particle,evtol,init_error,1,0.0082975,0.00452576,0.00499114,0.160599,0.0062021,218.1,0,0.0025888,16642.8,12760,nan,nan,nan,float
ecm,EnKF,particle,evtol,init_error,1,0.0130332,0.0025039,0.00579973,0.0611517,0.00117239,222.7,0,0.00210648,7639.02,3408,nan,nan,nan,float
ecm,ETKF,particle,evtol,init_error,1,0.0187622,0.00889923,0.0136513,0.0629685,-0.00826894,249.8,0,0.0021011,8176.75,2672,nan,nan,nan,float
ecm,GSF,particle,evtol,init_error,1,0.00153081,0.000587446,0.000759591,0.0648453,-0.000785396,0.2,0,0.00208621,1217.07,4596,nan,nan,nan,float
ecm,NN-Direct,learning,evtol,init_error,1,0.00867346,0.0117023,0.00542563,0.0416333,-0.0187119,0,0,nan,494.119,7604,nan,nan,nan,float
ecm,NN-EKF,learning,evtol,init_error,1,0.00891046,0.00277427,0.00623869,0.0229481,-0.00623102,202.8,0,0.00214272,977.491,2200,nan,nan,nan,float
ecm,ELM-RLS-EKF,learning,evtol,init_error,1,0.00189819,0.000212781,0.00111044,0.00786155,-0.000313014,0,0,0.00211379,2822.13,5864,nan,nan,nan,float
ecm,MHE-RTI,optimization,evtol,init_error,1,0.00189645,0.001074,0.00140044,0.00884086,-0.00157925,0,0,0.00213957,11579.9,13472,nan,nan,nan,float
ecm,MHE,optimization,evtol,init_error,1,0.00172644,0.000758602,0.000889606,0.0103707,-0.00158572,0,0,0.00213972,21533.7,13472,nan,nan,nan,float
ecm,ERTS,smoothers,evtol,init_error,1,0.00133645,0.000406189,0.00102296,0.00299776,-0.000584602,0,0,0.000728084,603.236,6273664,nan,nan,nan,float
ecm,URTS,smoothers,evtol,init_error,1,0.00101804,0.000143794,0.000694336,0.00234759,-0.000326738,0,0,0.000740308,1592.96,6273672,nan,nan,nan,float
ecm,Batch-NLS,smoothers,evtol,init_error,1,0.00139575,0.000425921,0.00105967,0.00318134,-0.000767007,0,0,0.000727744,2867.94,8685896,nan,nan,nan,float
ecm,FixedLag-EKF,smoothers,evtol,init_error,1,0.00123139,0.000376853,0.000832422,0.00574964,-0.000526756,0,0,0.00211756,3411.63,9996,nan,nan,nan,float
ecm,CoulombCounting,baselines,evtol,current_bias,1,0.024423,0.0319764,0.0213634,0.0414021,-0.0414021,0,0,0.0280695,60.5966,2096,nan,nan,nan,float
ecm,OCVLookup,baselines,evtol,current_bias,1,0.0248515,0.0213854,0.0219298,0.0757287,0.00945428,0,0,0.0119828,1232.44,2104,nan,nan,nan,float
ecm,CoulombOCVHybrid,baselines,evtol,current_bias,1,0.0143863,0.0194427,0.0118871,0.0287512,-0.00138354,0,0,0.0185171,185.781,2104,nan,nan,nan,float
ecm,EKF,kalman,evtol,current_bias,1,0.00531134,0.00627089,0.00460987,0.0171617,-0.00828062,0,0,0.000857977,359.084,2168,nan,nan,nan,float
ecm,UKF,kalman,evtol,current_bias,1,0.00534061,0.00433425,0.00436325,0.0382106,-0.00555797,0.4,0,0.00111257,1059.09,2388,nan,nan,nan,float
ecm,LKF,kalman,evtol,current_bias,1,0.0374635,0.0136231,0.0289386,0.0716133,-0.0142836,0,0,0.00111763,293.566,2340,nan,nan,nan,float
ecm,IEKF,kalman,evtol,current_bias,1,0.00599953,0.00608932,0.00513011,0.0136549,-0.00817673,0,0,0.000854726,439.912,2168,nan,nan,nan,float
ecm,CKF,kalman,evtol,current_bias,1,0.00466577,0.00549817,0.0039589,0.0123448,-0.00753818,0,0,0.000859372,955.931,2280,nan,nan,nan,float
ecm,SCKF,kalman,evtol,current_bias,1,0.00464813,0.00546765,0.00395815,0.0123448,-0.00745255,0,0,0.000859367,1322.4,2348,nan,nan,nan,float
ecm,CKF5,kalman,evtol,current_bias,1,0.00464417,0.00550369,0.00393398,0.0128605,-0.00754668,0,0,0.000866,2820.03,2812,nan,nan,nan,float
ecm,CDKF,kalman,evtol,current_bias,1,0.00461658,0.00545207,0.00391168,0.0128573,-0.00749606,0,0,0.000865798,1103.73,2156,nan,nan,nan,float
ecm,GHKF,kalman,evtol,current_bias,1,0.00436966,0.00499645,0.00369411,0.0128583,-0.00703198,0,0,0.000863982,9323.31,5392,nan,nan,nan,float
ecm,IPLF,kalman,evtol,current_bias,1,0.00696088,0.00351348,0.00488924,0.0326482,-0.00535296,0.3,0,0.0011209,1860.77,2392,nan,nan,nan,float
ecm,EIF,kalman,evtol,current_bias,1,0.00532282,0.00626916,0.00461814,0.0171606,-0.00828378,0,0,0.000858059,885.728,2236,nan,nan,nan,float
ecm,SR-EKF,kalman,evtol,current_bias,1,0.00531201,0.00627198,0.00461043,0.0171617,-0.00827901,0,0,0.00085798,694.616,2220,nan,nan,nan,float
ecm,SR-UKF,kalman,evtol,current_bias,1,0.0051889,0.00362586,0.00402527,0.0382106,-0.00522575,0.4,0,0.00111075,1292.16,2448,nan,nan,nan,float
ecm,UD-EKF,kalman,evtol,current_bias,1,0.00530954,0.00626782,0.00460849,0.0171617,-0.00827928,0,0,0.000857965,378.207,2240,nan,nan,nan,float
ecm,SO-EKF,kalman,evtol,current_bias,1,0.00625087,0.00583403,0.00518955,0.0370501,-0.00807421,0.4,0,0.0010799,2860.14,2252,nan,nan,nan,float
ecm,SageHusa-AKF,adaptive_kalman,evtol,current_bias,1,0.00523369,0.00627356,0.0044991,0.0171617,-0.00827417,0,0,0.000859773,374.746,2408,nan,nan,nan,float
ecm,IAE-AKF,adaptive_kalman,evtol,current_bias,1,0.00529712,0.0062343,0.00459137,0.0171617,-0.00823444,0,0,0.000863619,374.764,2528,nan,nan,nan,float
ecm,VB-AKF,adaptive_kalman,evtol,current_bias,1,0.00522765,0.00626605,0.00449492,0.0171617,-0.00824976,0,0,0.000859943,641.404,2204,nan,nan,nan,float
ecm,STF,adaptive_kalman,evtol,current_bias,1,0.0107949,0.00789553,0.00913689,0.0660279,0.00480331,0,0,0.00093881,402.896,2340,nan,nan,nan,float
ecm,Fading-EKF,adaptive_kalman,evtol,current_bias,1,0.0069741,0.00662346,0.00673353,0.0171617,0.00567862,0,0,0.000823125,356.255,2192,nan,nan,nan,float
ecm,Fuzzy-AKF,adaptive_kalman,evtol,current_bias,1,0.00523287,0.00619581,0.00453639,0.0171617,-0.00821833,0,0,0.000864599,579.223,2416,nan,nan,nan,float
ecm,IMM,adaptive_kalman,evtol,current_bias,1,0.00571443,0.00687519,0.00478748,0.016359,-0.00869772,0,0,0.000860553,1279.45,2488,nan,nan,nan,float
ecm,MMAE,adaptive_kalman,evtol,current_bias,1,0.00603931,0.00722645,0.00545921,0.0171618,-0.00918707,0,0,0.000875197,1166.23,6600,0.0010756,nan,nan,float
ecm,Schmidt-KF,robust_kalman,evtol,current_bias,1,0.00331601,0.00328983,0.00287841,0.0171338,-0.00188194,0,0,0.00914857,1045.43,4428,nan,nan,nan,float
ecm,Hinf-EKF,robust_kalman,evtol,current_bias,1,0.0047386,0.00417017,0.00384817,0.0171979,-0.00521806,0,0,0.000851275,591.611,2216,nan,nan,nan,float
ecm,Huber-EKF,robust_kalman,evtol,current_bias,1,0.00513416,0.00626699,0.00447096,0.0171617,-0.0082472,0,0,0.000869137,485.267,2184,nan,nan,nan,float
ecm,MC-EKF,robust_kalman,evtol,current_bias,1,0.00513433,0.00627719,0.00447718,0.0171618,-0.00828741,0,0,0.000859352,732.172,2192,nan,nan,nan,float
ecm,StudentT-KF,robust_kalman,evtol,current_bias,1,0.0053359,0.00632131,0.00462495,0.0171617,-0.0083451,0,0,0.000893006,527.102,2284,nan,nan,nan,float
ecm,Constrained-EKF,robust_kalman,evtol,current_bias,1,0.00531134,0.00627088,0.00460987,0.0171617,-0.00828062,0,0,0.000857977,420.852,2212,nan,nan,nan,float
ecm,ReducedOrder-EKF,robust_kalman,evtol,current_bias,1,0.0108298,0.00858442,0.00980347,0.0319536,0.00691867,0,0,0.00130415,318.188,2136,nan,nan,nan,float
ecm,SVSF,robust_kalman,evtol,current_bias,1,0.00571485,0.0055051,0.00473971,0.0149955,-0.00762962,0,0,0.000889679,484.852,2188,nan,nan,nan,float
ecm,Luenberger,observers,evtol,current_bias,1,0.00853909,0.00851518,0.00838199,0.0156211,0.006914,0,0,0.000856302,368.648,2328,nan,nan,nan,float
ecm,SSKF,observers,evtol,current_bias,1,0.00853909,0.00851518,0.00838199,0.0156211,0.006914,0,0,0.000856302,321.061,2328,nan,nan,nan,float
ecm,PI-Observer,observers,evtol,current_bias,1,0.0128495,0.00996183,0.0111237,0.0528076,0.00741473,0,0,0.000891685,1207.28,2416,nan,nan,nan,float
ecm,SMO,observers,evtol,current_bias,1,0.00898367,0.00868519,0.00875692,0.0183233,0.00697592,0,0,0.000861825,418.413,2404,nan,nan,nan,float
ecm,SMO-Adaptive,observers,evtol,current_bias,1,0.00887205,0.00860882,0.00865913,0.0176576,0.00694305,0,0,0.000858934,402.825,2404,nan,nan,nan,float
ecm,SuperTwisting-SMO,observers,evtol,current_bias,1,0.0126679,0.00993344,0.0109474,0.0529368,0.00737147,0,0,0.00139648,118.515,2144,nan,nan,nan,float
ecm,HGO,observers,evtol,current_bias,1,0.00853909,0.00851518,0.00838199,0.0156211,0.006914,0,0,0.000856302,372.207,2348,nan,nan,nan,float
ecm,ESO,observers,evtol,current_bias,1,0.0128364,0.00992791,0.0111059,0.0528076,0.00740142,0,0,0.000861289,1402.64,2396,nan,nan,nan,float
ecm,UIO,observers,evtol,current_bias,1,0.00589075,0.00711984,0.00549025,0.0104323,0.00518751,0,0,0.00382905,431.397,2548,nan,nan,nan,float
ecm,DOB,observers,evtol,current_bias,1,0.00401475,0.00179987,0.00321027,0.0135564,0.00173992,0,0,0.000920959,548.825,2400,nan,nan,nan,float
ecm,AdaptiveObserver,observers,evtol,current_bias,1,0.00765482,0.00746791,0.00750484,0.0140655,0.00642329,0,0,0.000839308,677.725,2436,0.0164038,nan,nan,float
ecm,IntervalObserver,observers,evtol,current_bias,1,0.00853909,0.00851518,0.00838199,0.0156211,0.006914,0,0,0.000856302,602.614,4532,nan,0,0.274009,float
ecm,JointEKF,soh,evtol,current_bias,1,0.00521455,0.00524609,0.00496333,0.0170991,0.00651564,0,0,0.000813017,998.657,4376,0.297021,nan,nan,float
ecm,JointUKF,soh,evtol,current_bias,1,0.00592656,0.00626236,0.00582701,0.0381176,0.00709166,0.4,0,0.00107569,2634.53,4800,0.306985,nan,nan,float
ecm,DualEKF,soh,evtol,current_bias,1,0.00667943,0.00797864,0.00598415,0.0171617,0.0110883,0,0,0.000798226,871.368,2376,0.426126,nan,nan,float
ecm,DualUKF,soh,evtol,current_bias,1,0.00673869,0.00710286,0.0066084,0.0382353,0.00791381,0.4,0,0.00108954,1705.76,2756,0.317988,nan,nan,float
ecm,RLS-EKF,soh,evtol,current_bias,1,0.00656804,0.0029671,0.00549402,0.0171617,-0.00457221,0,0,0.00139691,375.386,4464,nan,nan,nan,float
ecm,AWTLS,soh,evtol,current_bias,1,0.00329914,0.00225256,0.00243249,0.0171617,0.00396244,0,0,0.000836126,348.591,4400,0.303659,nan,nan,float
ecm,PF-Bootstrap,particle,evtol,current_bias,1,0.00786358,0.00891808,0.00750325,0.0159433,0.00603881,0,0,0.000867661,67758.7,24256,nan,nan,nan,float
ecm,PF-Fast,particle,evtol,current_bias,1,0.00939189,0.00920014,0.00881788,0.0298116,0.00411338,0,0,0.000941097,13790.6,5048,nan,nan,nan,float
ecm,PF-Regularized,particle,evtol,current_bias,1,0.0096853,0.0103452,0.00927372,0.0228506,0.00711437,0,0,0.000862091,75019.1,24248,nan,nan,nan,float
ecm,PF-Auxiliary,particle,evtol,current_bias,1,0.0091094,0.00904878,0.00864851,0.0233337,0.00712965,0,0,0.000889294,88647.8,28312,nan,nan,nan,float
ecm,RBPF,particle,evtol,current_bias,1,0.0043372,0.00161276,0.00307535,0.0119229,0.000873744,0,0,0.000844758,31686,17424,nan,nan,nan,float
ecm,UPF,particle,evtol,current_bias,1,0.0099235,0.0102858,0.0087119,0.0336987,0.00173134,0,0,0.00128741,16749.4,12760,nan,nan,nan,float
ecm,EnKF,particle,evtol,current_bias,1,0.00740694,0.00790325,0.00669005,0.0228657,0.00764665,0.1,0,0.000843672,7889.64,3408,nan,nan,nan,float
ecm,ETKF,particle,evtol,current_bias,1,0.0119958,0.0163538,0.00983568,0.0254512,-0.0217758,0.1,0,0.000930852,8392.33,2672,nan,nan,nan,float
ecm,GSF,particle,evtol,current_bias,1,0.00510779,0.00593254,0.00446138,0.0100618,-0.00791095,0,0,0.000880885,1238.99,4596,nan,nan,nan,float
ecm,NN-Direct,learning,evtol,current_bias,1,0.00947041,0.0126869,0.00661579,0.0421721,-0.0214368,0,0,nan,499.243,7604,nan,nan,nan,float
ecm,NN-EKF,learning,evtol,current_bias,1,0.0105022,0.00827842,0.00842855,0.0398362,-0.0141829,196.5,0,0.000865139,972.558,2200,nan,nan,nan,float
ecm,ELM-RLS-EKF,learning,evtol,current_bias,1,0.00534024,0.0062932,0.00466547,0.0171617,-0.00851211,0,0,0.000828063,2815.27,5864,nan,nan,nan,float
ecm,MHE-RTI,optimization,evtol,current_bias,1,0.00455014,0.00116069,0.00301005,0.0171617,0.00179742,0,0,0.000875898,11521.3,13472,nan,nan,nan,float
ecm,MHE,optimization,evtol,current_bias,1,0.00537423,0.00115821,0.00335159,0.0205937,0.00179662,0,0,0.000874398,20958.2,13472,nan,nan,nan,float
ecm,ERTS,smoothers,evtol,current_bias,1,0.0103299,0.00408925,0.00825199,0.0222853,-0.00828062,158.7,0,0.000918932,595.914,6273664,nan,nan,nan,float
ecm,URTS,smoothers,evtol,current_bias,1,0.0114104,0.00406113,0.0091668,0.0236971,-0.00555797,208.6,0,0.000837814,1627.47,6273672,nan,nan,nan,float
ecm,Batch-NLS,smoothers,evtol,current_bias,1,0.00982095,0.00471057,0.00789603,0.0213974,-0.0100839,96.5,0,0.000747835,3024.65,8685896,nan,nan,nan,float
ecm,FixedLag-EKF,smoothers,evtol,current_bias,1,0.00524314,0.00594806,0.00456942,0.0171617,-0.00820853,0,0,0.000857966,3492.86,9996,nan,nan,nan,float
ecm,CoulombCounting,baselines,evtol,noise_step,1,0.00276542,0.00355163,0.00246633,0.00442265,-0.00442265,0,0,0.00339874,58.6585,2096,nan,nan,nan,float
ecm,OCVLookup,baselines,evtol,noise_step,1,0.0154092,0.0133658,0.0128189,0.0426403,0.00177608,0,0,0.0118241,1215.91,2104,nan,nan,nan,float
ecm,CoulombOCVHybrid,baselines,evtol,noise_step,1,0.00277491,0.00165342,0.00250533,0.00492591,-0.000231415,0,0,0.00178494,186.54,2104,nan,nan,nan,float
ecm,EKF,kalman,evtol,noise_step,1,0.00130579,0.000801353,0.000886079,0.0132051,0.000806212,0,0,0.002867,362.144,2168,nan,nan,nan,float
ecm,UKF,kalman,evtol,noise_step,1,0.0024148,0.00117453,0.00162042,0.0400158,0.000703067,0.4,0,0.00296112,1055.31,2388,nan,nan,nan,float
ecm,LKF,kalman,evtol,noise_step,1,0.0323755,0.0118804,0.0244074,0.0630794,-0.0101032,0,0,0.00297066,301.574,2340,nan,nan,nan,float
ecm,IEKF,kalman,evtol,noise_step,1,0.00384333,0.00311661,0.00317331,0.0137793,-0.00295301,0,0,0.00286692,438.22,2168,nan,nan,nan,float
ecm,CKF,kalman,evtol,noise_step,1,0.00129056,0.00135941,0.0011047,0.0102014,-0.00108655,0,0,0.00286959,965.381,2280,nan,nan,nan,float
ecm,SCKF,kalman,evtol,noise_step,1,0.00126786,0.00136033,0.00108552,0.0102014,-0.00105673,0,0,0.00286951,1323.7,2348,nan,nan,nan,float
ecm,CKF5,kalman,evtol,noise_step,1,0.0011826,0.00122257,0.000999515,0.0148168,-0.000934884,0,0,0.00287177,2812.36,2812,nan,nan,nan,float
ecm,CDKF,kalman,evtol,noise_step,1,0.00115492,0.00117275,0.000972913,0.0148168,-0.000836983,0,0,0.00287179,1103.4,2156,nan,nan,nan,float
ecm,GHKF,kalman,evtol,noise_step,1,0.00102175,0.000943772,0.000846248,0.014818,-0.000287697,0,0,0.00287182,9320.1,5392,nan,nan,nan,float
ecm,IPLF,kalman,evtol,noise_step,1,0.00492086,0.00185099,0.00309093,0.0346689,0.00447328,0.3,0,0.00296688,2234.12,2392,nan,nan,nan,float
ecm,EIF,kalman,evtol,noise_step,1,0.00255207,0.000952503,0.00173033,0.0132038,0.000815257,0,0,0.00286725,887.15,2236,nan,nan,nan,float
ecm,SR-EKF,kalman,evtol,noise_step,1,0.00136459,0.000967953,0.00100589,0.0132051,0.000809997,0,0,0.00286687,693.149,2220,nan,nan,nan,float
ecm,SR-UKF,kalman,evtol,noise_step,1,0.00240956,0.00118946,0.00165422,0.0400155,0.000687838,0.4,0,0.00296086,1305.51,2448,nan,nan,nan,float
ecm,UD-EKF,kalman,evtol,noise_step,1,0.00130214,0.000789276,0.000882687,0.0132051,0.000736415,0,0,0.00286701,381.844,2240,nan,nan,nan,float
ecm,SO-EKF,kalman,evtol,noise_step,1,0.00384173,0.000860915,0.00236385,0.0391957,0.00080888,0.4,0,0.00294754,2888.91,2252,nan,nan,nan,float
ecm,SageHusa-AKF,adaptive_kalman,evtol,noise_step,1,0.00115786,0.000521109,0.000702967,0.0132051,-0.000730678,0,0,0.000979732,377.817,2408,nan,nan,nan,float
ecm,IAE-AKF,adaptive_kalman,evtol,noise_step,1,0.00116321,0.000480952,0.000747814,0.0132051,-0.000709251,0,0,0.00097542,375.164,2528,nan,nan,nan,float
ecm,VB-AKF,adaptive_kalman,evtol,noise_step,1,0.00159469,0.000259822,0.00102,0.0132051,-0.000483677,0,0,0.00097046,651.545,2204,nan,nan,nan,float
ecm,STF,adaptive_kalman,evtol,noise_step,1,0.0193925,0.0234916,0.013788,0.0986905,-0.00446267,0,0,0.0160127,441.565,2340,nan,nan,nan,float
ecm,Fading-EKF,adaptive_kalman,evtol,noise_step,1,0.00225679,0.00154128,0.0016972,0.0132051,7.09593e-05,0,0,0.00253184,354.37,2192,nan,nan,nan,float
ecm,Fuzzy-AKF,adaptive_kalman,evtol,noise_step,1,0.00120296,0.000595173,0.000750392,0.0132051,-0.000842109,0,0,0.000991774,578.661,2416,nan,nan,nan,float
ecm,IMM,adaptive_kalman,evtol,noise_step,1,0.00117573,0.00047033,0.000711045,0.0125877,-0.000679061,0,0,0.000992922,1277.97,2488,nan,nan,nan,float
ecm,MMAE,adaptive_kalman,evtol,noise_step,1,0.00410793,0.00306408,0.00373951,0.0132051,-0.000224799,0,0,0.00287147,1157.41,6600,-0.00639834,nan,nan,float
ecm,Schmidt-KF,robust_kalman,evtol,noise_step,1,0.00919871,0.0125921,0.00681704,0.0318613,-0.0149546,0,0,0.0077166,1028.5,4428,nan,nan,nan,float
ecm,Hinf-EKF,robust_kalman,evtol,noise_step,1,0.00289943,0.0012816,0.00193155,0.0132329,0.00107139,0,0,0.00286833,572.226,2216,nan,nan,nan,float
ecm,Huber-EKF,robust_kalman,evtol,noise_step,1,0.0010771,0.000352319,0.000618778,0.0132051,-0.000522792,0,0,0.00154423,480.416,2184,nan,nan,nan,float
ecm,MC-EKF,robust_kalman,evtol,noise_step,1,0.00145463,0.000541413,0.0010923,0.0132052,-0.000643805,0,0,0.00210174,815.809,2192,nan,nan,nan,float
ecm,StudentT-KF,robust_kalman,evtol,noise_step,1,0.00158668,0.000316233,0.000899921,0.0132051,-0.000512794,0,0,0.00143168,546.429,2284,nan,nan,nan,float
ecm,Constrained-EKF,robust_kalman,evtol,noise_step,1,0.00136681,0.000985102,0.000936355,0.0132051,0.00115858,0,0,0.00286715,422.234,2212,nan,nan,nan,float
ecm,ReducedOrder-EKF,robust_kalman,evtol,noise_step,1,0.00225813,0.0011632,0.0015184,0.0132545,2.90871e-05,0,0,0.00141144,312.667,2136,nan,nan,nan,float
ecm,SVSF,robust_kalman,evtol,noise_step,1,0.0140758,0.0181498,0.00988494,0.0445598,0.014875,0,0,0.00884134,468.432,2188,nan,nan,nan,float
ecm,Luenberger,observers,evtol,noise_step,1,0.00317695,0.00317475,0.00260695,0.011232,-0.00138699,0,0,0.00320198,1628.17,2328,nan,nan,nan,float
ecm,SSKF,observers,evtol,noise_step,1,0.00317695,0.00317475,0.00260695,0.011232,-0.00138699,0,0,0.00320198,1323.57,2328,nan,nan,nan,float
ecm,PI-Observer,observers,evtol,noise_step,1,0.00510756,0.00591178,0.00382929,0.0186028,-0.000751451,0,0,0.00436083,6666.77,2416,nan,nan,nan,float
ecm,SMO,observers,evtol,noise_step,1,0.00322697,0.00326596,0.00264163,0.0120651,-0.00124249,0,0,0.00322611,1723.32,2404,nan,nan,nan,float
ecm,SMO-Adaptive,observers,evtol,noise_step,1,0.00382286,0.00408467,0.00313802,0.0144199,-0.00149216,0,0,0.00338697,2182.91,2404,nan,nan,nan,float
ecm,SuperTwisting-SMO,observers,evtol,noise_step,1,0.00295792,0.00195399,0.0020138,0.0141543,0.000507832,0,0,0.0011062,113.797,2144,nan,nan,nan,float
ecm,HGO,observers,evtol,noise_step,1,0.00317627,0.00317339,0.00260629,0.011232,-0.00138699,0,0,0.00320199,1655.53,2348,nan,nan,nan,float
ecm,ESO,observers,evtol,noise_step,1,0.00426478,0.00437627,0.00332364,0.0186175,-0.000750139,0,0,0.00321571,8065.78,2396,nan,nan,nan,float
ecm,UIO,observers,evtol,noise_step,1,0.00290833,0.00296137,0.00236773,0.0103745,-0.000350073,0,0,0.00520667,1350.49,2548,nan,nan,nan,float
ecm,DOB,observers,evtol,noise_step,1,0.00205248,0.00234245,0.00161243,0.00969192,-0.00026679,0,0,0.00438551,2404.86,2400,nan,nan,nan,float
ecm,AdaptiveObserver,observers,evtol,noise_step,1,0.00316685,0.00315756,0.00257919,0.0112257,-0.00136036,0,0,0.0032024,1937.77,2436,0.0155472,nan,nan,float
ecm,IntervalObserver,observers,evtol,noise_step,1,0.00317695,0.00317475,0.00260695,0.011232,-0.00138699,0,0,0.00320198,1571.96,4532,nan,0,0.273833,float
ecm,JointEKF,soh,evtol,noise_step,1,0.00395368,0.00484907,0.00312345,0.013174,0.000656471,0,0,0.00289816,977.105,4376,0.0944224,nan,nan,float
ecm,JointUKF,soh,evtol,noise_step,1,0.0042971,0.00516522,0.00328893,0.0400025,0.000695005,0.4,0,0.00298912,2713.63,4800,0.0708999,nan,nan,float
ecm,DualEKF,soh,evtol,noise_step,1,0.00180083,0.00138746,0.00147491,0.0132051,0.000752285,0,0,0.00287322,898.196,2376,0.0367516,nan,nan,float
ecm,DualUKF,soh,evtol,noise_step,1,0.0026651,0.00243526,0.00224575,0.0400295,0.00102858,0.4,0,0.00298287,1712.27,2756,0.0356296,nan,nan,float
ecm,RLS-EKF,soh,evtol,noise_step,1,0.00651194,0.00450312,0.00582349,0.0132051,0.00500843,0,0,0.00307275,374.876,4464,nan,nan,nan,float
ecm,AWTLS,soh,evtol,noise_step,1,0.00144048,0.0011522,0.00105731,0.0132051,0.00178637,0,0,0.00286755,357.97,4400,0.0524572,nan,nan,float
ecm,PF-Bootstrap,particle,evtol,noise_step,1,0.00440195,0.00567796,0.00304437,0.022121,-2.04444e-05,0,0,0.00289959,79274.8,24256,nan,nan,nan,float
ecm,PF-Fast,particle,evtol,noise_step,1,0.00566808,0.00695216,0.00422463,0.0288664,-0.00278282,0,0,0.00386428,16348.8,5048,nan,nan,nan,float
ecm,PF-Regularized,particle,evtol,noise_step,1,0.00479299,0.00582796,0.00352119,0.0216481,-0.00279909,0,0,0.00293648,88835,24248,nan,nan,nan,float
ecm,PF-Auxiliary,particle,evtol,noise_step,1,0.00261778,0.00287323,0.00203244,0.00898087,-0.000669628,0,0,0.0023047,91226.2,28312,nan,nan,nan,float
ecm,RBPF,particle,evtol,noise_step,1,0.011251,0.0128098,0.00825095,0.0383672,-0.0025484,0,0,0.00471971,35337.1,17424,nan,nan,nan,float
ecm,UPF,particle,evtol,noise_step,1,0.00881902,0.00849788,0.00645677,0.0410602,-0.00192329,0,0,0.00551374,16413.4,12760,nan,nan,nan,float
ecm,EnKF,particle,evtol,noise_step,1,0.0154769,0.0178099,0.0117024,0.062061,-0.0140978,0.1,0,0.00290009,7758.27,3408,nan,nan,nan,float
ecm,ETKF,particle,evtol,noise_step,1,0.00558953,0.0075867,0.0045134,0.02853,-0.00660783,0.1,0,0.00291222,8171.69,2672,nan,nan,nan,float
ecm,GSF,particle,evtol,noise_step,1,0.00164003,0.000995495,0.00124944,0.00567108,0.00072518,0,0,0.0028763,1236.41,4596,nan,nan,nan,float
ecm,NN-Direct,learning,evtol,noise_step,1,0.00980237,0.0131256,0.00662569,0.0520308,-0.0187,0,0,nan,493.258,7604,nan,nan,nan,float
ecm,NN-EKF,learning,evtol,noise_step,1,0.00833271,0.00265026,0.00584486,0.0361302,-0.00599578,196.5,0,0.00192817,974.545,2200,nan,nan,nan,float
ecm,ELM-RLS-EKF,learning,evtol,noise_step,1,0.00160827,0.00124321,0.00138917,0.0132051,0.00090079,0,0,0.00289651,1954.05,5864,nan,nan,nan,float
ecm,MHE-RTI,optimization,evtol,noise_step,1,0.0152587,0.020365,0.0125051,0.0346854,-0.0270412,0,0,0.00373526,11533.4,13472,nan,nan,nan,float
ecm,MHE,optimization,evtol,noise_step,1,0.0126089,0.0174077,0.00968905,0.0291578,-0.0220317,0,0,0.00373385,24177.1,13472,nan,nan,nan,float
ecm,ERTS,smoothers,evtol,noise_step,1,0.00205018,0.00144416,0.00193455,0.00357145,0.000806212,0,0,0.00215788,608.188,6273664,nan,nan,nan,float
ecm,URTS,smoothers,evtol,noise_step,1,0.0013118,0.00111048,0.00119198,0.00285369,0.000703067,0,0,0.00215947,1666.75,6273672,nan,nan,nan,float
ecm,Batch-NLS,smoothers,evtol,noise_step,1,0.00121946,0.000447851,0.000936326,0.00284469,-0.000845626,0,0,0.00215736,3455.83,8685896,nan,nan,nan,float
ecm,FixedLag-EKF,smoothers,evtol,noise_step,1,0.00159787,0.0011541,0.00119513,0.0132051,0.000865594,0,0,0.00286683,3455.91,9996,nan,nan,nan,float
ecm,CoulombCounting,baselines,evtol,outliers,1,0.00276656,0.00354922,0.00246875,0.00440414,-0.00440371,0,0,0.00338068,62.6156,2096,nan,nan,nan,float
ecm,OCVLookup,baselines,evtol,outliers,1,0.0152826,0.0131133,0.0126458,0.0421017,0.002822,0,0,0.0118493,1243.14,2104,nan,nan,nan,float
ecm,CoulombOCVHybrid,baselines,evtol,outliers,1,0.00126024,0.000551335,0.000990793,0.00341105,0.000417367,0,0,0.00144875,187.636,2104,nan,nan,nan,float
ecm,EKF,kalman,evtol,outliers,1,0.0059055,0.00345027,0.00504031,0.0178079,-0.00308582,0,0,0.00209571,359.651,2168,nan,nan,nan,float
ecm,UKF,kalman,evtol,outliers,1,0.00134075,0.000585242,0.000776389,0.0484902,-0.00126417,0.3,0,0.00227673,1067.41,2388,nan,nan,nan,float
ecm,LKF,kalman,evtol,outliers,1,0.0324943,0.0119421,0.0244961,0.0640297,-0.0102977,0.5,0,0.0022629,298.989,2340,nan,nan,nan,float
ecm,IEKF,kalman,evtol,outliers,1,0.00859509,0.00385814,0.00692521,0.0494258,-0.0033395,79.7,0,0.00211451,442.047,2168,nan,nan,nan,float
ecm,CKF,kalman,evtol,outliers,1,0.00457384,0.000972421,0.0030773,0.0537541,2.26498e-05,0.3,0,0.00214445,973.807,2280,nan,nan,nan,float
ecm,SCKF,kalman,evtol,outliers,1,0.00454543,0.000950782,0.0030422,0.053754,-4.61936e-07,0.3,0,0.00214447,1336.19,2348,nan,nan,nan,float
ecm,CKF5,kalman,evtol,outliers,1,0.00272706,0.000562605,0.00176199,0.0589863,-0.000270367,0.3,0,0.00216538,2850.2,2812,nan,nan,nan,float
ecm,CDKF,kalman,evtol,outliers,1,0.00276017,0.000623105,0.00182362,0.0589861,-0.000185728,0.3,0,0.00216541,1113.45,2156,nan,nan,nan,float
ecm,GHKF,kalman,evtol,outliers,1,0.00286694,0.000955219,0.00209194,0.0589861,0.000257075,0.3,0,0.00216552,9355.24,5392,nan,nan,nan,float
ecm,IPLF,kalman,evtol,outliers,1,0.00539478,0.00138771,0.00313169,0.0431849,-0.00130837,2.7,0,0.00226135,1966.15,2392,nan,nan,nan,float
ecm,EIF,kalman,evtol,outliers,1,0.00279989,0.00156045,0.00234293,0.0176076,-0.00189868,0,0,0.00209484,901.311,2236,nan,nan,nan,float
ecm,SR-EKF,kalman,evtol,outliers,1,0.00590408,0.00344428,0.00503761,0.017808,-0.00308582,0,0,0.00209571,709.769,2220,nan,nan,nan,float
ecm,SR-UKF,kalman,evtol,outliers,1,0.00427696,0.00121866,0.00294794,0.0485629,-0.00132772,0.3,0,0.00228059,1309.4,2448,nan,nan,nan,float
ecm,UD-EKF,kalman,evtol,outliers,1,0.00590556,0.00345029,0.00504035,0.017808,-0.00308567,0,0,0.00209571,386.783,2240,nan,nan,nan,float
ecm,SO-EKF,kalman,evtol,outliers,1,0.00563885,0.00200487,0.00376783,0.0384971,-0.00165279,0.3,0,0.00224652,2927.96,2252,nan,nan,nan,float
ecm,SageHusa-AKF,adaptive_kalman,evtol,outliers,1,0.00226927,0.000770061,0.00134642,0.0132545,-0.000952661,0,0,0.0011648,377.933,2408,nan,nan,nan,float
ecm,IAE-AKF,adaptive_kalman,evtol,outliers,1,0.00193791,0.00111733,0.00155562,0.017814,-0.00120172,0,0,0.00103154,377.051,2528,nan,nan,nan,float
ecm,VB-AKF,adaptive_kalman,evtol,outliers,1,0.000647515,0.000521722,0.000453056,0.0132545,-0.000757203,0,0,0.00102002,659.586,2204,nan,nan,nan,float
ecm,STF,adaptive_kalman,evtol,outliers,1,0.0145265,0.013643,0.00617746,0.140714,-0.000487953,-1,0,0.0118264,435.495,2340,nan,nan,nan,float
ecm,Fading-EKF,adaptive_kalman,evtol,outliers,1,0.00267774,0.0009481,0.00178419,0.0295975,-0.000489667,0.3,0,0.00188168,356.497,2192,nan,nan,nan,float
ecm,Fuzzy-AKF,adaptive_kalman,evtol,outliers,1,0.0018806,0.000913643,0.00135894,0.0178079,-0.00125597,0,0,0.0014776,577.645,2416,nan,nan,nan,float
ecm,IMM,adaptive_kalman,evtol,outliers,1,0.0039009,0.00131307,0.00293816,0.0253172,0.000898093,0.3,0,0.000953499,1286.67,2488,nan,nan,nan,float
ecm,MMAE,adaptive_kalman,evtol,outliers,1,0.00729836,0.00497808,0.00679703,0.0177423,-0.0041514,0,0,0.0021044,1166.44,6600,-0.000737969,nan,nan,float
ecm,Schmidt-KF,robust_kalman,evtol,outliers,1,0.00594338,0.0058979,0.00512213,0.0208859,-0.0123119,4,0,0.00558177,1047.42,4428,nan,nan,nan,float
ecm,Hinf-EKF,robust_kalman,evtol,outliers,1,0.00215946,0.0003379,0.00104577,0.0177696,1.35303e-05,0,0,0.00209548,585.989,2216,nan,nan,nan,float
ecm,Huber-EKF,robust_kalman,evtol,outliers,1,0.00111196,0.000643659,0.000652986,0.0132545,-0.000856727,0,0,0.000811584,493.429,2184,nan,nan,nan,float
ecm,MC-EKF,robust_kalman,evtol,outliers,1,0.000968396,0.000822855,0.000830668,0.0132545,-0.000893489,0,0,0.000806758,731.452,2192,nan,nan,nan,float
ecm,StudentT-KF,robust_kalman,evtol,outliers,1,0.00218808,0.000273229,0.00126086,0.0132545,-0.000448599,0,0,0.000796233,529.745,2284,nan,nan,nan,float
ecm,Constrained-EKF,robust_kalman,evtol,outliers,1,0.00590641,0.00345249,0.00504179,0.0178079,-0.0030894,0,0,0.00209581,421.906,2212,nan,nan,nan,float
ecm,ReducedOrder-EKF,robust_kalman,evtol,outliers,1,0.00205332,0.000736287,0.00135034,0.0260218,0.000827104,0.3,0,0.00119669,317.764,2136,nan,nan,nan,float
ecm,SVSF,robust_kalman,evtol,outliers,1,0.0596997,0.0441043,0.0534788,0.116759,0.0210575,4.1,0,0.0092489,488.748,2188,nan,nan,nan,float
ecm,Luenberger,observers,evtol,outliers,1,0.00170844,0.00175097,0.00133505,0.00810948,-0.00101557,0,0,0.00229978,763.094,2328,nan,nan,nan,float
ecm,SSKF,observers,evtol,outliers,1,0.00170844,0.00175097,0.00133505,0.00810948,-0.00101557,0,0,0.00229978,630.748,2328,nan,nan,nan,float
ecm,PI-Observer,observers,evtol,outliers,1,0.00537835,0.00693645,0.00350819,0.0179093,-0.00108723,0,0,0.00702923,2914.27,2416,nan,nan,nan,float
ecm,SMO,observers,evtol,outliers,1,0.00189486,0.00185378,0.00147699,0.00871411,-0.00151478,0,0,0.00226514,824.903,2404,nan,nan,nan,float
ecm,SMO-Adaptive,observers,evtol,outliers,1,0.00197859,0.00200386,0.00154028,0.0099189,-0.00147893,0,0,0.0022619,833.483,2404,nan,nan,nan,float
ecm,SuperTwisting-SMO,observers,evtol,outliers,1,0.00261445,0.000971508,0.00162697,0.0136036,0.000620991,0,0,0.000829262,119.005,2144,nan,nan,nan,float
ecm,HGO,observers,evtol,outliers,1,0.00170844,0.00175097,0.00133505,0.00810948,-0.00101557,0,0,0.00229978,768.693,2348,nan,nan,nan,float
ecm,ESO,observers,evtol,outliers,1,0.00283554,0.00251826,0.00217208,0.0174781,-0.00107908,0,0,0.0023224,3247.59,2396,nan,nan,nan,float
ecm,UIO,observers,evtol,outliers,1,0.00153953,0.00126668,0.00109765,0.00830072,-0.000846103,0,0,0.00515551,707.375,2548,nan,nan,nan,float
ecm,DOB,observers,evtol,outliers,1,0.00160941,0.00120402,0.0011966,0.0073933,-0.000628561,0,0,0.00310019,1163.9,2400,nan,nan,nan,float
ecm,AdaptiveObserver,observers,evtol,outliers,1,0.00167673,0.00173775,0.0013078,0.00802594,-0.00100841,0,0,0.0023,1066.99,2436,0.0163459,nan,nan,float
ecm,IntervalObserver,observers,evtol,outliers,1,0.00170844,0.00175097,0.00133505,0.00810948,-0.00101557,0,0,0.00229978,906.222,4532,nan,0,0.273844,float
ecm,JointEKF,soh,evtol,outliers,1,0.00617572,0.00195058,0.00420215,0.0295802,0.00164351,0,0,0.00215411,1002.47,4376,0.030098,nan,nan,float
ecm,JointUKF,soh,evtol,outliers,1,0.0107115,0.00165292,0.0067074,0.0503011,0.00086914,282.3,0,0.00233674,2705.91,4800,0.0214348,nan,nan,float
ecm,DualEKF,soh,evtol,outliers,1,0.00160139,0.000419382,0.00090453,0.0176379,0.000584081,0,0,0.00210503,901.781,2376,0.0572207,nan,nan,float
ecm,DualUKF,soh,evtol,outliers,1,0.00543839,0.00159811,0.0040385,0.048163,-0.00216419,0.3,0,0.00232121,1713.43,2756,-0.0343925,nan,nan,float
ecm,RLS-EKF,soh,evtol,outliers,1,0.00624802,0.00402673,0.0051773,0.0192063,0.00460625,0,0,0.00244936,374.358,4464,nan,nan,nan,float
ecm,AWTLS,soh,evtol,outliers,1,0.0061055,0.00477178,0.00494932,0.0178079,0.0069015,0,0,0.0020978,358.013,4400,0.19326,nan,nan,float
ecm,PF-Bootstrap,particle,evtol,outliers,1,0.00336828,0.00319254,0.00259297,0.0165009,-0.00515132,0,0,0.00160014,70837.6,24256,nan,nan,nan,float
ecm,PF-Fast,particle,evtol,outliers,1,0.00483691,0.00323274,0.00326698,0.0281627,0.00156812,0,0,0.00155294,14361.7,5048,nan,nan,nan,float
ecm,PF-Regularized,particle,evtol,outliers,1,0.00411548,0.00260683,0.00294232,0.0206964,-0.00195958,0.6,0,0.00158423,77874.8,24248,nan,nan,nan,float
ecm,PF-Auxiliary,particle,evtol,outliers,1,0.0032514,0.00217552,0.00247102,0.011502,-0.00314984,0,0,0.00171788,89791.8,28312,nan,nan,nan,float
ecm,RBPF,particle,evtol,outliers,1,0.0126087,0.0149111,0.0101542,0.0364534,-0.00558618,206.9,0,0.00201069,32237.3,17424,nan,nan,nan,float
ecm,UPF,particle,evtol,outliers,1,0.00851269,0.00558569,0.00591781,0.0471879,-0.00890596,297.2,0,0.00373229,16406.6,12760,nan,nan,nan,float
ecm,EnKF,particle,evtol,outliers,1,0.00823012,0.00926277,0.00658048,0.0744382,-0.00163138,0.3,0,0.00227079,7743.17,3408,nan,nan,nan,float
ecm,ETKF,particle,evtol,outliers,1,0.0111446,0.00769851,0.0104931,0.0771922,0.00781067,0.3,0,0.00222748,8155.22,2672,nan,nan,nan,float
ecm,GSF,particle,evtol,outliers,1,0.0102259,0.00182497,0.0024107,0.127292,-0.00227322,33.9,0,0.0021237,1239.74,4596,nan,nan,nan,float
ecm,NN-Direct,learning,evtol,outliers,1,0.00895465,0.012024,0.00570258,0.0500673,-0.019428,0,0,nan,493.401,7604,nan,nan,nan,float
ecm,NN-EKF,learning,evtol,outliers,1,0.00805504,0.00276182,0.00581504,0.0361731,-0.00623284,190.9,0,0.00152629,971.809,2200,nan,nan,nan,float
ecm,ELM-RLS-EKF,learning,evtol,outliers,1,0.00588159,0.00352047,0.00508701,0.0178079,-0.00291862,0,0,0.00206919,2738.22,5864,nan,nan,nan,float
ecm,MHE-RTI,optimization,evtol,outliers,1,0.00820157,0.0085161,0.00745619,0.0249734,-0.0116663,0.3,0,0.00267739,11626.6,13472,nan,nan,nan,float
ecm,MHE,optimization,evtol,outliers,1,0.00825941,0.0069852,0.00679019,0.0257616,-0.00749223,0.3,0,0.00267636,22359.4,13472,nan,nan,nan,float
ecm,ERTS,smoothers,evtol,outliers,1,0.00236803,0.0025677,0.00235141,0.00308681,-0.00308582,0,0,0.00166068,593.222,6273664,nan,nan,nan,float
ecm,URTS,smoothers,evtol,outliers,1,0.00105285,0.000668751,0.000903963,0.0022788,-0.00126417,0,0,0.00162567,1624.88,6273672,nan,nan,nan,float
ecm,Batch-NLS,smoothers,evtol,outliers,1,0.00236345,0.00292374,0.00221854,0.00356656,-0.00356556,0,0,0.00163059,2953.67,8685896,nan,nan,nan,float
ecm,FixedLag-EKF,smoothers,evtol,outliers,1,0.00554775,0.00315072,0.00466303,0.01775,-0.00302768,0,0,0.00209572,3461.95,9996,nan,nan,nan,float
ecm,CoulombCounting,baselines,evtol,cold,1,0.00335446,0.00434819,0.0029589,0.00557114,-0.00557114,0,0,0.00616092,62.1067,2096,nan,nan,nan,float
ecm,OCVLookup,baselines,evtol,cold,1,0.0181979,0.015733,0.0155312,0.053215,0.0042288,0,0,0.0119353,1239.93,2104,nan,nan,nan,float
ecm,CoulombOCVHybrid,baselines,evtol,cold,1,0.00342394,0.00204877,0.00310922,0.00599885,0.00181982,0,0,0.00259546,184.828,2104,nan,nan,nan,float
ecm,EKF,kalman,evtol,cold,1,0.00146552,0.000708422,0.00099221,0.0126715,-0.00112911,0,0,0.00188436,361.026,2168,nan,nan,nan,float
ecm,UKF,kalman,evtol,cold,1,0.00295183,0.000298453,0.00137222,0.0407571,0.000561297,0.4,0,0.00202686,1062.82,2388,nan,nan,nan,float
ecm,LKF,kalman,evtol,cold,1,0.131471,0.12524,0.12385,0.190218,0.118403,0,0,0.0038835,292.703,2340,nan,nan,nan,float
ecm,IEKF,kalman,evtol,cold,1,0.00315716,0.00271794,0.00267306,0.0108972,-0.0034904,0,0,0.0018838,435.57,2168,nan,nan,nan,float
ecm,CKF,kalman,evtol,cold,1,0.000835454,0.000788934,0.000652471,0.0105672,-0.00108923,0,0,0.00188855,957.06,2280,nan,nan,nan,float
ecm,SCKF,kalman,evtol,cold,1,0.000826312,0.000767146,0.000643854,0.0105672,-0.00103311,0,0,0.00188855,1320.1,2348,nan,nan,nan,float
ecm,CKF5,kalman,evtol,cold,1,0.000810795,0.000823488,0.000622364,0.0151846,-0.00110748,0,0,0.00189191,2807.3,2812,nan,nan,nan,float
ecm,CDKF,kalman,evtol,cold,1,0.000792577,0.000775703,0.000606501,0.0151851,-0.00105055,0,0,0.0018919,1094.73,2156,nan,nan,nan,float
ecm,GHKF,kalman,evtol,cold,1,0.000664546,0.000238451,0.000450581,0.0151858,-0.000384644,0,0,0.00189185,9247.59,5392,nan,nan,nan,float
ecm,IPLF,kalman,evtol,cold,1,0.00452012,0.000651503,0.0019371,0.0353126,7.91401e-05,0.3,0,0.00202965,1868.9,2392,nan,nan,nan,float
ecm,EIF,kalman,evtol,cold,1,0.00132028,0.00124931,0.00113432,0.0126714,-0.00137609,0,0,0.00188399,903.431,2236,nan,nan,nan,float
ecm,SR-EKF,kalman,evtol,cold,1,0.00146017,0.000547826,0.00096433,0.0126715,-0.000633121,0,0,0.00188435,692.494,2220,nan,nan,nan,float
ecm,SR-UKF,kalman,evtol,cold,1,0.00301772,0.000972145,0.00163168,0.0407606,-0.00121357,0.4,0,0.00202684,1306.47,2448,nan,nan,nan,float
ecm,UD-EKF,kalman,evtol,cold,1,0.00147206,0.000735225,0.00100379,0.0126715,-0.00113118,0,0,0.00188436,379.998,2240,nan,nan,nan,float
ecm,SO-EKF,kalman,evtol,cold,1,0.00280453,0.000730649,0.0016224,0.0399946,-0.00112751,0.4,0,0.00200664,2883.19,2252,nan,nan,nan,float
ecm,SageHusa-AKF,adaptive_kalman,evtol,cold,1,0.00201479,0.00231974,0.00191012,0.0126715,-0.00248908,0,0,0.00187777,378.63,2408,nan,nan,nan,float
ecm,IAE-AKF,adaptive_kalman,evtol,cold,1,0.00125403,0.00122022,0.0011022,0.0126715,-0.00144416,0,0,0.00187729,374.584,2528,nan,nan,nan,float
ecm,VB-AKF,adaptive_kalman,evtol,cold,1,0.00201829,0.00232701,0.00191236,0.0126715,-0.0024907,0,0,0.00187727,654.462,2204,nan,nan,nan,float
ecm,STF,adaptive_kalman,evtol,cold,1,0.00476121,0.00511412,0.00406684,0.0392792,0.00219868,0,0,0.00212572,412.992,2340,nan,nan,nan,float
ecm,Fading-EKF,adaptive_kalman,evtol,cold,1,0.00321828,0.00249341,0.00290768,0.0126715,0.0021181,0,0,0.00187083,352.573,2192,nan,nan,nan,float
ecm,Fuzzy-AKF,adaptive_kalman,evtol,cold,1,0.00136978,0.00120151,0.00118475,0.0126715,-0.00137636,0,0,0.00187784,583.866,2416,nan,nan,nan,float
ecm,IMM,adaptive_kalman,evtol,cold,1,0.0012234,0.00118717,0.00104612,0.0117608,-0.00137414,0,0,0.0018863,1243.81,2488,nan,nan,nan,float
ecm,MMAE,adaptive_kalman,evtol,cold,1,0.0105115,0.011772,0.00999439,0.0134391,-0.00693543,0,0,0.00188912,1159.32,6600,-0.0710746,nan,nan,float
ecm,Schmidt-KF,robust_kalman,evtol,cold,1,0.0156508,0.0169854,0.0153897,0.0211768,-0.0180169,0,0,0.0170344,1039.97,4428,nan,nan,nan,float
ecm,Hinf-EKF,robust_kalman,evtol,cold,1,0.00793023,0.0104017,0.00514348,0.0846848,0.00717036,0,0,0.00188663,589.987,2216,nan,nan,nan,float
ecm,Huber-EKF,robust_kalman,evtol,cold,1,0.00257109,0.00068599,0.00149419,0.0126715,-0.00112198,0,0,0.00187808,481.122,2184,nan,nan,nan,float
ecm,MC-EKF,robust_kalman,evtol,cold,1,0.0012741,0.00120217,0.00109144,0.0126715,-0.0013667,0,0,0.00188052,736.722,2192,nan,nan,nan,float
ecm,StudentT-KF,robust_kalman,evtol,cold,1,0.00136953,0.00125406,0.0011254,0.0126715,-0.00158611,0,0,0.00186967,529.451,2284,nan,nan,nan,float
ecm,Constrained-EKF,robust_kalman,evtol,cold,1,0.00142942,0.000539317,0.000921597,0.0126715,-0.000599235,0,0,0.00188433,430.333,2212,nan,nan,nan,float
ecm,ReducedOrder-EKF,robust_kalman,evtol,cold,1,0.00407068,0.00332039,0.00371992,0.0127189,0.00281544,0,0,0.00186923,318.563,2136,nan,nan,nan,float
ecm,SVSF,robust_kalman,evtol,cold,1,0.00249088,0.000615031,0.00136504,0.0105864,-0.000972807,0,0,0.00188919,484.16,2188,nan,nan,nan,float
ecm,Luenberger,observers,evtol,cold,1,0.0156502,0.00414651,0.0104364,0.0606858,0.00228313,0,0,0.00249617,276.621,2328,nan,nan,nan,float
ecm,SSKF,observers,evtol,cold,1,0.0040544,0.00306672,0.00368564,0.0124278,0.00219634,0,0,0.00189627,338.02,2328,nan,nan,nan,float
ecm,PI-Observer,observers,evtol,cold,1,0.0105462,0.0106855,0.00848318,0.0302628,0.00861818,0,0,0.00411676,655.82,2416,nan,nan,nan,float
ecm,SMO,observers,evtol,cold,1,0.0180987,0.00487471,0.0121861,0.0710317,0.00294523,0,0,0.00227057,307.244,2404,nan,nan,nan,float
ecm,SMO-Adaptive,observers,evtol,cold,1,0.0163652,0.00450585,0.010999,0.0674183,0.00251555,0,0,0.0023115,310.849,2404,nan,nan,nan,float
ecm,SuperTwisting-SMO,observers,evtol,cold,1,0.00561701,0.00378359,0.00443481,0.028222,0.00207932,0,0,0.00194366,120.859,2144,nan,nan,nan,float
ecm,HGO,observers,evtol,cold,1,0.0156502,0.00414651,0.0104364,0.0606858,0.00228313,0,0,0.00249617,274.411,2348,nan,nan,nan,float
ecm,ESO,observers,evtol,cold,1,0.0116466,0.0144596,0.00811092,0.0365443,0.01178,0,0,0.00213312,682.978,2396,nan,nan,nan,float
ecm,UIO,observers,evtol,cold,1,0.0022251,0.00174093,0.00154928,0.00680874,-0.000473484,0,0,0.00404429,409.915,2548,nan,nan,nan,float
ecm,DOB,observers,evtol,cold,1,0.000347348,0.000189451,0.000283742,0.0011571,5.56707e-05,0,0,0.00195108,385.604,2400,nan,nan,nan,float
ecm,AdaptiveObserver,observers,evtol,cold,1,0.00917359,0.00250722,0.00570415,0.0688868,0.00187805,0,0,0.00191632,1286.16,2436,0.0118778,nan,nan,float
ecm,IntervalObserver,observers,evtol,cold,1,0.0040544,0.00306672,0.00368564,0.0124278,0.00219634,0,0,0.00189627,621.995,4532,nan,0,0.367771,float
ecm,JointEKF,soh,evtol,cold,1,0.00548257,0.00366278,0.00440549,0.0163537,0.0021238,0,0,0.00195302,1017.22,4376,0.0798351,nan,nan,float
ecm,JointUKF,soh,evtol,cold,1,0.00192312,0.0013126,0.00142182,0.0402624,-0.00169162,0.7,0,0.00207608,2704.65,4800,-0.00482938,nan,nan,float
ecm,DualEKF,soh,evtol,cold,1,0.00149471,0.00049553,0.000953401,0.0126715,-0.000796422,0,0,0.00188089,905.545,2376,0.0333194,nan,nan,float
ecm,DualUKF,soh,evtol,cold,1,0.0126662,0.0152117,0.0120367,0.0408499,0.0159811,0.4,0,0.00218126,1711.96,2756,0.108148,nan,nan,float
ecm,RLS-EKF,soh,evtol,cold,1,0.00795998,0.00845309,0.00723413,0.0271335,-0.00431196,0,0,0.00559193,372.175,4464,nan,nan,nan,float
ecm,AWTLS,soh,evtol,cold,1,0.00153693,0.000859232,0.00117826,0.0126715,0.00114621,0,0,0.00188422,362.62,4400,0.044356,nan,nan,float
ecm,PF-Bootstrap,particle,evtol,cold,1,0.00579277,0.00615709,0.00484044,0.0180159,0.00435771,0,0,0.00193171,68094.7,24256,nan,nan,nan,float
ecm,PF-Fast,particle,evtol,cold,1,0.00533859,0.00378509,0.00364213,0.0270691,0.00388567,0,0,0.00196276,13762.6,5048,nan,nan,nan,float
ecm,PF-Regularized,particle,evtol,cold,1,0.00406541,0.00502814,0.00330782,0.0118558,0.00672756,0,0,0.00190562,74091.5,24248,nan,nan,nan,float
ecm,PF-Auxiliary,particle,evtol,cold,1,0.00282455,0.00280404,0.00241796,0.00819361,0.00154985,0,0,0.00192163,89877.5,28312,nan,nan,nan,float
ecm,RBPF,particle,evtol,cold,1,0.00195496,0.00162665,0.00146601,0.0126776,-0.00235115,0,0,0.00188743,31700.1,17424,nan,nan,nan,float
ecm,UPF,particle,evtol,cold,1,0.00850568,0.00466291,0.00543555,0.0489057,0.00274564,0,0,0.00218892,16626.9,12760,nan,nan,nan,float
ecm,EnKF,particle,evtol,cold,1,0.0070707,0.00831828,0.00540495,0.0263962,-0.0017902,0.1,0,0.00189497,7655.19,3408,nan,nan,nan,float
ecm,ETKF,particle,evtol,cold,1,0.00304144,0.00311961,0.00259671,0.0290251,-0.00386237,0.1,0,0.00189625,8211.07,2672,nan,nan,nan,float
ecm,GSF,particle,evtol,cold,1,0.0013175,0.00119984,0.00109819,0.0049305,-0.00140722,0,0,0.00189843,1244.4,4596,nan,nan,nan,float
ecm,NN-Direct,learning,evtol,cold,1,0.00548325,0.00716353,0.00365998,0.0265312,-0.00461972,0,0,nan,520.809,7604,nan,nan,nan,float
ecm,NN-EKF,learning,evtol,cold,1,0.00715931,0.00170115,0.00492927,0.0338815,-0.00246005,0.1,0,0.00186399,1060.85,2200,nan,nan,nan,float
ecm,ELM-RLS-EKF,learning,evtol,cold,1,0.00095408,0.000600302,0.000687358,0.0126715,-0.000812545,0,0,0.00184862,2827.91,5864,nan,nan,nan,float
ecm,MHE-RTI,optimization,evtol,cold,1,0.00833317,0.00902136,0.00808122,0.0175695,-0.00799781,0,0,0.00192108,11585.1,13472,nan,nan,nan,float
ecm,MHE,optimization,evtol,cold,1,0.00987957,0.0108943,0.00965328,0.0150508,-0.0126448,0,0,0.00192053,21614.4,13472,nan,nan,nan,float
ecm,ERTS,smoothers,evtol,cold,1,0.00180823,0.000635824,0.00142369,0.0038271,-0.00112911,0,0,0.00180282,603.387,6273664,nan,nan,nan,float
ecm,URTS,smoothers,evtol,cold,1,0.00221532,0.00116892,0.00193103,0.00464576,0.000561297,0,0,0.00180592,1638.41,6273672,nan,nan,nan,float
ecm,Batch-NLS,smoothers,evtol,cold,1,0.00144699,0.00102538,0.00117729,0.00308722,-0.00196499,0,0,0.00180287,2961.19,8685896,nan,nan,nan,float
ecm,FixedLag-EKF,smoothers,evtol,cold,1,0.00134058,0.000949852,0.000869883,0.0126715,-0.00130276,0,0,0.00188417,3407.28,9996,nan,nan,nan,float
ecm,CoulombCounting,baselines,evtol,hot,1,0.0019298,0.00241653,0.00176167,0.00277564,-0.00277556,0,0,0.00224034,58.5746,2096,nan,nan,nan,float
ecm,OCVLookup,baselines,evtol,hot,1,0.0145199,0.0124366,0.0120901,0.0393766,0.00221094,0,0,0.0118131,1213.82,2104,nan,nan,nan,float
ecm,CoulombOCVHybrid,baselines,evtol,hot,1,0.00306642,0.00240923,0.00295498,0.0046922,0.000596926,0,0,0.00241384,185.592,2104,nan,nan,nan,float
ecm,EKF,kalman,evtol,hot,1,0.00156747,0.000301977,0.000839438,0.0121008,-0.000391498,0,0,0.000543466,354.876,2168,nan,nan,nan,float
ecm,UKF,kalman,evtol,hot,1,0.00274773,0.000291276,0.00143907,0.0404342,-0.000394344,0.4,0,0.000916447,1042.34,2388,nan,nan,nan,float
ecm,LKF,kalman,evtol,hot,1,0.0214889,0.0161938,0.0181891,0.0391853,-0.0317804,0,0,0.00102211,290.129,2340,nan,nan,nan,float
ecm,IEKF,kalman,evtol,hot,1,0.00109132,0.000385077,0.000607005,0.00996667,-0.000445291,0,0,0.000541168,425.555,2168,nan,nan,nan,float
ecm,CKF,kalman,evtol,hot,1,0.000765658,0.000339673,0.000477096,0.0108688,-0.000380307,0,0,0.000557522,952.971,2280,nan,nan,nan,float
ecm,SCKF,kalman,evtol,hot,1,0.000765968,0.000343028,0.00047869,0.0108688,-0.000386983,0,0,0.000557518,1308.44,2348,nan,nan,nan,float
ecm,CKF5,kalman,evtol,hot,1,0.00074244,0.000321821,0.000447959,0.0154862,-0.000361606,0,0,0.000568728,2775.15,2812,nan,nan,nan,float
ecm,CDKF,kalman,evtol,hot,1,0.00073602,0.000282596,0.000430039,0.0154858,-0.000326499,0,0,0.000568733,1105.21,2156,nan,nan,nan,float
ecm,GHKF,kalman,evtol,hot,1,0.000739583,9.63596e-05,0.000393361,0.0154862,-5.81741e-05,0,0,0.000568882,9244.01,5392,nan,nan,nan,float
ecm,IPLF,kalman,evtol,hot,1,0.00477104,0.00052936,0.00257017,0.0353688,-0.000401825,0.3,0,0.000929648,1830.07,2392,nan,nan,nan,float
ecm,EIF,kalman,evtol,hot,1,0.00115795,0.000349514,0.000636633,0.0121009,-0.000400886,0,0,0.000543135,870.035,2236,nan,nan,nan,float
ecm,SR-EKF,kalman,evtol,hot,1,0.00156735,0.000301993,0.000839338,0.0121008,-0.000391811,0,0,0.000543465,703.71,2220,nan,nan,nan,float
ecm,SR-UKF,kalman,evtol,hot,1,0.00254514,0.000408708,0.00132911,0.0404388,-0.000418693,0.4,0,0.000916293,1319.19,2448,nan,nan,nan,float
ecm,UD-EKF,kalman,evtol,hot,1,0.00156737,0.000301204,0.000839165,0.0121008,-0.000389487,0,0,0.000543468,382.656,2240,nan,nan,nan,float
ecm,SO-EKF,kalman,evtol,hot,1,0.00301269,0.000235091,0.00162787,0.0396417,-0.000344232,0.4,0,0.000872509,2891.84,2252,nan,nan,nan,float
ecm,SageHusa-AKF,adaptive_kalman,evtol,hot,1,0.00179206,0.00025816,0.00102694,0.0121008,-0.000377193,0,0,0.000544727,377.142,2408,nan,nan,nan,float
ecm,IAE-AKF,adaptive_kalman,evtol,hot,1,0.00144012,0.00030866,0.00079383,0.0121008,-0.000387222,0,0,0.000542504,375.417,2528,nan,nan,nan,float
ecm,VB-AKF,adaptive_kalman,evtol,hot,1,0.00178833,0.000257922,0.00102224,0.0121008,-0.00037621,0,0,0.000543557,652.478,2204,nan,nan,nan,float
ecm,STF,adaptive_kalman,evtol,hot,1,0.0020166,0.000736128,0.00110348,0.0237397,-0.000459224,0,0,0.000666183,410.075,2340,nan,nan,nan,float
ecm,Fading-EKF,adaptive_kalman,evtol,hot,1,0.00177036,0.000215905,0.000857003,0.0121008,2.34097e-05,0,0,0.000524297,353.745,2192,nan,nan,nan,float
ecm,Fuzzy-AKF,adaptive_kalman,evtol,hot,1,0.00172187,0.000262606,0.000989442,0.0121008,-0.000391737,0,0,0.000545146,577.995,2416,nan,nan,nan,float
ecm,IMM,adaptive_kalman,evtol,hot,1,0.00204071,0.000232694,0.00114745,0.0115625,-0.000359029,0,0,0.000544944,1257.83,2488,nan,nan,nan,float
ecm,MMAE,adaptive_kalman,evtol,hot,1,0.0026728,0.00137362,0.0023689,0.0121009,-0.00105868,0,0,0.000552078,1157.14,6600,0.0177758,nan,nan,float
ecm,Schmidt-KF,robust_kalman,evtol,hot,1,0.0023804,0.00238169,0.00209664,0.0120962,-0.00291345,0,0,0.00181679,1017.64,4428,nan,nan,nan,float
ecm,Hinf-EKF,robust_kalman,evtol,hot,1,0.00146119,0.00029936,0.000787681,0.0121261,-0.000367761,0,0,0.000543668,568.22,2216,nan,nan,nan,float
ecm,Huber-EKF,robust_kalman,evtol,hot,1,0.00192745,0.000248883,0.00108574,0.0121008,-0.000358924,0,0,0.000531985,468.692,2184,nan,nan,nan,float
ecm,MC-EKF,robust_kalman,evtol,hot,1,0.00157276,0.000302318,0.000841848,0.0121008,-0.000389993,0,0,0.0005379,729.436,2192,nan,nan,nan,float
ecm,StudentT-KF,robust_kalman,evtol,hot,1,0.00134044,0.000296432,0.000747334,0.0121008,-0.000374287,0,0,0.000510558,526.587,2284,nan,nan,nan,float
ecm,Constrained-EKF,robust_kalman,evtol,hot,1,0.00156798,0.000307616,0.000843122,0.0121008,-0.000392556,0,0,0.000543476,422.73,2212,nan,nan,nan,float
ecm,ReducedOrder-EKF,robust_kalman,evtol,hot,1,0.00168615,0.000228662,0.000798829,0.012146,7.54297e-05,0,0,0.000467922,314.092,2136,nan,nan,nan,float
ecm,SVSF,robust_kalman,evtol,hot,1,0.00201154,0.00029714,0.00103229,0.00693381,-0.000381976,0,0,0.000520443,479.585,2188,nan,nan,nan,float
ecm,Luenberger,observers,evtol,hot,1,0.00172895,0.000355903,0.000906852,0.00576156,0.000202134,0,0,0.000578906,390.168,2328,nan,nan,nan,float
ecm,SSKF,observers,evtol,hot,1,0.00172895,0.000355903,0.000906852,0.00576156,0.000202134,0,0,0.000578906,348.061,2328,nan,nan,nan,float
ecm,PI-Observer,observers,evtol,hot,1,0.00196604,0.000513782,0.00100187,0.00808191,0.000280768,0,0,0.0005795,1287.43,2416,nan,nan,nan,float
ecm,SMO,observers,evtol,hot,1,0.00174963,0.000377209,0.000921607,0.00588185,0.000226021,0,0,0.000588214,402.845,2404,nan,nan,nan,float
ecm,SMO-Adaptive,observers,evtol,hot,1,0.00174716,0.000366646,0.000916498,0.00586671,0.000216007,0,0,0.000583527,405.994,2404,nan,nan,nan,float
ecm,SuperTwisting-SMO,observers,evtol,hot,1,0.00202264,0.000363025,0.000959198,0.00869149,0.000261426,0,0,0.000536051,120.195,2144,nan,nan,nan,float
ecm,HGO,observers,evtol,hot,1,0.00172895,0.000355903,0.000906852,0.00576156,0.000202134,0,0,0.000578906,394.374,2348,nan,nan,nan,float
ecm,ESO,observers,evtol,hot,1,0.00196604,0.000513781,0.00100187,0.00808173,0.000280768,0,0,0.0005795,1279.31,2396,nan,nan,nan,float
ecm,UIO,observers,evtol,hot,1,0.00158708,0.000471126,0.000964458,0.0075742,-0.000932097,0,0,0.0038137,461.37,2548,nan,nan,nan,float
ecm,DOB,observers,evtol,hot,1,0.000933537,0.000326297,0.000554864,0.00338256,-2.40654e-05,0,0,0.000661674,645.055,2400,nan,nan,nan,float
ecm,AdaptiveObserver,observers,evtol,hot,1,0.00171727,0.000354402,0.000887579,0.00576043,0.000203714,0,0,0.000578899,691.762,2436,0.032716,nan,nan,float
ecm,IntervalObserver,observers,evtol,hot,1,0.00172895,0.000355903,0.000906852,0.00576156,0.000202134,0,0,0.000578906,630.126,4532,nan,0,0.251608,float
ecm,JointEKF,soh,evtol,hot,1,0.00093323,0.000473308,0.000589708,0.0120904,0.00022532,0,0,0.000554158,998.881,4376,0.0459258,nan,nan,float
ecm,JointUKF,soh,evtol,hot,1,0.00182703,0.000659034,0.00102562,0.0405115,0.000316218,0.4,0,0.000911825,2715.52,4800,0.0370285,nan,nan,float
ecm,DualEKF,soh,evtol,hot,1,0.00133921,0.000472377,0.000847696,0.0121008,0.000167668,0,0,0.000545673,897.941,2376,0.0566816,nan,nan,float
ecm,DualUKF,soh,evtol,hot,1,0.00146432,0.00041039,0.000767164,0.0404398,-0.000552967,0.4,0,0.000920974,1716.96,2756,0.0351974,nan,nan,float
ecm,RLS-EKF,soh,evtol,hot,1,0.00584571,0.00404675,0.00535379,0.0121008,0.00393526,0,0,0.000858495,372.565,4464,nan,nan,nan,float
ecm,AWTLS,soh,evtol,hot,1,0.00160244,0.000556176,0.000980859,0.0121008,-0.000545323,0,0,0.000543485,359.036,4400,0.0315683,nan,nan,float
ecm,PF-Bootstrap,particle,evtol,hot,1,0.00129414,0.000695331,0.000833573,0.00695622,-0.000167698,0,0,0.000612348,67536.5,24256,nan,nan,nan,float
ecm,PF-Fast,particle,evtol,hot,1,0.00161194,0.00145963,0.00129371,0.00730205,0.000794992,0,0,0.000714481,14198.1,5048,nan,nan,nan,float
ecm,PF-Regularized,particle,evtol,hot,1,0.00123426,0.000598698,0.000779742,0.00826913,0.000622809,0,0,0.000603878,77218,24248,nan,nan,nan,float
ecm,PF-Auxiliary,particle,evtol,hot,1,0.00206108,0.000712901,0.00117267,0.00910699,0.000305593,0,0,0.000648936,90721.2,28312,nan,nan,nan,float
ecm,RBPF,particle,evtol,hot,1,0.00156999,0.000742859,0.00098964,0.00807685,-0.00101191,0,0,0.000555702,32218.5,17424,nan,nan,nan,float
ecm,UPF,particle,evtol,hot,1,0.0029392,0.00313648,0.00232581,0.0120611,-0.00343728,0,0,0.00111553,16822.7,12760,nan,nan,nan,float
ecm,EnKF,particle,evtol,hot,1,0.00196753,0.00116833,0.00141716,0.0267321,0.00034292,0.1,0,0.000576547,7876.72,3408,nan,nan,nan,float
ecm,ETKF,particle,evtol,hot,1,0.00133334,0.00142714,0.00110927,0.0293373,-0.000616223,0.1,0,0.000586211,8296.06,2672,nan,nan,nan,float
ecm,GSF,particle,evtol,hot,1,0.00156234,0.000302015,0.000837641,0.00565213,-0.000391603,0,0,0.000592543,1246.39,4596,nan,nan,nan,float
ecm,NN-Direct,learning,evtol,hot,1,0.00275216,0.00297097,0.00187883,0.0155536,0.00499812,0,0,nan,512.233,7604,nan,nan,nan,float
ecm,NN-EKF,learning,evtol,hot,1,0.00912024,0.0043425,0.00666955,0.0351823,-0.0089229,225.2,0,0.000719769,1005.75,2200,nan,nan,nan,float
ecm,ELM-RLS-EKF,learning,evtol,hot,1,0.00159757,0.000268899,0.000861979,0.0121008,-0.000324249,0,0,0.000540542,2832.8,5864,nan,nan,nan,float
ecm,MHE-RTI,optimization,evtol,hot,1,0.00222183,0.000378468,0.00105702,0.0124794,-0.000336841,0,0,0.000623383,11734.7,13472,nan,nan,nan,float
ecm,MHE,optimization,evtol,hot,1,0.00194927,0.0004486,0.0010112,0.00996667,-0.000260264,0,0,0.000622368,21286.5,13472,nan,nan,nan,float
ecm,ERTS,smoothers,evtol,hot,1,0.000772339,0.000215776,0.000536898,0.0020442,-0.000391498,0,0,0.000479449,602.709,6273664,nan,nan,nan,float
ecm,URTS,smoothers,evtol,hot,1,0.00103202,0.000223618,0.000716197,0.00309217,-0.000394344,0,0,0.000484745,1657.86,6273672,nan,nan,nan,float
ecm,Batch-NLS,smoothers,evtol,hot,1,0.000821117,0.000251508,0.000579132,0.00214142,-0.000442311,0,0,0.000478124,2611.9,8685896,nan,nan,nan,float
ecm,FixedLag-EKF,smoothers,evtol,hot,1,0.00178093,0.000290802,0.00101847,0.0121008,-0.000333935,0,0,0.000543466,3531.73,9996,nan,nan,nan,float
ecm,CoulombCounting,baselines,evtol,aged_cell,1,0.078142,0.100586,0.0690084,0.129091,0.129091,0,0,0.112758,62.0875,2096,nan,nan,nan,float
ecm,OCVLookup,baselines,evtol,aged_cell,1,0.0185098,0.0137112,0.0143686,0.0694005,0.00112057,0,0,0.0219089,1240.04,2104,nan,nan,nan,float
ecm,CoulombOCVHybrid,baselines,evtol,aged_cell,1,0.0739062,0.0943889,0.0652463,0.127256,0.028052,0,0,0.105392,186.857,2104,nan,nan,nan,float
ecm,EKF,kalman,evtol,aged_cell,1,0.0112329,0.0147645,0.00943486,0.0282889,0.00567286,0,0,0.0038193,363.04,2168,nan,nan,nan,float
ecm,UKF,kalman,evtol,aged_cell,1,0.0084772,0.00917317,0.00699572,0.0433965,0.00352539,0.4,0,0.00388635,1058.85,2388,nan,nan,nan,float
ecm,LKF,kalman,evtol,aged_cell,1,0.0167227,0.0115183,0.0130478,0.0564612,-0.0381908,0,0,0.00407302,296.607,2340,nan,nan,nan,float
ecm,IEKF,kalman,evtol,aged_cell,1,0.0138678,0.0179256,0.0119347,0.0252613,0.00612826,0,0,0.00383765,441.691,2168,nan,nan,nan,float
ecm,CKF,kalman,evtol,aged_cell,1,0.0644241,0.0252892,0.0480284,0.190322,0.00013176,0,0,0.00365706,968.169,2280,nan,nan,nan,float
ecm,SCKF,kalman,evtol,aged_cell,1,0.0641771,0.0248399,0.0476643,0.189933,0.000170968,0,0,0.00366096,1329.91,2348,nan,nan,nan,float
ecm,CKF5,kalman,evtol,aged_cell,1,0.0618889,0.0238744,0.0459149,0.183019,0.00026064,0,0,0.00368716,2823.83,2812,nan,nan,nan,float
ecm,CDKF,kalman,evtol,aged_cell,1,0.0597938,0.0224477,0.0440707,0.17808,0.000838969,0,0,0.00369969,1110.1,2156,nan,nan,nan,float
ecm,GHKF,kalman,evtol,aged_cell,1,0.0555612,0.0196461,0.0403813,0.167675,0.00115037,0,0,0.00372253,9331.33,5392,nan,nan,nan,float
ecm,IPLF,kalman,evtol,aged_cell,1,0.01299,0.0160682,0.0113072,0.0383133,0.00490959,0.2,0,0.00392462,1939.45,2392,nan,nan,nan,float
ecm,EIF,kalman,evtol,aged_cell,1,0.0110456,0.0139784,0.00942286,0.0324888,0.00558218,0,0,0.00381429,888.505,2236,nan,nan,nan,float
ecm,SR-EKF,kalman,evtol,aged_cell,1,0.0112222,0.0147488,0.00942133,0.0282891,0.00558398,0,0,0.00381936,698.64,2220,nan,nan,nan,float
ecm,SR-UKF,kalman,evtol,aged_cell,1,0.00840441,0.0095715,0.0070169,0.0433974,0.00345517,0.4,0,0.00389192,1295.2,2448,nan,nan,nan,float
ecm,UD-EKF,kalman,evtol,aged_cell,1,0.0112314,0.0147622,0.00943385,0.0282895,0.0056733,0,0,0.0038193,386.254,2240,nan,nan,nan,float
ecm,SO-EKF,kalman,evtol,aged_cell,1,0.0112147,0.0145499,0.00951179,0.0430722,0.00555653,0.4,0,0.00388526,2889.67,2252,nan,nan,nan,float
ecm,SageHusa-AKF,adaptive_kalman,evtol,aged_cell,1,0.00995293,0.0111523,0.00859966,0.0226308,0.00590141,0,0,0.0212584,378.639,2408,nan,nan,nan,float
ecm,IAE-AKF,adaptive_kalman,evtol,aged_cell,1,0.0108858,0.0114877,0.00910706,0.0256602,0.00552374,0,0,0.0246795,375.79,2528,nan,nan,nan,float
ecm,VB-AKF,adaptive_kalman,evtol,aged_cell,1,0.00981247,0.011917,0.00827643,0.0234484,0.00599621,0,0,0.0225138,655.556,2204,nan,nan,nan,float
ecm,STF,adaptive_kalman,evtol,aged_cell,1,0.0364108,0.0274816,0.0275033,0.213635,-0.000324633,0,0,0.00218784,413.591,2340,nan,nan,nan,float
ecm,Fading-EKF,adaptive_kalman,evtol,aged_cell,1,0.0170374,0.0178155,0.015178,0.0469659,-0.00408779,0,0,0.00415803,354.165,2192,nan,nan,nan,float
ecm,Fuzzy-AKF,adaptive_kalman,evtol,aged_cell,1,0.010085,0.0127802,0.00830192,0.0266821,0.00568612,0,0,0.0232871,578.188,2416,nan,nan,nan,float
ecm,IMM,adaptive_kalman,evtol,aged_cell,1,0.0063404,0.00833404,0.00497817,0.0203113,0.0033841,0,0,0.00443405,1273.88,2488,nan,nan,nan,float
ecm,MMAE,adaptive_kalman,evtol,aged_cell,1,0.0214765,0.0229146,0.0189633,0.0559325,4.85852e-05,0,0,0.00372028,1154.93,6600,0.372317,nan,nan,float
ecm,Schmidt-KF,robust_kalman,evtol,aged_cell,1,0.00696936,0.00562894,0.00577734,0.0174192,-0.0012919,0,0,0.0368251,1034.42,4428,nan,nan,nan,float
ecm,Hinf-EKF,robust_kalman,evtol,aged_cell,1,0.0085272,0.00879408,0.00705088,0.0364059,0.00351716,0,0,0.00378712,591.956,2216,nan,nan,nan,float
ecm,Huber-EKF,robust_kalman,evtol,aged_cell,1,0.0131761,0.0170692,0.0113216,0.0232356,0.00598125,0,0,0.00760464,483.926,2184,nan,nan,nan,float
ecm,MC-EKF,robust_kalman,evtol,aged_cell,1,0.0116979,0.0120196,0.00964688,0.0392264,0.00460907,0,0,0.0118163,761.986,2192,nan,nan,nan,float
ecm,StudentT-KF,robust_kalman,evtol,aged_cell,1,0.0122547,0.0159262,0.0103106,0.0225242,0.00566911,0,0,0.00799021,546.65,2284,nan,nan,nan,float
ecm,Constrained-EKF,robust_kalman,evtol,aged_cell,1,0.0110483,0.0144156,0.00928675,0.029246,0.00558309,0,0,0.00381754,444.81,2212,nan,nan,nan,float
ecm,ReducedOrder-EKF,robust_kalman,evtol,aged_cell,1,0.0322162,0.0211369,0.0239817,0.128838,-0.00100835,0,0,0.00825714,320.328,2136,nan,nan,nan,float
ecm,SVSF,robust_kalman,evtol,aged_cell,1,0.0105756,0.0103372,0.00859627,0.0429748,0.00461036,0,0,0.00279461,487.548,2188,nan,nan,nan,float
ecm,Luenberger,observers,evtol,aged_cell,1,0.0218105,0.0217451,0.0187987,0.0603354,-0.00085751,0,0,0.00342272,492.256,2328,nan,nan,nan,float
ecm,SSKF,observers,evtol,aged_cell,1,0.0218105,0.0217451,0.0187987,0.0603354,-0.00085751,0,0,0.00342272,418.047,2328,nan,nan,nan,float
ecm,PI-Observer,observers,evtol,aged_cell,1,0.0337397,0.0279222,0.0265477,0.137264,-0.00133161,0,0,0.00623117,1420.96,2416,nan,nan,nan,float
ecm,SMO,observers,evtol,aged_cell,1,0.0224864,0.022099,0.0193479,0.0611721,-0.000883292,0,0,0.00339013,504.509,2404,nan,nan,nan,float
ecm,SMO-Adaptive,observers,evtol,aged_cell,1,0.0223127,0.0219175,0.0191988,0.0605695,-0.000858251,0,0,0.0033978,490.791,2404,nan,nan,nan,float
ecm,SuperTwisting-SMO,observers,evtol,aged_cell,1,0.032333,0.0248215,0.0260097,0.107943,-0.000658318,0,0,0.0138186,113.853,2144,nan,nan,nan,float
ecm,HGO,observers,evtol,aged_cell,1,0.0219422,0.0217505,0.0188854,0.060364,-0.000858981,0,0,0.00346555,497.608,2348,nan,nan,nan,float
ecm,ESO,observers,evtol,aged_cell,1,0.0331381,0.0264422,0.025771,0.137264,-0.00122097,0,0,0.00351236,1509.53,2396,nan,nan,nan,float
ecm,UIO,observers,evtol,aged_cell,1,0.0207849,0.019104,0.0181466,0.0528471,-0.00192271,0,0,0.00346135,467.676,2548,nan,nan,nan,float
ecm,DOB,observers,evtol,aged_cell,1,0.0280427,0.0197301,0.0213756,0.103585,-0.00254884,0,0,0.0032096,674.411,2400,nan,nan,nan,float
ecm,AdaptiveObserver,observers,evtol,aged_cell,1,0.0118238,0.0110431,0.0100009,0.0330929,-0.000157841,0,0,0.00254098,728.044,2436,0.765293,nan,nan,float
ecm,IntervalObserver,observers,evtol,aged_cell,1,0.0218105,0.0217451,0.0187987,0.0603354,-0.00085751,0,0,0.00342272,701.314,4532,nan,0,0.251408,float
ecm,JointEKF,soh,evtol,aged_cell,1,0.000884586,0.000200068,0.000518429,0.00655669,0.000115488,0,0,0.00104354,999.774,4376,0.0414822,nan,nan,float
ecm,JointUKF,soh,evtol,aged_cell,1,0.00126672,0.000759088,0.000792312,0.0435132,0.000144701,0.4,0,0.00128824,2697.61,4800,0.0332645,nan,nan,float
ecm,DualEKF,soh,evtol,aged_cell,1,0.00648726,0.00596751,0.00545582,0.0135551,-0.00075702,0,0,0.0011457,898.124,2376,0.0496026,nan,nan,float
ecm,DualUKF,soh,evtol,aged_cell,1,0.00242238,0.0009001,0.00168958,0.0434115,3.99277e-05,0.4,0,0.00133183,1714.19,2756,0.0178141,nan,nan,float
ecm,RLS-EKF,soh,evtol,aged_cell,1,0.0380556,0.0428897,0.0350295,0.0544795,0.0108562,0,0,0.00223898,375.896,4464,nan,nan,nan,float
ecm,AWTLS,soh,evtol,aged_cell,1,0.00504965,0.00553201,0.00370079,0.0282889,-0.00254742,0,0,0.00376242,358.981,4400,0.0706656,nan,nan,float
ecm,PF-Bootstrap,particle,evtol,aged_cell,1,0.032784,0.0250234,0.0256641,0.143019,-0.00088422,0,0,0.00485955,70362.9,24256,nan,nan,nan,float
ecm,PF-Fast,particle,evtol,aged_cell,1,0.0351023,0.0259786,0.0268079,0.159818,-0.00127771,0,0,0.00369083,14535,5048,nan,nan,nan,float
ecm,PF-Regularized,particle,evtol,aged_cell,1,0.0313617,0.0249865,0.0240715,0.134613,-0.00112249,0,0,0.00531873,78610.6,24248,nan,nan,nan,float
ecm,PF-Auxiliary,particle,evtol,aged_cell,1,0.0264866,0.0245786,0.0225687,0.0733469,-0.000432149,0,0,0.00703303,89463.5,28312,nan,nan,nan,float
ecm,RBPF,particle,evtol,aged_cell,1,0.0237046,0.0212029,0.0188895,0.0923365,-0.00130802,0,0,0.00298268,32170.7,17424,nan,nan,nan,float
ecm,UPF,particle,evtol,aged_cell,1,0.0347711,0.0266238,0.0255929,0.158639,-0.00156014,0,0,0.0029175,16726.9,12760,nan,nan,nan,float
ecm,EnKF,particle,evtol,aged_cell,1,0.0223781,0.0195577,0.0199634,0.0492887,-0.00129284,0.1,0,0.00360674,7750.21,3408,nan,nan,nan,float
ecm,ETKF,particle,evtol,aged_cell,1,0.0257083,0.0352006,0.0203623,0.0636413,0.0405283,0.1,0,0.00417834,8150.51,2672,nan,nan,nan,float
ecm,GSF,particle,evtol,aged_cell,1,0.0464522,0.0303369,0.0310638,0.204758,-0.00059583,0,0,0.00335341,1246.49,4596,nan,nan,nan,float
ecm,NN-Direct,learning,evtol,aged_cell,1,0.013095,0.0179055,0.0082549,0.0532946,-0.0377277,0,0,nan,495.539,7604,nan,nan,nan,float
ecm,NN-EKF,learning,evtol,aged_cell,1,0.0146851,0.014341,0.0138065,0.0360163,0.00103345,0.1,0,0.0056421,977.261,2200,nan,nan,nan,float
ecm,ELM-RLS-EKF,learning,evtol,aged_cell,1,0.013387,0.0174146,0.0109892,0.0257941,0.00292097,0,0,0.00304533,2783.8,5864,nan,nan,nan,float
ecm,MHE-RTI,optimization,evtol,aged_cell,1,0.00948636,0.00791819,0.00785542,0.0480287,-0.00119106,0,0,0.00342752,11644.4,13472,nan,nan,nan,float
ecm,MHE,optimization,evtol,aged_cell,1,0.013605,0.00806281,0.0104787,0.059282,-0.000903774,0,0,0.00344304,21781.3,13472,nan,nan,nan,float
ecm,ERTS,smoothers,evtol,aged_cell,1,0.0353837,0.0154967,0.0293405,0.0737063,0.00567286,1191.6,0,0.00902109,599.772,6273664,nan,nan,nan,float
ecm,URTS,smoothers,evtol,aged_cell,1,0.0382894,0.0194084,0.0328808,0.0741194,0.00352539,1405.9,0,0.00952111,1641.63,6273672,nan,nan,nan,float
ecm,Batch-NLS,smoothers,evtol,aged_cell,1,0.0429961,0.0162955,0.0346027,0.0906623,0.00502389,1234.2,0,0.00284423,3380.3,8685896,nan,nan,nan,float
ecm,FixedLag-EKF,smoothers,evtol,aged_cell,1,0.0114369,0.0150812,0.0095972,0.0266259,0.00573793,0,0,0.00381941,3558.97,9996,nan,nan,nan,float
ecm,CoulombCounting,baselines,evtol,param_mismatch,1,0.00276542,0.00355163,0.00246633,0.00442265,-0.00442265,0,0,0.0162926,61.982,2096,nan,nan,nan,float
ecm,OCVLookup,baselines,evtol,param_mismatch,1,0.00891224,0.00413368,0.00469546,0.0419518,0.00839609,0,0,0.0137044,1242.13,2104,nan,nan,nan,float
ecm,CoulombOCVHybrid,baselines,evtol,param_mismatch,1,0.00133101,0.00163448,0.00111366,0.00472182,0.00472182,0,0,0.0171606,186.913,2104,nan,nan,nan,float
ecm,EKF,kalman,evtol,param_mismatch,1,0.0143402,0.0152778,0.0135626,0.0284364,-0.0154087,0,0,0.00282259,359.733,2168,nan,nan,nan,float
ecm,UKF,kalman,evtol,param_mismatch,1,0.0154995,0.0151797,0.0148068,0.0423207,-0.0147541,0.4,0,0.00292319,1057.83,2388,nan,nan,nan,float
ecm,LKF,kalman,evtol,param_mismatch,1,0.0181462,0.0118926,0.0148821,0.0369258,-0.0212193,0,0,0.00291519,293.212,2340,nan,nan,nan,float
ecm,IEKF,kalman,evtol,param_mismatch,1,0.00761807,0.00933315,0.00707599,0.0168374,-0.011084,0,0,0.00282887,436.54,2168,nan,nan,nan,float
ecm,CKF,kalman,evtol,param_mismatch,1,0.01471,0.0152697,0.0140418,0.0355338,-0.0152618,0,0,0.00285567,969.203,2280,nan,nan,nan,float
ecm,SCKF,kalman,evtol,param_mismatch,1,0.0149004,0.0154495,0.0142254,0.0351811,-0.0153784,0,0,0.00285518,1321.64,2348,nan,nan,nan,float
ecm,CKF5,kalman,evtol,param_mismatch,1,0.018677,0.0181347,0.0176904,0.0494489,-0.0172153,0,0,0.00284757,2816.42,2812,nan,nan,nan,float
ecm,CDKF,kalman,evtol,param_mismatch,1,0.0186229,0.0180854,0.0176398,0.0492927,-0.0171796,0,0,0.00284764,1113.3,2156,nan,nan,nan,float
ecm,GHKF,kalman,evtol,param_mismatch,1,0.0185211,0.0177252,0.0175055,0.0504053,-0.0167982,0,0,0.00284654,9338.76,5392,nan,nan,nan,float
ecm,IPLF,kalman,evtol,param_mismatch,1,0.00692101,0.00713905,0.00569637,0.0374292,-0.00896958,0.2,0,0.00294264,1932.3,2392,nan,nan,nan,float
ecm,EIF,kalman,evtol,param_mismatch,1,0.0143692,0.0152931,0.0136649,0.0284501,-0.0154254,0,0,0.00282093,898.218,2236,nan,nan,nan,float
ecm,SR-EKF,kalman,evtol,param_mismatch,1,0.0143402,0.0152784,0.0135626,0.0284304,-0.0154088,0,0,0.00282259,694.816,2220,nan,nan,nan,float
ecm,SR-UKF,kalman,evtol,param_mismatch,1,0.00912246,0.0101978,0.00874093,0.0423141,-0.0117819,0.4,0,0.00293291,1308.54,2448,nan,nan,nan,float
ecm,UD-EKF,kalman,evtol,param_mismatch,1,0.0143161,0.0152315,0.0135408,0.0284366,-0.0153544,0,0,0.0028226,379.218,2240,nan,nan,nan,float
ecm,SO-EKF,kalman,evtol,param_mismatch,1,0.00787036,0.00928346,0.00735551,0.0417668,-0.0110769,0.4,0,0.00290686,2895.09,2252,nan,nan,nan,float
ecm,SageHusa-AKF,adaptive_kalman,evtol,param_mismatch,1,0.00575153,0.00742243,0.00450284,0.015284,-0.00975041,0,0,0.0062831,377.994,2408,nan,nan,nan,float
ecm,IAE-AKF,adaptive_kalman,evtol,param_mismatch,1,0.00855379,0.00993013,0.00794103,0.0169936,-0.0110992,0,0,0.00767014,373.647,2528,nan,nan,nan,float
ecm,VB-AKF,adaptive_kalman,evtol,param_mismatch,1,0.00776988,0.0094945,0.00711781,0.0165467,-0.0108164,0,0,0.00680821,654.886,2204,nan,nan,nan,float
ecm,STF,adaptive_kalman,evtol,param_mismatch,1,0.023711,0.0184919,0.0148532,0.146313,0.00299872,0,0,0.00184057,419.046,2340,nan,nan,nan,float
ecm,Fading-EKF,adaptive_kalman,evtol,param_mismatch,1,0.0124643,0.0131063,0.0109672,0.0347788,-0.00612921,0,0,0.00307379,355.66,2192,nan,nan,nan,float
ecm,Fuzzy-AKF,adaptive_kalman,evtol,param_mismatch,1,0.00520268,0.00684589,0.00401816,0.0143349,-0.0088864,0,0,0.00617886,578.694,2416,nan,nan,nan,float
ecm,IMM,adaptive_kalman,evtol,param_mismatch,1,0.00852415,0.00967739,0.00801666,0.0112018,-0.00536178,0,0,0.00336179,1274.04,2488,nan,nan,nan,float
ecm,MMAE,adaptive_kalman,evtol,param_mismatch,1,0.0187913,0.0183112,0.0176283,0.0335131,-0.0163783,0,0,0.00282567,1174.42,6600,-0.011098,nan,nan,float
ecm,Schmidt-KF,robust_kalman,evtol,param_mismatch,1,0.00440986,0.00374617,0.00402004,0.0112437,0.0045242,0,0,0.0177512,1053.1,4428,nan,nan,nan,float
ecm,Hinf-EKF,robust_kalman,evtol,param_mismatch,1,0.0152916,0.015536,0.0142802,0.0336262,-0.0147968,0,0,0.0028371,591.558,2216,nan,nan,nan,float
ecm,Huber-EKF,robust_kalman,evtol,param_mismatch,1,0.00718934,0.00904568,0.00647369,0.0164697,-0.0106749,0,0,0.00442847,481.049,2184,nan,nan,nan,float
ecm,MC-EKF,robust_kalman,evtol,param_mismatch,1,0.00890796,0.0104664,0.00830843,0.019426,-0.0118952,0,0,0.00549743,759.339,2192,nan,nan,nan,float
ecm,StudentT-KF,robust_kalman,evtol,param_mismatch,1,0.0078398,0.00946789,0.00717273,0.0165303,-0.0106994,0,0,0.00458344,541.266,2284,nan,nan,nan,float
ecm,Constrained-EKF,robust_kalman,evtol,param_mismatch,1,0.0143161,0.0152316,0.0135407,0.0284364,-0.015355,0,0,0.00282257,423.262,2212,nan,nan,nan,float
ecm,ReducedOrder-EKF,robust_kalman,evtol,param_mismatch,1,0.0225682,0.0152985,0.0149984,0.0941148,-0.00438188,0,0,0.00591514,318.228,2136,nan,nan,nan,float
ecm,SVSF,robust_kalman,evtol,param_mismatch,1,0.0199055,0.0187173,0.0189138,0.0464146,-0.0167295,0,0,0.00224411,485.737,2188,nan,nan,nan,float
ecm,Luenberger,observers,evtol,param_mismatch,1,0.0130468,0.0146575,0.0101009,0.0514721,-0.000765637,0,0,0.00270878,484.792,2328,nan,nan,nan,float
ecm,SSKF,observers,evtol,param_mismatch,1,0.0130468,0.0146575,0.0101009,0.0514721,-0.000765637,0,0,0.00270878,412.144,2328,nan,nan,nan,float
ecm,PI-Observer,observers,evtol,param_mismatch,1,0.0210386,0.0184933,0.013945,0.0932392,0.00619321,0,0,0.00354727,1417.11,2416,nan,nan,nan,float
ecm,SMO,observers,evtol,param_mismatch,1,0.0148049,0.0146439,0.0111626,0.0521907,0.000175849,0,0,0.00270382,499.77,2404,nan,nan,nan,float
ecm,SMO-Adaptive,observers,evtol,param_mismatch,1,0.0147593,0.0146183,0.0111934,0.0516002,9.28342e-06,0,0,0.00271338,476.724,2404,nan,nan,nan,float
ecm,SuperTwisting-SMO,observers,evtol,param_mismatch,1,0.0217942,0.0173186,0.0139533,0.0846283,0.008692,0,0,0.00674243,114.807,2144,nan,nan,nan,float
ecm,HGO,observers,evtol,param_mismatch,1,0.0128426,0.0146523,0.00993545,0.0514728,-0.00076583,0,0,0.002711,455.004,2348,nan,nan,nan,float
ecm,ESO,observers,evtol,param_mismatch,1,0.0199332,0.0169309,0.0128465,0.0893552,0.00665846,0,0,0.00276918,1676.3,2396,nan,nan,nan,float
ecm,UIO,observers,evtol,param_mismatch,1,0.0144652,0.0135432,0.0119286,0.0400544,-0.00432418,0,0,0.0034767,431.849,2548,nan,nan,nan,float
ecm,DOB,observers,evtol,param_mismatch,1,0.0201913,0.0161169,0.015567,0.0679876,-0.00601444,0,0,0.00252485,687.878,2400,nan,nan,nan,float
ecm,AdaptiveObserver,observers,evtol,param_mismatch,1,0.00802048,0.00818741,0.00575313,0.0304278,0.00376591,0,0,0.0022755,847.639,2436,0.0159558,nan,nan,float
ecm,IntervalObserver,observers,evtol,param_mismatch,1,0.0130468,0.0146575,0.0101009,0.0514721,-0.000765637,0,0,0.00270878,704.788,4532,nan,0,0.286212,float
ecm,JointEKF,soh,evtol,param_mismatch,1,0.00970053,0.00795746,0.00815706,0.0454181,0.00882989,0,0,0.000968101,1008.49,4376,0.0153195,nan,nan,float
ecm,JointUKF,soh,evtol,param_mismatch,1,0.0182318,0.00411453,0.0103259,0.0763614,-0.0022963,0.4,0,0.00126078,2717.68,4800,-0.336293,nan,nan,float
ecm,DualEKF,soh,evtol,param_mismatch,1,0.0174958,0.0222461,0.0153636,0.0266811,0.024299,0,0,0.00104003,909.621,2376,0.134407,nan,nan,float
ecm,DualUKF,soh,evtol,param_mismatch,1,0.0212944,0.0276514,0.0189152,0.0423136,0.0320205,0.4,0,0.00124186,1718.23,2756,0.376234,nan,nan,float
ecm,RLS-EKF,soh,evtol,param_mismatch,1,0.00576937,0.00604364,0.00469786,0.0234883,0.0102614,0,0,0.0015983,373.694,4464,nan,nan,nan,float
ecm,AWTLS,soh,evtol,param_mismatch,1,0.0119512,0.0109326,0.0111722,0.0284364,-0.0104468,0,0,0.00282312,357.81,4400,0.0481485,nan,nan,float
ecm,PF-Bootstrap,particle,evtol,param_mismatch,1,0.0225776,0.0208416,0.015819,0.0943944,-0.000744507,0,0,0.00348673,69428.6,24256,nan,nan,nan,float
ecm,PF-Fast,particle,evtol,param_mismatch,1,0.0217126,0.0179882,0.0143988,0.104958,0.00772013,0,0,0.00297731,14192.9,5048,nan,nan,nan,float
ecm,PF-Regularized,particle,evtol,param_mismatch,1,0.0198213,0.0160153,0.0121318,0.0914401,0.0045314,0,0,0.00349525,77217.7,24248,nan,nan,nan,float
ecm,PF-Auxiliary,particle,evtol,param_mismatch,1,0.0133518,0.0127394,0.0090944,0.0484502,0.00457807,0,0,0.0039559,89820,28312,nan,nan,nan,float
ecm,RBPF,particle,evtol,param_mismatch,1,0.0142682,0.0132325,0.00930603,0.0609011,-0.00788513,0,0,0.00242646,31764.2,17424,nan,nan,nan,float
ecm,UPF,particle,evtol,param_mismatch,1,0.026256,0.0178156,0.0163375,0.147632,0.0135757,482.2,0,0.00203843,16562,12760,nan,nan,nan,float
ecm,EnKF,particle,evtol,param_mismatch,1,0.0225766,0.0224451,0.0160498,0.0949293,-0.00806899,0.1,0,0.00271555,7741.91,3408,nan,nan,nan,float
ecm,ETKF,particle,evtol,param_mismatch,1,0.0127221,0.0119764,0.0120087,0.032299,0.00166273,0.1,0,0.00283973,8138.33,2672,nan,nan,nan,float
ecm,GSF,particle,evtol,param_mismatch,1,0.0286968,0.0222378,0.0105386,0.177879,-0.00550085,0,0,0.0026,1238.42,4596,nan,nan,nan,float
ecm,NN-Direct,learning,evtol,param_mismatch,1,0.00867346,0.0117023,0.00542563,0.0416333,-0.0187119,0,0,nan,491.52,7604,nan,nan,nan,float
ecm,NN-EKF,learning,evtol,param_mismatch,1,0.00888868,0.0079121,0.0069627,0.0310676,-0.0131254,0.1,0,0.00375358,973.717,2200,nan,nan,nan,float
ecm,ELM-RLS-EKF,learning,evtol,param_mismatch,1,0.0121669,0.0129051,0.0114953,0.0245658,-0.0124331,0,0,0.00226772,2793.13,5864,nan,nan,nan,float
ecm,MHE-RTI,optimization,evtol,param_mismatch,1,0.0206661,0.0191836,0.0192428,0.0583479,-0.014892,0,0,0.00271408,11637,13472,nan,nan,nan,float
ecm,MHE,optimization,evtol,param_mismatch,1,0.0134606,0.0146396,0.0128175,0.0320785,-0.00984804,0,0,0.00272127,21317.7,13472,nan,nan,nan,float
ecm,ERTS,smoothers,evtol,param_mismatch,1,0.0140367,0.0148135,0.014002,0.0158311,-0.0154087,0,0,0.00222918,605.714,6273664,nan,nan,nan,float
ecm,URTS,smoothers,evtol,param_mismatch,1,0.0139535,0.0144009,0.0139387,0.0152766,-0.0147541,0,0,0.00239825,1641.93,6273672,nan,nan,nan,float
ecm,Batch-NLS,smoothers,evtol,param_mismatch,1,0.0114456,0.0130765,0.0112577,0.0144733,-0.0141096,0,0,0.00217138,2636.27,8685896,nan,nan,nan,float
ecm,FixedLag-EKF,smoothers,evtol,param_mismatch,1,0.0139836,0.0149237,0.0132722,0.0267785,-0.0153508,0,0,0.00282259,3465.24,9996,nan,nan,nan,float
ecm,CoulombCounting,baselines,evtol,sensor_dropout,1,0.00276542,0.00355163,0.00246633,0.00442265,-0.00442265,0,0,0.00339874,62.4923,2096,nan,nan,nan,float
ecm,OCVLookup,baselines,evtol,sensor_dropout,1,0.0160247,0.0131223,0.0130844,0.0504026,0.00259343,0,0,0.0119027,1242.7,2104,nan,nan,nan,float
ecm,CoulombOCVHybrid,baselines,evtol,sensor_dropout,1,0.00277644,0.00165855,0.00251712,0.00492591,0.000573516,0,0,0.00177985,184.611,2104,nan,nan,nan,float
ecm,EKF,kalman,evtol,sensor_dropout,1,0.0111724,0.00690634,0.00958197,0.0352059,-0.00488408,0,0,0.00199004,361.405,2168,nan,nan,nan,float
ecm,UKF,kalman,evtol,sensor_dropout,1,0.0136915,0.00682679,0.0112336,0.0481691,-0.0042952,0.4,0,0.00212857,1060.93,2388,nan,nan,nan,float
ecm,LKF,kalman,evtol,sensor_dropout,1,0.0329581,0.0120661,0.0248593,0.0638442,-0.0100301,0,0,0.00192806,292.43,2340,nan,nan,nan,float
ecm,IEKF,kalman,evtol,sensor_dropout,1,0.00714503,0.00422398,0.00636477,0.0211727,-0.00304946,0,0,0.00198294,437.297,2168,nan,nan,nan,float
ecm,CKF,kalman,evtol,sensor_dropout,1,0.0298346,0.0199885,0.025847,0.0756403,-0.0132672,0,0,0.0020346,964.253,2280,nan,nan,nan,float
ecm,SCKF,kalman,evtol,sensor_dropout,1,0.0297025,0.0194515,0.0255931,0.0756444,-0.0127949,0,0,0.00203466,1313.63,2348,nan,nan,nan,float
ecm,CKF5,kalman,evtol,sensor_dropout,1,0.029529,0.0197771,0.0255732,0.0752829,-0.0130945,0,0,0.00204308,2810.47,2812,nan,nan,nan,float
ecm,CDKF,kalman,evtol,sensor_dropout,1,0.0295068,0.0197361,0.0255453,0.07529,-0.0130545,0,0,0.00204289,1083.82,2156,nan,nan,nan,float
ecm,GHKF,kalman,evtol,sensor_dropout,1,0.0292438,0.0192388,0.0251987,0.0753726,-0.0125352,0,0,0.00204127,9330.05,5392,nan,nan,nan,float
ecm,IPLF,kalman,evtol,sensor_dropout,1,0.0151172,0.00728271,0.0127036,0.0474076,-0.00454038,0.3,0,0.00214209,1865.8,2392,nan,nan,nan,float
ecm,EIF,kalman,evtol,sensor_dropout,1,0.00835043,0.00523838,0.0073922,0.0259927,-0.00380698,0,0,0.00198518,885.145,2236,nan,nan,nan,float
ecm,SR-EKF,kalman,evtol,sensor_dropout,1,0.0111697,0.00689056,0.00957358,0.0352026,-0.00483502,0,0,0.00199004,696.656,2220,nan,nan,nan,float
ecm,SR-UKF,kalman,evtol,sensor_dropout,1,0.0137174,0.00683126,0.0112492,0.0477437,-0.00440118,0.4,0,0.00212907,1307.14,2448,nan,nan,nan,float
ecm,UD-EKF,kalman,evtol,sensor_dropout,1,0.0111723,0.00690628,0.00958183,0.0352064,-0.00488394,0,0,0.00199004,380.696,2240,nan,nan,nan,float
ecm,SO-EKF,kalman,evtol,sensor_dropout,1,0.00584196,0.00333668,0.00516105,0.0391957,-0.00256637,0.4,0,0.00209557,2899.53,2252,nan,nan,nan,float
ecm,SageHusa-AKF,adaptive_kalman,evtol,sensor_dropout,1,0.0017777,0.00114121,0.00154981,0.0132051,-0.00119556,0,0,0.00138533,375.518,2408,nan,nan,nan,float
ecm,IAE-AKF,adaptive_kalman,evtol,sensor_dropout,1,0.00119008,0.000779654,0.000867693,0.0132051,-0.000906408,0,0,0.00094703,376.504,2528,nan,nan,nan,float
ecm,VB-AKF,adaptive_kalman,evtol,sensor_dropout,1,0.00175842,0.00111998,0.00150041,0.0132051,-0.00119354,0,0,0.00131607,655.828,2204,nan,nan,nan,float
ecm,STF,adaptive_kalman,evtol,sensor_dropout,1,0.00507868,0.000936813,0.00179175,0.0886048,-0.000842184,0,0,0.00239327,411.423,2340,nan,nan,nan,float
ecm,Fading-EKF,adaptive_kalman,evtol,sensor_dropout,1,0.00211708,0.000556116,0.00124099,0.0171576,0.000381708,0,0,0.00193321,359.01,2192,nan,nan,nan,float
ecm,Fuzzy-AKF,adaptive_kalman,evtol,sensor_dropout,1,0.00129733,0.000891282,0.000967372,0.0132051,-0.00098902,0,0,0.000951642,580.649,2416,nan,nan,nan,float
ecm,IMM,adaptive_kalman,evtol,sensor_dropout,1,0.00116993,0.000591232,0.000685581,0.0125877,-0.000787243,0,0,0.00192644,1277.88,2488,nan,nan,nan,float
ecm,MMAE,adaptive_kalman,evtol,sensor_dropout,1,0.0135823,0.00790635,0.011183,0.0490621,-0.00585748,0,0,0.00199514,1160.22,6600,0.00106207,nan,nan,float
ecm,Schmidt-KF,robust_kalman,evtol,sensor_dropout,1,0.00392316,0.00510843,0.00336049,0.0131913,-0.00593875,0,0,0.00381023,1037.77,4428,nan,nan,nan,float
ecm,Hinf-EKF,robust_kalman,evtol,sensor_dropout,1,0.0169916,0.00998782,0.0146124,0.0521668,-0.00611253,0,0,0.0020086,586.925,2216,nan,nan,nan,float
ecm,Huber-EKF,robust_kalman,evtol,sensor_dropout,1,0.00243422,0.00159781,0.00214534,0.0132051,-0.00158808,0,0,0.00145411,479.24,2184,nan,nan,nan,float
ecm,MC-EKF,robust_kalman,evtol,sensor_dropout,1,0.00233997,0.00157291,0.00210026,0.0132052,-0.00158255,0,0,0.00141742,734.284,2192,nan,nan,nan,float
ecm,StudentT-KF,robust_kalman,evtol,sensor_dropout,1,0.00247422,0.00154302,0.00217126,0.0132051,-0.00146331,0,0,0.00138433,525.175,2284,nan,nan,nan,float
ecm,Constrained-EKF,robust_kalman,evtol,sensor_dropout,1,0.0114679,0.00714043,0.00986721,0.036332,-0.00495324,0,0,0.00198871,421.257,2212,nan,nan,nan,float
ecm,ReducedOrder-EKF,robust_kalman,evtol,sensor_dropout,1,0.00704396,0.000760608,0.00260845,0.058109,0.000587434,0,0,0.00198573,318.848,2136,nan,nan,nan,float
ecm,SVSF,robust_kalman,evtol,sensor_dropout,1,0.00633717,0.00344122,0.00535447,0.0264989,-0.00260532,0,0,0.00221861,483.399,2188,nan,nan,nan,float
ecm,Luenberger,observers,evtol,sensor_dropout,1,0.00234449,0.000797606,0.00147364,0.0224364,0.0006015,0,0,0.00198099,379.891,2328,nan,nan,nan,float
ecm,SSKF,observers,evtol,sensor_dropout,1,0.00234449,0.000797606,0.00147364,0.0224364,0.0006015,0,0,0.00198099,327.559,2328,nan,nan,nan,float
ecm,PI-Observer,observers,evtol,sensor_dropout,1,0.00545422,0.000952703,0.00221198,0.0647959,0.000645265,0,0,0.00204113,1277.14,2416,nan,nan,nan,float
ecm,SMO,observers,evtol,sensor_dropout,1,0.00228653,0.00081649,0.00148157,0.0188513,0.000607744,0,0,0.00199037,393.506,2404,nan,nan,nan,float
ecm,SMO-Adaptive,observers,evtol,sensor_dropout,1,0.0022617,0.000809112,0.00147443,0.0180914,0.000602111,0,0,0.00198791,396.034,2404,nan,nan,nan,float
ecm,SuperTwisting-SMO,observers,evtol,sensor_dropout,1,0.00404182,0.000922963,0.00188948,0.0377108,0.000588283,0,0,0.000963161,121.443,2144,nan,nan,nan,float
ecm,HGO,observers,evtol,sensor_dropout,1,0.00234449,0.000797606,0.00147364,0.0224364,0.0006015,0,0,0.00198099,376.853,2348,nan,nan,nan,float
ecm,ESO,observers,evtol,sensor_dropout,1,0.00545733,0.000987738,0.00222929,0.0647958,0.000624925,0,0,0.00201169,1335.56,2396,nan,nan,nan,float
ecm,UIO,observers,evtol,sensor_dropout,1,0.00190768,0.000698629,0.00121721,0.00855768,-0.000782683,0,0,0.00432854,461.478,2548,nan,nan,nan,float
ecm,DOB,observers,evtol,sensor_dropout,1,0.0046375,0.00151938,0.00319994,0.0396255,0.000522405,0,0,0.00193621,540.129,2400,nan,nan,nan,float
ecm,AdaptiveObserver,observers,evtol,sensor_dropout,1,0.00203915,0.000649602,0.00102169,0.0188547,0.00018914,0,0,0.00198088,706.558,2436,0.0161231,nan,nan,float
ecm,IntervalObserver,observers,evtol,sensor_dropout,1,0.00234449,0.000797606,0.00147364,0.0224364,0.0006015,0,0,0.00198099,615.714,4532,nan,0,0.273779,float
ecm,JointEKF,soh,evtol,sensor_dropout,1,0.00555612,0.00341667,0.00379773,0.0369941,0.0035895,0,0,0.00203112,1013.91,4376,0.142118,nan,nan,float
ecm,JointUKF,soh,evtol,sensor_dropout,1,0.0202088,0.0200012,0.0165926,0.0822355,0.0172802,0.4,0,0.00212003,2708.65,4800,0.589845,nan,nan,float
ecm,DualEKF,soh,evtol,sensor_dropout,1,0.00465763,0.00305403,0.00365379,0.0190271,0.00304469,0,0,0.00211292,900.833,2376,0.0604367,nan,nan,float
ecm,DualUKF,soh,evtol,sensor_dropout,1,0.037913,0.0408177,0.0318253,0.0904832,0.0452027,0.4,0,0.00259179,1733.39,2756,0.536033,nan,nan,float
ecm,RLS-EKF,soh,evtol,sensor_dropout,1,0.00342145,0.00181103,0.00286035,0.0155762,0.00150315,0,0,0.00210606,375.919,4464,nan,nan,nan,float
ecm,AWTLS,soh,evtol,sensor_dropout,1,0.0112769,0.00871171,0.00911891,0.0352059,0.0139661,0,0,0.0019916,359.473,4400,0.400489,nan,nan,float
ecm,PF-Bootstrap,particle,evtol,sensor_dropout,1,0.00457142,0.0012318,0.00210012,0.0565372,0.000360817,0,0,0.00178739,68598.3,24256,nan,nan,nan,float
ecm,PF-Fast,particle,evtol,sensor_dropout,1,0.00465223,0.00218233,0.00238715,0.0789948,0.00118619,0,0,0.00209251,13782.7,5048,nan,nan,nan,float
ecm,PF-Regularized,particle,evtol,sensor_dropout,1,0.00441186,0.00105824,0.00198458,0.0555716,0.00138742,0,0,0.0017248,75889.5,24248,nan,nan,nan,float
ecm,PF-Auxiliary,particle,evtol,sensor_dropout,1,0.00199744,0.00181273,0.00153523,0.00771284,-0.000110283,0,0,0.00148753,89865,28312,nan,nan,nan,float
ecm,RBPF,particle,evtol,sensor_dropout,1,0.00364273,0.00117887,0.00235279,0.0623122,0.00037457,0,0,0.00212218,31942,17424,nan,nan,nan,float
ecm,UPF,particle,evtol,sensor_dropout,1,0.00661902,0.00398168,0.00390059,0.0785552,0.00390376,0,0,0.00232037,16789.1,12760,nan,nan,nan,float
ecm,EnKF,particle,evtol,sensor_dropout,1,0.0184746,0.00312082,0.00962778,0.0716028,0.00111498,0.1,0,0.002024,7764.81,3408,nan,nan,nan,float
ecm,ETKF,particle,evtol,sensor_dropout,1,0.0289279,0.0267256,0.027122,0.0543717,-0.0233337,0.1,0,0.00205117,8174.22,2672,nan,nan,nan,float
ecm,GSF,particle,evtol,sensor_dropout,1,0.00598326,0.000310995,0.00179919,0.0898106,-0.00047338,0,0,0.00195379,1237.35,4596,nan,nan,nan,float
ecm,NN-Direct,learning,evtol,sensor_dropout,1,0.00867108,0.0117023,0.00542251,0.0416333,-0.0187119,0,0,nan,491.694,7604,nan,nan,nan,float
ecm,NN-EKF,learning,evtol,sensor_dropout,1,0.00761755,0.00529701,0.00556804,0.0361302,-0.00871953,196.5,0,0.00176868,972.644,2200,nan,nan,nan,float
ecm,ELM-RLS-EKF,learning,evtol,sensor_dropout,1,0.0143242,0.00937521,0.0124573,0.0423748,-0.00653827,0,0,0.00200125,2802.77,5864,nan,nan,nan,float
ecm,MHE-RTI,optimization,evtol,sensor_dropout,1,0.0196426,0.00642846,0.0137163,0.0850061,-0.00195667,0,0,0.00221566,11588.1,13472,nan,nan,nan,float
ecm,MHE,optimization,evtol,sensor_dropout,1,0.0147071,0.00449741,0.00988348,0.0730036,-0.00177701,0,0,0.00222112,21217.4,13472,nan,nan,nan,float
ecm,ERTS,smoothers,evtol,sensor_dropout,1,0.00580432,0.00477122,0.00569417,0.00799131,-0.00488408,0,0,0.00199828,593.846,6273664,nan,nan,nan,float
ecm,URTS,smoothers,evtol,sensor_dropout,1,0.00791756,0.00448903,0.00711717,0.0147064,-0.0042952,0,0,0.00233017,1634.85,6273672,nan,nan,nan,float
ecm,Batch-NLS,smoothers,evtol,sensor_dropout,1,0.00335615,0.00376987,0.0033133,0.00430425,-0.00430425,0,0,0.00193124,2926.63,8685896,nan,nan,nan,float
ecm,FixedLag-EKF,smoothers,evtol,sensor_dropout,1,0.010787,0.00658942,0.00924069,0.0340288,-0.00477719,0,0,0.00199004,3398.87,9996,nan,nan,nan,float
ecm,CoulombCounting,baselines,evtol,preisach,1,0.00276203,0.0035472,0.00246341,0.00441679,-0.00441679,0,0,0.00920938,61.4931,2096,nan,nan,nan,float
ecm,OCVLookup,baselines,evtol,preisach,1,0.0182607,0.0215748,0.0166932,0.0493321,0.0183161,0,0,0.0113848,1218.93,2104,nan,nan,nan,float
ecm,CoulombOCVHybrid,baselines,evtol,preisach,1,0.0222021,0.0230454,0.0217595,0.0248237,0.00709184,0,0,0.0228883,179.673,2104,nan,nan,nan,float
ecm,EKF,kalman,evtol,preisach,1,0.00600111,0.00198218,0.00417778,0.0189118,0.00462045,0,0,0.000812995,353.065,2168,nan,nan,nan,float
ecm,UKF,kalman,evtol,preisach,1,0.0130335,0.00290487,0.00648158,0.0541407,0.00646898,214.4,0,0.00119887,1056.4,2388,nan,nan,nan,float
ecm,LKF,kalman,evtol,preisach,1,0.0276683,0.010669,0.0214729,0.0543429,-0.00492512,0,0,0.00110668,292.855,2340,nan,nan,nan,float
ecm,IEKF,kalman,evtol,preisach,1,0.00879714,0.00202574,0.00576654,0.0285274,0.00432344,225.6,0,0.000817387,436.699,2168,nan,nan,nan,float
ecm,CKF,kalman,evtol,preisach,1,0.0126192,0.00241722,0.00605166,0.0445251,0.0055096,218.1,0,0.000842411,963.757,2280,nan,nan,nan,float
ecm,SCKF,kalman,evtol,preisach,1,0.0126093,0.00232941,0.00601955,0.0445244,0.00538856,218.1,0,0.000842618,1319.6,2348,nan,nan,nan,float
ecm,CKF5,kalman,evtol,preisach,1,0.013132,0.00239991,0.0061935,0.0453898,0.00546221,218.1,0,0.000854591,2774.84,2812,nan,nan,nan,float
ecm,CDKF,kalman,evtol,preisach,1,0.0131319,0.00242941,0.0062032,0.0453748,0.00550161,218.1,0,0.00085452,1113.22,2156,nan,nan,nan,float
ecm,GHKF,kalman,evtol,preisach,1,0.0131489,0.00275145,0.00629388,0.0453635,0.00593475,218.1,0,0.000853717,9331.37,5392,nan,nan,nan,float
ecm,IPLF,kalman,evtol,preisach,1,0.00559652,0.00345648,0.00429686,0.0354097,0.00694494,0.4,0,0.00117021,1860.28,2392,nan,nan,nan,float
ecm,EIF,kalman,evtol,preisach,1,0.0061232,0.00199001,0.00443011,0.0166546,0.00456549,0,0,0.000814063,887.532,2236,nan,nan,nan,float
ecm,SR-EKF,kalman,evtol,preisach,1,0.00600096,0.00198208,0.00417732,0.0189115,0.00462194,0,0,0.000812992,690.722,2220,nan,nan,nan,float
ecm,SR-UKF,kalman,evtol,preisach,1,0.0129322,0.00247046,0.00631256,0.0541337,0.00576998,214.4,0,0.00119965,1311.87,2448,nan,nan,nan,float
ecm,UD-EKF,kalman,evtol,preisach,1,0.0060005,0.00198158,0.00417688,0.0189102,0.00462069,0,0,0.000812992,381.485,2240,nan,nan,nan,float
ecm,SO-EKF,kalman,evtol,preisach,1,0.0143678,0.00199013,0.00718913,0.0536059,0.00467212,225.8,0,0.00115488,2891.45,2252,nan,nan,nan,float
ecm,SageHusa-AKF,adaptive_kalman,evtol,preisach,1,0.00480863,0.00198049,0.00349386,0.0141575,0.00472707,0,0,0.000810534,380.48,2408,nan,nan,nan,float
ecm,IAE-AKF,adaptive_kalman,evtol,preisach,1,0.00476397,0.0019733,0.00356193,0.0139652,0.0046798,0,0,0.000810454,377.719,2528,nan,nan,nan,float
ecm,VB-AKF,adaptive_kalman,evtol,preisach,1,0.00472091,0.00200676,0.00345241,0.0136288,0.00480734,0,0,0.000809784,650.814,2204,nan,nan,nan,float
ecm,STF,adaptive_kalman,evtol,preisach,1,0.011687,0.00997137,0.00852967,0.0484656,0.015581,236.4,0,0.000915394,409.162,2340,nan,nan,nan,float
ecm,Fading-EKF,adaptive_kalman,evtol,preisach,1,0.0112107,0.00865353,0.00867904,0.029505,0.0139237,225.6,0,0.000792162,354.221,2192,nan,nan,nan,float
ecm,Fuzzy-AKF,adaptive_kalman,evtol,preisach,1,0.00471183,0.00195237,0.0035281,0.013961,0.00465162,0,0,0.000811238,563.594,2416,nan,nan,nan,float
ecm,IMM,adaptive_kalman,evtol,preisach,1,0.00696748,0.00197998,0.00477665,0.021306,0.00453366,0,0,0.000815202,1251.14,2488,nan,nan,nan,float
ecm,MMAE,adaptive_kalman,evtol,preisach,1,0.00781342,0.00268169,0.00614252,0.0217251,0.00371844,0,0,0.000828805,1147.45,6600,0.00110979,nan,nan,float
ecm,Schmidt-KF,robust_kalman,evtol,preisach,1,0.00926789,0.00516553,0.00660469,0.0188936,0.0101339,0,0,0.00687144,1027.74,4428,nan,nan,nan,float
ecm,Hinf-EKF,robust_kalman,evtol,preisach,1,0.00641735,0.00330667,0.00417397,0.02653,0.00715856,0,0,0.000808258,569.712,2216,nan,nan,nan,float
ecm,Huber-EKF,robust_kalman,evtol,preisach,1,0.00448008,0.00196506,0.00348853,0.012557,0.00460574,0,0,0.000808068,536.026,2184,nan,nan,nan,float
ecm,MC-EKF,robust_kalman,evtol,preisach,1,0.00602912,0.00196152,0.00427336,0.0183472,0.00456077,0,0,0.000810903,733.362,2192,nan,nan,nan,float
ecm,StudentT-KF,robust_kalman,evtol,preisach,1,0.00579137,0.00198644,0.00415902,0.0162665,0.00463949,0,0,0.000807885,526.16,2284,nan,nan,nan,float
ecm,Constrained-EKF,robust_kalman,evtol,preisach,1,0.00600111,0.00198218,0.00417778,0.0189118,0.00462045,0,0,0.000812995,423.323,2212,nan,nan,nan,float
ecm,ReducedOrder-EKF,robust_kalman,evtol,preisach,1,0.0100177,0.00995671,0.00803056,0.028536,0.0156547,0,0,0.000962621,321.264,2136,nan,nan,nan,float
ecm,SVSF,robust_kalman,evtol,preisach,1,0.00767639,0.00224007,0.00446365,0.0249699,0.00525062,205.4,0,0.000823017,486.795,2188,nan,nan,nan,float
ecm,Luenberger,observers,evtol,preisach,1,0.00820235,0.0100328,0.00688486,0.016109,0.015735,0,0,0.00084924,348.774,2328,nan,nan,nan,float
ecm,SSKF,observers,evtol,preisach,1,0.00820235,0.0100328,0.00688486,0.016109,0.015735,0,0,0.00084924,303.151,2328,nan,nan,nan,float
ecm,PI-Observer,observers,evtol,preisach,1,0.0120437,0.010849,0.00914385,0.0363753,0.0164091,222.8,0,0.000901942,1253.67,2416,nan,nan,nan,float
ecm,SMO,observers,evtol,preisach,1,0.0083987,0.0101391,0.00705223,0.0162419,0.0158254,0,0,0.000854899,389.275,2404,nan,nan,nan,float
ecm,SMO-Adaptive,observers,evtol,preisach,1,0.00834428,0.0100916,0.00700872,0.0161685,0.0157692,0,0,0.000851642,378.203,2404,nan,nan,nan,float
ecm,SuperTwisting-SMO,observers,evtol,preisach,1,0.0116083,0.010995,0.00894402,0.0325624,0.0165702,226.3,0,0.00113609,118.502,2144,nan,nan,nan,float
ecm,HGO,observers,evtol,preisach,1,0.00820235,0.0100328,0.00688486,0.016109,0.015735,0,0,0.00084924,349.711,2348,nan,nan,nan,float
ecm,ESO,observers,evtol,preisach,1,0.0121039,0.010982,0.00920262,0.0363754,0.0164523,222.8,0,0.000851544,1307.05,2396,nan,nan,nan,float
ecm,UIO,observers,evtol,preisach,1,0.00777329,0.00880392,0.00649954,0.0182409,0.0137763,0,0,0.0027797,456.026,2548,nan,nan,nan,float
ecm,DOB,observers,evtol,preisach,1,0.00486952,0.0054159,0.00416368,0.0104676,0.0101566,0,0,0.000917359,558.335,2400,nan,nan,nan,float
ecm,AdaptiveObserver,observers,evtol,preisach,1,0.00808586,0.0098245,0.00677809,0.0160478,0.0156729,0,0,0.00084848,674.259,2436,0.0166088,nan,nan,float
ecm,IntervalObserver,observers,evtol,preisach,1,0.00820235,0.0100328,0.00688486,0.016109,0.015735,0,0,0.00084924,586.501,4532,nan,0,0.275662,float
ecm,JointEKF,soh,evtol,preisach,1,0.00819313,0.00930832,0.00661261,0.016556,0.0153393,0,0,0.000813813,994.731,4376,0.219132,nan,nan,float
ecm,JointUKF,soh,evtol,preisach,1,0.0178517,0.0100851,0.0109948,0.0715632,0.0156326,227,0,0.00120041,2708.78,4800,0.224391,nan,nan,float
ecm,DualEKF,soh,evtol,preisach,1,0.00874568,0.00937776,0.00714244,0.0191776,0.0154384,0,0,0.000802558,898.076,2376,0.250838,nan,nan,float
ecm,DualUKF,soh,evtol,preisach,1,0.0182266,0.0120102,0.013257,0.0602585,0.0158561,226,0,0.00122414,1721.61,2756,0.174314,nan,nan,float
ecm,RLS-EKF,soh,evtol,preisach,1,0.00843457,0.00714485,0.00788096,0.0187987,0.0110965,0,0,0.00136553,372.356,4464,nan,nan,nan,float
ecm,AWTLS,soh,evtol,preisach,1,0.00744909,0.00673346,0.00594444,0.0189118,0.0125181,0,0,0.000803995,358.072,4400,0.199053,nan,nan,float
ecm,PF-Bootstrap,particle,evtol,preisach,1,0.0156432,0.010257,0.010458,0.0470716,0.0158984,222.7,0,0.000880631,67099.6,24256,nan,nan,nan,float
ecm,PF-Fast,particle,evtol,preisach,1,0.0157037,0.0110587,0.0108914,0.0509844,0.0150253,222.7,0,0.00095082,13655.3,5048,nan,nan,nan,float
ecm,PF-Regularized,particle,evtol,preisach,1,0.0159698,0.0102982,0.0106215,0.0478467,0.01526,226,0,0.000875601,75912.4,24248,nan,nan,nan,float
ecm,PF-Auxiliary,particle,evtol,preisach,1,0.0147689,0.010223,0.00960525,0.046706,0.0159703,203,0,0.000901591,90572,28312,nan,nan,nan,float
ecm,RBPF,particle,evtol,preisach,1,0.010533,0.00467352,0.00626435,0.0343651,0.0103038,210.5,0,0.000839082,31672.1,17424,nan,nan,nan,float
ecm,UPF,particle,evtol,preisach,1,0.0154293,0.0126811,0.0108878,0.0543385,0.0153463,201.7,0,0.00129056,16602.2,12760,nan,nan,nan,float
ecm,EnKF,particle,evtol,preisach,1,0.0143938,0.0101541,0.00958132,0.0548893,0.0168974,222.9,0,0.000845297,7615.13,3408,nan,nan,nan,float
ecm,ETKF,particle,evtol,preisach,1,0.0120121,0.00417916,0.00759601,0.0493043,-0.00231689,218.8,0,0.000880331,8148.66,2672,nan,nan,nan,float
ecm,GSF,particle,evtol,preisach,1,0.0138903,0.00199092,0.0068976,0.0638276,0.00467293,191.2,0,0.000888924,1220.3,4596,nan,nan,nan,float
ecm,NN-Direct,learning,evtol,preisach,1,0.00622946,0.00832385,0.00390841,0.0313156,-0.00826062,0,0,nan,505.595,7604,nan,nan,nan,float
ecm,NN-EKF,learning,evtol,preisach,1,0.0022395,0.00101824,0.00146482,0.0111626,-0.00139581,0,0,0.00076922,964.435,2200,nan,nan,nan,float
ecm,ELM-RLS-EKF,learning,evtol,preisach,1,0.00605228,0.00199664,0.00449796,0.0165892,0.00428331,0,0,0.000804991,2822.4,5864,nan,nan,nan,float
ecm,MHE-RTI,optimization,evtol,preisach,1,0.00773261,0.00491133,0.00549777,0.028926,0.0106509,209.6,0,0.000859688,11652.4,13472,nan,nan,nan,float
ecm,MHE,optimization,evtol,preisach,1,0.00632702,0.00488421,0.00487483,0.0259806,0.0106467,10.8,0,0.000859501,21348.7,13472,nan,nan,nan,float
ecm,ERTS,smoothers,evtol,preisach,1,0.00335899,0.00413602,0.00320916,0.00463048,0.00462045,0,0,0.00101068,594.378,6273664,nan,nan,nan,float
ecm,URTS,smoothers,evtol,preisach,1,0.00476278,0.0056044,0.00463999,0.00649427,0.00646898,0,0,0.00273531,1632.55,6273672,nan,nan,nan,float
ecm,Batch-NLS,smoothers,evtol,preisach,1,0.0020578,0.00267774,0.00186814,0.00316918,0.00316082,0,0,0.000730432,2999.39,8685896,nan,nan,nan,float
ecm,FixedLag-EKF,smoothers,evtol,preisach,1,0.0057793,0.00214139,0.00399182,0.0187827,0.00467822,0,0,0.000812996,3454.65,9996,nan,nan,nan,float
ecm,CoulombCounting,baselines,evtol,combined,1,0.221794,0.209326,0.221289,0.250405,-0.197371,-1,0,1.53368,60.3814,2096,nan,nan,nan,float
ecm,OCVLookup,baselines,evtol,combined,1,0.0263496,0.0114346,0.0130791,0.249143,0.00341722,66.1,0,0.022261,1228,2104,nan,nan,nan,float
ecm,CoulombOCVHybrid,baselines,evtol,combined,1,0.0322947,0.0133187,0.0163815,0.249571,0.00674034,253.2,0,0.0356689,186.078,2104,nan,nan,nan,float
ecm,EKF,kalman,evtol,combined,1,0.158147,0.122057,0.149906,0.303593,-0.0753097,-1,0,0.00518521,358.623,2168,nan,nan,nan,float
ecm,UKF,kalman,evtol,combined,1,0.00805501,0.0107415,0.0065869,0.0760754,0.0106903,0.1,0,0.00470327,1060.95,2388,nan,nan,nan,float
ecm,LKF,kalman,evtol,combined,1,0.0640485,0.0703743,0.06182,0.119857,0.0872823,-1,0,0.00517846,292.304,2340,nan,nan,nan,float
ecm,IEKF,kalman,evtol,combined,1,0.0152118,0.018339,0.0145184,0.0390896,0.0138978,0,0,0.00460856,432.05,2168,nan,nan,nan,float
ecm,CKF,kalman,evtol,combined,1,0.1488,0.129746,0.141201,0.233266,-0.0714162,-1,0,0.00497645,958.493,2280,nan,nan,nan,float
ecm,SCKF,kalman,evtol,combined,1,0.147878,0.128431,0.140265,0.233263,-0.0709939,-1,0,0.00495912,1300.48,2348,nan,nan,nan,float
ecm,CKF5,kalman,evtol,combined,1,0.173288,0.145895,0.165282,0.273179,-0.0769687,-1,0,0.00535551,2816.08,2812,nan,nan,nan,float
ecm,CDKF,kalman,evtol,combined,1,0.173224,0.145853,0.165226,0.273017,-0.0769493,-1,0,0.00535549,1095.38,2156,nan,nan,nan,float
ecm,GHKF,kalman,evtol,combined,1,0.173084,0.145586,0.165051,0.273219,-0.0764397,-1,0,0.00534782,9218.43,5392,nan,nan,nan,float
ecm,IPLF,kalman,evtol,combined,1,0.0157064,0.0186327,0.0152069,0.0391692,0.0157079,0,0,0.0046833,1972.05,2392,nan,nan,nan,float
ecm,EIF,kalman,evtol,combined,1,0.161742,0.126611,0.153655,0.306716,-0.0767256,-1,0,0.00518345,899.127,2236,nan,nan,nan,float
ecm,SR-EKF,kalman,evtol,combined,1,0.158154,0.122071,0.149915,0.303598,-0.0753688,-1,0,0.00518559,696.719,2220,nan,nan,nan,float
ecm,SR-UKF,kalman,evtol,combined,1,0.00608071,0.00233391,0.00455149,0.0760745,0.00157873,0.1,0,0.00470968,1304.52,2448,nan,nan,nan,float
ecm,UD-EKF,kalman,evtol,combined,1,0.158069,0.1218,0.149754,0.303593,-0.0728686,-1,0,0.00516945,374.627,2240,nan,nan,nan,float
ecm,SO-EKF,kalman,evtol,combined,1,0.0107112,0.0136083,0.00954247,0.0734282,0.0107448,0.1,0,0.0046564,2911.08,2252,nan,nan,nan,float
ecm,SageHusa-AKF,adaptive_kalman,evtol,combined,1,0.0486851,0.0195104,0.0388707,0.112336,0.00455461,1440.6,0,0.0142505,377.358,2408,nan,nan,nan,float
ecm,IAE-AKF,adaptive_kalman,evtol,combined,1,0.0479942,0.020185,0.0388859,0.108943,0.00214694,1449.3,0,0.0165996,374.744,2528,nan,nan,nan,float
ecm,VB-AKF,adaptive_kalman,evtol,combined,1,0.0475736,0.0195249,0.0383247,0.105456,0.00460094,1440.7,0,0.0149568,655.324,2204,nan,nan,nan,float
ecm,STF,adaptive_kalman,evtol,combined,1,0.0347844,0.0271639,0.0230354,0.214022,0.00294145,0.1,0,0.00296993,414.398,2340,nan,nan,nan,float
ecm,Fading-EKF,adaptive_kalman,evtol,combined,1,0.00928462,0.0117385,0.00684028,0.0724489,-0.00328119,0.3,0,0.00519204,357.868,2192,nan,nan,nan,float
ecm,Fuzzy-AKF,adaptive_kalman,evtol,combined,1,0.0514334,0.0229347,0.0421986,0.122356,0.00152884,1627.9,0,0.0151886,575.381,2416,nan,nan,nan,float
ecm,IMM,adaptive_kalman,evtol,combined,1,0.012571,0.00572126,0.0108402,0.0789227,-0.00228571,53.9,0,0.00540869,1280.43,2488,nan,nan,nan,float
ecm,MMAE,adaptive_kalman,evtol,combined,1,0.15891,0.122958,0.15077,0.303488,-0.0754072,-1,0,0.00520337,1142.36,6600,0.491701,nan,nan,float
ecm,Schmidt-KF,robust_kalman,evtol,combined,1,0.0506226,0.0115857,0.0369147,0.106688,-0.00274066,1052.8,0,0.0275042,1033.56,4428,nan,nan,nan,float
ecm,Hinf-EKF,robust_kalman,evtol,combined,1,0.12273,0.0725952,0.103868,0.307778,0.0989698,1659.9,0,0.00455226,588.609,2216,nan,nan,nan,float
ecm,Huber-EKF,robust_kalman,evtol,combined,1,0.0716637,0.0418078,0.0631166,0.198834,-0.00493987,1850.2,0,0.00852606,481.317,2184,nan,nan,nan,float
ecm,MC-EKF,robust_kalman,evtol,combined,1,0.0630613,0.0364855,0.0560226,0.147758,-0.00530852,1850.2,0,0.0116281,762.176,2192,nan,nan,nan,float
ecm,StudentT-KF,robust_kalman,evtol,combined,1,0.0643907,0.0352807,0.0557235,0.18069,-0.00254054,1848.8,0,0.00889532,544.957,2284,nan,nan,nan,float
ecm,Constrained-EKF,robust_kalman,evtol,combined,1,0.165213,0.128509,0.156622,0.311007,-0.0725106,-1,0,0.00512666,421.049,2212,nan,nan,nan,float
ecm,ReducedOrder-EKF,robust_kalman,evtol,combined,1,0.0404619,0.016834,0.0275358,0.192986,0.000712298,574.3,0,0.00774141,319.179,2136,nan,nan,nan,float
ecm,SVSF,robust_kalman,evtol,combined,1,0.0458933,0.0197962,0.037179,0.128367,0.00240477,1440.8,0,0.00337449,483.814,2188,nan,nan,nan,float
ecm,Luenberger,observers,evtol,combined,1,0.053869,0.0214526,0.0371148,0.242791,0.0020345,803.8,0,0.00693772,383.348,2328,nan,nan,nan,float
ecm,SSKF,observers,evtol,combined,1,0.0541971,0.0202712,0.0371877,0.242791,0.00176048,1382.7,0,0.00531737,490.051,2328,nan,nan,nan,float
ecm,PI-Observer,observers,evtol,combined,1,0.0287647,0.0216464,0.0196729,0.240014,0.00281122,22,0,0.012843,682.991,2416,nan,nan,nan,float
ecm,SMO,observers,evtol,combined,1,0.0522105,0.0206819,0.0356571,0.242761,0.00223709,767,0,0.00599347,378.774,2404,nan,nan,nan,float
ecm,SMO-Adaptive,observers,evtol,combined,1,0.0520133,0.0195291,0.0349296,0.242761,0.00242878,770.8,0,0.00621901,413.867,2404,nan,nan,nan,float
ecm,SuperTwisting-SMO,observers,evtol,combined,1,0.043579,0.0243869,0.0272602,0.249744,0.00210792,90.8,0,0.0296779,110.564,2144,nan,nan,nan,float
ecm,HGO,observers,evtol,combined,1,0.051763,0.0201125,0.0355125,0.242791,0.00250691,843.1,0,0.00705679,374.458,2348,nan,nan,nan,float
ecm,ESO,observers,evtol,combined,1,0.0294161,0.0222779,0.0221335,0.240013,0.00280809,22,0,0.0110148,835.634,2396,nan,nan,nan,float
ecm,UIO,observers,evtol,combined,1,0.0776485,0.0185367,0.0498895,0.25,-0.00123806,1396.5,0,0.00403259,480.003,2548,nan,nan,nan,float
ecm,DOB,observers,evtol,combined,1,0.0588628,0.0230053,0.043094,0.244937,-0.00398085,1381.6,0,0.00508358,524.636,2400,nan,nan,nan,float
ecm,AdaptiveObserver,observers,evtol,combined,1,0.0438248,0.00805368,0.0229805,0.242791,0.00374681,425.6,0,0.00427061,631.388,2436,0.436057,nan,nan,float
ecm,IntervalObserver,observers,evtol,combined,1,0.0541971,0.0202712,0.0371877,0.242791,0.00176048,1382.7,0,0.00531737,774.293,4532,nan,0,0.31749,float
ecm,JointEKF,soh,evtol,combined,1,0.0385383,0.0255103,0.0286565,0.110161,0.00645022,283.1,0,0.00235069,1002.95,4376,0.371233,nan,nan,float
ecm,JointUKF,soh,evtol,combined,1,0.0267266,0.0212957,0.0217623,0.0796109,0.00486489,245.4,0,0.00237175,2720.74,4800,0.295875,nan,nan,float
ecm,DualEKF,soh,evtol,combined,1,0.0347773,0.018582,0.0240968,0.099422,0.00908481,393.1,0,0.00226121,923.811,2376,0.106557,nan,nan,float
ecm,DualUKF,soh,evtol,combined,1,0.0184359,0.0196313,0.0178685,0.0760754,0.0111099,0.7,0,0.00239859,1722.32,2756,0.240597,nan,nan,float
ecm,RLS-EKF,soh,evtol,combined,1,0.0643741,0.032803,0.0552122,0.19985,-0.0296951,-1,0,0.00459627,372.13,4464,nan,nan,nan,float
ecm,AWTLS,soh,evtol,combined,1,0.147657,0.092476,0.131596,0.303593,-0.0125714,1874.9,0,0.00461164,355.219,4400,2.42387,nan,nan,float
ecm,PF-Bootstrap,particle,evtol,combined,1,0.0292745,0.0252158,0.0202047,0.141957,0.000886224,0,0,0.00699966,70642,24256,nan,nan,nan,float
ecm,PF-Fast,particle,evtol,combined,1,0.0345501,0.0300515,0.025082,0.16938,0.00450935,0,0,0.00559693,14496.8,5048,nan,nan,nan,float
ecm,PF-Regularized,particle,evtol,combined,1,0.0286237,0.0273266,0.0195004,0.138666,0.00079193,0,0,0.00687967,78656.2,24248,nan,nan,nan,float
ecm,PF-Auxiliary,particle,evtol,combined,1,0.0201029,0.0219285,0.0152341,0.0782202,0.00246662,0,0,0.00865457,90407.4,28312,nan,nan,nan,float
ecm,RBPF,particle,evtol,combined,1,0.0260113,0.016656,0.0147395,0.139415,0.00286524,540.2,0,0.00383353,32254.6,17424,nan,nan,nan,float
ecm,UPF,particle,evtol,combined,1,0.0381773,0.0276943,0.0245495,0.204221,0.000285149,9.3,0,0.00330611,16619.6,12760,nan,nan,nan,float
ecm,EnKF,particle,evtol,combined,1,0.109598,0.0696909,0.07694,0.316669,0.0541147,963.9,0,0.00444255,7757.78,3408,nan,nan,nan,float
ecm,ETKF,particle,evtol,combined,1,0.0256923,0.0253454,0.0176955,0.0656753,0.049466,255.1,0,0.00456917,8134.1,2672,nan,nan,nan,float
ecm,GSF,particle,evtol,combined,1,0.0522073,0.0314599,0.0178392,0.296468,0.00778172,0.9,0,0.00405792,1246.06,4596,nan,nan,nan,float
ecm,NN-Direct,learning,evtol,combined,1,0.0327008,0.0409502,0.0293184,0.0516488,0.0199544,79.6,0,nan,512.695,7604,nan,nan,nan,float
ecm,NN-EKF,learning,evtol,combined,1,0.154951,0.119906,0.145835,0.304818,-0.0606817,-1,0,0.00729068,961.273,2200,nan,nan,nan,float
ecm,ELM-RLS-EKF,learning,evtol,combined,1,0.162091,0.125355,0.153646,0.310409,-0.0762421,-1,0,0.00546189,2727.81,5864,nan,nan,nan,float
ecm,MHE-RTI,optimization,evtol,combined,1,0.00584534,0.00499168,0.00410294,0.0724487,-0.00454631,0.2,0,0.0042976,11617,13472,nan,nan,nan,float
ecm,MHE,optimization,evtol,combined,1,0.00785446,0.00590143,0.0064145,0.0457391,-0.00461563,0,0,0.00439586,21832.6,13472,nan,nan,nan,float
ecm,ERTS,smoothers,evtol,combined,1,0.140963,0.120419,0.138578,0.182885,-0.0753097,-1,0,0.00911977,595.281,6273664,nan,nan,nan,float
ecm,URTS,smoothers,evtol,combined,1,0.0127134,0.00498126,0.00924907,0.0292017,0.0106903,282.9,0,0.00383416,1646.73,6273672,nan,nan,nan,float
ecm,Batch-NLS,smoothers,evtol,combined,1,0.0705461,0.0452293,0.0653825,0.109152,-0.017485,1864.6,0,0.00413915,2998.1,8685896,nan,nan,nan,float
ecm,FixedLag-EKF,smoothers,evtol,combined,1,0.157896,0.122165,0.149743,0.302216,-0.0754317,-1,0,0.00518591,3527.94,9996,nan,nan,nan,float
